timestamp,factory_id,temperature,vibration,pressure,humidity,energy_consumption,state
2026-09-29 09:53:41,F3,61.637,1.214,3.141,60.168,8.735,normal
2026-09-29 09:54:41,F3,75.747,0.918,2.271,52.627,8.258,normal
2026-09-29 09:55:41,F3,57.056,0.917,3.779,39.946,8.673,normal
2026-09-29 09:56:41,F3,63.489,0.97,4.024,48.029,9.567,normal
2026-09-29 09:57:41,F3,77.382,0.784,3.262,42.219,12.235,normal
2026-09-29 09:58:41,F3,62.885,1.387,3.489,50.669,8.796,normal
2026-09-29 09:59:41,F3,65.705,0.849,4.207,57.662,8.822,normal
2026-09-29 10:00:41,F3,83.918,0.818,4.145,46.031,15.328,normal
2026-09-29 10:01:41,F3,61.152,1.083,4.049,37.362,9.964,normal
2026-09-29 10:02:41,F3,64.604,0.837,3.833,46.001,5.618,normal
2026-09-29 10:03:41,F3,64.223,0.917,4.523,52.463,11.0,normal
2026-09-29 10:04:41,F3,81.237,0.426,3.355,24.381,4.178,normal
2026-09-29 10:05:41,F3,57.481,0.759,3.856,56.001,9.777,normal
2026-09-29 10:06:41,F3,54.738,0.597,4.47,42.255,5.745,normal
2026-09-29 10:07:41,F3,56.345,0.607,4.428,49.419,7.933,normal
2026-09-29 10:08:41,F3,55.15,0.918,4.396,50.432,8.153,normal
2026-09-29 10:09:41,F3,68.033,0.681,4.208,52.098,5.869,normal
2026-09-29 10:10:41,F3,61.745,1.07,2.023,51.754,11.515,normal
2026-09-29 10:11:41,F3,63.628,1.032,3.795,50.622,7.921,normal
2026-09-29 10:12:41,F3,73.391,0.798,4.424,47.796,9.563,normal
2026-09-29 10:13:41,F3,60.753,1.143,3.168,56.534,9.263,normal
2026-09-29 10:14:41,F3,79.917,0.979,5.513,35.922,9.239,normal
2026-09-29 10:15:41,F3,63.932,1.226,4.515,51.317,9.333,normal
2026-09-29 10:16:41,F3,64.5,0.971,3.623,40.173,4.565,normal
2026-09-29 10:17:41,F3,99.774,0.886,4.276,51.171,6.538,normal
2026-09-29 10:18:41,F3,71.482,0.744,4.342,57.104,10.168,normal
2026-09-29 10:19:41,F3,62.811,0.684,3.337,56.665,8.286,normal
2026-09-29 10:20:41,F3,52.839,0.814,4.712,46.961,8.178,normal
2026-09-29 10:21:41,F3,74.292,0.976,3.655,50.204,9.121,normal
2026-09-29 10:22:41,F3,75.845,0.802,3.759,42.708,5.608,normal
2026-09-29 10:23:41,F3,71.549,0.764,4.127,58.28,8.09,normal
2026-09-29 10:24:41,F3,69.058,0.77,5.319,69.672,7.801,normal
2026-09-29 10:25:41,F3,59.572,0.791,3.626,52.429,4.446,normal
2026-09-29 10:26:41,F3,70.782,0.834,3.965,52.79,7.842,normal
2026-09-29 10:27:41,F3,60.876,0.607,3.788,44.724,9.48,normal
2026-09-29 10:28:41,F3,67.46,0.99,4.027,28.83,6.658,normal
2026-09-29 10:29:41,F3,68.93,0.66,4.205,54.984,10.257,normal
2026-09-29 10:30:41,F3,66.783,0.146,3.603,47.439,8.337,normal
2026-09-29 10:31:41,F3,75.36,0.933,4.424,36.186,6.202,normal
2026-09-29 10:32:41,F3,80.684,0.842,4.442,47.137,8.025,normal
2026-09-29 10:33:41,F3,68.786,0.026,4.328,52.119,7.506,normal
2026-09-29 10:34:41,F3,60.632,0.519,4.689,42.419,5.438,normal
2026-09-29 10:35:41,F3,63.113,0.615,3.096,41.504,11.316,normal
2026-09-29 10:36:41,F3,60.389,0.936,4.047,47.492,9.674,normal
2026-09-29 10:37:41,F3,74.31,0.692,2.864,37.027,10.846,normal
2026-09-29 10:38:41,F3,73.023,0.772,3.725,48.017,9.901,normal
2026-09-29 10:39:41,F3,59.602,0.811,3.87,47.135,5.719,normal
2026-09-29 10:40:41,F3,54.186,0.971,4.09,46.124,8.478,normal
2026-09-29 10:41:41,F3,64.043,0.847,2.839,62.99,6.272,normal
2026-09-29 10:42:41,F3,66.231,0.912,5.183,45.334,9.456,normal
2026-09-29 10:43:41,F3,77.654,0.657,4.297,44.375,4.904,normal
2026-09-29 10:44:41,F3,76.816,0.699,3.941,47.298,8.181,normal
2026-09-29 10:45:41,F3,79.297,0.892,4.63,56.751,8.741,normal
2026-09-29 10:46:41,F3,65.588,1.086,2.683,45.078,7.593,normal
2026-09-29 10:47:41,F3,60.903,0.85,4.281,48.355,12.024,normal
2026-09-29 10:48:41,F3,63.787,0.566,3.285,57.451,9.911,normal
2026-09-29 10:49:41,F3,65.722,1.068,4.139,51.108,7.958,normal
2026-09-29 10:50:41,F3,80.132,0.832,4.034,55.371,8.178,normal
2026-09-29 10:51:41,F3,62.185,1.116,4.506,30.275,9.582,normal
2026-09-29 10:52:41,F3,72.725,0.924,3.384,50.789,12.363,normal
2026-09-29 10:53:41,F3,59.096,0.821,4.11,43.074,9.741,normal
2026-09-29 10:54:41,F3,57.036,0.803,2.232,45.663,7.553,normal
2026-09-29 10:55:41,F3,75.565,0.79,2.767,44.776,10.026,normal
2026-09-29 10:56:41,F3,72.661,0.755,4.13,47.271,5.682,normal
2026-09-29 10:57:41,F3,84.003,0.821,4.012,38.838,10.796,normal
2026-09-29 10:58:41,F3,62.894,0.84,4.326,47.693,7.33,normal
2026-09-29 10:59:41,F3,70.195,0.794,4.704,55.321,8.018,normal
2026-09-29 11:00:41,F3,61.931,1.127,2.623,40.874,10.822,normal
2026-09-29 11:01:41,F3,83.887,0.84,3.693,54.651,7.985,normal
2026-09-29 11:02:41,F3,67.488,0.874,3.675,55.724,7.258,normal
2026-09-29 11:03:41,F3,56.613,0.837,3.815,47.026,9.418,normal
2026-09-29 11:04:41,F3,56.344,1.226,2.995,56.306,9.872,normal
2026-09-29 11:05:41,F3,59.348,0.583,3.921,53.745,10.08,normal
2026-09-29 11:06:41,F3,61.861,0.746,4.001,41.841,9.046,normal
2026-09-29 11:07:41,F3,81.972,0.421,3.723,46.291,9.244,normal
2026-09-29 11:08:41,F3,78.205,0.853,3.561,37.416,10.063,normal
2026-09-29 11:09:41,F3,66.259,0.84,3.799,47.1,6.372,normal
2026-09-29 11:10:41,F3,69.724,0.698,4.014,41.997,7.92,normal
2026-09-29 11:11:41,F3,80.263,0.896,3.626,49.523,7.632,normal
2026-09-29 11:12:41,F3,62.621,0.546,3.905,62.186,6.837,normal
2026-09-29 11:13:41,F3,74.823,0.394,3.66,35.578,6.529,normal
2026-09-29 11:14:41,F3,48.755,0.814,4.472,63.435,6.025,normal
2026-09-29 11:15:41,F3,73.294,0.578,2.62,46.415,8.425,normal
2026-09-29 11:16:41,F3,88.607,0.964,3.612,61.205,8.017,normal
2026-09-29 11:17:41,F3,65.19,0.394,3.867,39.516,6.362,normal
2026-09-29 11:18:41,F3,70.656,1.035,3.362,40.373,8.205,normal
2026-09-29 11:19:41,F3,82.983,1.078,3.144,56.839,4.785,normal
2026-09-29 11:20:41,F3,59.045,0.738,2.356,49.774,8.223,normal
2026-09-29 11:21:41,F3,69.956,0.658,3.706,40.673,8.302,normal
2026-09-29 11:22:41,F3,75.707,0.983,3.795,45.802,7.456,normal
2026-09-29 11:23:41,F3,65.768,0.876,3.081,43.558,10.367,normal
2026-09-29 11:24:41,F3,80.528,0.828,3.182,62.782,11.023,normal
2026-09-29 11:25:41,F3,70.726,0.94,4.438,47.992,10.685,normal
2026-09-29 11:26:41,F3,84.835,0.644,5.318,52.035,8.533,normal
2026-09-29 11:27:41,F3,58.343,0.717,3.873,45.401,8.547,normal
2026-09-29 11:28:41,F3,50.599,0.601,3.869,49.063,7.985,normal
2026-09-29 11:29:41,F3,69.599,0.838,4.071,46.933,8.069,normal
2026-09-29 11:30:41,F3,68.048,1.137,3.086,55.046,7.444,normal
2026-09-29 11:31:41,F3,72.281,0.681,4.59,33.607,6.596,normal
2026-09-29 11:32:41,F3,66.204,1.142,3.178,45.924,8.337,normal
2026-09-29 11:33:41,F3,72.243,1.315,3.492,44.945,7.018,normal
2026-09-29 11:34:41,F3,65.468,1.156,4.834,55.641,6.85,normal
2026-09-29 11:35:41,F3,53.786,0.718,4.241,53.418,9.692,normal
2026-09-29 11:36:41,F3,63.971,0.549,4.584,47.496,11.795,normal
2026-09-29 11:37:41,F3,63.276,0.461,3.273,45.624,9.165,normal
2026-09-29 11:38:41,F3,58.611,0.554,3.88,53.006,7.487,normal
2026-09-29 11:39:41,F3,75.293,0.754,4.702,55.587,8.56,normal
2026-09-29 11:40:41,F3,74.855,0.573,4.709,50.394,10.298,normal
2026-09-29 11:41:41,F3,60.747,0.87,4.263,49.733,9.546,normal
2026-09-29 11:42:41,F3,58.199,0.651,3.563,39.737,6.601,normal
2026-09-29 11:43:41,F3,70.364,0.361,3.37,49.216,9.894,normal
2026-09-29 11:44:41,F3,72.823,0.664,4.693,45.582,9.733,normal
2026-09-29 11:45:41,F3,65.75,0.704,2.377,31.228,6.987,normal
2026-09-29 11:46:41,F3,67.31,0.633,3.16,46.543,9.789,normal
2026-09-29 11:47:41,F3,77.845,0.41,2.546,36.137,7.796,normal
2026-09-29 11:48:41,F3,56.537,0.569,4.189,45.084,8.86,normal
2026-09-29 11:49:41,F3,75.067,0.816,3.626,36.632,8.471,normal
2026-09-29 11:50:41,F3,67.057,0.87,3.037,36.5,8.013,normal
2026-09-29 11:51:41,F3,64.156,0.939,2.788,47.247,5.762,normal
2026-09-29 11:52:41,F3,66.469,0.74,4.528,48.405,6.772,normal
2026-09-29 11:53:41,F3,75.194,0.66,4.346,61.123,10.533,normal
2026-09-29 11:54:41,F3,45.97,0.533,4.843,48.93,4.61,normal
2026-09-29 11:55:41,F3,72.158,0.753,4.591,49.812,8.421,normal
2026-09-29 11:56:41,F3,66.267,0.688,3.582,31.05,7.596,normal
2026-09-29 11:57:41,F3,68.919,0.574,3.452,43.085,7.886,normal
2026-09-29 11:58:41,F3,84.922,0.435,5.088,48.672,8.055,normal
2026-09-29 11:59:41,F3,65.654,0.38,4.123,47.264,6.06,normal
2026-09-29 12:00:41,F3,68.123,0.61,2.824,51.932,5.829,normal
2026-09-29 12:01:41,F3,78.686,1.046,3.914,56.189,8.467,normal
2026-09-29 12:02:41,F3,75.19,0.509,2.872,52.336,4.947,normal
2026-09-29 12:03:41,F3,62.016,0.721,3.616,43.61,5.344,normal
2026-09-29 12:04:41,F3,84.702,0.637,3.312,48.17,10.515,normal
2026-09-29 12:05:41,F3,70.031,0.682,3.567,47.909,11.237,normal
2026-09-29 12:06:41,F3,65.289,0.761,4.292,50.652,11.675,normal
2026-09-29 12:07:41,F3,70.602,0.56,4.116,55.333,7.234,normal
2026-09-29 12:08:41,F3,61.646,0.186,5.081,34.806,5.583,normal
2026-09-29 12:09:41,F3,72.654,0.597,3.687,53.438,9.189,normal
2026-09-29 12:10:41,F3,62.753,0.76,4.025,57.575,10.02,normal
2026-09-29 12:11:41,F3,72.851,0.556,3.073,47.438,7.665,normal
2026-09-29 12:12:41,F3,70.957,0.413,3.589,43.76,10.254,normal
2026-09-29 12:13:41,F3,61.818,0.866,3.79,44.496,9.644,normal
2026-09-29 12:14:41,F3,61.238,0.791,3.186,47.315,5.068,normal
2026-09-29 12:15:41,F3,72.116,0.676,4.741,40.481,7.722,normal
2026-09-29 12:16:41,F3,84.684,0.758,4.492,50.677,7.019,normal
2026-09-29 12:17:41,F3,71.104,0.723,3.901,53.915,9.429,normal
2026-09-29 12:18:41,F3,71.968,0.664,4.158,58.956,6.879,normal
2026-09-29 12:19:41,F3,70.419,0.647,2.343,39.624,10.258,normal
2026-09-29 12:20:41,F3,57.562,0.518,4.057,56.277,10.782,normal
2026-09-29 12:21:41,F3,65.251,0.511,3.141,43.744,9.08,normal
2026-09-29 12:22:41,F3,75.695,0.835,4.228,55.423,7.026,normal
2026-09-29 12:23:41,F3,64.472,0.909,4.048,38.362,8.124,normal
2026-09-29 12:24:41,F3,65.464,0.456,3.766,50.379,6.872,normal
2026-09-29 12:25:41,F3,70.932,0.746,3.714,46.801,10.517,normal
2026-09-29 12:26:41,F3,69.911,0.703,4.312,49.262,7.924,normal
2026-09-29 12:27:41,F3,75.34,0.414,3.65,59.526,6.837,normal
2026-09-29 12:28:41,F3,65.295,0.396,4.448,37.506,7.172,normal
2026-09-29 12:29:41,F3,77.069,0.762,3.441,48.727,7.433,normal
2026-09-29 12:30:41,F3,81.915,0.694,3.01,43.18,12.211,normal
2026-09-29 12:31:41,F3,80.884,0.452,5.883,35.428,9.377,normal
2026-09-29 12:32:41,F3,68.318,0.723,4.123,50.124,3.813,normal
2026-09-29 12:33:41,F3,69.133,0.796,4.333,59.047,8.215,normal
2026-09-29 12:34:41,F3,63.408,0.709,2.98,51.043,7.091,normal
2026-09-29 12:35:41,F3,60.545,1.118,4.676,51.921,5.701,normal
2026-09-29 12:36:41,F3,59.524,0.635,4.093,57.404,9.815,normal
2026-09-29 12:37:41,F3,76.082,0.737,3.457,54.727,8.645,normal
2026-09-29 12:38:41,F3,62.597,0.575,4.09,43.999,6.575,normal
2026-09-29 12:39:41,F3,84.991,0.513,3.342,49.754,7.556,normal
2026-09-29 12:40:41,F3,56.748,0.749,3.89,45.809,8.632,normal
2026-09-29 12:41:41,F3,77.231,0.596,3.872,51.541,10.115,normal
2026-09-29 12:42:41,F3,74.161,0.857,4.832,42.682,8.291,normal
2026-09-29 12:43:41,F3,66.835,1.786,5.292,44.303,9.605,normal
2026-09-29 12:44:41,F3,61.185,0.422,3.654,62.287,6.24,normal
2026-09-29 12:45:41,F3,80.169,1.127,3.938,43.834,7.399,normal
2026-09-29 12:46:41,F3,58.081,0.383,3.987,60.93,7.484,normal
2026-09-29 12:47:41,F3,65.483,0.443,3.827,50.561,10.849,normal
2026-09-29 12:48:41,F3,64.107,0.439,4.065,50.439,7.1,normal
2026-09-29 12:49:41,F3,73.319,0.666,3.749,44.742,7.529,normal
2026-09-29 12:50:41,F3,54.298,0.606,3.885,51.701,12.393,normal
2026-09-29 12:51:41,F3,60.269,0.422,4.95,45.706,9.685,normal
2026-09-29 12:52:41,F3,88.162,0.711,3.014,43.768,6.593,normal
2026-09-29 12:53:41,F3,69.754,0.623,4.729,50.604,7.044,normal
2026-09-29 12:54:41,F3,70.601,0.706,3.342,50.184,10.015,normal
2026-09-29 12:55:41,F3,68.139,0.836,3.778,48.501,7.616,normal
2026-09-29 12:56:41,F3,62.917,0.569,3.583,46.594,6.371,normal
2026-09-29 12:57:41,F3,63.181,0.804,3.842,60.099,8.654,normal
2026-09-29 12:58:41,F3,69.099,0.793,3.686,44.468,7.6,normal
2026-09-29 12:59:41,F3,71.917,0.584,2.998,50.388,5.892,normal
2026-09-29 13:00:41,F3,70.669,0.738,4.383,47.442,7.528,normal
2026-09-29 13:01:41,F3,63.03,0.694,3.52,57.901,11.347,normal
2026-09-29 13:02:41,F3,75.956,0.496,3.545,57.731,11.53,normal
2026-09-29 13:03:41,F3,95.227,0.0,2.838,55.863,9.784,normal
2026-09-29 13:04:41,F3,63.334,0.63,4.18,42.666,10.278,normal
2026-09-29 13:05:41,F3,72.526,0.66,3.437,45.793,6.259,normal
2026-09-29 13:06:41,F3,56.388,0.664,4.299,57.558,7.371,normal
2026-09-29 13:07:41,F3,59.1,0.459,3.731,30.901,9.926,normal
2026-09-29 13:08:41,F3,61.516,0.619,3.484,45.086,8.537,normal
2026-09-29 13:09:41,F3,76.031,0.441,2.915,46.51,11.676,normal
2026-09-29 13:10:41,F3,72.217,0.746,3.544,37.554,6.475,normal
2026-09-29 13:11:41,F3,63.508,0.46,2.901,57.963,5.581,normal
2026-09-29 13:12:41,F3,67.039,0.946,4.235,44.334,5.326,normal
2026-09-29 13:13:41,F3,58.486,0.976,3.481,39.899,8.921,normal
2026-09-29 13:14:41,F3,86.534,0.687,4.822,29.584,6.306,normal
2026-09-29 13:15:41,F3,74.562,0.69,3.861,41.056,6.499,normal
2026-09-29 13:16:41,F3,70.349,1.069,4.939,50.19,9.193,normal
2026-09-29 13:17:41,F3,48.689,0.733,4.926,41.513,7.685,normal
2026-09-29 13:18:41,F3,75.487,0.574,2.984,60.928,7.427,normal
2026-09-29 13:19:41,F3,71.979,0.938,4.921,57.531,7.665,normal
2026-09-29 13:20:41,F3,52.091,0.382,3.716,54.513,10.439,normal
2026-09-29 13:21:41,F3,55.7,0.586,3.584,67.348,11.018,normal
2026-09-29 13:22:41,F3,72.765,0.628,4.507,47.687,10.462,normal
2026-09-29 13:23:41,F3,67.637,1.047,4.145,38.102,11.798,normal
2026-09-29 13:24:41,F3,67.804,0.509,4.136,48.2,11.101,normal
2026-09-29 13:25:41,F3,68.623,0.693,3.447,45.466,8.979,normal
2026-09-29 13:26:41,F3,74.2,0.681,4.416,47.175,8.651,normal
2026-09-29 13:27:41,F3,58.877,0.703,2.954,60.203,7.472,normal
2026-09-29 13:28:41,F3,74.752,0.771,4.462,44.435,7.298,normal
2026-09-29 13:29:41,F3,62.316,0.6,2.951,60.504,8.884,normal
2026-09-29 13:30:41,F3,63.656,0.577,4.283,46.658,9.329,normal
2026-09-29 13:31:41,F3,66.182,0.554,4.716,51.531,6.036,normal
2026-09-29 13:32:41,F3,67.437,0.843,3.043,51.044,11.091,normal
2026-09-29 13:33:41,F3,61.402,0.647,2.987,42.906,6.413,normal
2026-09-29 13:34:41,F3,72.859,0.407,4.293,65.969,12.563,normal
2026-09-29 13:35:41,F3,64.101,0.956,3.675,56.156,6.089,normal
2026-09-29 13:36:41,F3,74.676,0.438,4.937,31.168,11.437,normal
2026-09-29 13:37:41,F3,68.71,0.639,2.902,51.955,9.737,normal
2026-09-29 13:38:41,F3,68.987,0.251,3.237,45.279,4.739,normal
2026-09-29 13:39:41,F3,63.68,0.692,3.026,46.005,6.002,normal
2026-09-29 13:40:41,F3,72.189,0.498,3.377,31.81,7.733,normal
2026-09-29 13:41:41,F3,66.354,0.495,3.572,61.541,8.927,normal
2026-09-29 13:42:41,F3,70.533,0.605,2.559,48.646,7.063,normal
2026-09-29 13:43:41,F3,61.576,0.256,4.711,51.516,7.408,normal
2026-09-29 13:44:41,F3,70.873,0.71,4.031,41.855,9.254,normal
2026-09-29 13:45:41,F3,67.576,0.188,4.051,40.482,7.75,normal
2026-09-29 13:46:41,F3,71.553,0.681,4.6,42.08,9.007,normal
2026-09-29 13:47:41,F3,66.557,0.577,3.913,42.553,9.256,normal
2026-09-29 13:48:41,F3,68.547,0.433,3.173,45.137,9.826,normal
2026-09-29 13:49:41,F3,75.508,0.703,2.312,59.339,8.441,normal
2026-09-29 13:50:41,F3,69.789,0.35,4.55,49.996,11.472,normal
2026-09-29 13:51:41,F3,66.128,0.386,3.649,43.237,6.592,normal
2026-09-29 13:52:41,F3,65.003,0.529,2.924,52.649,8.676,normal
2026-09-29 13:53:41,F3,52.977,0.262,3.45,48.937,5.882,normal
2026-09-29 13:54:41,F3,64.663,0.499,3.038,62.489,7.354,normal
2026-09-29 13:55:41,F3,65.893,0.334,5.173,51.945,6.945,normal
2026-09-29 13:56:41,F3,65.74,0.674,5.091,46.192,7.166,normal
2026-09-29 13:57:41,F3,65.001,0.653,3.331,42.552,7.515,normal
2026-09-29 13:58:41,F3,70.031,0.952,4.196,47.524,11.518,normal
2026-09-29 13:59:41,F3,67.634,0.518,4.146,36.628,8.127,normal
2026-09-29 14:00:41,F3,67.351,0.924,2.294,49.31,8.292,normal
2026-09-29 14:01:41,F3,60.813,0.397,3.581,43.0,9.622,normal
2026-09-29 14:02:41,F3,64.243,0.545,3.449,51.042,8.119,normal
2026-09-29 14:03:41,F3,78.913,0.306,4.834,46.36,8.101,normal
2026-09-29 14:04:41,F3,59.099,0.637,2.33,56.272,6.5,normal
2026-09-29 14:05:41,F3,69.324,0.528,3.013,52.765,5.185,normal
2026-09-29 14:06:41,F3,69.527,0.634,2.407,42.336,9.703,normal
2026-09-29 14:07:41,F3,74.823,0.299,3.552,40.557,6.406,normal
2026-09-29 14:08:41,F3,69.61,0.782,1.464,55.525,9.749,normal
2026-09-29 14:09:41,F3,65.408,0.95,3.642,44.169,7.476,normal
2026-09-29 14:10:41,F3,64.62,0.481,3.086,38.833,9.997,normal
2026-09-29 14:11:41,F3,72.316,0.592,3.238,52.774,7.868,normal
2026-09-29 14:12:41,F3,81.795,0.717,3.387,49.103,11.529,normal
2026-09-29 14:13:41,F3,60.64,0.66,3.634,54.936,10.107,normal
2026-09-29 14:14:41,F3,66.985,0.785,3.589,55.751,6.689,normal
2026-09-29 14:15:41,F3,59.06,0.494,3.328,47.001,8.612,normal
2026-09-29 14:16:41,F3,61.671,0.541,3.784,36.996,6.004,normal
2026-09-29 14:17:41,F3,70.582,0.296,4.672,39.142,10.839,normal
2026-09-29 14:18:41,F3,74.415,0.695,2.929,45.528,8.334,normal
2026-09-29 14:19:41,F3,58.289,0.574,3.757,59.185,7.17,normal
2026-09-29 14:20:41,F3,58.338,0.702,3.232,40.654,9.086,normal
2026-09-29 14:21:41,F3,59.921,0.421,3.11,49.36,8.822,normal
2026-09-29 14:22:41,F3,66.127,0.725,2.885,40.883,8.429,normal
2026-09-29 14:23:41,F3,79.223,0.638,2.942,57.275,6.311,normal
2026-09-29 14:24:41,F3,72.288,0.624,4.212,51.592,6.26,normal
2026-09-29 14:25:41,F3,60.874,0.416,4.302,38.212,7.939,normal
2026-09-29 14:26:41,F3,57.405,0.879,2.909,47.011,9.333,normal
2026-09-29 14:27:41,F3,77.926,0.17,3.342,48.195,8.983,normal
2026-09-29 14:28:41,F3,54.846,0.447,4.087,55.581,8.255,normal
2026-09-29 14:29:41,F3,79.606,0.537,2.276,55.929,6.165,normal
2026-09-29 14:30:41,F3,72.13,0.693,3.981,55.379,5.65,normal
2026-09-29 14:31:41,F3,73.356,0.399,3.536,50.805,7.927,normal
2026-09-29 14:32:41,F3,68.732,0.14,3.744,60.602,10.039,normal
2026-09-29 14:33:41,F3,69.422,0.409,3.431,45.093,8.557,normal
2026-09-29 14:34:41,F3,65.182,0.381,4.205,52.051,8.379,normal
2026-09-29 14:35:41,F3,69.067,0.503,3.496,40.921,9.017,normal
2026-09-29 14:36:41,F3,60.256,0.718,3.667,45.222,7.117,normal
2026-09-29 14:37:41,F3,77.047,0.69,4.53,52.71,9.323,normal
2026-09-29 14:38:41,F3,64.147,0.144,2.833,54.747,6.528,normal
2026-09-29 14:39:41,F3,59.36,0.251,3.605,59.431,7.694,normal
2026-09-29 14:40:41,F3,60.486,0.813,3.082,33.877,6.704,normal
2026-09-29 14:41:41,F3,60.733,0.367,3.037,54.262,6.625,normal
2026-09-29 14:42:41,F3,71.833,0.215,3.915,56.443,8.377,normal
2026-09-29 14:43:41,F3,75.258,0.566,3.0,46.996,10.976,normal
2026-09-29 14:44:41,F3,65.907,0.213,3.853,32.714,9.023,normal
2026-09-29 14:45:41,F3,69.237,0.733,4.349,50.471,7.532,normal
2026-09-29 14:46:41,F3,76.148,0.559,2.841,42.743,6.946,normal
2026-09-29 14:47:41,F3,77.319,0.689,3.788,46.205,7.821,normal
2026-09-29 14:48:41,F3,57.05,0.477,3.405,46.743,10.013,normal
2026-09-29 14:49:41,F3,60.602,0.638,4.062,43.914,8.783,normal
2026-09-29 14:50:41,F3,71.094,0.402,2.203,45.335,9.672,normal
2026-09-29 14:51:41,F3,64.343,0.345,3.181,51.284,7.646,normal
2026-09-29 14:52:41,F3,60.51,0.819,3.224,32.373,9.073,normal
2026-09-29 14:53:41,F3,78.375,0.556,3.08,44.658,7.415,normal
2026-09-29 14:54:41,F3,75.443,0.685,4.059,53.999,7.146,normal
2026-09-29 14:55:41,F3,59.238,0.699,4.212,50.8,8.017,normal
2026-09-29 14:56:41,F3,66.336,0.671,3.58,49.581,8.858,normal
2026-09-29 14:57:41,F3,58.899,0.054,4.246,47.166,9.663,normal
2026-09-29 14:58:41,F3,88.008,0.439,3.774,47.935,7.164,normal
2026-09-29 14:59:41,F3,66.48,0.527,4.666,36.383,7.791,normal
2026-09-29 15:00:41,F3,71.433,0.479,2.681,43.077,5.94,normal
2026-09-29 15:01:41,F3,66.773,0.328,4.219,47.547,7.191,normal
2026-09-29 15:02:41,F3,69.385,0.582,2.895,55.332,8.414,normal
2026-09-29 15:03:41,F3,74.652,0.465,2.681,48.816,7.801,normal
2026-09-29 15:04:41,F3,59.146,0.625,2.459,37.75,6.627,normal
2026-09-29 15:05:41,F3,79.896,0.243,4.439,52.933,8.199,normal
2026-09-29 15:06:41,F3,82.419,0.47,4.482,37.313,8.872,normal
2026-09-29 15:07:41,F3,73.211,0.652,4.022,40.503,7.547,normal
2026-09-29 15:08:41,F3,65.121,0.825,3.093,52.708,10.515,normal
2026-09-29 15:09:41,F3,63.296,0.482,3.319,44.393,5.237,normal
2026-09-29 15:10:41,F3,82.675,0.282,2.444,36.032,6.482,normal
2026-09-29 15:11:41,F3,49.866,0.411,4.968,50.635,5.954,normal
2026-09-29 15:12:41,F3,84.469,0.552,3.319,48.026,7.331,normal
2026-09-29 15:13:41,F3,76.915,0.249,3.222,52.417,6.34,normal
2026-09-29 15:14:41,F3,58.396,0.272,3.251,53.08,5.766,normal
2026-09-29 15:15:41,F3,73.9,0.49,2.283,49.968,10.252,normal
2026-09-29 15:16:41,F3,72.814,0.292,3.907,59.701,8.247,normal
2026-09-29 15:17:41,F3,65.453,0.371,3.88,52.837,9.065,normal
2026-09-29 15:18:41,F3,68.61,0.478,3.731,54.326,6.88,normal
2026-09-29 15:19:41,F3,58.059,0.0,2.854,40.688,10.208,normal
2026-09-29 15:20:41,F3,62.389,0.233,3.391,55.686,7.103,normal
2026-09-29 15:21:41,F3,59.255,0.529,3.414,64.245,8.165,normal
2026-09-29 15:22:41,F3,62.321,0.692,4.8,33.119,6.359,normal
2026-09-29 15:23:41,F3,82.836,0.6,4.261,45.963,11.544,normal
2026-09-29 15:24:41,F3,61.97,0.132,2.901,50.161,8.29,normal
2026-09-29 15:25:41,F3,66.686,0.274,2.585,58.822,6.903,normal
2026-09-29 15:26:41,F3,63.767,0.576,3.215,57.44,8.687,normal
2026-09-29 15:27:41,F3,60.661,0.551,3.221,53.769,9.213,normal
2026-09-29 15:28:41,F3,59.448,0.363,2.179,54.426,8.157,normal
2026-09-29 15:29:41,F3,61.777,0.291,2.099,43.974,9.228,normal
2026-09-29 15:30:41,F3,63.121,0.569,2.987,48.191,5.938,normal
2026-09-29 15:31:41,F3,65.884,0.064,4.423,43.434,5.855,normal
2026-09-29 15:32:41,F3,63.397,0.513,2.882,52.149,9.999,normal
2026-09-29 15:33:41,F3,68.057,0.434,3.265,48.299,6.672,normal
2026-09-29 15:34:41,F3,52.48,0.541,4.089,45.124,6.622,normal
2026-09-29 15:35:41,F3,71.98,0.239,3.207,43.851,8.237,normal
2026-09-29 15:36:41,F3,52.154,0.599,3.671,49.179,9.668,normal
2026-09-29 15:37:41,F3,56.269,0.265,3.424,45.038,6.323,normal
2026-09-29 15:38:41,F3,79.578,0.187,3.261,30.092,6.311,normal
2026-09-29 15:39:41,F3,57.684,0.618,4.055,45.976,6.991,normal
2026-09-29 15:40:41,F3,63.913,0.149,3.89,52.796,10.442,normal
2026-09-29 15:41:41,F3,70.581,0.449,5.208,43.955,9.993,normal
2026-09-29 15:42:41,F3,63.613,0.118,2.486,40.81,8.612,normal
2026-09-29 15:43:41,F3,59.83,0.33,3.062,40.432,9.624,normal
2026-09-29 15:44:41,F3,55.494,0.292,3.667,48.76,9.717,normal
2026-09-29 15:45:41,F3,68.843,0.39,4.066,51.638,6.793,normal
2026-09-29 15:46:41,F3,54.578,0.551,2.923,41.806,9.521,normal
2026-09-29 15:47:41,F3,49.127,0.398,4.409,42.833,7.695,normal
2026-09-29 15:48:41,F3,86.039,0.371,3.893,44.645,9.117,normal
2026-09-29 15:49:41,F3,65.631,0.455,4.45,45.062,6.11,normal
2026-09-29 15:50:41,F3,73.366,0.522,3.54,42.542,9.455,normal
2026-09-29 15:51:41,F3,56.893,0.267,3.561,48.005,8.856,normal
2026-09-29 15:52:41,F3,73.943,0.413,3.121,38.722,9.771,normal
2026-09-29 15:53:41,F3,60.086,0.382,3.132,59.015,6.84,normal
2026-09-29 15:54:41,F3,75.645,0.03,3.767,46.313,8.762,normal
2026-09-29 15:55:41,F3,74.682,0.281,5.134,46.841,6.663,normal
2026-09-29 15:56:41,F3,79.671,0.704,3.7,58.689,6.093,normal
2026-09-29 15:57:41,F3,65.162,0.786,4.777,58.832,3.102,normal
2026-09-29 15:58:41,F3,66.299,0.7,2.503,57.772,8.585,normal
2026-09-29 15:59:41,F3,67.803,0.094,3.414,46.521,7.475,normal
2026-09-29 16:00:41,F3,69.763,0.16,5.176,62.006,7.224,normal
2026-09-29 16:01:41,F3,71.149,0.292,3.614,43.9,6.163,normal
2026-09-29 16:02:41,F3,40.756,0.376,3.464,41.611,9.302,normal
2026-09-29 16:03:41,F3,72.052,0.475,4.584,44.643,9.38,normal
2026-09-29 16:04:41,F3,71.018,0.48,4.077,53.995,6.074,normal
2026-09-29 16:05:41,F3,79.037,0.398,4.437,38.839,13.27,normal
2026-09-29 16:06:41,F3,56.673,0.295,4.259,47.93,8.087,normal
2026-09-29 16:07:41,F3,70.951,0.359,4.256,56.715,7.182,normal
2026-09-29 16:08:41,F3,70.702,0.208,4.114,49.91,9.765,normal
2026-09-29 16:09:41,F3,72.514,0.507,3.915,34.249,10.163,normal
2026-09-29 16:10:41,F3,66.126,0.019,3.444,67.285,7.036,normal
2026-09-29 16:11:41,F3,64.425,0.441,3.93,45.126,5.504,normal
2026-09-29 16:12:41,F3,76.752,0.139,3.537,58.969,7.187,normal
2026-09-29 16:13:41,F3,72.667,0.54,3.609,45.523,6.236,normal
2026-09-29 16:14:41,F3,77.635,0.302,2.613,38.981,11.775,normal
2026-09-29 16:15:41,F3,54.112,0.488,2.934,36.9,7.298,normal
2026-09-29 16:16:41,F3,76.545,0.264,1.749,45.155,8.275,normal
2026-09-29 16:17:41,F3,72.972,0.558,4.038,51.176,8.92,normal
2026-09-29 16:18:41,F3,76.862,0.28,3.857,45.2,9.213,normal
2026-09-29 16:19:41,F3,66.953,0.388,4.056,50.497,7.688,normal
2026-09-29 16:20:41,F3,64.576,0.412,4.654,46.801,3.413,normal
2026-09-29 16:21:41,F3,54.87,0.233,2.194,50.126,5.105,normal
2026-09-29 16:22:41,F3,62.926,0.468,2.984,32.79,7.922,normal
2026-09-29 16:23:41,F3,54.243,0.327,3.1,44.639,9.731,normal
2026-09-29 16:24:41,F3,56.312,0.316,3.067,48.225,5.723,normal
2026-09-29 16:25:41,F3,70.805,0.503,4.73,56.586,6.526,normal
2026-09-29 16:26:41,F3,62.842,0.453,3.735,46.135,8.998,normal
2026-09-29 16:27:41,F3,62.41,0.477,4.607,53.253,12.088,normal
2026-09-29 16:28:41,F3,66.57,0.33,3.395,46.773,6.867,normal
2026-09-29 16:29:41,F3,71.418,0.126,3.78,51.175,10.161,normal
2026-09-29 16:30:41,F3,78.151,0.342,3.859,48.368,7.64,normal
2026-09-29 16:31:41,F3,63.841,0.533,4.47,49.23,6.797,normal
2026-09-29 16:32:41,F3,73.412,0.213,3.473,55.431,5.759,normal
2026-09-29 16:33:41,F3,83.586,0.383,2.659,45.69,7.928,normal
2026-09-29 16:34:41,F3,70.931,0.159,2.631,49.834,6.156,normal
2026-09-29 16:35:41,F3,58.751,0.048,3.534,61.749,7.166,normal
2026-09-29 16:36:41,F3,76.207,0.217,4.093,43.165,10.013,normal
2026-09-29 16:37:41,F3,61.229,0.107,3.911,49.189,6.832,normal
2026-09-29 16:38:41,F3,76.288,0.0,2.648,47.002,6.933,normal
2026-09-29 16:39:41,F3,55.423,0.822,2.483,45.871,7.503,normal
2026-09-29 16:40:41,F3,62.131,0.187,3.755,51.561,9.252,normal
2026-09-29 16:41:41,F3,63.499,0.38,2.538,53.333,8.619,normal
2026-09-29 16:42:41,F3,59.468,0.0,3.386,51.017,5.108,normal
2026-09-29 16:43:41,F3,75.442,0.326,3.782,54.048,9.359,normal
2026-09-29 16:44:41,F3,82.518,0.389,3.035,42.616,8.556,normal
2026-09-29 16:45:41,F3,77.984,0.397,4.165,50.063,7.255,normal
2026-09-29 16:46:41,F3,68.276,0.207,3.551,44.073,6.596,normal
2026-09-29 16:47:41,F3,69.637,0.0,4.433,43.523,9.512,normal
2026-09-29 16:48:41,F3,70.868,0.383,3.59,50.695,13.286,normal
2026-09-29 16:49:41,F3,66.793,0.378,3.972,42.998,7.373,normal
2026-09-29 16:50:41,F3,78.948,0.421,2.42,55.643,6.469,normal
2026-09-29 16:51:41,F3,66.942,0.309,3.906,45.795,8.88,normal
2026-09-29 16:52:41,F3,69.615,0.387,3.027,55.362,5.676,normal
2026-09-29 16:53:41,F3,63.378,0.229,3.092,41.817,8.151,normal
2026-09-29 16:54:41,F3,77.968,0.019,3.889,50.368,7.879,normal
2026-09-29 16:55:41,F3,71.762,0.221,4.192,35.548,9.43,normal
2026-09-29 16:56:41,F3,61.849,0.155,3.962,46.466,10.207,normal
2026-09-29 16:57:41,F3,68.864,0.33,3.651,57.85,10.51,normal
2026-09-29 16:58:41,F3,68.565,0.595,3.529,53.914,7.372,normal
2026-09-29 16:59:41,F3,56.506,0.237,3.752,53.425,8.408,normal
2026-09-29 17:00:41,F3,77.066,0.274,2.956,34.893,8.688,normal
2026-09-29 17:01:41,F3,68.354,0.977,3.179,52.519,9.003,normal
2026-09-29 17:02:41,F3,60.845,0.0,3.79,42.305,4.641,normal
2026-09-29 17:03:41,F3,77.989,0.607,2.771,52.289,5.705,normal
2026-09-29 17:04:41,F3,74.194,0.334,3.78,42.29,7.747,normal
2026-09-29 17:05:41,F3,58.262,0.177,3.545,47.869,8.677,normal
2026-09-29 17:06:41,F3,82.492,0.473,3.191,43.16,7.343,normal
2026-09-29 17:07:41,F3,76.229,0.318,3.335,47.957,10.403,normal
2026-09-29 17:08:41,F3,63.823,0.214,4.261,51.742,7.958,normal
2026-09-29 17:09:41,F3,64.466,0.176,4.602,49.48,8.174,normal
2026-09-29 17:10:41,F3,59.609,0.284,2.985,52.42,10.235,normal
2026-09-29 17:11:41,F3,65.747,0.188,3.287,37.823,5.283,normal
2026-09-29 17:12:41,F3,75.802,0.134,4.31,49.93,11.214,normal
2026-09-29 17:13:41,F3,64.175,0.338,2.77,38.856,7.211,normal
2026-09-29 17:14:41,F3,71.428,0.0,3.694,59.634,7.812,normal
2026-09-29 17:15:41,F3,72.604,0.597,1.826,56.279,7.504,normal
2026-09-29 17:16:41,F3,66.738,0.647,3.623,61.949,7.236,normal
2026-09-29 17:17:41,F3,56.047,0.371,2.269,53.924,10.879,normal
2026-09-29 17:18:41,F3,73.976,0.231,4.318,50.932,10.138,normal
2026-09-29 17:19:41,F3,66.35,0.257,3.54,43.266,7.244,normal
2026-09-29 17:20:41,F3,65.215,0.463,3.817,52.673,9.589,normal
2026-09-29 17:21:41,F3,58.45,0.131,4.608,51.196,11.886,normal
2026-09-29 17:22:41,F3,64.681,0.315,3.238,46.986,8.228,normal
2026-09-29 17:23:41,F3,57.851,0.045,3.911,50.454,8.621,normal
2026-09-29 17:24:41,F3,69.73,0.812,4.259,48.233,4.358,normal
2026-09-29 17:25:41,F3,76.26,0.269,3.734,43.491,10.654,normal
2026-09-29 17:26:41,F3,66.112,0.219,2.928,34.42,10.297,normal
2026-09-29 17:27:41,F3,72.664,0.379,2.514,40.894,9.407,normal
2026-09-29 17:28:41,F3,55.855,0.0,3.641,40.919,11.907,normal
2026-09-29 17:29:41,F3,66.468,0.21,2.262,49.724,2.581,normal
2026-09-29 17:30:41,F3,76.769,0.343,2.864,60.07,8.116,normal
2026-09-29 17:31:41,F3,71.652,0.297,2.497,42.287,7.023,normal
2026-09-29 17:32:41,F3,78.051,0.182,2.981,55.744,7.135,normal
2026-09-29 17:33:41,F3,63.363,0.322,3.656,49.352,11.394,normal
2026-09-29 17:34:41,F3,50.995,0.275,4.351,41.926,7.757,normal
2026-09-29 17:35:41,F3,59.626,0.0,2.667,39.669,7.097,normal
2026-09-29 17:36:41,F3,68.689,0.117,3.611,62.675,7.912,normal
2026-09-29 17:37:41,F3,61.964,0.076,3.528,54.429,10.313,normal
2026-09-29 17:38:41,F3,70.246,0.239,3.608,42.94,8.037,normal
2026-09-29 17:39:41,F3,70.179,0.497,2.828,53.495,8.157,normal
2026-09-29 17:40:41,F3,64.895,0.298,3.114,59.565,8.265,normal
2026-09-29 17:41:41,F3,62.97,0.453,3.879,44.429,7.447,normal
2026-09-29 17:42:41,F3,68.246,0.377,3.939,55.518,8.225,normal
2026-09-29 17:43:41,F3,70.715,0.388,2.961,51.478,6.495,normal
2026-09-29 17:44:41,F3,68.567,0.0,2.838,52.987,8.833,normal
2026-09-29 17:45:41,F3,85.361,0.018,2.146,46.937,11.172,normal
2026-09-29 17:46:41,F3,58.975,0.209,3.288,45.736,5.996,normal
2026-09-29 17:47:41,F3,68.46,0.068,3.547,46.061,5.574,normal
2026-09-29 17:48:41,F3,76.206,0.496,2.874,48.966,8.298,normal
2026-09-29 17:49:41,F3,61.609,0.105,3.747,46.488,8.551,normal
2026-09-29 17:50:41,F3,68.384,0.507,3.607,58.249,7.373,normal
2026-09-29 17:51:41,F3,57.886,0.28,3.698,51.136,9.854,normal
2026-09-29 17:52:41,F3,60.667,0.381,4.802,40.374,5.527,normal
2026-09-29 17:53:41,F3,79.905,0.0,2.976,41.316,7.691,normal
2026-09-29 17:54:41,F3,67.195,0.155,3.603,51.374,5.679,normal
2026-09-29 17:55:41,F3,65.685,0.392,3.369,42.984,6.875,normal
2026-09-29 17:56:41,F3,48.029,0.151,3.606,45.355,9.092,normal
2026-09-29 17:57:41,F3,55.351,0.289,3.568,47.39,7.327,normal
2026-09-29 17:58:41,F3,68.252,0.518,4.544,51.798,9.272,normal
2026-09-29 17:59:41,F3,61.529,0.0,3.266,48.722,6.52,normal
2026-09-29 18:00:41,F3,55.206,0.214,3.725,45.279,10.289,normal
2026-09-29 18:01:41,F3,70.662,0.164,2.241,37.721,8.299,normal
2026-09-29 18:02:41,F3,77.503,0.214,2.598,47.533,9.548,normal
2026-09-29 18:03:41,F3,72.759,0.366,3.67,60.221,12.52,normal
2026-09-29 18:04:41,F3,74.239,0.213,2.543,47.799,7.763,normal
2026-09-29 18:05:41,F3,62.991,0.17,3.288,54.807,8.113,normal
2026-09-29 18:06:41,F3,72.527,0.156,3.558,45.521,8.466,normal
2026-09-29 18:07:41,F3,72.844,0.311,3.853,53.635,5.802,normal
2026-09-29 18:08:41,F3,57.0,0.446,4.319,47.576,7.535,normal
2026-09-29 18:09:41,F3,63.524,0.101,3.452,48.568,5.242,normal
2026-09-29 18:10:41,F3,66.056,0.211,3.204,39.246,9.85,normal
2026-09-29 18:11:41,F3,73.529,0.0,3.517,50.187,10.736,normal
2026-09-29 18:12:41,F3,71.721,0.421,4.497,42.389,8.688,normal
2026-09-29 18:13:41,F3,64.515,0.146,2.727,55.022,6.51,normal
2026-09-29 18:14:41,F3,65.583,0.508,2.725,44.456,8.301,normal
2026-09-29 18:15:41,F3,63.474,0.0,4.181,51.206,7.692,normal
2026-09-29 18:16:41,F3,67.828,0.039,2.95,8.588,6.335,normal
2026-09-29 18:17:41,F3,70.381,0.036,4.04,56.86,5.496,normal
2026-09-29 18:18:41,F3,52.406,0.698,3.653,40.676,8.152,normal
2026-09-29 18:19:41,F3,76.696,0.167,2.33,43.417,6.055,normal
2026-09-29 18:20:41,F3,77.117,0.021,4.106,61.213,14.646,normal
2026-09-29 18:21:41,F3,54.526,0.0,3.429,49.213,6.201,normal
2026-09-29 18:22:41,F3,60.628,0.428,2.37,45.576,6.635,normal
2026-09-29 18:23:41,F3,63.944,0.439,3.505,55.628,7.723,normal
2026-09-29 18:24:41,F3,70.845,0.0,2.825,58.313,9.034,normal
2026-09-29 18:25:41,F3,65.57,0.0,3.826,43.255,8.467,normal
2026-09-29 18:26:41,F3,80.827,0.0,4.558,41.542,9.393,normal
2026-09-29 18:27:41,F3,54.008,0.172,2.28,46.429,10.253,normal
2026-09-29 18:28:41,F3,71.572,0.274,4.945,59.446,7.266,normal
2026-09-29 18:29:41,F3,56.848,0.168,2.816,44.29,10.386,normal
2026-09-29 18:30:41,F3,67.759,0.0,3.416,48.174,8.631,normal
2026-09-29 18:31:41,F3,62.333,0.225,4.359,47.23,10.935,normal
2026-09-29 18:32:41,F3,68.087,0.288,3.699,46.427,10.809,normal
2026-09-29 18:33:41,F3,73.131,0.086,3.592,51.151,9.505,normal
2026-09-29 18:34:41,F3,75.749,0.0,3.502,41.849,9.309,normal
2026-09-29 18:35:41,F3,78.865,0.289,2.614,32.054,8.724,normal
2026-09-29 18:36:41,F3,63.01,0.0,3.658,53.368,5.333,normal
2026-09-29 18:37:41,F3,77.018,0.51,3.346,39.91,7.407,normal
2026-09-29 18:38:41,F3,76.37,0.0,4.005,51.499,5.643,normal
2026-09-29 18:39:41,F3,68.386,0.02,2.343,30.193,6.106,normal
2026-09-29 18:40:41,F3,55.404,0.147,3.215,38.335,11.067,normal
2026-09-29 18:41:41,F3,68.039,0.0,2.195,46.941,6.271,normal
2026-09-29 18:42:41,F3,82.237,0.0,3.474,46.594,8.688,normal
2026-09-29 18:43:41,F3,75.355,0.333,3.526,30.761,6.307,normal
2026-09-29 18:44:41,F3,58.339,0.0,3.93,48.8,14.535,normal
2026-09-29 18:45:41,F3,63.359,0.062,2.937,31.857,10.866,normal
2026-09-29 18:46:41,F3,67.79,0.13,3.059,40.221,8.962,normal
2026-09-29 18:47:41,F3,65.333,0.084,3.376,42.087,8.037,normal
2026-09-29 18:48:41,F3,67.504,0.195,3.59,44.267,10.925,normal
2026-09-29 18:49:41,F3,71.472,0.03,5.278,51.787,6.551,normal
2026-09-29 18:50:41,F3,68.089,0.193,3.231,45.124,8.714,normal
2026-09-29 18:51:41,F3,66.155,0.282,3.14,44.148,7.324,normal
2026-09-29 18:52:41,F3,53.896,0.0,3.493,45.623,8.227,normal
2026-09-29 18:53:41,F3,69.249,0.108,2.11,49.724,10.898,normal
2026-09-29 18:54:41,F3,67.485,0.0,3.026,34.113,9.551,normal
2026-09-29 18:55:41,F3,73.151,0.0,3.76,43.427,7.996,normal
2026-09-29 18:56:41,F3,58.419,0.346,3.74,41.291,4.381,normal
2026-09-29 18:57:41,F3,68.311,0.043,2.938,37.891,7.886,normal
2026-09-29 18:58:41,F3,55.046,0.235,3.093,45.599,6.425,normal
2026-09-29 18:59:41,F3,64.219,0.116,2.749,53.796,4.858,normal
2026-09-29 19:00:41,F3,72.623,0.0,4.069,55.641,6.893,normal
2026-09-29 19:01:41,F3,64.392,0.331,2.161,48.169,7.511,normal
2026-09-29 19:02:41,F3,62.665,0.0,2.604,65.39,6.191,normal
2026-09-29 19:03:41,F3,65.826,0.699,3.886,61.654,10.113,normal
2026-09-29 19:04:41,F3,71.94,0.0,2.149,50.854,7.397,normal
2026-09-29 19:05:41,F3,71.182,0.567,2.305,55.29,5.245,normal
2026-09-29 19:06:41,F3,76.218,0.0,2.898,41.879,7.555,normal
2026-09-29 19:07:41,F3,67.321,0.051,2.634,51.288,7.455,normal
2026-09-29 19:08:41,F3,60.299,0.078,2.801,45.451,8.112,normal
2026-09-29 19:09:41,F3,59.713,0.408,3.523,41.655,9.906,normal
2026-09-29 19:10:41,F3,68.59,0.542,2.843,44.382,7.891,normal
2026-09-29 19:11:41,F3,78.883,0.09,2.906,48.987,6.331,normal
2026-09-29 19:12:41,F3,60.153,0.023,2.954,44.906,5.07,normal
2026-09-29 19:13:41,F3,72.457,0.0,4.438,63.414,7.779,normal
2026-09-29 19:14:41,F3,60.386,0.333,3.032,36.991,8.756,normal
2026-09-29 19:15:41,F3,63.71,0.41,4.07,41.923,10.143,normal
2026-09-29 19:16:41,F3,59.951,0.0,4.955,44.835,8.086,normal
2026-09-29 19:17:41,F3,61.369,0.0,2.038,51.965,8.341,normal
2026-09-29 19:18:41,F3,65.992,0.141,3.51,57.102,10.304,normal
2026-09-29 19:19:41,F3,73.445,0.365,3.276,41.204,8.928,normal
2026-09-29 19:20:41,F3,79.088,0.269,2.642,47.328,6.204,normal
2026-09-29 19:21:41,F3,70.433,0.469,2.513,45.195,6.674,normal
2026-09-29 19:22:41,F3,63.621,0.026,2.462,43.953,8.168,normal
2026-09-29 19:23:41,F3,58.636,0.0,3.19,38.853,7.265,normal
2026-09-29 19:24:41,F3,65.048,0.124,1.39,51.653,10.058,normal
2026-09-29 19:25:41,F3,67.124,0.394,2.654,38.66,5.066,normal
2026-09-29 19:26:41,F3,55.432,0.0,4.363,51.103,6.408,normal
2026-09-29 19:27:41,F3,57.806,0.019,3.722,42.713,8.214,normal
2026-09-29 19:28:41,F3,84.615,0.198,3.41,43.99,7.616,normal
2026-09-29 19:29:41,F3,65.058,0.086,2.484,36.759,6.293,normal
2026-09-29 19:30:41,F3,62.492,0.0,3.287,53.538,7.893,normal
2026-09-29 19:31:41,F3,78.22,0.334,2.965,52.057,6.662,normal
2026-09-29 19:32:41,F3,46.182,0.146,2.238,51.288,9.159,normal
2026-09-29 19:33:41,F3,63.906,0.282,3.57,51.822,8.164,normal
2026-09-29 19:34:41,F3,67.815,0.001,2.439,38.168,6.903,normal
2026-09-29 19:35:41,F3,50.335,0.249,1.897,38.342,10.005,normal
2026-09-29 19:36:41,F3,67.444,0.261,2.228,51.433,7.485,normal
2026-09-29 19:37:41,F3,66.827,0.377,3.042,50.584,8.497,normal
2026-09-29 19:38:41,F3,84.382,0.0,3.615,55.417,6.104,normal
2026-09-29 19:39:41,F3,65.485,0.0,3.275,42.623,5.304,normal
2026-09-29 19:40:41,F3,75.167,0.0,2.376,44.473,8.555,normal
2026-09-29 19:41:41,F3,65.765,0.279,1.945,43.182,8.65,normal
2026-09-29 19:42:41,F3,60.702,0.267,2.92,38.953,4.972,normal
2026-09-29 19:43:41,F3,80.576,0.621,4.195,47.57,9.096,normal
2026-09-29 19:44:41,F3,62.414,0.0,2.537,52.245,5.349,normal
2026-09-29 19:45:41,F3,72.747,0.353,3.142,41.964,7.413,normal
2026-09-29 19:46:41,F3,76.963,0.092,3.876,52.635,7.93,normal
2026-09-29 19:47:41,F3,76.838,0.217,3.519,46.522,8.536,normal
2026-09-29 19:48:41,F3,80.607,0.328,4.303,43.105,7.666,normal
2026-09-29 19:49:41,F3,69.13,0.074,3.989,56.774,7.936,normal
2026-09-29 19:50:41,F3,73.286,0.092,2.957,49.241,8.484,normal
2026-09-29 19:51:41,F3,67.258,0.0,2.562,40.971,5.78,normal
2026-09-29 19:52:41,F3,66.601,0.151,3.787,40.68,7.025,normal
2026-09-29 19:53:41,F3,69.794,0.374,1.486,45.251,8.023,normal
2026-09-29 19:54:41,F3,71.945,0.265,4.017,33.229,8.936,normal
2026-09-29 19:55:41,F3,68.519,0.177,1.708,42.781,8.777,normal
2026-09-29 19:56:41,F3,69.344,0.0,4.455,48.942,7.925,normal
2026-09-29 19:57:41,F3,57.954,0.014,3.699,49.035,8.467,normal
2026-09-29 19:58:41,F3,65.698,0.0,3.282,38.446,7.157,normal
2026-09-29 19:59:41,F3,74.668,0.021,3.623,51.749,7.946,normal
2026-09-29 20:00:41,F3,67.072,0.084,3.342,53.593,8.614,normal
2026-09-29 20:01:41,F3,48.736,0.0,3.991,45.859,5.867,normal
2026-09-29 20:02:41,F3,76.533,0.254,3.424,35.867,9.264,normal
2026-09-29 20:03:41,F3,82.697,0.0,4.3,53.163,7.007,normal
2026-09-29 20:04:41,F3,68.18,0.434,3.436,39.444,7.238,normal
2026-09-29 20:05:41,F3,73.636,0.229,3.814,46.251,6.995,normal
2026-09-29 20:06:41,F3,79.379,0.231,3.394,42.869,6.124,normal
2026-09-29 20:07:41,F3,77.35,0.213,3.031,54.638,6.362,normal
2026-09-29 20:08:41,F3,63.164,0.0,2.538,45.615,4.806,normal
2026-09-29 20:09:41,F3,87.426,0.275,2.339,34.282,8.419,normal
2026-09-29 20:10:41,F3,64.536,0.033,3.593,48.073,9.529,normal
2026-09-29 20:11:41,F3,66.723,0.167,2.941,38.946,8.338,normal
2026-09-29 20:12:41,F3,74.15,0.247,3.539,55.12,8.337,normal
2026-09-29 20:13:41,F3,72.407,0.0,2.976,49.921,9.44,normal
2026-09-29 20:14:41,F3,59.405,0.116,3.655,37.833,8.026,normal
2026-09-29 20:15:41,F3,62.569,0.0,2.448,47.312,2.793,normal
2026-09-29 20:16:41,F3,62.615,0.0,3.705,44.591,8.996,normal
2026-09-29 20:17:41,F3,69.409,0.0,3.405,57.613,8.459,normal
2026-09-29 20:18:41,F3,71.483,0.098,2.736,48.239,7.574,normal
2026-09-29 20:19:41,F3,64.692,0.056,1.882,50.811,8.672,normal
2026-09-29 20:20:41,F3,68.342,0.225,3.288,55.046,7.281,normal
2026-09-29 20:21:41,F3,56.18,0.0,3.648,51.746,7.015,normal
2026-09-29 20:22:41,F3,66.556,0.109,3.262,50.873,9.583,normal
2026-09-29 20:23:41,F3,70.356,0.109,3.201,53.321,7.005,normal
2026-09-29 20:24:41,F3,65.447,0.002,1.647,53.099,8.145,normal
2026-09-29 20:25:41,F3,71.532,0.0,3.265,54.538,10.342,normal
2026-09-29 20:26:41,F3,63.698,0.0,2.227,57.354,7.323,normal
2026-09-29 20:27:41,F3,63.396,0.0,4.608,53.735,7.199,normal
2026-09-29 20:28:41,F3,68.933,0.192,3.397,66.195,5.453,normal
2026-09-29 20:29:41,F3,72.793,0.111,3.38,50.071,7.991,normal
2026-09-29 20:30:41,F3,67.215,0.0,4.223,52.557,7.954,normal
2026-09-29 20:31:41,F3,64.073,0.0,3.842,43.891,7.962,normal
2026-09-29 20:32:41,F3,87.289,0.0,3.624,41.241,6.736,normal
2026-09-29 20:33:41,F3,71.958,0.116,2.631,31.589,5.021,normal
2026-09-29 20:34:41,F3,79.053,0.0,3.563,46.662,11.629,normal
2026-09-29 20:35:41,F3,80.661,0.427,2.881,45.584,6.037,normal
2026-09-29 20:36:41,F3,71.013,0.103,3.673,44.471,6.917,normal
2026-09-29 20:37:41,F3,70.101,0.201,2.023,40.067,7.743,normal
2026-09-29 20:38:41,F3,74.479,0.274,3.308,53.391,6.609,normal
2026-09-29 20:39:41,F3,66.364,0.318,3.55,59.017,6.261,normal
2026-09-29 20:40:41,F3,68.6,0.0,1.957,51.724,9.251,normal
2026-09-29 20:41:41,F3,76.21,0.0,2.932,49.837,5.971,normal
2026-09-29 20:42:41,F3,61.953,0.0,2.919,47.095,8.856,normal
2026-09-29 20:43:41,F3,79.27,0.0,4.551,51.545,9.331,normal
2026-09-29 20:44:41,F3,70.446,0.0,2.888,56.945,9.524,normal
2026-09-29 20:45:41,F3,69.277,0.095,3.557,50.231,7.653,normal
2026-09-29 20:46:41,F3,71.584,0.116,2.6,53.11,9.349,normal
2026-09-29 20:47:41,F3,63.734,0.314,2.59,46.284,9.683,normal
2026-09-29 20:48:41,F3,66.608,0.155,4.024,39.487,6.27,normal
2026-09-29 20:49:41,F3,67.656,0.0,2.698,34.298,10.521,normal
2026-09-29 20:50:41,F3,62.932,0.0,4.03,46.189,7.426,normal
2026-09-29 20:51:41,F3,62.98,0.0,2.371,40.981,8.775,normal
2026-09-29 20:52:41,F3,65.315,0.283,2.623,51.329,10.135,normal
2026-09-29 20:53:41,F3,67.095,0.297,2.969,33.017,10.17,normal
2026-09-29 20:54:41,F3,63.045,0.311,4.338,52.248,9.568,normal
2026-09-29 20:55:41,F3,62.786,0.231,2.323,56.966,4.789,normal
2026-09-29 20:56:41,F3,78.145,0.0,2.877,50.239,8.09,normal
2026-09-29 20:57:41,F3,66.817,0.065,2.536,45.622,8.873,normal
2026-09-29 20:58:41,F3,72.223,0.12,2.512,44.249,8.597,normal
2026-09-29 20:59:41,F3,61.884,0.018,3.567,44.088,7.261,normal
2026-09-29 21:00:41,F3,62.895,0.0,3.047,62.377,9.492,normal
2026-09-29 21:01:41,F3,76.127,0.059,3.1,49.852,5.657,normal
2026-09-29 21:02:41,F3,56.4,0.0,4.079,48.264,9.359,normal
2026-09-29 21:03:41,F3,56.493,0.0,3.823,57.587,7.637,normal
2026-09-29 21:04:41,F3,61.614,0.0,2.623,38.9,8.904,normal
2026-09-29 21:05:41,F3,68.366,0.172,2.076,35.65,8.033,normal
2026-09-29 21:06:41,F3,67.977,0.184,3.369,48.539,8.821,normal
2026-09-29 21:07:41,F3,77.988,0.0,3.744,56.25,7.433,normal
2026-09-29 21:08:41,F3,65.053,0.0,5.002,51.248,7.345,normal
2026-09-29 21:09:41,F3,81.319,0.0,3.565,51.791,5.536,normal
2026-09-29 21:10:41,F3,74.323,0.0,2.2,45.898,7.38,normal
2026-09-29 21:11:41,F3,74.998,0.198,3.199,37.82,11.363,normal
2026-09-29 21:12:41,F3,67.95,0.019,3.981,43.908,7.302,normal
2026-09-29 21:13:41,F3,57.554,0.081,3.745,51.32,8.979,normal
2026-09-29 21:14:41,F3,72.302,0.0,2.132,49.723,5.23,normal
2026-09-29 21:15:41,F3,58.456,0.0,2.581,60.624,6.629,normal
2026-09-29 21:16:41,F3,70.685,0.313,3.06,46.995,7.934,normal
2026-09-29 21:17:41,F3,67.646,0.0,3.121,37.093,5.742,normal
2026-09-29 21:18:41,F3,68.527,0.368,4.44,52.456,8.187,normal
2026-09-29 21:19:41,F3,71.145,0.027,2.116,52.862,7.99,normal
2026-09-29 21:20:41,F3,66.865,0.0,3.022,48.91,8.874,normal
2026-09-29 21:21:41,F3,65.999,0.078,3.214,27.319,5.692,normal
2026-09-29 21:22:41,F3,55.107,0.0,4.318,57.018,8.244,normal
2026-09-29 21:23:41,F3,75.538,0.0,2.86,42.234,7.546,normal
2026-09-29 21:24:41,F3,72.28,0.077,3.801,54.195,9.835,normal
2026-09-29 21:25:41,F3,60.904,0.0,2.652,46.424,5.929,normal
2026-09-29 21:26:41,F3,64.993,0.0,2.325,43.165,7.117,normal
2026-09-29 21:27:41,F3,63.303,0.0,2.988,43.42,7.807,normal
2026-09-29 21:28:41,F3,65.531,0.0,3.19,57.152,11.312,normal
2026-09-29 21:29:41,F3,66.032,0.212,3.487,46.45,7.865,normal
2026-09-29 21:30:41,F3,62.091,0.205,2.927,63.717,5.861,normal
2026-09-29 21:31:41,F3,51.012,0.0,3.925,53.874,6.593,normal
2026-09-29 21:32:41,F3,71.989,0.0,1.676,45.028,7.543,normal
2026-09-29 21:33:41,F3,80.926,0.0,3.085,39.663,6.708,normal
2026-09-29 21:34:41,F3,77.029,0.032,2.943,49.04,8.449,normal
2026-09-29 21:35:41,F3,65.455,0.222,3.259,49.427,7.386,normal
2026-09-29 21:36:41,F3,61.092,0.0,3.459,59.4,9.632,normal
2026-09-29 21:37:41,F3,68.278,0.0,2.672,55.089,8.197,normal
2026-09-29 21:38:41,F3,62.614,0.0,3.849,42.846,6.797,normal
2026-09-29 21:39:41,F3,63.721,0.077,2.642,49.56,9.983,normal
2026-09-29 21:40:41,F3,57.059,0.0,3.531,42.689,10.225,normal
2026-09-29 21:41:41,F3,69.555,0.0,3.268,52.907,8.61,normal
2026-09-29 21:42:41,F3,69.499,0.11,2.71,36.137,9.556,normal
2026-09-29 21:43:41,F3,68.768,0.0,3.094,49.138,7.584,normal
2026-09-29 21:44:41,F3,64.638,0.0,4.666,52.009,9.761,normal
2026-09-29 21:45:41,F3,54.473,0.0,3.096,57.143,7.956,normal
2026-09-29 21:46:41,F3,68.885,0.038,3.111,44.429,7.617,normal
2026-09-29 21:47:41,F3,62.471,0.09,3.609,42.596,7.508,normal
2026-09-29 21:48:41,F3,33.087,0.014,4.629,37.726,6.849,normal
2026-09-29 21:49:41,F3,71.321,0.0,2.884,46.512,10.22,normal
2026-09-29 21:50:41,F3,70.596,0.174,3.17,40.933,8.254,normal
2026-09-29 21:51:41,F3,55.972,0.0,1.348,41.765,8.539,normal
2026-09-29 21:52:41,F3,61.686,0.02,3.294,34.025,9.775,normal
2026-09-29 21:53:41,F3,64.105,0.162,3.843,35.044,3.253,normal
2026-09-29 21:54:41,F3,67.136,0.586,2.808,42.002,7.293,normal
2026-09-29 21:55:41,F3,77.148,0.0,2.771,53.914,5.637,normal
2026-09-29 21:56:41,F3,78.742,0.114,2.148,49.18,7.786,normal
2026-09-29 21:57:41,F3,81.453,0.0,3.883,57.287,8.482,normal
2026-09-29 21:58:41,F3,59.6,0.0,1.717,41.607,9.442,normal
2026-09-29 21:59:41,F3,66.195,0.271,3.184,54.363,7.393,normal
2026-09-29 22:00:41,F3,74.284,0.0,2.839,49.055,9.552,normal
2026-09-29 22:01:41,F3,50.777,0.142,3.164,43.052,7.589,normal
2026-09-29 22:02:41,F3,79.502,0.0,2.467,39.368,10.34,normal
2026-09-29 22:03:41,F3,72.882,0.0,4.714,49.368,5.915,normal
2026-09-29 22:04:41,F3,74.015,0.06,2.778,34.161,8.236,normal
2026-09-29 22:05:41,F3,65.104,0.0,3.173,42.922,9.093,normal
2026-09-29 22:06:41,F3,68.866,0.0,3.376,38.763,8.263,normal
2026-09-29 22:07:41,F3,82.348,0.0,2.611,35.577,8.768,normal
2026-09-29 22:08:41,F3,75.429,0.165,3.272,44.261,6.812,normal
2026-09-29 22:09:41,F3,51.975,0.0,3.819,55.637,6.247,normal
2026-09-29 22:10:41,F3,50.577,0.05,3.281,40.323,8.921,normal
2026-09-29 22:11:41,F3,63.081,0.189,2.723,45.09,8.629,normal
2026-09-29 22:12:41,F3,64.889,0.0,3.242,52.098,8.099,normal
2026-09-29 22:13:41,F3,77.483,0.0,3.563,48.82,9.103,normal
2026-09-29 22:14:41,F3,63.802,0.118,2.991,48.283,5.704,normal
2026-09-29 22:15:41,F3,67.356,0.0,2.741,48.523,8.58,normal
2026-09-29 22:16:41,F3,78.856,0.355,2.783,53.231,7.897,normal
2026-09-29 22:17:41,F3,85.083,0.034,3.85,43.62,6.546,normal
2026-09-29 22:18:41,F3,72.17,0.0,2.931,46.317,8.995,normal
2026-09-29 22:19:41,F3,67.007,0.0,2.156,32.918,9.52,normal
2026-09-29 22:20:41,F3,54.623,0.063,3.908,37.141,7.519,normal
2026-09-29 22:21:41,F3,79.478,0.0,3.408,47.808,6.458,normal
2026-09-29 22:22:41,F3,73.388,0.0,2.388,52.826,6.662,normal
2026-09-29 22:23:41,F3,50.275,0.0,3.468,39.249,5.337,normal
2026-09-29 22:24:41,F3,64.488,0.002,2.081,45.264,8.548,normal
2026-09-29 22:25:41,F3,59.701,0.26,3.035,49.978,6.439,normal
2026-09-29 22:26:41,F3,70.652,0.275,3.022,41.829,7.399,normal
2026-09-29 22:27:41,F3,65.357,0.199,3.156,44.095,7.354,normal
2026-09-29 22:28:41,F3,60.119,0.0,4.309,46.826,8.644,normal
2026-09-29 22:29:41,F3,78.46,0.0,3.102,38.44,7.709,normal
2026-09-29 22:30:41,F3,57.101,0.0,2.211,39.833,7.927,normal
2026-09-29 22:31:41,F3,60.668,0.0,3.426,46.757,8.986,normal
2026-09-29 22:32:41,F3,65.005,0.0,3.167,43.399,8.067,normal
2026-09-29 22:33:41,F3,53.208,0.0,1.741,53.189,6.654,normal
2026-09-29 22:34:41,F3,80.841,0.107,4.572,40.703,9.803,normal
2026-09-29 22:35:41,F3,78.395,0.0,2.75,56.871,9.536,normal
2026-09-29 22:36:41,F3,57.339,0.513,2.744,39.039,9.408,normal
2026-09-29 22:37:41,F3,73.66,0.0,4.351,57.965,8.068,normal
2026-09-29 22:38:41,F3,61.737,0.111,2.592,51.38,9.156,normal
2026-09-29 22:39:41,F3,70.414,0.155,2.638,50.27,5.867,normal
2026-09-29 22:40:41,F3,65.633,0.0,2.547,52.966,8.416,normal
2026-09-29 22:41:41,F3,66.028,0.381,3.453,43.735,8.239,normal
2026-09-29 22:42:41,F3,64.866,0.0,1.964,42.537,4.923,normal
2026-09-29 22:43:41,F3,76.291,0.0,4.623,40.559,5.158,normal
2026-09-29 22:44:41,F3,77.468,0.034,2.81,55.512,6.127,normal
2026-09-29 22:45:41,F3,60.844,0.0,4.106,43.841,8.341,normal
2026-09-29 22:46:41,F3,68.589,0.0,2.374,43.996,4.796,normal
2026-09-29 22:47:41,F3,53.23,0.0,2.411,46.856,7.057,normal
2026-09-29 22:48:41,F3,63.406,0.233,3.009,44.087,9.414,normal
2026-09-29 22:49:41,F3,62.251,0.0,2.233,53.322,7.142,normal
2026-09-29 22:50:41,F3,70.465,0.0,3.678,32.733,8.273,normal
2026-09-29 22:51:41,F3,73.992,0.0,3.373,49.257,4.452,normal
2026-09-29 22:52:41,F3,60.882,0.0,3.314,49.337,5.234,normal
2026-09-29 22:53:41,F3,66.409,0.0,3.926,52.134,6.889,normal
2026-09-29 22:54:41,F3,54.267,0.0,3.201,58.393,7.437,normal
2026-09-29 22:55:41,F3,62.215,0.0,3.663,47.798,10.746,normal
2026-09-29 22:56:41,F3,60.741,0.0,3.441,51.675,6.791,normal
2026-09-29 22:57:41,F3,76.351,0.0,3.036,52.003,7.638,normal
2026-09-29 22:58:41,F3,58.169,0.052,3.172,42.508,8.457,normal
2026-09-29 22:59:41,F3,71.427,0.0,3.745,41.361,7.426,normal
2026-09-29 23:00:41,F3,72.22,0.165,3.207,60.193,8.032,normal
2026-09-29 23:01:41,F3,74.326,0.0,3.453,44.052,8.313,normal
2026-09-29 23:02:41,F3,74.788,0.0,2.789,45.784,9.356,normal
2026-09-29 23:03:41,F3,58.714,0.0,3.373,53.572,7.289,normal
2026-09-29 23:04:41,F3,72.707,0.0,3.564,52.185,9.161,normal
2026-09-29 23:05:41,F3,75.553,0.023,2.77,50.758,9.646,normal
2026-09-29 23:06:41,F3,62.856,0.068,3.568,45.593,8.031,normal
2026-09-29 23:07:41,F3,80.97,0.0,2.622,50.382,6.964,normal
2026-09-29 23:08:41,F3,72.601,0.0,2.5,48.562,8.818,normal
2026-09-29 23:09:41,F3,63.337,0.0,3.448,47.032,9.284,normal
2026-09-29 23:10:41,F3,71.792,0.152,3.26,56.6,5.138,normal
2026-09-29 23:11:41,F3,63.863,0.039,1.92,38.916,9.112,normal
2026-09-29 23:12:41,F3,68.777,0.0,2.269,49.798,5.374,normal
2026-09-29 23:13:41,F3,46.864,0.0,3.792,48.653,4.773,normal
2026-09-29 23:14:41,F3,61.938,0.0,3.726,48.422,8.004,normal
2026-09-29 23:15:41,F3,81.398,0.0,3.091,35.448,7.046,normal
2026-09-29 23:16:41,F3,67.1,0.041,3.878,42.281,7.0,normal
2026-09-29 23:17:41,F3,86.749,0.0,4.014,41.144,8.02,normal
2026-09-29 23:18:41,F3,76.641,0.152,2.727,46.442,3.683,normal
2026-09-29 23:19:41,F3,61.248,0.0,2.851,58.277,8.718,normal
2026-09-29 23:20:41,F3,66.097,0.0,3.226,42.039,6.011,normal
2026-09-29 23:21:41,F3,81.227,0.0,3.415,49.706,7.048,normal
2026-09-29 23:22:41,F3,71.767,0.0,2.822,49.188,8.146,normal
2026-09-29 23:23:41,F3,68.424,0.0,2.803,50.942,10.088,normal
2026-09-29 23:24:41,F3,56.157,0.0,3.794,58.743,7.813,normal
2026-09-29 23:25:41,F3,67.374,0.0,3.274,42.028,8.927,normal
2026-09-29 23:26:41,F3,54.326,0.048,3.75,53.4,10.017,normal
2026-09-29 23:27:41,F3,69.887,0.0,3.262,51.076,8.166,normal
2026-09-29 23:28:41,F3,69.986,0.0,4.08,49.813,9.422,normal
2026-09-29 23:29:41,F3,66.168,0.076,1.285,52.159,6.331,normal
2026-09-29 23:30:41,F3,64.296,0.0,1.815,45.292,7.199,normal
2026-09-29 23:31:41,F3,65.853,0.0,5.082,57.026,7.941,normal
2026-09-29 23:32:41,F3,70.687,0.0,3.097,48.64,10.004,normal
2026-09-29 23:33:41,F3,65.97,0.0,3.678,43.993,10.112,normal
2026-09-29 23:34:41,F3,77.422,0.0,2.426,59.569,6.431,normal
2026-09-29 23:35:41,F3,73.698,0.024,3.533,39.433,6.571,normal
2026-09-29 23:36:41,F3,69.639,0.0,2.827,43.774,3.568,normal
2026-09-29 23:37:41,F3,57.686,0.033,4.274,51.644,5.68,normal
2026-09-29 23:38:41,F3,67.321,0.0,3.237,55.349,8.548,normal
2026-09-29 23:39:41,F3,64.955,0.0,2.85,59.491,6.94,normal
2026-09-29 23:40:41,F3,76.212,0.0,2.708,53.516,6.948,normal
2026-09-29 23:41:41,F3,62.608,0.0,2.22,49.436,4.256,normal
2026-09-29 23:42:41,F3,78.147,0.0,3.107,56.54,9.513,normal
2026-09-29 23:43:41,F3,62.329,0.0,2.331,56.102,8.413,normal
2026-09-29 23:44:41,F3,53.795,0.0,3.744,53.603,8.158,normal
2026-09-29 23:45:41,F3,60.312,0.0,3.971,37.189,6.143,normal
2026-09-29 23:46:41,F3,62.71,0.0,3.58,47.638,7.7,normal
2026-09-29 23:47:41,F3,74.377,0.0,3.524,30.086,10.762,normal
2026-09-29 23:48:41,F3,76.652,0.0,2.599,44.922,7.118,normal
2026-09-29 23:49:41,F3,74.399,0.0,2.556,58.075,6.472,normal
2026-09-29 23:50:41,F3,63.655,0.0,2.798,31.57,6.092,normal
2026-09-29 23:51:41,F3,78.036,0.0,2.619,35.515,8.711,normal
2026-09-29 23:52:41,F3,69.844,0.082,3.082,48.103,8.481,normal
2026-09-29 23:53:41,F3,52.274,0.0,2.053,51.515,7.927,normal
2026-09-29 23:54:41,F3,84.197,0.06,2.511,47.045,9.932,normal
2026-09-29 23:55:41,F3,59.978,0.0,3.538,51.29,12.042,normal
2026-09-29 23:56:41,F3,51.323,0.0,2.241,55.072,7.297,normal
2026-09-29 23:57:41,F3,70.218,0.095,3.5,43.282,9.236,normal
2026-09-29 23:58:41,F3,59.282,0.175,3.39,55.947,9.284,normal
2026-09-29 23:59:41,F3,64.171,0.239,3.06,53.028,7.768,normal
2026-09-30 00:00:41,F3,78.595,0.0,2.779,46.523,6.705,normal
2026-09-30 00:01:41,F3,61.72,0.0,2.289,49.072,9.653,normal
2026-09-30 00:02:41,F3,65.825,0.0,3.981,48.049,6.423,normal
2026-09-30 00:03:41,F3,63.921,0.0,1.614,54.054,11.144,normal
2026-09-30 00:04:41,F3,60.064,0.0,2.09,51.666,6.572,normal
2026-09-30 00:05:41,F3,61.459,0.0,1.594,54.059,10.982,normal
2026-09-30 00:06:41,F3,65.776,0.0,4.031,46.021,6.245,normal
2026-09-30 00:07:41,F3,62.569,0.0,3.144,36.494,3.488,normal
2026-09-30 00:08:41,F3,69.395,0.0,3.36,43.619,5.981,normal
2026-09-30 00:09:41,F3,67.921,0.0,3.245,43.771,8.622,normal
2026-09-30 00:10:41,F3,65.295,0.018,2.6,50.441,8.673,normal
2026-09-30 00:11:41,F3,83.767,0.0,3.505,37.407,6.681,normal
2026-09-30 00:12:41,F3,60.655,0.0,2.791,39.293,9.227,normal
2026-09-30 00:13:41,F3,54.402,0.0,2.475,39.303,8.527,normal
2026-09-30 00:14:41,F3,51.4,0.0,3.504,47.833,10.182,normal
2026-09-30 00:15:41,F3,66.031,0.259,3.149,42.048,4.429,normal
2026-09-30 00:16:41,F3,66.978,0.0,3.655,50.183,8.993,normal
2026-09-30 00:17:41,F3,85.325,0.0,3.274,44.595,8.161,normal
2026-09-30 00:18:41,F3,61.393,0.0,3.229,40.334,7.737,normal
2026-09-30 00:19:41,F3,56.872,0.0,4.413,44.572,9.01,normal
2026-09-30 00:20:41,F3,61.662,0.0,2.942,46.907,5.409,normal
2026-09-30 00:21:41,F3,63.354,0.0,3.566,43.756,8.03,normal
2026-09-30 00:22:41,F3,54.856,0.0,1.742,47.805,7.058,normal
2026-09-30 00:23:41,F3,71.908,0.0,2.903,50.479,7.1,normal
2026-09-30 00:24:41,F3,71.339,0.0,2.624,45.477,6.298,normal
2026-09-30 00:25:41,F3,59.742,0.174,2.729,50.182,4.441,normal
2026-09-30 00:26:41,F3,79.996,0.0,3.363,49.329,9.705,normal
2026-09-30 00:27:41,F3,74.301,0.0,3.074,44.142,6.141,normal
2026-09-30 00:28:41,F3,65.089,0.0,3.763,32.091,10.573,normal
2026-09-30 00:29:41,F3,69.312,0.047,3.54,39.161,6.769,normal
2026-09-30 00:30:41,F3,62.87,0.0,2.074,47.594,8.871,normal
2026-09-30 00:31:41,F3,62.22,0.0,2.004,34.88,8.054,normal
2026-09-30 00:32:41,F3,69.146,0.0,3.32,36.801,6.202,normal
2026-09-30 00:33:41,F3,60.768,0.0,2.765,47.787,7.974,normal
2026-09-30 00:34:41,F3,56.632,0.0,1.869,44.348,7.057,normal
2026-09-30 00:35:41,F3,54.828,0.0,3.758,50.438,4.024,normal
2026-09-30 00:36:41,F3,69.246,0.0,2.394,46.071,8.04,normal
2026-09-30 00:37:41,F3,73.635,0.0,3.77,42.763,7.212,normal
2026-09-30 00:38:41,F3,61.317,0.0,3.47,55.372,8.057,normal
2026-09-30 00:39:41,F3,70.244,0.0,2.432,49.43,6.497,normal
2026-09-30 00:40:41,F3,65.616,0.0,3.345,52.836,7.441,normal
2026-09-30 00:41:41,F3,64.444,0.0,2.649,39.491,7.544,normal
2026-09-30 00:42:41,F3,60.227,0.018,2.742,29.622,7.71,normal
2026-09-30 00:43:41,F3,59.908,0.0,3.305,38.725,9.656,normal
2026-09-30 00:44:41,F3,67.41,0.127,2.733,49.595,8.39,normal
2026-09-30 00:45:41,F3,64.465,0.0,1.638,40.927,8.438,normal
2026-09-30 00:46:41,F3,75.248,0.0,3.481,52.423,8.362,normal
2026-09-30 00:47:41,F3,70.236,0.0,3.944,51.636,7.056,normal
2026-09-30 00:48:41,F3,56.032,0.0,2.72,48.321,6.766,normal
2026-09-30 00:49:41,F3,59.305,0.0,1.87,42.802,7.322,normal
2026-09-30 00:50:41,F3,74.089,0.066,2.592,41.486,7.046,normal
2026-09-30 00:51:41,F3,60.524,0.0,4.032,42.693,10.93,normal
2026-09-30 00:52:41,F3,72.225,0.147,1.875,53.507,4.382,normal
2026-09-30 00:53:41,F3,67.044,0.0,3.797,49.814,9.381,normal
2026-09-30 00:54:41,F3,63.951,0.443,2.29,38.441,8.028,normal
2026-09-30 00:55:41,F3,69.983,0.169,3.654,39.916,8.437,normal
2026-09-30 00:56:41,F3,70.868,0.0,3.523,48.816,10.68,normal
2026-09-30 00:57:41,F3,79.195,0.0,2.78,49.822,7.166,normal
2026-09-30 00:58:41,F3,69.585,0.0,3.317,46.67,9.047,normal
2026-09-30 00:59:41,F3,66.989,0.0,3.08,41.138,9.438,normal
2026-09-30 01:00:41,F3,66.647,0.0,4.334,42.986,6.678,normal
2026-09-30 01:01:41,F3,64.105,0.0,2.896,47.722,5.125,normal
2026-09-30 01:02:41,F3,62.853,0.0,3.016,49.09,8.553,normal
2026-09-30 01:03:41,F3,66.13,0.0,2.129,53.71,5.12,normal
2026-09-30 01:04:41,F3,73.26,0.0,3.217,49.478,5.492,normal
2026-09-30 01:05:41,F3,46.632,0.0,3.715,47.903,6.521,normal
2026-09-30 01:06:41,F3,62.612,0.0,3.463,48.696,9.87,normal
2026-09-30 01:07:41,F3,63.729,0.0,2.681,58.226,8.356,normal
2026-09-30 01:08:41,F3,69.542,0.0,2.083,36.985,8.602,normal
2026-09-30 01:09:41,F3,65.377,0.0,0.786,55.052,7.62,normal
2026-09-30 01:10:41,F3,62.244,0.0,2.415,49.052,6.303,normal
2026-09-30 01:11:41,F3,59.701,0.0,3.13,58.903,9.582,normal
2026-09-30 01:12:41,F3,65.678,0.0,3.243,36.359,6.275,normal
2026-09-30 01:13:41,F3,68.904,0.0,2.08,42.132,8.642,normal
2026-09-30 01:14:41,F3,89.468,0.0,2.374,51.055,6.15,normal
2026-09-30 01:15:41,F3,46.278,0.0,3.122,44.213,7.59,normal
2026-09-30 01:16:41,F3,67.375,0.0,3.551,42.319,6.577,normal
2026-09-30 01:17:41,F3,70.749,0.0,3.616,58.394,7.319,normal
2026-09-30 01:18:41,F3,50.996,0.0,3.149,52.808,7.136,normal
2026-09-30 01:19:41,F3,69.386,0.0,2.751,51.948,8.627,normal
2026-09-30 01:20:41,F3,65.109,0.0,3.866,45.093,6.84,normal
2026-09-30 01:21:41,F3,62.711,0.0,3.695,45.66,7.786,normal
2026-09-30 01:22:41,F3,70.042,0.0,1.855,49.882,7.725,normal
2026-09-30 01:23:41,F3,59.312,0.0,2.516,59.579,4.802,normal
2026-09-30 01:24:41,F3,65.1,0.175,1.85,41.344,8.945,normal
2026-09-30 01:25:41,F3,68.986,0.0,2.594,30.024,9.06,normal
2026-09-30 01:26:41,F3,61.204,0.0,3.216,45.228,7.431,normal
2026-09-30 01:27:41,F3,49.137,0.043,2.594,59.616,8.595,normal
2026-09-30 01:28:41,F3,63.881,0.0,3.237,47.568,7.647,normal
2026-09-30 01:29:41,F3,53.149,0.0,3.647,48.665,9.195,normal
2026-09-30 01:30:41,F3,67.429,0.0,1.182,61.371,5.508,normal
2026-09-30 01:31:41,F3,69.477,0.0,3.313,36.791,9.824,normal
2026-09-30 01:32:41,F3,71.939,0.0,3.755,51.799,8.572,normal
2026-09-30 01:33:41,F3,67.557,0.0,2.706,51.484,9.203,normal
2026-09-30 01:34:41,F3,68.094,0.0,1.243,49.422,10.042,normal
2026-09-30 01:35:41,F3,67.796,0.214,3.689,41.629,7.903,normal
2026-09-30 01:36:41,F3,70.175,0.017,2.242,51.589,7.637,normal
2026-09-30 01:37:41,F3,65.679,0.0,5.917,44.353,6.815,normal
2026-09-30 01:38:41,F3,67.981,0.0,1.818,54.964,6.004,normal
2026-09-30 01:39:41,F3,63.638,0.247,3.843,39.409,8.892,normal
2026-09-30 01:40:41,F3,46.84,0.0,3.659,49.547,8.647,normal
2026-09-30 01:41:41,F3,71.797,0.0,2.744,41.928,6.262,normal
2026-09-30 01:42:41,F3,58.335,0.0,3.126,38.563,9.366,normal
2026-09-30 01:43:41,F3,77.756,0.0,4.263,51.072,13.425,normal
2026-09-30 01:44:41,F3,72.106,0.0,4.281,63.755,7.939,normal
2026-09-30 01:45:41,F3,73.822,0.0,2.098,46.401,5.963,normal
2026-09-30 01:46:41,F3,69.955,0.0,2.61,40.227,7.764,normal
2026-09-30 01:47:41,F3,76.168,0.0,1.739,44.62,8.972,normal
2026-09-30 01:48:41,F3,67.794,0.0,3.388,36.798,8.023,normal
2026-09-30 01:49:41,F3,84.106,0.0,3.698,56.68,12.212,normal
2026-09-30 01:50:41,F3,55.445,0.0,3.292,37.561,8.36,normal
2026-09-30 01:51:41,F3,71.335,0.0,3.921,48.219,8.857,normal
2026-09-30 01:52:41,F3,62.795,0.0,3.578,62.055,5.939,normal
2026-09-30 01:53:41,F3,71.519,0.0,1.9,44.529,9.684,normal
2026-09-30 01:54:41,F3,74.195,0.0,2.914,52.135,7.708,normal
2026-09-30 01:55:41,F3,79.491,0.0,3.667,39.599,5.383,normal
2026-09-30 01:56:41,F3,57.022,0.0,2.743,40.956,6.572,normal
2026-09-30 01:57:41,F3,67.857,0.0,2.774,57.33,5.765,normal
2026-09-30 01:58:41,F3,58.821,0.0,3.978,39.61,7.496,normal
2026-09-30 01:59:41,F3,70.336,0.0,1.582,42.944,4.401,normal
2026-09-30 02:00:41,F3,71.898,0.0,3.073,41.378,8.393,normal
2026-09-30 02:01:41,F3,58.788,0.0,2.793,59.681,6.509,normal
2026-09-30 02:02:41,F3,66.552,0.103,2.324,56.056,8.518,normal
2026-09-30 02:03:41,F3,59.882,0.128,2.397,52.612,7.238,normal
2026-09-30 02:04:41,F3,70.575,0.0,2.402,38.991,8.953,normal
2026-09-30 02:05:41,F3,64.985,0.0,3.516,41.612,8.317,normal
2026-09-30 02:06:41,F3,79.962,0.0,2.034,44.619,5.178,normal
2026-09-30 02:07:41,F3,56.948,0.0,1.417,45.356,10.742,normal
2026-09-30 02:08:41,F3,60.903,0.0,2.153,46.144,7.114,normal
2026-09-30 02:09:41,F3,70.257,0.0,1.408,44.871,6.484,normal
2026-09-30 02:10:41,F3,78.41,0.0,2.193,51.008,7.772,normal
2026-09-30 02:11:41,F3,75.796,0.0,3.09,52.972,8.822,normal
2026-09-30 02:12:41,F3,80.829,0.0,2.064,42.859,7.234,normal
2026-09-30 02:13:41,F3,52.092,0.0,1.608,46.016,8.937,normal
2026-09-30 02:14:41,F3,51.829,0.0,1.982,28.164,7.229,normal
2026-09-30 02:15:41,F3,65.957,0.0,1.545,47.643,10.256,normal
2026-09-30 02:16:41,F3,83.151,0.0,2.749,35.249,6.455,normal
2026-09-30 02:17:41,F3,60.311,0.0,2.484,52.413,7.115,normal
2026-09-30 02:18:41,F3,59.313,0.0,2.62,24.213,8.186,normal
2026-09-30 02:19:41,F3,56.983,0.0,3.217,55.538,8.812,normal
2026-09-30 02:20:41,F3,76.556,0.0,2.694,52.779,6.34,normal
2026-09-30 02:21:41,F3,64.336,0.0,3.577,43.956,6.101,normal
2026-09-30 02:22:41,F3,73.7,0.0,2.135,43.671,9.088,normal
2026-09-30 02:23:41,F3,79.464,0.0,2.027,49.277,8.208,normal
2026-09-30 02:24:41,F3,67.74,0.0,2.431,63.127,8.695,normal
2026-09-30 02:25:41,F3,66.689,0.0,3.666,36.837,11.118,normal
2026-09-30 02:26:41,F3,69.607,0.0,2.76,39.418,6.928,normal
2026-09-30 02:27:41,F3,55.667,0.0,3.43,45.27,6.936,normal
2026-09-30 02:28:41,F3,63.704,0.0,2.544,49.873,9.437,normal
2026-09-30 02:29:41,F3,67.265,0.0,2.521,50.3,3.244,normal
2026-09-30 02:30:41,F3,78.53,0.0,1.924,49.034,3.492,normal
2026-09-30 02:31:41,F3,62.196,0.0,2.579,40.796,8.295,normal
2026-09-30 02:32:41,F3,61.479,0.0,4.364,33.521,7.335,normal
2026-09-30 02:33:41,F3,69.055,0.0,1.825,57.044,6.561,normal
2026-09-30 02:34:41,F3,71.946,0.0,3.008,51.749,8.268,normal
2026-09-30 02:35:41,F3,69.846,0.0,2.619,44.565,6.062,normal
2026-09-30 02:36:41,F3,57.27,0.0,3.677,42.29,7.883,normal
2026-09-30 02:37:41,F3,74.773,0.0,3.394,49.668,9.839,normal
2026-09-30 02:38:41,F3,84.586,0.0,3.315,52.887,10.953,normal
2026-09-30 02:39:41,F3,64.206,0.0,3.382,50.078,4.734,normal
2026-09-30 02:40:41,F3,57.7,0.0,4.162,45.391,9.251,normal
2026-09-30 02:41:41,F3,72.531,0.0,2.818,46.95,8.055,normal
2026-09-30 02:42:41,F3,60.397,0.0,2.912,56.302,8.774,normal
2026-09-30 02:43:41,F3,65.36,0.0,3.401,46.345,7.446,normal
2026-09-30 02:44:41,F3,53.448,0.0,2.463,56.113,5.631,normal
2026-09-30 02:45:41,F3,65.035,0.0,3.897,46.075,1.59,normal
2026-09-30 02:46:41,F3,63.397,0.0,3.849,48.64,7.684,normal
2026-09-30 02:47:41,F3,60.067,0.0,2.938,63.611,9.13,normal
2026-09-30 02:48:41,F3,65.71,0.0,2.143,55.906,8.625,normal
2026-09-30 02:49:41,F3,61.508,0.0,1.671,50.338,7.896,normal
2026-09-30 02:50:41,F3,70.781,0.0,4.037,40.936,7.604,normal
2026-09-30 02:51:41,F3,54.045,0.0,3.094,45.309,9.4,normal
2026-09-30 02:52:41,F3,60.005,0.0,3.25,53.973,5.447,normal
2026-09-30 02:53:41,F3,72.524,0.0,2.516,50.7,10.53,normal
2026-09-30 02:54:41,F3,53.048,0.0,2.426,36.268,6.913,normal
2026-09-30 02:55:41,F3,71.13,0.0,1.819,50.128,8.598,normal
2026-09-30 02:56:41,F3,72.237,0.0,2.738,43.302,5.068,normal
2026-09-30 02:57:41,F3,74.11,0.0,2.03,45.506,6.953,normal
2026-09-30 02:58:41,F3,47.037,0.0,3.281,55.608,4.139,normal
2026-09-30 02:59:41,F3,58.044,0.0,3.154,48.673,6.08,normal
2026-09-30 03:00:41,F3,65.743,0.0,2.655,49.988,6.696,normal
2026-09-30 03:01:41,F3,62.938,0.0,2.627,40.709,7.588,normal
2026-09-30 03:02:41,F3,59.389,0.0,3.634,43.938,6.481,normal
2026-09-30 03:03:41,F3,69.326,0.0,3.867,53.47,6.425,normal
2026-09-30 03:04:41,F3,60.121,0.0,3.146,44.848,7.996,normal
2026-09-30 03:05:41,F3,58.561,0.0,2.727,53.88,9.831,normal
2026-09-30 03:06:41,F3,57.863,0.0,3.261,42.398,8.734,normal
2026-09-30 03:07:41,F3,66.594,0.0,2.106,50.461,9.942,normal
2026-09-30 03:08:41,F3,63.919,0.0,2.939,54.347,7.639,normal
2026-09-30 03:09:41,F3,75.669,0.0,3.467,34.7,7.792,normal
2026-09-30 03:10:41,F3,61.497,0.0,0.0,35.048,5.79,normal
2026-09-30 03:11:41,F3,71.118,0.0,4.141,56.988,5.36,normal
2026-09-30 03:12:41,F3,69.182,0.0,3.793,52.274,8.15,normal
2026-09-30 03:13:41,F3,69.226,0.0,1.855,34.67,8.052,normal
2026-09-30 03:14:41,F3,75.042,0.0,1.882,45.846,5.993,normal
2026-09-30 03:15:41,F3,66.361,0.0,3.018,35.623,6.587,normal
2026-09-30 03:16:41,F3,76.881,0.0,3.312,48.955,3.559,normal
2026-09-30 03:17:41,F3,68.857,0.0,3.797,38.203,5.988,normal
2026-09-30 03:18:41,F3,75.894,0.0,3.666,38.599,8.024,normal
2026-09-30 03:19:41,F3,64.679,0.0,3.979,53.816,7.705,normal
2026-09-30 03:20:41,F3,68.904,0.0,2.228,41.216,9.083,normal
2026-09-30 03:21:41,F3,84.867,0.0,2.24,32.025,9.469,normal
2026-09-30 03:22:41,F3,62.197,0.0,1.064,43.596,5.376,normal
2026-09-30 03:23:41,F3,55.611,0.0,2.237,50.84,3.871,normal
2026-09-30 03:24:41,F3,67.718,0.0,2.048,56.399,8.521,normal
2026-09-30 03:25:41,F3,73.998,0.0,2.809,60.004,5.81,normal
2026-09-30 03:26:41,F3,70.719,0.0,2.244,44.46,3.611,normal
2026-09-30 03:27:41,F3,75.091,0.0,2.924,41.804,5.037,normal
2026-09-30 03:28:41,F3,76.604,0.0,1.847,52.385,9.002,normal
2026-09-30 03:29:41,F3,65.853,0.0,0.967,50.161,8.417,normal
2026-09-30 03:30:41,F3,56.826,0.0,2.796,52.54,7.159,normal
2026-09-30 03:31:41,F3,77.606,0.0,2.493,46.077,7.956,normal
2026-09-30 03:32:41,F3,64.424,0.0,2.485,35.702,4.702,normal
2026-09-30 03:33:41,F3,68.25,0.0,2.797,41.98,6.252,normal
2026-09-30 03:34:41,F3,69.553,0.0,1.927,47.84,8.026,normal
2026-09-30 03:35:41,F3,56.711,0.0,1.742,43.831,7.302,normal
2026-09-30 03:36:41,F3,81.313,0.0,3.141,46.91,7.106,normal
2026-09-30 03:37:41,F3,66.657,0.0,1.414,58.68,7.731,normal
2026-09-30 03:38:41,F3,67.909,0.0,2.77,50.881,10.256,normal
2026-09-30 03:39:41,F3,67.908,0.0,3.675,44.993,5.801,normal
2026-09-30 03:40:41,F3,72.499,0.0,2.661,59.922,6.856,normal
2026-09-30 03:41:41,F3,67.277,0.0,3.68,37.737,7.835,normal
2026-09-30 03:42:41,F3,53.976,0.0,1.916,48.147,6.976,normal
2026-09-30 03:43:41,F3,53.511,0.0,1.098,44.98,7.156,normal
2026-09-30 03:44:41,F3,59.851,0.0,2.678,39.615,9.579,normal
2026-09-30 03:45:41,F3,69.13,0.0,2.029,44.16,9.767,normal
2026-09-30 03:46:41,F3,70.908,0.0,2.198,43.556,3.994,normal
2026-09-30 03:47:41,F3,58.569,0.0,2.963,42.753,7.946,normal
2026-09-30 03:48:41,F3,56.196,0.0,3.654,49.2,8.719,normal
2026-09-30 03:49:41,F3,82.667,0.0,2.676,45.75,6.301,normal
2026-09-30 03:50:41,F3,75.231,0.0,4.615,49.146,8.722,normal
2026-09-30 03:51:41,F3,76.942,0.0,3.452,45.957,8.018,normal
2026-09-30 03:52:41,F3,81.636,0.0,2.462,50.574,6.923,normal
2026-09-30 03:53:41,F3,65.074,0.0,1.738,40.372,5.426,normal
2026-09-30 03:54:41,F3,65.432,0.0,3.637,49.205,7.423,normal
2026-09-30 03:55:41,F3,63.31,0.0,2.842,50.196,7.271,normal
2026-09-30 03:56:41,F3,65.306,0.0,1.816,30.988,7.142,normal
2026-09-30 03:57:41,F3,59.277,0.0,1.573,57.037,8.192,normal
2026-09-30 03:58:41,F3,67.942,0.0,3.033,46.677,7.072,normal
2026-09-30 03:59:41,F3,73.897,0.0,2.722,46.18,7.408,normal
2026-09-30 04:00:41,F3,71.457,0.0,2.63,39.902,6.318,normal
2026-09-30 04:01:41,F3,75.811,0.0,3.461,45.573,8.806,normal
2026-09-30 04:02:41,F3,49.881,0.0,2.177,56.354,7.605,normal
2026-09-30 04:03:41,F3,56.905,0.0,1.746,39.683,9.723,normal
2026-09-30 04:04:41,F3,58.049,0.053,2.484,46.438,5.149,normal
2026-09-30 04:05:41,F3,75.589,0.0,1.802,48.464,8.254,normal
2026-09-30 04:06:41,F3,73.06,0.0,2.176,50.107,8.656,normal
2026-09-30 04:07:41,F3,79.987,0.36,2.739,46.856,7.717,normal
2026-09-30 04:08:41,F3,65.38,0.0,2.497,37.775,10.975,normal
2026-09-30 04:09:41,F3,64.128,0.0,1.907,53.058,6.749,normal
2026-09-30 04:10:41,F3,63.667,0.0,2.22,50.994,7.043,normal
2026-09-30 04:11:41,F3,72.186,0.0,2.817,52.784,7.163,normal
2026-09-30 04:12:41,F3,80.343,0.0,2.338,42.623,6.584,normal
2026-09-30 04:13:41,F3,66.127,0.0,3.122,47.198,6.414,normal
2026-09-30 04:14:41,F3,71.927,0.0,3.785,48.052,5.93,normal
2026-09-30 04:15:41,F3,60.751,0.0,4.438,53.135,9.061,normal
2026-09-30 04:16:41,F3,56.134,0.0,1.672,58.234,7.099,normal
2026-09-30 04:17:41,F3,61.469,0.0,2.009,41.836,7.43,normal
2026-09-30 04:18:41,F3,65.418,0.0,2.145,57.03,6.832,normal
2026-09-30 04:19:41,F3,61.389,0.0,3.816,32.957,9.007,normal
2026-09-30 04:20:41,F3,62.062,0.0,3.093,46.551,6.814,normal
2026-09-30 04:21:41,F3,71.895,0.0,3.037,49.243,4.37,normal
2026-09-30 04:22:41,F3,69.605,0.0,2.492,57.016,6.818,normal
2026-09-30 04:23:41,F3,70.191,0.0,3.201,45.993,7.38,normal
2026-09-30 04:24:41,F3,49.143,0.0,5.34,49.658,10.155,normal
2026-09-30 04:25:41,F3,69.327,0.0,2.47,51.173,7.331,normal
2026-09-30 04:26:41,F3,73.166,0.0,2.968,50.824,6.622,normal
2026-09-30 04:27:41,F3,72.522,0.0,2.398,39.738,4.788,normal
2026-09-30 04:28:41,F3,60.048,0.0,2.609,49.091,11.128,normal
2026-09-30 04:29:41,F3,65.767,0.0,3.34,53.756,5.933,normal
2026-09-30 04:30:41,F3,61.345,0.0,2.944,50.053,6.733,normal
2026-09-30 04:31:41,F3,75.009,0.0,3.239,54.528,9.69,normal
2026-09-30 04:32:41,F3,56.543,0.0,1.899,53.318,6.425,normal
2026-09-30 04:33:41,F3,79.067,0.0,4.065,52.558,8.822,normal
2026-09-30 04:34:41,F3,73.873,0.0,3.349,57.795,7.446,normal
2026-09-30 04:35:41,F3,70.741,0.0,2.311,33.634,6.224,normal
2026-09-30 04:36:41,F3,69.873,0.0,2.811,52.556,8.207,normal
2026-09-30 04:37:41,F3,49.359,0.0,2.269,54.181,8.536,normal
2026-09-30 04:38:41,F3,54.731,0.022,3.559,55.374,6.708,normal
2026-09-30 04:39:41,F3,70.949,0.0,3.001,35.741,2.879,normal
2026-09-30 04:40:41,F3,63.466,0.0,3.37,62.421,5.115,normal
2026-09-30 04:41:41,F3,74.218,0.0,2.755,42.964,7.547,normal
2026-09-30 04:42:41,F3,65.337,0.0,2.508,56.238,5.87,normal
2026-09-30 04:43:41,F3,55.811,0.0,3.298,35.705,6.596,normal
2026-09-30 04:44:41,F3,56.444,0.0,3.703,44.952,7.004,normal
2026-09-30 04:45:41,F3,63.17,0.0,2.859,58.552,8.181,normal
2026-09-30 04:46:41,F3,64.523,0.0,2.784,55.862,7.066,normal
2026-09-30 04:47:41,F3,75.4,0.0,2.803,40.21,8.511,normal
2026-09-30 04:48:41,F3,67.868,0.0,1.973,45.711,9.46,normal
2026-09-30 04:49:41,F3,81.633,0.0,2.17,45.499,7.953,normal
2026-09-30 04:50:41,F3,62.84,0.0,3.25,40.919,5.661,normal
2026-09-30 04:51:41,F3,62.063,0.0,2.392,48.396,7.019,normal
2026-09-30 04:52:41,F3,68.52,0.0,3.165,43.014,8.687,normal
2026-09-30 04:53:41,F3,60.868,0.0,2.203,48.059,7.472,normal
2026-09-30 04:54:41,F3,80.133,0.032,1.197,48.429,5.28,normal
2026-09-30 04:55:41,F3,65.45,0.0,3.213,43.782,10.439,normal
2026-09-30 04:56:41,F3,67.614,0.0,3.23,55.314,6.297,normal
2026-09-30 04:57:41,F3,57.847,0.0,4.034,46.655,8.061,normal
2026-09-30 04:58:41,F3,69.097,0.0,2.792,41.799,6.945,normal
2026-09-30 04:59:41,F3,78.472,0.0,3.294,43.526,7.389,normal
2026-09-30 05:00:41,F3,55.242,0.0,2.066,50.304,2.922,normal
2026-09-30 05:01:41,F3,70.875,0.0,1.224,40.003,6.251,normal
2026-09-30 05:02:41,F3,77.323,0.0,3.067,36.68,8.157,normal
2026-09-30 05:03:41,F3,59.218,0.0,2.583,59.403,9.228,normal
2026-09-30 05:04:41,F3,61.466,0.0,3.016,51.311,9.935,normal
2026-09-30 05:05:41,F3,72.291,0.0,2.732,45.614,7.481,normal
2026-09-30 05:06:41,F3,74.168,0.0,1.8,59.052,8.03,normal
2026-09-30 05:07:41,F3,64.525,0.0,3.037,36.691,10.125,normal
2026-09-30 05:08:41,F3,73.238,0.0,3.478,49.022,7.06,normal
2026-09-30 05:09:41,F3,57.325,0.0,2.841,38.923,6.817,normal
2026-09-30 05:10:41,F3,77.692,0.0,2.006,37.918,6.643,normal
2026-09-30 05:11:41,F3,72.074,0.0,3.687,48.148,7.133,normal
2026-09-30 05:12:41,F3,69.301,0.0,2.512,51.101,5.527,normal
2026-09-30 05:13:41,F3,68.176,0.0,1.56,63.059,6.871,normal
2026-09-30 05:14:41,F3,58.162,0.0,3.723,37.76,4.812,normal
2026-09-30 05:15:41,F3,69.413,0.0,2.911,51.779,8.23,normal
2026-09-30 05:16:41,F3,66.664,0.0,3.278,41.675,3.867,normal
2026-09-30 05:17:41,F3,71.436,0.0,2.961,45.219,7.058,normal
2026-09-30 05:18:41,F3,54.982,0.0,1.719,52.859,9.741,normal
2026-09-30 05:19:41,F3,66.276,0.0,2.845,41.728,4.733,normal
2026-09-30 05:20:41,F3,63.573,0.0,2.999,52.451,4.429,normal
2026-09-30 05:21:41,F3,71.163,0.0,3.703,53.311,9.703,normal
2026-09-30 05:22:41,F3,68.023,0.0,3.859,40.392,8.434,normal
2026-09-30 05:23:41,F3,61.157,0.0,1.819,43.564,5.995,normal
2026-09-30 05:24:41,F3,59.182,0.0,1.653,42.298,5.694,normal
2026-09-30 05:25:41,F3,70.983,0.0,2.709,46.113,6.896,normal
2026-09-30 05:26:41,F3,63.98,0.0,3.045,40.836,10.037,normal
2026-09-30 05:27:41,F3,71.125,0.0,3.116,40.49,5.545,normal
2026-09-30 05:28:41,F3,64.552,0.0,2.73,45.997,7.024,normal
2026-09-30 05:29:41,F3,71.565,0.0,2.279,36.282,7.142,normal
2026-09-30 05:30:41,F3,84.405,0.0,2.204,35.569,6.058,normal
2026-09-30 05:31:41,F3,63.265,0.0,4.307,36.51,4.672,normal
2026-09-30 05:32:41,F3,58.351,0.0,3.103,41.729,6.167,normal
2026-09-30 05:33:41,F3,85.319,0.0,1.568,41.291,5.529,normal
2026-09-30 05:34:41,F3,67.226,0.0,3.513,38.423,7.171,normal
2026-09-30 05:35:41,F3,75.262,0.0,2.276,50.989,4.768,normal
2026-09-30 05:36:41,F3,57.87,0.0,3.59,40.151,4.973,normal
2026-09-30 05:37:41,F3,65.685,0.0,2.076,42.703,9.069,normal
2026-09-30 05:38:41,F3,69.257,0.0,1.966,56.694,7.939,normal
2026-09-30 05:39:41,F3,63.231,0.0,2.841,46.709,8.146,normal
2026-09-30 05:40:41,F3,56.924,0.0,1.111,50.507,7.124,normal
2026-09-30 05:41:41,F3,63.819,0.0,2.69,49.51,9.931,normal
2026-09-30 05:42:41,F3,61.092,0.0,4.086,44.701,9.266,normal
2026-09-30 05:43:41,F3,53.127,0.0,3.129,60.982,7.517,normal
2026-09-30 05:44:41,F3,62.961,0.0,2.104,63.81,4.838,normal
2026-09-30 05:45:41,F3,63.626,0.0,2.147,57.056,6.617,normal
2026-09-30 05:46:41,F3,71.942,0.0,3.1,38.702,8.047,normal
2026-09-30 05:47:41,F3,77.959,0.0,3.677,51.56,10.429,normal
2026-09-30 05:48:41,F3,63.341,0.0,3.716,49.171,7.925,normal
2026-09-30 05:49:41,F3,52.828,0.0,1.693,51.315,6.012,normal
2026-09-30 05:50:41,F3,67.056,0.0,4.03,52.32,8.274,normal
2026-09-30 05:51:41,F3,72.905,0.0,1.532,50.948,8.915,normal
2026-09-30 05:52:41,F3,53.075,0.0,2.511,58.771,8.665,normal
2026-09-30 05:53:41,F3,61.003,0.0,2.362,49.471,5.216,normal
2026-09-30 05:54:41,F3,91.578,0.0,2.116,39.519,5.273,normal
2026-09-30 05:55:41,F3,72.404,0.0,2.612,49.008,6.453,normal
2026-09-30 05:56:41,F3,63.21,0.0,3.999,66.324,8.633,normal
2026-09-30 05:57:41,F3,74.445,0.0,1.981,50.122,10.708,normal
2026-09-30 05:58:41,F3,59.981,0.0,2.484,49.016,9.144,normal
2026-09-30 05:59:41,F3,75.25,0.0,2.864,54.259,3.108,normal
2026-09-30 06:00:41,F3,75.403,0.0,3.609,52.263,6.458,normal
2026-09-30 06:01:41,F3,53.643,0.0,2.174,66.717,6.65,normal
2026-09-30 06:02:41,F3,65.863,0.0,2.609,42.636,7.943,normal
2026-09-30 06:03:41,F3,72.558,0.0,1.948,44.25,10.019,normal
2026-09-30 06:04:41,F3,72.484,0.0,3.18,34.37,7.529,normal
2026-09-30 06:05:41,F3,68.725,0.0,2.136,56.782,9.934,normal
2026-09-30 06:06:41,F3,50.185,0.0,1.765,59.217,9.329,normal
2026-09-30 06:07:41,F3,66.052,0.0,2.268,50.118,5.066,normal
2026-09-30 06:08:41,F3,70.337,0.0,3.591,40.3,7.119,normal
2026-09-30 06:09:41,F3,71.368,0.0,2.44,65.228,5.641,normal
2026-09-30 06:10:41,F3,62.035,0.0,1.643,35.819,7.143,normal
2026-09-30 06:11:41,F3,77.286,0.0,3.651,63.914,8.693,normal
2026-09-30 06:12:41,F3,64.466,0.0,1.384,45.989,6.387,normal
2026-09-30 06:13:41,F3,63.856,0.0,3.009,45.065,9.159,normal
2026-09-30 06:14:41,F3,67.608,0.0,2.232,36.593,5.566,normal
2026-09-30 06:15:41,F3,55.314,0.0,2.276,40.223,5.392,normal
2026-09-30 06:16:41,F3,61.951,0.0,2.788,53.399,7.143,normal
2026-09-30 06:17:41,F3,57.729,0.0,2.109,46.043,6.972,normal
2026-09-30 06:18:41,F3,69.946,0.0,2.987,41.703,4.059,normal
2026-09-30 06:19:41,F3,68.106,0.0,4.466,47.51,6.027,normal
2026-09-30 06:20:41,F3,63.757,0.0,2.754,52.756,6.449,normal
2026-09-30 06:21:41,F3,66.883,0.0,2.324,43.473,5.383,normal
2026-09-30 06:22:41,F3,50.448,0.0,2.016,39.886,5.672,normal
2026-09-30 06:23:41,F3,62.045,0.0,0.573,51.236,7.265,normal
2026-09-30 06:24:41,F3,73.042,0.0,2.553,53.171,6.806,normal
2026-09-30 06:25:41,F3,68.023,0.0,2.302,37.351,7.495,normal
2026-09-30 06:26:41,F3,76.885,0.0,1.981,35.482,8.944,normal
2026-09-30 06:27:41,F3,75.411,0.0,2.781,45.827,10.182,normal
2026-09-30 06:28:41,F3,64.695,0.0,3.651,47.523,6.199,normal
2026-09-30 06:29:41,F3,70.215,0.0,3.862,43.743,6.854,normal
2026-09-30 06:30:41,F3,65.224,0.0,1.878,42.663,7.851,normal
2026-09-30 06:31:41,F3,72.165,0.0,2.231,49.924,6.672,normal
2026-09-30 06:32:41,F3,56.834,0.0,3.384,39.785,9.171,normal
2026-09-30 06:33:41,F3,64.596,0.0,3.39,49.295,6.507,normal
2026-09-30 06:34:41,F3,72.569,0.0,1.756,47.037,6.657,normal
2026-09-30 06:35:41,F3,58.479,0.0,2.11,44.369,7.309,normal
2026-09-30 06:36:41,F3,64.431,0.0,3.173,46.771,6.152,normal
2026-09-30 06:37:41,F3,74.181,0.0,2.668,46.046,6.113,normal
2026-09-30 06:38:41,F3,67.185,0.0,1.949,40.236,8.389,normal
2026-09-30 06:39:41,F3,70.971,0.0,2.436,43.462,4.011,normal
2026-09-30 06:40:41,F3,72.747,0.0,3.244,50.761,7.855,normal
2026-09-30 06:41:41,F3,67.521,0.0,3.143,32.414,7.753,normal
2026-09-30 06:42:41,F3,57.762,0.0,1.343,57.394,5.832,normal
2026-09-30 06:43:41,F3,81.359,0.0,2.231,53.226,8.195,normal
2026-09-30 06:44:41,F3,65.319,0.0,2.16,50.115,6.971,normal
2026-09-30 06:45:41,F3,65.968,0.0,2.159,51.918,9.057,normal
2026-09-30 06:46:41,F3,67.871,0.0,3.062,41.029,8.363,normal
2026-09-30 06:47:41,F3,57.376,0.0,1.799,54.73,11.575,normal
2026-09-30 06:48:41,F3,56.613,0.0,3.234,36.233,10.301,normal
2026-09-30 06:49:41,F3,79.778,0.0,2.496,41.083,9.198,normal
2026-09-30 06:50:41,F3,78.401,0.0,1.78,55.369,8.311,normal
2026-09-30 06:51:41,F3,64.752,0.064,2.379,44.11,5.874,normal
2026-09-30 06:52:41,F3,79.596,0.0,2.774,41.44,6.131,normal
2026-09-30 06:53:41,F3,58.854,0.0,2.585,46.55,7.023,normal
2026-09-30 06:54:41,F3,68.379,0.0,2.85,52.146,8.242,normal
2026-09-30 06:55:41,F3,55.724,0.0,3.918,38.587,9.702,normal
2026-09-30 06:56:41,F3,78.176,0.0,2.2,48.161,4.865,normal
2026-09-30 06:57:41,F3,76.622,0.0,2.188,62.355,8.784,normal
2026-09-30 06:58:41,F3,73.65,0.0,2.792,53.796,6.45,normal
2026-09-30 06:59:41,F3,68.41,0.0,3.458,50.238,6.731,normal
2026-09-30 07:00:41,F3,75.955,0.0,2.021,39.43,6.939,normal
2026-09-30 07:01:41,F3,55.034,0.0,2.852,47.412,7.384,normal
2026-09-30 07:02:41,F3,77.37,0.0,2.561,54.827,6.444,normal
2026-09-30 07:03:41,F3,73.005,0.0,2.382,53.717,4.101,normal
2026-09-30 07:04:41,F3,56.879,0.0,4.143,42.922,11.928,normal
2026-09-30 07:05:41,F3,53.47,0.0,3.161,40.297,7.291,normal
2026-09-30 07:06:41,F3,73.533,0.0,2.971,46.9,5.94,normal
2026-09-30 07:07:41,F3,81.654,0.0,2.505,41.614,8.243,normal
2026-09-30 07:08:41,F3,72.39,0.0,2.148,39.584,12.41,normal
2026-09-30 07:09:41,F3,71.011,0.0,2.958,39.412,8.071,normal
2026-09-30 07:10:41,F3,63.676,0.0,1.151,43.655,9.869,normal
2026-09-30 07:11:41,F3,63.941,0.0,2.998,44.176,7.612,normal
2026-09-30 07:12:41,F3,65.927,0.0,3.028,49.927,6.343,normal
2026-09-30 07:13:41,F3,69.611,0.0,2.243,47.117,7.251,normal
2026-09-30 07:14:41,F3,71.571,0.0,2.783,49.547,6.102,normal
2026-09-30 07:15:41,F3,66.432,0.0,2.71,51.114,5.122,normal
2026-09-30 07:16:41,F3,76.95,0.0,2.017,43.917,5.133,normal
2026-09-30 07:17:41,F3,61.244,0.0,3.449,58.025,7.783,normal
2026-09-30 07:18:41,F3,67.051,0.0,2.358,49.244,6.526,normal
2026-09-30 07:19:41,F3,78.57,0.0,2.006,41.138,5.942,normal
2026-09-30 07:20:41,F3,63.931,0.0,2.964,43.617,8.706,normal
2026-09-30 07:21:41,F3,74.868,0.0,0.892,57.982,9.794,normal
2026-09-30 07:22:41,F3,77.227,0.0,2.796,44.022,5.015,normal
2026-09-30 07:23:41,F3,74.802,0.0,2.522,49.55,7.078,normal
2026-09-30 07:24:41,F3,67.587,0.0,1.943,56.937,8.608,normal
2026-09-30 07:25:41,F3,58.92,0.0,3.136,38.941,4.841,normal
2026-09-30 07:26:41,F3,79.107,0.0,3.502,56.93,5.65,normal
2026-09-30 07:27:41,F3,68.5,0.0,2.58,42.772,8.52,normal
2026-09-30 07:28:41,F3,68.865,0.0,2.207,50.804,7.287,normal
2026-09-30 07:29:41,F3,74.475,0.0,2.493,50.178,7.573,normal
2026-09-30 07:30:41,F3,74.917,0.0,2.894,42.689,7.209,normal
2026-09-30 07:31:41,F3,56.974,0.0,2.537,40.873,5.887,normal
2026-09-30 07:32:41,F3,51.694,0.0,2.069,42.912,10.053,normal
2026-09-30 07:33:41,F3,47.698,0.0,2.338,49.089,6.984,normal
2026-09-30 07:34:41,F3,78.447,0.0,3.257,52.672,8.856,normal
2026-09-30 07:35:41,F3,69.039,0.0,3.252,35.251,7.079,normal
2026-09-30 07:36:41,F3,74.549,0.0,2.345,45.775,6.907,normal
2026-09-30 07:37:41,F3,76.137,0.0,3.403,60.702,6.862,normal
2026-09-30 07:38:41,F3,63.56,0.0,2.583,46.992,4.79,normal
2026-09-30 07:39:41,F3,65.456,0.0,4.186,37.847,10.618,normal
2026-09-30 07:40:41,F3,57.378,0.0,3.82,42.232,8.512,normal
2026-09-30 07:41:41,F3,58.858,0.0,2.575,37.676,6.493,normal
2026-09-30 07:42:41,F3,71.286,0.0,2.814,46.045,5.722,normal
2026-09-30 07:43:41,F3,58.072,0.0,2.28,42.935,7.677,normal
2026-09-30 07:44:41,F3,60.483,0.0,1.434,77.149,7.647,normal
2026-09-30 07:45:41,F3,62.233,0.0,2.62,36.816,6.75,normal
2026-09-30 07:46:41,F3,55.398,0.0,1.821,50.114,8.906,normal
2026-09-30 07:47:41,F3,60.036,0.0,2.338,58.398,7.483,normal
2026-09-30 07:48:41,F3,70.046,0.0,2.013,43.893,6.585,normal
2026-09-30 07:49:41,F3,44.106,0.0,2.872,38.243,5.153,normal
2026-09-30 07:50:41,F3,54.621,0.0,3.402,59.787,7.3,normal
2026-09-30 07:51:41,F3,68.368,0.0,3.191,49.622,11.335,normal
2026-09-30 07:52:41,F3,69.383,0.0,3.495,59.999,8.466,normal
2026-09-30 07:53:41,F3,63.114,0.0,3.398,42.084,4.918,normal
2026-09-30 07:54:41,F3,67.568,0.0,4.713,55.544,9.086,normal
2026-09-30 07:55:41,F3,71.013,0.0,2.001,40.168,9.212,normal
2026-09-30 07:56:41,F3,75.161,0.0,1.809,67.561,8.04,normal
2026-09-30 07:57:41,F3,60.934,0.0,2.434,48.712,8.078,normal
2026-09-30 07:58:41,F3,70.346,0.0,1.041,45.055,8.259,normal
2026-09-30 07:59:41,F3,62.582,0.0,2.968,42.351,4.368,normal
2026-09-30 08:00:41,F3,75.825,0.0,2.493,52.165,11.26,normal
2026-09-30 08:01:41,F3,72.371,0.0,2.488,42.627,8.184,normal
2026-09-30 08:02:41,F3,58.144,0.0,1.525,45.753,8.189,normal
2026-09-30 08:03:41,F3,61.947,0.0,2.602,58.082,10.488,normal
2026-09-30 08:04:41,F3,74.253,0.0,1.712,43.861,4.772,normal
2026-09-30 08:05:41,F3,66.374,0.0,3.046,52.402,6.708,normal
2026-09-30 08:06:41,F3,49.971,0.0,2.083,37.393,6.918,normal
2026-09-30 08:07:41,F3,79.338,0.0,2.362,41.325,5.896,normal
2026-09-30 08:08:41,F3,75.344,0.0,2.869,43.982,10.098,normal
2026-09-30 08:09:41,F3,62.526,0.0,2.983,40.515,8.594,normal
2026-09-30 08:10:41,F3,71.934,0.0,3.065,44.788,5.992,normal
2026-09-30 08:11:41,F3,58.854,0.138,2.146,43.973,7.268,normal
2026-09-30 08:12:41,F3,55.55,0.0,2.023,44.643,7.476,normal
2026-09-30 08:13:41,F3,75.024,0.0,3.113,63.611,8.024,normal
2026-09-30 08:14:41,F3,72.59,0.0,2.277,53.158,5.549,normal
2026-09-30 08:15:41,F3,73.166,0.0,2.34,59.762,4.979,normal
2026-09-30 08:16:41,F3,70.813,0.0,2.156,39.884,6.504,normal
2026-09-30 08:17:41,F3,68.094,0.0,3.203,40.34,5.915,normal
2026-09-30 08:18:41,F3,63.112,0.0,2.731,53.764,6.503,normal
2026-09-30 08:19:41,F3,59.043,0.0,4.214,52.102,6.926,normal
2026-09-30 08:20:41,F3,60.448,0.0,1.836,41.095,7.816,normal
2026-09-30 08:21:41,F3,63.538,0.0,3.353,48.106,5.483,normal
2026-09-30 08:22:41,F3,58.879,0.0,2.492,39.399,8.595,normal
2026-09-30 08:23:41,F3,66.246,0.0,2.059,46.678,9.949,normal
2026-09-30 08:24:41,F3,67.364,0.0,1.858,58.881,9.665,normal
2026-09-30 08:25:41,F3,48.645,0.0,2.866,39.507,9.311,normal
2026-09-30 08:26:41,F3,65.548,0.0,2.373,54.865,9.613,normal
2026-09-30 08:27:41,F3,80.389,0.0,2.369,46.58,8.761,normal
2026-09-30 08:28:41,F3,75.983,0.0,2.931,53.72,6.5,normal
2026-09-30 08:29:41,F3,54.781,0.0,2.141,53.994,4.62,normal
2026-09-30 08:30:41,F3,65.706,0.0,3.647,42.195,6.002,normal
2026-09-30 08:31:41,F3,64.687,0.0,2.151,60.15,5.663,normal
2026-09-30 08:32:41,F3,70.262,0.0,2.354,50.641,7.494,normal
2026-09-30 08:33:41,F3,51.238,0.0,2.733,35.881,9.38,normal
2026-09-30 08:34:41,F3,63.219,0.0,2.446,43.32,8.126,normal
2026-09-30 08:35:41,F3,56.051,0.0,3.459,44.646,6.724,normal
2026-09-30 08:36:41,F3,54.463,0.0,1.394,46.889,7.778,normal
2026-09-30 08:37:41,F3,53.483,0.0,2.538,50.812,3.164,normal
2026-09-30 08:38:41,F3,72.411,0.0,1.91,41.837,2.909,normal
2026-09-30 08:39:41,F3,57.146,0.0,2.234,38.275,9.817,normal
2026-09-30 08:40:41,F3,66.879,0.0,2.14,49.946,6.151,normal
2026-09-30 08:41:41,F3,65.026,0.0,2.995,49.174,5.659,normal
2026-09-30 08:42:41,F3,61.266,0.032,2.75,53.303,6.833,normal
2026-09-30 08:43:41,F3,66.435,0.0,2.093,50.03,4.661,normal
2026-09-30 08:44:41,F3,57.39,0.0,3.001,41.082,6.654,normal
2026-09-30 08:45:41,F3,70.291,0.0,2.052,32.739,7.983,normal
2026-09-30 08:46:41,F3,66.489,0.0,2.122,29.215,3.917,normal
2026-09-30 08:47:41,F3,68.252,0.0,1.566,54.052,9.451,normal
2026-09-30 08:48:41,F3,73.594,0.0,2.764,53.741,10.417,normal
2026-09-30 08:49:41,F3,57.495,0.0,3.265,45.102,4.99,normal
2026-09-30 08:50:41,F3,76.831,0.0,2.995,43.215,4.89,normal
2026-09-30 08:51:41,F3,73.828,0.0,2.206,34.444,6.203,normal
2026-09-30 08:52:41,F3,43.039,0.0,1.732,37.734,6.9,normal
2026-09-30 08:53:41,F3,83.131,0.0,3.459,42.916,6.674,normal
2026-09-30 08:54:41,F3,66.684,0.0,3.535,53.72,9.419,normal
2026-09-30 08:55:41,F3,59.745,0.0,2.843,54.884,7.803,normal
2026-09-30 08:56:41,F3,70.798,0.0,2.833,49.012,5.814,normal
2026-09-30 08:57:41,F3,59.642,0.0,2.003,48.931,7.258,normal
2026-09-30 08:58:41,F3,59.272,0.0,3.356,46.446,7.993,normal
2026-09-30 08:59:41,F3,69.907,0.0,2.739,37.861,9.591,normal
2026-09-30 09:00:41,F3,72.901,0.0,2.849,43.056,5.493,normal
2026-09-30 09:01:41,F3,62.53,0.0,2.388,44.434,2.92,normal
2026-09-30 09:02:41,F3,72.513,0.0,3.383,34.108,8.407,normal
2026-09-30 09:03:41,F3,64.178,0.0,2.418,49.5,6.895,normal
2026-09-30 09:04:41,F3,64.542,0.0,2.392,42.949,8.26,normal
2026-09-30 09:05:41,F3,59.891,0.0,4.865,55.469,5.105,normal
2026-09-30 09:06:41,F3,81.363,0.0,3.511,47.708,8.977,normal
2026-09-30 09:07:41,F3,79.135,0.0,1.827,51.091,8.112,normal
2026-09-30 09:08:41,F3,71.517,0.0,2.338,43.261,6.831,normal
2026-09-30 09:09:41,F3,50.993,0.0,1.928,51.413,8.16,normal
2026-09-30 09:10:41,F3,60.433,0.0,3.091,48.079,4.009,normal
2026-09-30 09:11:41,F3,76.734,0.0,3.024,35.204,7.077,normal
2026-09-30 09:12:41,F3,64.858,0.0,1.728,37.772,6.517,normal
2026-09-30 09:13:41,F3,75.229,0.0,2.963,45.492,6.615,normal
2026-09-30 09:14:41,F3,61.638,0.0,1.536,55.994,7.178,normal
2026-09-30 09:15:41,F3,52.947,0.0,2.57,45.298,7.698,normal
2026-09-30 09:16:41,F3,61.099,0.0,2.365,37.647,5.862,normal
2026-09-30 09:17:41,F3,68.072,0.0,1.928,52.313,6.313,normal
2026-09-30 09:18:41,F3,63.422,0.0,4.646,38.958,9.856,normal
2026-09-30 09:19:41,F3,75.995,0.0,2.922,59.365,6.257,normal
2026-09-30 09:20:41,F3,70.328,0.0,2.261,44.048,3.518,normal
2026-09-30 09:21:41,F3,67.509,0.0,2.743,48.026,4.369,normal
2026-09-30 09:22:41,F3,73.27,0.0,3.221,45.312,7.318,normal
2026-09-30 09:23:41,F3,61.795,0.0,2.336,56.259,7.516,normal
2026-09-30 09:24:41,F3,63.326,0.0,3.493,52.418,6.123,normal
2026-09-30 09:25:41,F3,66.336,0.0,2.698,35.637,8.817,normal
2026-09-30 09:26:41,F3,69.436,0.0,1.595,41.681,4.763,normal
2026-09-30 09:27:41,F3,64.646,0.0,2.076,53.365,5.839,normal
2026-09-30 09:28:41,F3,68.757,0.0,3.311,41.379,7.606,normal
2026-09-30 09:29:41,F3,68.385,0.0,2.975,54.45,7.288,normal
2026-09-30 09:30:41,F3,75.248,0.0,3.513,42.19,5.973,normal
2026-09-30 09:31:41,F3,58.984,0.0,3.466,53.652,7.55,normal
2026-09-30 09:32:41,F3,76.789,0.0,2.386,46.926,8.034,normal
2026-09-30 09:33:41,F3,59.975,0.0,1.776,42.175,9.779,normal
2026-09-30 09:34:41,F3,76.954,0.0,2.492,37.659,5.94,normal
2026-09-30 09:35:41,F3,64.02,0.0,2.43,56.639,7.325,normal
2026-09-30 09:36:41,F3,55.114,0.0,2.036,53.65,8.089,normal
2026-09-30 09:37:41,F3,55.859,0.0,3.535,49.617,4.365,normal
2026-09-30 09:38:41,F3,75.982,0.0,2.644,33.072,8.68,normal
2026-09-30 09:39:41,F3,59.153,0.0,2.734,36.858,6.943,normal
2026-09-30 09:40:41,F3,70.032,0.0,1.819,49.367,6.48,normal
2026-09-30 09:41:41,F3,60.136,0.0,3.272,45.158,9.317,normal
2026-09-30 09:42:41,F3,88.645,0.0,3.038,41.553,8.701,normal
2026-09-30 09:43:41,F3,67.306,0.0,3.292,46.131,6.503,normal
2026-09-30 09:44:41,F3,68.851,0.0,2.769,59.965,7.361,normal
2026-09-30 09:45:41,F3,59.016,0.0,3.727,52.126,6.057,normal
2026-09-30 09:46:41,F3,59.64,0.0,2.833,45.731,9.8,normal
2026-09-30 09:47:41,F3,58.555,0.0,3.019,45.54,6.825,normal
2026-09-30 09:48:41,F3,64.706,0.0,3.709,56.371,7.39,normal
2026-09-30 09:49:41,F3,71.511,0.0,2.959,46.082,9.804,normal
2026-09-30 09:50:41,F3,57.675,0.0,3.097,63.734,6.816,normal
2026-09-30 09:51:41,F3,74.83,0.0,1.943,35.981,8.123,normal
2026-09-30 09:52:41,F3,63.684,0.0,2.433,40.976,8.115,normal
2026-09-30 09:53:41,F3,66.621,0.0,1.994,50.756,6.078,normal
2026-09-30 09:54:41,F3,68.44,0.0,2.915,45.756,5.834,normal
2026-09-30 09:55:41,F3,57.173,0.0,4.219,43.597,7.311,normal
2026-09-30 09:56:41,F3,71.461,0.0,3.397,48.445,7.508,normal
2026-09-30 09:57:41,F3,68.573,0.0,2.206,46.945,8.772,normal
2026-09-30 09:58:41,F3,72.796,0.0,2.456,42.448,8.659,normal
2026-09-30 09:59:41,F3,59.065,0.0,2.455,47.051,5.551,normal
2026-09-30 10:00:41,F3,66.018,0.0,2.135,35.57,10.732,normal
2026-09-30 10:01:41,F3,56.164,0.0,1.434,73.299,7.324,normal
2026-09-30 10:02:41,F3,68.968,0.0,2.118,51.775,10.251,normal
2026-09-30 10:03:41,F3,53.653,0.0,1.516,43.855,7.094,normal
2026-09-30 10:04:41,F3,83.445,0.0,2.651,64.511,5.989,normal
2026-09-30 10:05:41,F3,64.097,0.0,2.555,51.307,5.356,normal
2026-09-30 10:06:41,F3,72.503,0.244,2.525,50.581,6.578,normal
2026-09-30 10:07:41,F3,72.285,0.0,1.995,43.524,8.417,normal
2026-09-30 10:08:41,F3,63.287,0.0,2.192,47.575,7.038,normal
2026-09-30 10:09:41,F3,76.531,0.0,3.04,44.652,8.886,normal
2026-09-30 10:10:41,F3,67.184,0.0,2.342,52.094,8.151,normal
2026-09-30 10:11:41,F3,62.617,0.0,1.326,41.861,6.656,normal
2026-09-30 10:12:41,F3,59.261,0.0,1.674,44.774,6.801,normal
2026-09-30 10:13:41,F3,56.374,0.0,3.711,48.494,8.157,normal
2026-09-30 10:14:41,F3,69.414,0.0,3.088,41.227,9.824,normal
2026-09-30 10:15:41,F3,65.078,0.0,2.804,53.081,7.584,normal
2026-09-30 10:16:41,F3,65.615,0.0,3.115,50.817,8.637,normal
2026-09-30 10:17:41,F3,70.393,0.0,2.402,41.581,6.85,normal
2026-09-30 10:18:41,F3,57.416,0.0,2.7,51.802,7.775,normal
2026-09-30 10:19:41,F3,69.231,0.0,2.591,40.192,6.14,normal
2026-09-30 10:20:41,F3,53.807,0.0,2.036,54.821,7.306,normal
2026-09-30 10:21:41,F3,53.53,0.0,2.932,36.417,8.634,normal
2026-09-30 10:22:41,F3,61.295,0.0,2.389,38.633,8.833,normal
2026-09-30 10:23:41,F3,72.243,0.0,3.576,37.681,7.572,normal
2026-09-30 10:24:41,F3,63.528,0.0,3.027,56.041,8.872,normal
2026-09-30 10:25:41,F3,52.077,0.0,2.571,57.625,5.937,normal
2026-09-30 10:26:41,F3,73.536,0.0,2.943,44.136,6.559,normal
2026-09-30 10:27:41,F3,50.939,0.0,2.272,44.955,7.099,normal
2026-09-30 10:28:41,F3,75.767,0.0,3.684,43.085,6.45,normal
2026-09-30 10:29:41,F3,70.049,0.0,2.832,60.775,6.896,normal
2026-09-30 10:30:41,F3,57.554,0.0,2.068,41.204,5.427,normal
2026-09-30 10:31:41,F3,60.407,0.0,2.637,50.481,7.325,normal
2026-09-30 10:32:41,F3,64.74,0.0,2.808,34.93,7.133,normal
2026-09-30 10:33:41,F3,67.793,0.0,1.447,40.163,7.218,normal
2026-09-30 10:34:41,F3,74.747,0.0,3.324,49.99,9.263,normal
2026-09-30 10:35:41,F3,49.909,0.0,3.045,42.952,7.28,normal
2026-09-30 10:36:41,F3,74.132,0.0,2.031,40.164,9.152,normal
2026-09-30 10:37:41,F3,67.158,0.0,3.578,48.564,6.122,normal
2026-09-30 10:38:41,F3,70.075,0.0,2.574,35.811,6.388,normal
2026-09-30 10:39:41,F3,82.419,0.0,3.374,39.756,7.829,normal
2026-09-30 10:40:41,F3,73.912,0.0,3.305,63.421,8.056,normal
2026-09-30 10:41:41,F3,79.461,0.0,3.366,49.999,6.764,normal
2026-09-30 10:42:41,F3,58.882,0.0,1.85,56.215,8.097,normal
2026-09-30 10:43:41,F3,75.035,0.0,2.119,39.349,7.189,normal
2026-09-30 10:44:41,F3,65.216,0.0,2.346,50.67,5.27,normal
2026-09-30 10:45:41,F3,55.377,0.0,3.867,40.097,5.749,normal
2026-09-30 10:46:41,F3,55.381,0.0,2.113,46.639,6.614,normal
2026-09-30 10:47:41,F3,89.845,0.0,2.813,46.591,7.108,normal
2026-09-30 10:48:41,F3,60.717,0.0,3.438,50.159,5.055,normal
2026-09-30 10:49:41,F3,65.224,0.0,3.094,41.56,9.849,normal
2026-09-30 10:50:41,F3,70.05,0.0,3.69,47.705,9.793,normal
2026-09-30 10:51:41,F3,64.069,0.0,2.723,55.87,7.493,normal
2026-09-30 10:52:41,F3,71.847,0.0,2.685,40.558,7.016,normal
2026-09-30 10:53:41,F3,70.12,0.0,2.32,41.458,7.759,normal
2026-09-30 10:54:41,F3,68.7,0.0,2.665,44.678,6.421,normal
2026-09-30 10:55:41,F3,80.522,0.0,2.729,44.585,9.211,normal
2026-09-30 10:56:41,F3,82.299,0.0,3.346,46.734,8.722,normal
2026-09-30 10:57:41,F3,71.609,0.0,3.688,62.611,6.304,normal
2026-09-30 10:58:41,F3,93.405,0.0,2.723,46.119,6.705,normal
2026-09-30 10:59:41,F3,56.859,0.0,2.955,48.83,8.484,normal
2026-09-30 11:00:41,F3,64.718,0.0,1.765,43.47,4.537,normal
2026-09-30 11:01:41,F3,65.98,0.0,2.918,39.041,6.825,normal
2026-09-30 11:02:41,F3,60.214,0.0,2.998,48.309,5.822,normal
2026-09-30 11:03:41,F3,58.965,0.0,2.257,43.427,8.77,normal
2026-09-30 11:04:41,F3,62.085,0.0,2.398,54.797,8.631,normal
2026-09-30 11:05:41,F3,75.09,0.0,2.722,59.129,7.92,normal
2026-09-30 11:06:41,F3,63.246,0.0,4.016,39.881,5.826,normal
2026-09-30 11:07:41,F3,56.196,0.0,3.858,39.994,5.622,normal
2026-09-30 11:08:41,F3,63.396,0.0,2.973,45.208,7.533,normal
2026-09-30 11:09:41,F3,57.868,0.0,1.381,36.803,3.914,normal
2026-09-30 11:10:41,F3,80.048,0.0,2.75,40.879,8.961,normal
2026-09-30 11:11:41,F3,59.859,0.0,2.847,57.843,7.065,normal
2026-09-30 11:12:41,F3,73.742,0.0,2.419,54.639,8.13,normal
2026-09-30 11:13:41,F3,64.759,0.0,2.571,40.893,7.712,normal
2026-09-30 11:14:41,F3,72.829,0.0,3.101,55.183,7.098,normal
2026-09-30 11:15:41,F3,73.041,0.0,1.725,55.86,6.434,normal
2026-09-30 11:16:41,F3,72.831,0.0,2.496,48.617,5.855,normal
2026-09-30 11:17:41,F3,85.078,0.0,1.905,50.568,4.707,normal
2026-09-30 11:18:41,F3,65.637,0.0,2.912,38.718,8.978,normal
2026-09-30 11:19:41,F3,82.391,0.0,2.717,54.161,6.711,normal
2026-09-30 11:20:41,F3,59.637,0.0,2.133,52.659,4.192,normal
2026-09-30 11:21:41,F3,67.418,0.0,1.899,43.319,8.152,normal
2026-09-30 11:22:41,F3,76.727,0.0,2.627,41.798,6.912,normal
2026-09-30 11:23:41,F3,62.062,0.0,1.732,51.696,7.572,normal
2026-09-30 11:24:41,F3,60.975,0.0,3.423,53.526,6.087,normal
2026-09-30 11:25:41,F3,76.746,0.0,2.213,44.67,4.469,normal
2026-09-30 11:26:41,F3,79.229,0.0,3.777,46.682,9.439,normal
2026-09-30 11:27:41,F3,66.752,0.0,2.185,45.925,10.575,normal
2026-09-30 11:28:41,F3,59.913,0.0,2.916,54.426,6.312,normal
2026-09-30 11:29:41,F3,71.118,0.0,1.855,40.745,6.833,normal
2026-09-30 11:30:41,F3,63.074,0.0,3.684,38.01,4.602,normal
2026-09-30 11:31:41,F3,56.478,0.0,1.293,30.895,7.464,normal
2026-09-30 11:32:41,F3,57.834,0.0,2.62,59.413,8.077,normal
2026-09-30 11:33:41,F3,66.155,0.0,1.133,44.048,7.199,normal
2026-09-30 11:34:41,F3,65.801,0.0,3.194,45.13,8.075,normal
2026-09-30 11:35:41,F3,70.519,0.0,1.767,46.7,8.607,normal
2026-09-30 11:36:41,F3,62.982,0.0,2.501,55.142,6.639,normal
2026-09-30 11:37:41,F3,61.326,0.0,3.122,47.482,4.634,normal
2026-09-30 11:38:41,F3,67.648,0.0,1.079,60.921,4.613,normal
2026-09-30 11:39:41,F3,65.694,0.0,2.473,48.503,8.777,normal
2026-09-30 11:40:41,F3,68.982,0.0,2.238,30.891,8.832,normal
2026-09-30 11:41:41,F3,57.573,0.0,3.113,43.18,6.538,normal
2026-09-30 11:42:41,F3,54.53,0.0,3.26,55.198,9.053,normal
2026-09-30 11:43:41,F3,69.904,0.0,3.235,49.48,9.435,normal
2026-09-30 11:44:41,F3,67.015,0.0,2.764,53.726,11.247,normal
2026-09-30 11:45:41,F3,57.84,0.0,2.192,63.441,6.077,normal
2026-09-30 11:46:41,F3,72.056,0.0,2.864,50.866,7.746,normal
2026-09-30 11:47:41,F3,59.063,0.0,1.934,63.434,5.221,normal
2026-09-30 11:48:41,F3,61.349,0.0,3.406,46.96,7.051,normal
2026-09-30 11:49:41,F3,68.272,0.0,2.252,57.484,6.24,normal
2026-09-30 11:50:41,F3,52.039,0.0,2.405,60.076,8.836,normal
2026-09-30 11:51:41,F3,81.325,0.0,1.705,46.19,5.716,normal
2026-09-30 11:52:41,F3,64.764,0.0,3.736,37.387,6.305,normal
2026-09-30 11:53:41,F3,65.93,0.0,3.404,60.817,8.512,normal
2026-09-30 11:54:41,F3,64.783,0.0,2.369,41.056,6.258,normal
2026-09-30 11:55:41,F3,57.374,0.0,4.229,67.35,9.042,normal
2026-09-30 11:56:41,F3,62.76,0.0,2.371,45.23,7.036,normal
2026-09-30 11:57:41,F3,56.266,0.0,2.778,44.966,5.507,normal
2026-09-30 11:58:41,F3,69.161,0.0,2.014,47.193,8.104,normal
2026-09-30 11:59:41,F3,65.948,0.0,1.758,46.072,8.569,normal
2026-09-30 12:00:41,F3,77.115,0.0,2.969,36.697,7.779,normal
2026-09-30 12:01:41,F3,68.223,0.0,3.393,48.344,6.218,normal
2026-09-30 12:02:41,F3,70.302,0.0,2.86,41.567,6.38,normal
2026-09-30 12:03:41,F3,61.858,0.0,2.37,49.815,7.295,normal
2026-09-30 12:04:41,F3,77.983,0.0,3.066,46.59,7.4,normal
2026-09-30 12:05:41,F3,52.09,0.0,2.291,39.543,7.519,normal
2026-09-30 12:06:41,F3,66.722,0.0,2.209,47.666,5.055,normal
2026-09-30 12:07:41,F3,54.576,0.0,1.477,48.861,6.696,normal
2026-09-30 12:08:41,F3,72.947,0.0,2.21,42.144,6.948,normal
2026-09-30 12:09:41,F3,76.421,0.0,2.575,33.301,8.605,normal
2026-09-30 12:10:41,F3,72.6,0.0,3.974,56.291,5.821,normal
2026-09-30 12:11:41,F3,78.75,0.0,2.335,56.103,8.24,normal
2026-09-30 12:12:41,F3,74.455,0.0,2.21,55.874,5.969,normal
2026-09-30 12:13:41,F3,71.821,0.0,2.748,41.175,9.522,normal
2026-09-30 12:14:41,F3,56.668,0.0,2.067,36.282,10.222,normal
2026-09-30 12:15:41,F3,65.885,0.0,2.53,38.64,11.442,normal
2026-09-30 12:16:41,F3,59.164,0.0,3.048,48.965,11.193,normal
2026-09-30 12:17:41,F3,64.614,0.0,3.369,44.744,8.044,normal
2026-09-30 12:18:41,F3,57.117,0.0,3.065,50.005,7.823,normal
2026-09-30 12:19:41,F3,47.998,0.0,2.263,47.337,6.431,normal
2026-09-30 12:20:41,F3,60.669,0.0,2.244,34.415,7.122,normal
2026-09-30 12:21:41,F3,60.045,0.0,2.792,51.369,8.91,normal
2026-09-30 12:22:41,F3,68.072,0.0,3.692,43.682,9.086,normal
2026-09-30 12:23:41,F3,74.752,0.0,2.136,43.735,3.846,normal
2026-09-30 12:24:41,F3,52.75,0.0,3.28,52.046,9.11,normal
2026-09-30 12:25:41,F3,77.983,0.0,2.233,50.187,7.772,normal
2026-09-30 12:26:41,F3,81.21,0.0,2.888,48.393,4.842,normal
2026-09-30 12:27:41,F3,76.396,0.0,3.217,48.267,6.138,normal
2026-09-30 12:28:41,F3,58.02,0.0,3.733,43.445,6.253,normal
2026-09-30 12:29:41,F3,63.732,0.0,2.686,44.444,5.383,normal
2026-09-30 12:30:41,F3,69.038,0.0,2.379,42.787,7.515,normal
2026-09-30 12:31:41,F3,54.626,0.0,3.702,54.56,5.965,normal
2026-09-30 12:32:41,F3,60.078,0.0,2.376,42.349,4.21,normal
2026-09-30 12:33:41,F3,72.621,0.0,2.882,55.423,4.116,normal
2026-09-30 12:34:41,F3,64.564,0.0,2.518,46.813,7.788,normal
2026-09-30 12:35:41,F3,74.852,0.0,3.546,32.179,6.385,normal
2026-09-30 12:36:41,F3,68.435,0.0,2.115,48.767,7.381,normal
2026-09-30 12:37:41,F3,63.716,0.0,2.521,43.683,7.638,normal
2026-09-30 12:38:41,F3,74.485,0.0,2.226,45.951,10.313,normal
2026-09-30 12:39:41,F3,75.13,0.0,3.1,44.798,3.893,normal
2026-09-30 12:40:41,F3,67.139,0.0,3.526,39.415,5.329,normal
2026-09-30 12:41:41,F3,64.869,0.0,2.777,47.643,9.132,normal
2026-09-30 12:42:41,F3,63.657,0.0,3.943,51.436,5.945,normal
2026-09-30 12:43:41,F3,69.284,0.0,2.418,52.619,6.958,normal
2026-09-30 12:44:41,F3,72.008,0.0,2.514,52.282,4.731,normal
2026-09-30 12:45:41,F3,65.292,0.0,2.177,48.382,6.407,normal
2026-09-30 12:46:41,F3,56.11,0.0,3.536,38.393,8.921,normal
2026-09-30 12:47:41,F3,65.325,0.0,1.423,41.749,6.997,normal
2026-09-30 12:48:41,F3,84.068,0.0,2.811,46.252,8.825,normal
2026-09-30 12:49:41,F3,50.269,0.0,3.022,45.95,9.546,normal
2026-09-30 12:50:41,F3,75.028,0.0,2.873,55.731,5.715,normal
2026-09-30 12:51:41,F3,56.387,0.0,3.353,50.943,4.73,normal
2026-09-30 12:52:41,F3,44.455,0.0,2.727,41.239,7.362,normal
2026-09-30 12:53:41,F3,75.659,0.0,1.818,47.872,8.652,normal
2026-09-30 12:54:41,F3,61.67,0.0,2.67,44.968,5.754,normal
2026-09-30 12:55:41,F3,77.141,0.0,3.747,50.57,6.288,normal
2026-09-30 12:56:41,F3,74.569,0.0,2.752,38.904,9.608,normal
2026-09-30 12:57:41,F3,65.35,0.0,1.528,42.473,10.652,normal
2026-09-30 12:58:41,F3,66.197,0.0,2.892,37.403,3.6,normal
2026-09-30 12:59:41,F3,68.639,0.0,2.648,42.305,7.33,normal
2026-09-30 13:00:41,F3,79.907,0.0,1.828,55.737,8.269,normal
2026-09-30 13:01:41,F3,64.159,0.0,1.326,41.319,7.142,normal
2026-09-30 13:02:41,F3,78.312,0.0,1.989,51.54,6.335,normal
2026-09-30 13:03:41,F3,87.174,0.0,2.781,49.649,6.509,normal
2026-09-30 13:04:41,F3,77.655,0.0,0.898,57.931,6.994,normal
2026-09-30 13:05:41,F3,63.399,0.0,1.629,40.048,8.077,normal
2026-09-30 13:06:41,F3,66.338,0.0,2.837,53.201,5.577,normal
2026-09-30 13:07:41,F3,65.21,0.0,3.327,41.78,7.804,normal
2026-09-30 13:08:41,F3,54.037,0.0,3.185,40.594,6.392,normal
2026-09-30 13:09:41,F3,65.662,0.0,3.316,43.894,8.046,normal
2026-09-30 13:10:41,F3,59.208,0.0,1.324,46.306,7.818,normal
2026-09-30 13:11:41,F3,62.859,0.0,2.495,43.449,7.445,normal
2026-09-30 13:12:41,F3,62.901,0.0,3.638,44.768,8.394,normal
2026-09-30 13:13:41,F3,62.26,0.0,1.949,48.647,7.978,normal
2026-09-30 13:14:41,F3,74.887,0.0,2.546,63.474,7.175,normal
2026-09-30 13:15:41,F3,55.237,0.0,3.447,37.84,7.418,normal
2026-09-30 13:16:41,F3,70.963,0.0,2.165,50.477,6.971,normal
2026-09-30 13:17:41,F3,60.072,0.0,2.994,44.636,7.09,normal
2026-09-30 13:18:41,F3,64.171,0.0,3.256,47.748,6.194,normal
2026-09-30 13:19:41,F3,72.987,0.0,2.578,41.099,7.031,normal
2026-09-30 13:20:41,F3,62.637,0.0,2.306,51.102,5.391,normal
2026-09-30 13:21:41,F3,58.144,0.0,0.886,41.474,7.086,normal
2026-09-30 13:22:41,F3,59.964,0.0,1.98,45.439,10.712,normal
2026-09-30 13:23:41,F3,68.789,0.0,2.631,40.427,11.979,normal
2026-09-30 13:24:41,F3,78.37,0.0,3.823,41.142,6.493,normal
2026-09-30 13:25:41,F3,62.812,0.0,2.352,38.067,4.476,normal
2026-09-30 13:26:41,F3,75.285,0.0,2.434,46.532,9.29,normal
2026-09-30 13:27:41,F3,64.245,0.0,2.365,41.087,6.85,normal
2026-09-30 13:28:41,F3,64.021,0.0,2.064,36.978,7.012,normal
2026-09-30 13:29:41,F3,61.06,0.0,2.027,68.517,7.128,normal
2026-09-30 13:30:41,F3,63.866,0.0,1.301,34.054,10.315,normal
2026-09-30 13:31:41,F3,56.432,0.0,2.607,58.723,7.353,normal
2026-09-30 13:32:41,F3,69.773,0.0,3.399,42.232,5.149,normal
2026-09-30 13:33:41,F3,61.178,0.0,3.189,55.636,7.366,normal
2026-09-30 13:34:41,F3,63.329,0.0,1.134,42.673,6.286,normal
2026-09-30 13:35:41,F3,70.619,0.0,2.103,50.521,6.351,normal
2026-09-30 13:36:41,F3,72.139,0.0,2.933,45.926,6.069,normal
2026-09-30 13:37:41,F3,77.934,0.0,3.414,45.278,6.426,normal
2026-09-30 13:38:41,F3,76.927,0.0,2.291,50.514,6.448,normal
2026-09-30 13:39:41,F3,67.259,0.0,3.388,30.804,7.333,normal
2026-09-30 13:40:41,F3,59.532,0.0,2.777,46.887,7.868,normal
2026-09-30 13:41:41,F3,59.616,0.0,2.412,46.277,7.481,normal
2026-09-30 13:42:41,F3,60.637,0.0,3.521,44.81,6.967,normal
2026-09-30 13:43:41,F3,67.676,0.0,2.744,43.709,9.37,normal
2026-09-30 13:44:41,F3,79.131,0.0,3.065,45.931,6.304,normal
2026-09-30 13:45:41,F3,60.071,0.0,2.327,39.06,7.143,normal
2026-09-30 13:46:41,F3,59.242,0.0,2.897,53.829,7.376,normal
2026-09-30 13:47:41,F3,69.934,0.0,2.379,31.477,7.584,normal
2026-09-30 13:48:41,F3,60.853,0.0,3.118,45.209,6.047,normal
2026-09-30 13:49:41,F3,82.478,0.0,1.422,51.109,6.909,normal
2026-09-30 13:50:41,F3,65.639,0.0,1.857,39.575,7.106,normal
2026-09-30 13:51:41,F3,61.706,0.0,1.727,49.182,9.012,normal
2026-09-30 13:52:41,F3,66.782,0.0,1.609,41.6,5.851,normal
2026-09-30 13:53:41,F3,59.443,0.0,1.574,40.797,8.651,normal
2026-09-30 13:54:41,F3,83.047,0.0,2.279,45.874,6.911,normal
2026-09-30 13:55:41,F3,78.867,0.0,3.067,46.576,6.633,normal
2026-09-30 13:56:41,F3,56.596,0.0,1.274,35.075,7.99,normal
2026-09-30 13:57:41,F3,70.663,0.0,2.485,45.016,9.031,normal
2026-09-30 13:58:41,F3,53.379,0.0,3.473,54.974,9.776,normal
2026-09-30 13:59:41,F3,65.676,0.0,2.233,57.625,7.581,normal
2026-09-30 14:00:41,F3,66.664,0.0,2.117,42.694,7.976,normal
2026-09-30 14:01:41,F3,52.841,0.0,2.282,46.792,6.126,normal
2026-09-30 14:02:41,F3,66.512,0.0,2.347,52.282,5.242,normal
2026-09-30 14:03:41,F3,55.33,0.0,2.864,30.038,6.138,normal
2026-09-30 14:04:41,F3,72.27,0.0,3.496,35.355,4.978,normal
2026-09-30 14:05:41,F3,68.014,0.0,2.405,44.902,8.767,normal
2026-09-30 14:06:41,F3,60.485,0.0,2.199,47.318,7.574,normal
2026-09-30 14:07:41,F3,67.049,0.0,2.891,50.371,5.415,normal
2026-09-30 14:08:41,F3,52.667,0.0,3.269,42.179,8.661,normal
2026-09-30 14:09:41,F3,67.952,0.0,3.152,48.75,6.352,normal
2026-09-30 14:10:41,F3,55.971,0.0,3.967,48.847,5.784,normal
2026-09-30 14:11:41,F3,64.21,0.0,3.206,45.115,5.68,normal
2026-09-30 14:12:41,F3,55.853,0.0,2.756,53.279,6.983,normal
2026-09-30 14:13:41,F3,56.789,0.0,1.847,47.457,6.984,normal
2026-09-30 14:14:41,F3,81.198,0.0,3.216,41.836,6.62,normal
2026-09-30 14:15:41,F3,74.4,0.0,3.179,38.462,9.73,normal
2026-09-30 14:16:41,F3,73.669,0.0,2.774,54.79,6.322,normal
2026-09-30 14:17:41,F3,78.527,0.0,3.205,54.858,7.909,normal
2026-09-30 14:18:41,F3,52.341,0.0,3.524,49.545,5.655,normal
2026-09-30 14:19:41,F3,56.951,0.0,3.836,50.331,6.496,normal
2026-09-30 14:20:41,F3,59.822,0.0,3.582,36.543,6.351,normal
2026-09-30 14:21:41,F3,87.301,0.0,2.973,49.597,6.661,normal
2026-09-30 14:22:41,F3,74.58,0.0,3.34,54.543,6.399,normal
2026-09-30 14:23:41,F3,65.577,0.0,1.863,48.623,6.694,normal
2026-09-30 14:24:41,F3,55.92,0.0,2.608,54.026,7.352,normal
2026-09-30 14:25:41,F3,75.51,0.0,3.844,37.472,8.981,normal
2026-09-30 14:26:41,F3,57.024,0.0,2.287,53.996,8.422,normal
2026-09-30 14:27:41,F3,77.585,0.0,3.035,44.714,8.677,normal
2026-09-30 14:28:41,F3,61.592,0.0,1.82,49.166,8.32,normal
2026-09-30 14:29:41,F3,47.84,0.0,3.518,41.77,7.764,normal
2026-09-30 14:30:41,F3,66.656,0.0,3.244,39.499,7.605,normal
2026-09-30 14:31:41,F3,71.168,0.0,1.073,39.991,8.25,normal
2026-09-30 14:32:41,F3,53.985,0.0,1.727,43.163,6.723,normal
2026-09-30 14:33:41,F3,65.268,0.0,2.033,52.389,6.565,normal
2026-09-30 14:34:41,F3,72.285,0.0,3.466,60.085,8.38,normal
2026-09-30 14:35:41,F3,68.052,0.0,1.901,50.81,8.132,normal
2026-09-30 14:36:41,F3,76.418,0.0,3.32,37.31,6.07,normal
2026-09-30 14:37:41,F3,58.288,0.0,3.19,44.678,6.209,normal
2026-09-30 14:38:41,F3,61.178,0.0,1.606,57.981,6.599,normal
2026-09-30 14:39:41,F3,65.359,0.0,0.861,44.956,6.671,normal
2026-09-30 14:40:41,F3,69.752,0.0,3.31,48.336,10.326,normal
2026-09-30 14:41:41,F3,62.308,0.0,3.588,59.175,7.013,normal
2026-09-30 14:42:41,F3,66.811,0.0,2.719,52.601,7.09,normal
2026-09-30 14:43:41,F3,75.675,0.0,2.378,37.316,10.185,normal
2026-09-30 14:44:41,F3,58.536,0.0,4.233,56.671,4.39,normal
2026-09-30 14:45:41,F3,69.354,0.0,2.477,52.181,6.194,normal
2026-09-30 14:46:41,F3,72.658,0.0,2.302,62.802,9.063,normal
2026-09-30 14:47:41,F3,75.739,0.0,2.477,29.021,9.607,normal
2026-09-30 14:48:41,F3,67.899,0.0,1.658,42.397,5.151,normal
2026-09-30 14:49:41,F3,46.677,0.0,1.487,42.326,7.737,normal
2026-09-30 14:50:41,F3,56.637,0.0,3.474,51.753,5.911,normal
2026-09-30 14:51:41,F3,66.539,0.0,3.616,50.518,6.175,normal
2026-09-30 14:52:41,F3,45.516,0.0,4.077,49.54,6.803,normal
2026-09-30 14:53:41,F3,64.274,0.0,2.202,51.976,5.251,normal
2026-09-30 14:54:41,F3,75.963,0.0,2.715,56.292,7.224,normal
2026-09-30 14:55:41,F3,78.462,0.0,2.376,35.991,2.242,normal
2026-09-30 14:56:41,F3,48.648,0.0,2.253,58.84,5.376,normal
2026-09-30 14:57:41,F3,63.887,0.0,2.668,48.251,6.625,normal
2026-09-30 14:58:41,F3,65.71,0.0,3.243,49.333,10.798,normal
2026-09-30 14:59:41,F3,50.495,0.0,1.941,45.894,5.733,normal
2026-09-30 15:00:41,F3,62.927,0.0,2.96,60.535,7.904,normal
2026-09-30 15:01:41,F3,59.633,0.0,2.287,41.402,5.911,normal
2026-09-30 15:02:41,F3,79.53,0.0,3.015,39.667,9.996,normal
2026-09-30 15:03:41,F3,75.471,0.0,3.086,49.552,7.627,normal
2026-09-30 15:04:41,F3,68.752,0.0,2.539,39.341,7.966,normal
2026-09-30 15:05:41,F3,67.13,0.0,2.671,57.559,9.543,normal
2026-09-30 15:06:41,F3,55.244,0.0,2.765,66.17,11.069,normal
2026-09-30 15:07:41,F3,76.784,0.0,3.346,48.918,5.836,normal
2026-09-30 15:08:41,F3,69.868,0.0,3.046,51.884,6.424,normal
2026-09-30 15:09:41,F3,76.993,0.0,1.467,56.685,7.528,normal
2026-09-30 15:10:41,F3,61.269,0.0,3.165,44.167,6.168,normal
2026-09-30 15:11:41,F3,62.395,0.0,3.675,35.882,7.189,normal
2026-09-30 15:12:41,F3,60.197,0.0,2.009,52.114,9.534,normal
2026-09-30 15:13:41,F3,64.367,0.0,3.101,49.042,7.389,normal
2026-09-30 15:14:41,F3,62.947,0.0,2.667,46.553,5.538,normal
2026-09-30 15:15:41,F3,80.894,0.0,1.942,49.84,5.613,normal
2026-09-30 15:16:41,F3,79.001,0.0,2.864,34.692,6.411,normal
2026-09-30 15:17:41,F3,66.317,0.0,3.054,54.602,7.793,normal
2026-09-30 15:18:41,F3,66.802,0.0,2.534,57.037,9.124,normal
2026-09-30 15:19:41,F3,68.091,0.0,4.039,57.067,6.16,normal
2026-09-30 15:20:41,F3,61.282,0.0,3.895,46.51,6.088,normal
2026-09-30 15:21:41,F3,66.097,0.0,2.484,41.226,5.467,normal
2026-09-30 15:22:41,F3,67.208,0.0,3.175,47.192,9.437,normal
2026-09-30 15:23:41,F3,47.408,0.0,1.997,54.745,8.051,normal
2026-09-30 15:24:41,F3,69.4,0.0,1.963,47.114,8.495,normal
2026-09-30 15:25:41,F3,80.063,0.0,2.535,42.47,8.516,normal
2026-09-30 15:26:41,F3,56.911,0.0,1.293,41.957,8.63,normal
2026-09-30 15:27:41,F3,67.014,0.0,2.98,43.401,8.948,normal
2026-09-30 15:28:41,F3,71.949,0.0,3.538,43.74,9.207,normal
2026-09-30 15:29:41,F3,62.622,0.0,2.986,29.513,9.957,normal
2026-09-30 15:30:41,F3,89.203,0.0,2.447,44.676,6.515,normal
2026-09-30 15:31:41,F3,57.692,0.0,2.016,49.533,5.958,normal
2026-09-30 15:32:41,F3,74.791,0.0,2.632,53.615,8.146,normal
2026-09-30 15:33:41,F3,72.284,0.0,3.265,20.612,5.659,normal
2026-09-30 15:34:41,F3,62.956,0.0,1.766,34.17,6.742,normal
2026-09-30 15:35:41,F3,53.077,0.0,3.474,42.198,8.471,normal
2026-09-30 15:36:41,F3,80.32,0.0,3.314,39.328,8.884,normal
2026-09-30 15:37:41,F3,81.136,0.0,2.967,39.946,8.375,normal
2026-09-30 15:38:41,F3,68.057,0.0,3.076,64.548,6.607,normal
2026-09-30 15:39:41,F3,82.152,0.115,3.618,49.614,7.441,normal
2026-09-30 15:40:41,F3,38.867,0.0,2.501,53.661,8.103,normal
2026-09-30 15:41:41,F3,88.655,0.0,1.77,52.978,7.386,normal
2026-09-30 15:42:41,F3,66.368,0.0,1.722,42.48,5.401,normal
2026-09-30 15:43:41,F3,61.227,0.0,2.113,37.589,6.391,normal
2026-09-30 15:44:41,F3,68.482,0.0,2.014,61.063,8.882,normal
2026-09-30 15:45:41,F3,51.388,0.0,2.872,52.592,5.368,normal
2026-09-30 15:46:41,F3,77.003,0.0,4.268,71.512,6.891,normal
2026-09-30 15:47:41,F3,72.835,0.0,2.579,47.038,7.358,normal
2026-09-30 15:48:41,F3,67.15,0.0,1.16,43.88,10.61,normal
2026-09-30 15:49:41,F3,61.773,0.0,2.252,35.493,7.981,normal
2026-09-30 15:50:41,F3,61.862,0.0,1.231,46.299,7.377,normal
2026-09-30 15:51:41,F3,57.184,0.0,3.138,38.139,7.997,normal
2026-09-30 15:52:41,F3,65.486,0.0,2.034,41.467,6.532,normal
2026-09-30 15:53:41,F3,65.271,0.0,1.239,47.269,6.588,normal
2026-09-30 15:54:41,F3,57.146,0.0,2.037,50.124,7.019,normal
2026-09-30 15:55:41,F3,66.186,0.0,4.011,52.114,4.651,normal
2026-09-30 15:56:41,F3,65.758,0.0,1.541,53.567,4.336,normal
2026-09-30 15:57:41,F3,65.362,0.0,2.76,62.748,7.279,normal
2026-09-30 15:58:41,F3,64.523,0.0,2.45,44.585,7.562,normal
2026-09-30 15:59:41,F3,70.081,0.0,3.165,28.86,7.828,normal
2026-09-30 16:00:41,F3,59.95,0.0,3.493,53.405,8.775,normal
2026-09-30 16:01:41,F3,51.545,0.0,3.283,42.148,9.023,normal
2026-09-30 16:02:41,F3,68.971,0.0,2.749,46.469,7.714,normal
2026-09-30 16:03:41,F3,54.749,0.0,2.558,36.708,6.955,normal
2026-09-30 16:04:41,F3,63.791,0.0,1.233,52.096,7.506,normal
2026-09-30 16:05:41,F3,68.072,0.0,1.816,34.987,6.844,normal
2026-09-30 16:06:41,F3,62.386,0.0,2.621,43.43,6.532,normal
2026-09-30 16:07:41,F3,80.88,0.0,2.187,36.358,10.478,normal
2026-09-30 16:08:41,F3,63.1,0.0,3.55,45.429,6.103,normal
2026-09-30 16:09:41,F3,65.321,0.0,1.723,36.088,8.707,normal
2026-09-30 16:10:41,F3,51.217,0.0,2.157,48.732,8.741,normal
2026-09-30 16:11:41,F3,84.167,0.0,2.281,52.167,7.284,normal
2026-09-30 16:12:41,F3,74.561,0.0,2.555,37.321,6.151,normal
2026-09-30 16:13:41,F3,75.253,0.0,2.418,43.666,8.545,normal
2026-09-30 16:14:41,F3,58.973,0.0,3.042,43.638,6.712,normal
2026-09-30 16:15:41,F3,65.492,0.0,3.759,52.613,11.355,normal
2026-09-30 16:16:41,F3,64.429,0.0,3.105,45.009,7.827,normal
2026-09-30 16:17:41,F3,66.298,0.0,1.087,48.895,6.243,normal
2026-09-30 16:18:41,F3,67.123,0.0,3.473,45.305,8.149,normal
2026-09-30 16:19:41,F3,75.846,0.0,2.722,47.672,7.049,normal
2026-09-30 16:20:41,F3,52.603,0.0,1.988,42.555,8.615,normal
2026-09-30 16:21:41,F3,64.246,0.0,2.978,46.275,6.244,normal
2026-09-30 16:22:41,F3,62.822,0.0,2.531,44.661,6.194,normal
2026-09-30 16:23:41,F3,76.897,0.0,2.426,57.626,8.472,normal
2026-09-30 16:24:41,F3,59.007,0.0,2.087,45.497,9.275,normal
2026-09-30 16:25:41,F3,67.539,0.0,2.819,51.888,6.266,normal
2026-09-30 16:26:41,F3,57.832,0.0,3.225,56.391,7.237,normal
2026-09-30 16:27:41,F3,70.582,0.0,2.587,35.859,8.762,normal
2026-09-30 16:28:41,F3,60.629,0.0,3.206,50.246,6.51,normal
2026-09-30 16:29:41,F3,78.74,0.0,3.056,54.184,6.963,normal
2026-09-30 16:30:41,F3,65.178,0.0,1.452,47.293,4.765,normal
2026-09-30 16:31:41,F3,53.977,0.0,3.599,48.324,10.092,normal
2026-09-30 16:32:41,F3,62.854,0.0,1.538,42.444,9.333,normal
2026-09-30 16:33:41,F3,56.715,0.0,1.829,42.654,8.078,normal
2026-09-30 16:34:41,F3,83.847,0.0,2.687,53.618,6.58,normal
2026-09-30 16:35:41,F3,61.006,0.0,2.938,39.905,8.039,normal
2026-09-30 16:36:41,F3,71.127,0.0,1.925,59.121,8.941,normal
2026-09-30 16:37:41,F3,69.918,0.0,3.305,44.876,4.326,normal
2026-09-30 16:38:41,F3,59.176,0.0,2.83,55.712,7.61,normal
2026-09-30 16:39:41,F3,67.907,0.0,3.42,39.688,6.593,normal
2026-09-30 16:40:41,F3,79.846,0.0,2.207,47.229,8.888,normal
2026-09-30 16:41:41,F3,61.156,0.0,3.296,48.79,6.145,normal
2026-09-30 16:42:41,F3,78.708,0.0,2.764,35.734,7.862,normal
2026-09-30 16:43:41,F3,69.23,0.0,4.22,40.201,5.577,normal
2026-09-30 16:44:41,F3,61.681,0.0,3.476,34.958,9.616,normal
2026-09-30 16:45:41,F3,74.567,0.0,1.935,39.445,6.882,normal
2026-09-30 16:46:41,F3,73.371,0.0,3.231,45.408,6.977,normal
2026-09-30 16:47:41,F3,62.797,0.0,3.408,38.917,5.133,normal
2026-09-30 16:48:41,F3,75.063,0.0,2.207,45.958,8.879,normal
2026-09-30 16:49:41,F3,70.903,0.0,2.018,40.277,5.605,normal
2026-09-30 16:50:41,F3,67.428,0.0,2.577,38.792,7.503,normal
2026-09-30 16:51:41,F3,56.149,0.0,2.353,59.454,8.828,normal
2026-09-30 16:52:41,F3,74.744,0.0,3.017,42.862,7.025,normal
2026-09-30 16:53:41,F3,76.801,0.0,1.694,53.715,7.798,normal
2026-09-30 16:54:41,F3,60.392,0.0,1.897,53.648,8.459,normal
2026-09-30 16:55:41,F3,74.621,0.0,2.742,38.89,8.502,normal
2026-09-30 16:56:41,F3,64.505,0.0,1.865,54.301,6.943,normal
2026-09-30 16:57:41,F3,50.17,0.0,3.665,45.75,7.277,normal
2026-09-30 16:58:41,F3,68.26,0.0,2.486,44.128,6.895,normal
2026-09-30 16:59:41,F3,54.509,0.0,2.837,41.184,8.52,normal
2026-09-30 17:00:41,F3,63.527,0.0,2.523,19.268,6.34,normal
2026-09-30 17:01:41,F3,55.578,0.0,2.688,40.888,5.505,normal
2026-09-30 17:02:41,F3,69.828,0.0,1.614,53.483,7.69,normal
2026-09-30 17:03:41,F3,55.546,0.0,2.387,44.76,7.212,normal
2026-09-30 17:04:41,F3,68.771,0.0,2.044,43.005,7.138,normal
2026-09-30 17:05:41,F3,48.63,0.0,3.262,49.667,5.523,normal
2026-09-30 17:06:41,F3,60.423,0.0,2.544,31.659,5.935,normal
2026-09-30 17:07:41,F3,60.329,0.0,1.96,36.214,5.758,normal
2026-09-30 17:08:41,F3,60.205,0.0,3.573,40.877,7.904,normal
2026-09-30 17:09:41,F3,74.797,0.0,2.494,34.08,10.884,normal
2026-09-30 17:10:41,F3,62.501,0.0,3.766,45.345,5.452,normal
2026-09-30 17:11:41,F3,75.594,0.0,2.364,44.395,7.737,normal
2026-09-30 17:12:41,F3,78.602,0.0,1.158,40.249,8.213,normal
2026-09-30 17:13:41,F3,62.507,0.0,3.42,41.607,9.557,normal
2026-09-30 17:14:41,F3,57.319,0.0,2.257,34.885,7.14,normal
2026-09-30 17:15:41,F3,67.691,0.0,1.968,58.162,6.988,normal
2026-09-30 17:16:41,F3,71.373,0.0,2.231,48.325,5.536,normal
2026-09-30 17:17:41,F3,70.224,0.0,3.123,37.723,8.046,normal
2026-09-30 17:18:41,F3,70.234,0.0,2.577,55.299,9.974,normal
2026-09-30 17:19:41,F3,65.934,0.0,2.771,60.811,9.052,normal
2026-09-30 17:20:41,F3,63.242,0.0,1.623,56.921,7.913,normal
2026-09-30 17:21:41,F3,68.537,0.0,3.187,45.867,7.619,normal
2026-09-30 17:22:41,F3,62.059,0.0,2.974,49.073,7.201,normal
2026-09-30 17:23:41,F3,63.962,0.0,3.244,52.508,8.473,normal
2026-09-30 17:24:41,F3,66.623,0.0,2.357,50.376,9.933,normal
2026-09-30 17:25:41,F3,55.168,0.0,2.079,59.513,9.56,normal
2026-09-30 17:26:41,F3,69.871,0.0,2.611,42.602,7.798,normal
2026-09-30 17:27:41,F3,51.556,0.0,3.101,55.185,6.055,normal
2026-09-30 17:28:41,F3,68.191,0.0,2.0,45.33,6.775,normal
2026-09-30 17:29:41,F3,62.524,0.0,3.504,44.67,5.993,normal
2026-09-30 17:30:41,F3,57.571,0.0,3.149,61.558,6.352,normal
2026-09-30 17:31:41,F3,74.86,0.0,1.959,42.048,10.656,normal
2026-09-30 17:32:41,F3,55.241,0.0,2.063,46.79,7.461,normal
2026-09-30 17:33:41,F3,59.631,0.0,1.653,60.978,8.867,normal
2026-09-30 17:34:41,F3,75.916,0.0,2.443,56.428,6.26,normal
2026-09-30 17:35:41,F3,68.482,0.0,4.033,38.214,7.049,normal
2026-09-30 17:36:41,F3,66.734,0.001,3.064,51.704,6.301,normal
2026-09-30 17:37:41,F3,70.844,0.0,2.876,34.955,6.558,normal
2026-09-30 17:38:41,F3,63.516,0.0,1.569,45.252,9.838,normal
2026-09-30 17:39:41,F3,52.081,0.0,3.113,45.474,11.665,normal
2026-09-30 17:40:41,F3,80.578,0.0,2.818,42.518,6.282,normal
2026-09-30 17:41:41,F3,71.546,0.0,2.003,38.499,8.069,normal
2026-09-30 17:42:41,F3,56.63,0.0,3.606,39.873,7.603,normal
2026-09-30 17:43:41,F3,79.145,0.0,2.148,39.715,10.084,normal
2026-09-30 17:44:41,F3,66.907,0.0,3.295,48.118,8.18,normal
2026-09-30 17:45:41,F3,53.986,0.0,3.869,55.663,5.346,normal
2026-09-30 17:46:41,F3,62.676,0.0,1.333,40.038,6.918,normal
2026-09-30 17:47:41,F3,80.726,0.0,3.503,44.244,6.073,normal
2026-09-30 17:48:41,F3,70.348,0.0,2.628,47.581,8.534,normal
2026-09-30 17:49:41,F3,62.248,0.0,2.637,43.402,8.352,normal
2026-09-30 17:50:41,F3,57.381,0.0,1.741,38.907,6.431,normal
2026-09-30 17:51:41,F3,66.618,0.0,2.652,46.638,8.262,normal
2026-09-30 17:52:41,F3,64.608,0.0,2.527,42.261,6.378,normal
2026-09-30 17:53:41,F3,80.671,0.0,2.431,41.219,6.918,normal
2026-09-30 17:54:41,F3,62.397,0.0,3.449,44.252,5.129,normal
2026-09-30 17:55:41,F3,74.65,0.0,1.532,34.662,6.507,normal
2026-09-30 17:56:41,F3,72.969,0.125,2.269,45.201,7.83,normal
2026-09-30 17:57:41,F3,71.577,0.0,2.926,44.708,5.808,normal
2026-09-30 17:58:41,F3,75.56,0.0,3.584,39.235,5.423,normal
2026-09-30 17:59:41,F3,73.463,0.0,1.951,58.366,10.418,normal
2026-09-30 18:00:41,F3,78.433,0.0,2.2,46.155,7.424,normal
2026-09-30 18:01:41,F3,60.799,0.0,2.475,51.427,9.457,normal
2026-09-30 18:02:41,F3,72.736,0.0,2.49,47.069,8.434,normal
2026-09-30 18:03:41,F3,61.876,0.0,3.971,49.122,6.617,normal
2026-09-30 18:04:41,F3,66.395,0.0,2.354,49.156,6.926,normal
2026-09-30 18:05:41,F3,62.112,0.0,2.844,40.443,5.815,normal
2026-09-30 18:06:41,F3,70.432,0.0,3.345,44.521,6.706,normal
2026-09-30 18:07:41,F3,63.668,0.0,3.012,47.381,7.271,normal
2026-09-30 18:08:41,F3,72.485,0.0,3.597,33.853,8.105,normal
2026-09-30 18:09:41,F3,64.227,0.0,2.831,37.766,5.63,normal
2026-09-30 18:10:41,F3,68.606,0.0,3.497,26.527,6.711,normal
2026-09-30 18:11:41,F3,71.822,0.0,1.353,45.783,7.59,normal
2026-09-30 18:12:41,F3,53.608,0.0,3.288,48.299,10.251,normal
2026-09-30 18:13:41,F3,78.408,0.0,3.553,42.407,6.337,normal
2026-09-30 18:14:41,F3,60.194,0.0,2.96,49.67,10.043,normal
2026-09-30 18:15:41,F3,73.972,0.0,2.387,33.139,9.888,normal
2026-09-30 18:16:41,F3,66.613,0.0,3.748,33.726,7.992,normal
2026-09-30 18:17:41,F3,69.768,0.0,4.004,46.617,6.015,normal
2026-09-30 18:18:41,F3,60.697,0.0,3.92,43.541,6.595,normal
2026-09-30 18:19:41,F3,56.724,0.0,1.885,45.747,6.003,normal
2026-09-30 18:20:41,F3,77.464,0.0,3.658,58.058,7.743,normal
2026-09-30 18:21:41,F3,69.749,0.0,2.644,44.775,6.829,normal
2026-09-30 18:22:41,F3,65.159,0.0,2.427,47.244,5.272,normal
2026-09-30 18:23:41,F3,59.997,0.0,2.363,49.454,3.602,normal
2026-09-30 18:24:41,F3,83.748,0.0,1.902,36.943,7.423,normal
2026-09-30 18:25:41,F3,80.621,0.0,3.002,50.505,6.079,normal
2026-09-30 18:26:41,F3,67.09,0.0,1.656,59.523,7.884,normal
2026-09-30 18:27:41,F3,50.005,0.0,2.782,33.154,7.373,normal
2026-09-30 18:28:41,F3,80.278,0.033,2.036,61.66,6.535,normal
2026-09-30 18:29:41,F3,73.465,0.0,3.288,47.671,8.774,normal
2026-09-30 18:30:41,F3,76.23,0.0,2.286,49.883,7.516,normal
2026-09-30 18:31:41,F3,78.212,0.0,1.783,51.389,10.239,normal
2026-09-30 18:32:41,F3,67.216,0.0,2.563,50.21,11.137,normal
2026-09-30 18:33:41,F3,73.921,0.0,2.339,56.867,7.688,normal
2026-09-30 18:34:41,F3,69.727,0.0,3.562,33.803,6.449,normal
2026-09-30 18:35:41,F3,75.878,0.0,2.662,44.34,6.982,normal
2026-09-30 18:36:41,F3,70.165,0.0,3.554,42.835,8.356,normal
2026-09-30 18:37:41,F3,75.601,0.0,2.717,46.169,8.902,normal
2026-09-30 18:38:41,F3,68.52,0.0,3.239,34.458,6.612,normal
2026-09-30 18:39:41,F3,72.723,0.079,4.615,53.367,7.607,normal
2026-09-30 18:40:41,F3,63.823,0.003,2.799,36.407,10.439,normal
2026-09-30 18:41:41,F3,76.872,0.0,2.83,51.56,8.563,normal
2026-09-30 18:42:41,F3,70.461,0.0,2.876,32.423,4.972,normal
2026-09-30 18:43:41,F3,84.859,0.0,2.543,53.618,7.125,normal
2026-09-30 18:44:41,F3,78.978,0.0,1.751,47.995,8.078,normal
2026-09-30 18:45:41,F3,62.265,0.0,2.478,48.773,8.21,normal
2026-09-30 18:46:41,F3,74.588,0.0,1.607,43.843,7.052,normal
2026-09-30 18:47:41,F3,67.498,0.0,2.047,40.58,9.056,normal
2026-09-30 18:48:41,F3,64.419,0.0,3.016,36.849,7.305,normal
2026-09-30 18:49:41,F3,74.19,0.0,1.907,52.277,7.184,normal
2026-09-30 18:50:41,F3,77.17,0.0,2.551,60.248,5.159,normal
2026-09-30 18:51:41,F3,64.692,0.0,4.156,66.933,7.003,normal
2026-09-30 18:52:41,F3,75.661,0.0,2.065,43.512,4.787,normal
2026-09-30 18:53:41,F3,57.646,0.0,3.408,54.558,6.259,normal
2026-09-30 18:54:41,F3,77.439,0.0,2.258,39.15,5.832,normal
2026-09-30 18:55:41,F3,77.464,0.0,2.376,59.083,8.024,normal
2026-09-30 18:56:41,F3,70.445,0.0,2.676,48.83,6.665,normal
2026-09-30 18:57:41,F3,54.339,0.0,1.516,48.772,5.701,normal
2026-09-30 18:58:41,F3,73.241,0.0,2.597,47.051,7.429,normal
2026-09-30 18:59:41,F3,67.345,0.0,2.57,30.813,7.675,normal
2026-09-30 19:00:41,F3,59.418,0.0,3.533,52.724,7.777,normal
2026-09-30 19:01:41,F3,58.716,0.0,2.435,34.677,6.666,normal
2026-09-30 19:02:41,F3,59.665,0.0,2.879,54.417,6.529,normal
2026-09-30 19:03:41,F3,68.509,0.0,3.359,36.492,5.292,normal
2026-09-30 19:04:41,F3,57.381,0.0,2.939,38.675,8.164,normal
2026-09-30 19:05:41,F3,42.148,0.0,3.749,63.268,8.185,normal
2026-09-30 19:06:41,F3,78.474,0.0,3.812,60.66,7.491,normal
2026-09-30 19:07:41,F3,67.43,0.0,3.487,40.217,7.365,normal
2026-09-30 19:08:41,F3,53.349,0.0,3.276,54.33,10.394,normal
2026-09-30 19:09:41,F3,69.837,0.0,2.172,32.252,8.242,normal
2026-09-30 19:10:41,F3,63.051,0.0,2.301,44.278,9.827,normal
2026-09-30 19:11:41,F3,65.374,0.0,2.502,37.215,9.955,normal
2026-09-30 19:12:41,F3,66.421,0.0,3.869,40.241,8.81,normal
2026-09-30 19:13:41,F3,66.725,0.0,2.372,41.523,3.816,normal
2026-09-30 19:14:41,F3,84.031,0.0,3.364,49.84,7.245,normal
2026-09-30 19:15:41,F3,69.24,0.0,2.242,32.144,9.018,normal
2026-09-30 19:16:41,F3,64.893,0.0,2.861,41.724,8.343,normal
2026-09-30 19:17:41,F3,63.251,0.0,2.706,48.324,8.673,normal
2026-09-30 19:18:41,F3,53.871,0.0,1.582,52.809,8.336,normal
2026-09-30 19:19:41,F3,86.09,0.0,2.284,36.579,5.249,normal
2026-09-30 19:20:41,F3,70.893,0.0,2.508,54.569,6.217,normal
2026-09-30 19:21:41,F3,84.67,0.0,2.204,43.571,7.297,normal
2026-09-30 19:22:41,F3,60.281,0.0,2.032,52.416,9.036,normal
2026-09-30 19:23:41,F3,78.064,0.058,4.007,56.728,5.887,normal
2026-09-30 19:24:41,F3,59.84,0.0,3.19,29.805,7.919,normal
2026-09-30 19:25:41,F3,74.657,0.0,3.935,38.288,8.544,normal
2026-09-30 19:26:41,F3,58.44,0.0,3.32,57.281,6.331,normal
2026-09-30 19:27:41,F3,73.814,0.0,1.1,53.783,7.313,normal
2026-09-30 19:28:41,F3,78.447,0.0,3.436,50.684,4.762,normal
2026-09-30 19:29:41,F3,51.776,0.0,2.534,51.302,3.755,normal
2026-09-30 19:30:41,F3,62.93,0.0,2.679,50.176,8.141,normal
2026-09-30 19:31:41,F3,68.742,0.0,2.96,48.505,8.477,normal
2026-09-30 19:32:41,F3,83.007,0.0,3.705,42.688,9.48,normal
2026-09-30 19:33:41,F3,72.02,0.0,2.738,51.607,5.846,normal
2026-09-30 19:34:41,F3,56.008,0.0,3.431,34.575,6.751,normal
2026-09-30 19:35:41,F3,77.124,0.0,1.576,48.152,7.98,normal
2026-09-30 19:36:41,F3,57.187,0.0,3.826,42.668,4.599,normal
2026-09-30 19:37:41,F3,76.11,0.0,3.439,41.007,8.757,normal
2026-09-30 19:38:41,F3,74.321,0.0,1.757,49.683,8.953,normal
2026-09-30 19:39:41,F3,64.907,0.362,3.009,53.607,9.722,normal
2026-09-30 19:40:41,F3,60.491,0.0,2.541,56.752,7.462,normal
2026-09-30 19:41:41,F3,67.693,0.0,3.327,57.571,9.545,normal
2026-09-30 19:42:41,F3,71.193,0.0,4.624,42.952,8.744,normal
2026-09-30 19:43:41,F3,74.065,0.0,3.006,42.463,8.106,normal
2026-09-30 19:44:41,F3,80.279,0.0,1.792,51.113,9.378,normal
2026-09-30 19:45:41,F3,72.703,0.0,2.963,45.144,5.171,normal
2026-09-30 19:46:41,F3,91.236,0.0,1.822,35.206,6.877,normal
2026-09-30 19:47:41,F3,69.984,0.0,2.256,49.281,6.94,normal
2026-09-30 19:48:41,F3,57.403,0.0,4.65,44.764,7.822,normal
2026-09-30 19:49:41,F3,64.232,0.0,3.138,36.735,8.429,normal
2026-09-30 19:50:41,F3,64.455,0.0,2.477,46.795,7.819,normal
2026-09-30 19:51:41,F3,76.4,0.0,2.44,53.988,7.766,normal
2026-09-30 19:52:41,F3,56.565,0.0,3.181,44.308,10.204,normal
2026-09-30 19:53:41,F3,60.153,0.0,2.187,45.192,7.151,normal
2026-09-30 19:54:41,F3,76.841,0.0,6.055,41.247,7.77,normal
2026-09-30 19:55:41,F3,80.274,0.0,3.03,45.869,6.27,normal
2026-09-30 19:56:41,F3,74.552,0.0,3.41,44.04,5.93,normal
2026-09-30 19:57:41,F3,68.815,0.0,2.508,57.29,5.669,normal
2026-09-30 19:58:41,F3,67.977,0.0,3.569,42.601,9.257,normal
2026-09-30 19:59:41,F3,60.493,0.002,2.609,48.329,8.073,normal
2026-09-30 20:00:41,F3,52.309,0.0,1.683,41.801,7.849,normal
2026-09-30 20:01:41,F3,65.915,0.0,2.73,45.724,5.328,normal
2026-09-30 20:02:41,F3,73.645,0.0,2.408,43.888,8.943,normal
2026-09-30 20:03:41,F3,65.444,0.0,2.57,45.725,5.534,normal
2026-09-30 20:04:41,F3,70.419,0.0,2.894,37.982,6.219,normal
2026-09-30 20:05:41,F3,62.252,0.0,1.875,35.768,8.117,normal
2026-09-30 20:06:41,F3,71.303,0.0,2.302,47.04,6.687,normal
2026-09-30 20:07:41,F3,73.388,0.0,2.163,38.658,7.556,normal
2026-09-30 20:08:41,F3,75.017,0.0,3.653,46.699,7.849,normal
2026-09-30 20:09:41,F3,59.615,0.0,1.685,39.568,9.475,normal
2026-09-30 20:10:41,F3,53.338,0.0,2.18,44.566,9.456,normal
2026-09-30 20:11:41,F3,65.633,0.0,3.187,50.765,9.69,normal
2026-09-30 20:12:41,F3,73.892,0.0,3.439,31.655,7.035,normal
2026-09-30 20:13:41,F3,74.144,0.0,3.021,35.238,10.469,normal
2026-09-30 20:14:41,F3,65.573,0.0,1.891,44.733,9.336,normal
2026-09-30 20:15:41,F3,71.068,0.159,2.928,45.5,8.002,normal
2026-09-30 20:16:41,F3,90.288,0.0,3.621,45.85,9.985,normal
2026-09-30 20:17:41,F3,61.147,0.0,2.51,40.361,6.312,normal
2026-09-30 20:18:41,F3,80.348,0.0,2.994,53.235,6.77,normal
2026-09-30 20:19:41,F3,68.978,0.0,2.797,51.431,7.979,normal
2026-09-30 20:20:41,F3,56.264,0.0,3.562,45.619,7.078,normal
2026-09-30 20:21:41,F3,65.245,0.0,2.697,35.384,11.449,normal
2026-09-30 20:22:41,F3,61.823,0.0,2.476,45.242,5.307,normal
2026-09-30 20:23:41,F3,85.424,0.0,2.306,51.967,3.267,normal
2026-09-30 20:24:41,F3,61.534,0.0,3.572,53.974,11.081,normal
2026-09-30 20:25:41,F3,71.353,0.0,2.667,50.187,9.693,normal
2026-09-30 20:26:41,F3,69.223,0.0,1.461,43.708,4.992,normal
2026-09-30 20:27:41,F3,59.539,0.0,0.777,56.153,8.023,normal
2026-09-30 20:28:41,F3,73.419,0.0,3.033,50.317,8.191,normal
2026-09-30 20:29:41,F3,60.96,0.0,2.151,53.423,6.81,normal
2026-09-30 20:30:41,F3,55.754,0.0,3.083,43.445,6.853,normal
2026-09-30 20:31:41,F3,82.205,0.0,2.128,54.419,3.079,normal
2026-09-30 20:32:41,F3,72.023,0.0,3.516,49.961,7.419,normal
2026-09-30 20:33:41,F3,54.677,0.0,3.139,40.021,7.871,normal
2026-09-30 20:34:41,F3,74.919,0.0,3.115,52.848,7.873,normal
2026-09-30 20:35:41,F3,51.714,0.0,2.86,42.836,9.904,normal
2026-09-30 20:36:41,F3,68.881,0.0,3.726,51.283,8.22,normal
2026-09-30 20:37:41,F3,66.007,0.0,2.215,39.707,7.462,normal
2026-09-30 20:38:41,F3,64.107,0.0,3.572,56.494,7.424,normal
2026-09-30 20:39:41,F3,59.261,0.0,2.029,56.303,5.244,normal
2026-09-30 20:40:41,F3,60.846,0.0,2.138,50.12,6.98,normal
2026-09-30 20:41:41,F3,75.279,0.0,3.269,33.852,5.662,normal
2026-09-30 20:42:41,F3,70.339,0.0,3.229,43.597,8.875,normal
2026-09-30 20:43:41,F3,75.817,0.0,3.222,54.805,6.514,normal
2026-09-30 20:44:41,F3,60.962,0.0,2.243,35.723,8.301,normal
2026-09-30 20:45:41,F3,75.068,0.0,2.945,39.345,8.26,normal
2026-09-30 20:46:41,F3,72.842,0.0,2.625,42.247,5.244,normal
2026-09-30 20:47:41,F3,53.223,0.0,2.216,50.384,4.875,normal
2026-09-30 20:48:41,F3,47.444,0.0,2.876,53.524,9.476,normal
2026-09-30 20:49:41,F3,58.224,0.0,2.644,29.717,7.1,normal
2026-09-30 20:50:41,F3,55.794,0.133,1.777,38.294,8.186,normal
2026-09-30 20:51:41,F3,62.456,0.182,3.388,47.191,9.726,normal
2026-09-30 20:52:41,F3,80.144,0.0,1.003,49.755,8.33,normal
2026-09-30 20:53:41,F3,74.123,0.0,2.244,58.126,7.769,normal
2026-09-30 20:54:41,F3,68.227,0.0,3.93,51.135,7.883,normal
2026-09-30 20:55:41,F3,61.233,0.0,3.024,41.104,9.239,normal
2026-09-30 20:56:41,F3,73.098,0.0,1.57,45.334,6.566,normal
2026-09-30 20:57:41,F3,74.89,0.116,3.132,46.712,5.743,normal
2026-09-30 20:58:41,F3,60.446,0.0,3.269,48.806,9.504,normal
2026-09-30 20:59:41,F3,64.095,0.0,4.163,45.951,7.86,normal
2026-09-30 21:00:41,F3,57.148,0.0,3.22,59.645,8.706,normal
2026-09-30 21:01:41,F3,63.522,0.0,2.83,52.454,10.226,normal
2026-09-30 21:02:41,F3,59.074,0.0,3.524,58.422,6.803,normal
2026-09-30 21:03:41,F3,57.93,0.0,4.342,53.222,6.734,normal
2026-09-30 21:04:41,F3,70.507,0.0,3.516,66.963,7.916,normal
2026-09-30 21:05:41,F3,65.331,0.0,2.652,45.865,9.247,normal
2026-09-30 21:06:41,F3,66.15,0.0,3.86,52.745,6.387,normal
2026-09-30 21:07:41,F3,55.486,0.0,3.493,34.868,4.796,normal
2026-09-30 21:08:41,F3,67.893,0.0,2.571,43.949,9.789,normal
2026-09-30 21:09:41,F3,61.971,0.0,3.725,47.256,7.935,normal
2026-09-30 21:10:41,F3,60.832,0.0,4.089,38.738,6.779,normal
2026-09-30 21:11:41,F3,65.428,0.0,1.45,44.095,3.909,normal
2026-09-30 21:12:41,F3,58.383,0.0,3.872,45.999,7.021,normal
2026-09-30 21:13:41,F3,59.473,0.0,2.97,41.781,8.844,normal
2026-09-30 21:14:41,F3,68.563,0.0,2.778,48.537,7.122,normal
2026-09-30 21:15:41,F3,80.763,0.0,3.666,42.291,9.106,normal
2026-09-30 21:16:41,F3,83.052,0.0,2.711,53.322,7.546,normal
2026-09-30 21:17:41,F3,73.357,0.0,2.981,48.919,11.135,normal
2026-09-30 21:18:41,F3,76.377,0.0,3.029,45.539,9.9,normal
2026-09-30 21:19:41,F3,72.835,0.0,3.269,43.18,9.815,normal
2026-09-30 21:20:41,F3,67.815,0.0,2.256,43.809,9.552,normal
2026-09-30 21:21:41,F3,66.614,0.0,3.81,48.268,6.361,normal
2026-09-30 21:22:41,F3,73.957,0.0,2.962,40.185,8.9,normal
2026-09-30 21:23:41,F3,69.661,0.0,3.493,47.557,4.7,normal
2026-09-30 21:24:41,F3,62.291,0.0,3.225,37.402,9.684,normal
2026-09-30 21:25:41,F3,79.39,0.0,1.923,54.371,8.032,normal
2026-09-30 21:26:41,F3,46.588,0.0,3.479,44.66,7.871,normal
2026-09-30 21:27:41,F3,58.357,0.0,1.68,41.424,12.742,normal
2026-09-30 21:28:41,F3,57.069,0.0,3.004,48.575,6.426,normal
2026-09-30 21:29:41,F3,63.721,0.0,2.253,44.591,6.018,normal
2026-09-30 21:30:41,F3,59.65,0.0,2.028,52.441,5.317,normal
2026-09-30 21:31:41,F3,64.941,0.0,2.968,35.607,8.991,normal
2026-09-30 21:32:41,F3,63.619,0.0,2.154,53.955,6.315,normal
2026-09-30 21:33:41,F3,63.908,0.0,2.228,44.081,9.464,normal
2026-09-30 21:34:41,F3,66.736,0.0,2.758,49.935,6.198,normal
2026-09-30 21:35:41,F3,67.93,0.0,2.654,53.093,8.809,normal
2026-09-30 21:36:41,F3,64.629,0.0,1.891,46.047,6.856,normal
2026-09-30 21:37:41,F3,77.349,0.0,1.347,48.903,6.847,normal
2026-09-30 21:38:41,F3,67.398,0.0,3.904,50.842,7.894,normal
2026-09-30 21:39:41,F3,51.604,0.083,3.53,48.743,6.265,normal
2026-09-30 21:40:41,F3,52.608,0.087,2.488,44.4,9.816,normal
2026-09-30 21:41:41,F3,70.542,0.0,2.793,55.762,8.775,normal
2026-09-30 21:42:41,F3,74.616,0.094,3.604,36.864,6.989,normal
2026-09-30 21:43:41,F3,74.363,0.0,3.515,51.954,8.105,normal
2026-09-30 21:44:41,F3,64.897,0.0,3.192,53.308,2.259,normal
2026-09-30 21:45:41,F3,77.593,0.077,2.601,40.91,7.631,normal
2026-09-30 21:46:41,F3,61.044,0.0,2.989,47.744,10.848,normal
2026-09-30 21:47:41,F3,82.247,0.091,2.726,48.523,5.83,normal
2026-09-30 21:48:41,F3,76.288,0.0,4.04,60.323,8.263,normal
2026-09-30 21:49:41,F3,62.175,0.0,4.509,58.529,7.457,normal
2026-09-30 21:50:41,F3,62.102,0.0,3.661,50.317,6.571,normal
2026-09-30 21:51:41,F3,52.719,0.0,3.076,57.188,4.783,normal
2026-09-30 21:52:41,F3,67.971,0.0,2.431,39.189,5.269,normal
2026-09-30 21:53:41,F3,71.72,0.0,2.272,53.78,8.033,normal
2026-09-30 21:54:41,F3,66.676,0.0,2.342,52.965,6.417,normal
2026-09-30 21:55:41,F3,69.363,0.0,2.183,48.356,9.556,normal
2026-09-30 21:56:41,F3,48.639,0.0,2.641,51.248,8.555,normal
2026-09-30 21:57:41,F3,65.133,0.0,2.757,42.899,7.373,normal
2026-09-30 21:58:41,F3,63.272,0.0,2.761,41.378,8.624,normal
2026-09-30 21:59:41,F3,76.698,0.0,3.176,38.929,7.457,normal
2026-09-30 22:00:41,F3,64.607,0.0,2.45,55.322,10.407,normal
2026-09-30 22:01:41,F3,61.365,0.0,2.944,36.507,5.93,normal
2026-09-30 22:02:41,F3,66.669,0.0,2.566,44.346,9.906,normal
2026-09-30 22:03:41,F3,65.608,0.0,3.973,41.174,6.195,normal
2026-09-30 22:04:41,F3,63.896,0.0,2.832,50.379,7.944,normal
2026-09-30 22:05:41,F3,71.321,0.208,1.888,58.952,9.254,normal
2026-09-30 22:06:41,F3,71.675,0.0,2.045,44.014,8.12,normal
2026-09-30 22:07:41,F3,94.533,0.0,2.757,51.119,7.705,normal
2026-09-30 22:08:41,F3,60.995,0.0,2.5,40.559,5.616,normal
2026-09-30 22:09:41,F3,63.816,0.101,3.298,45.663,9.598,normal
2026-09-30 22:10:41,F3,65.593,0.013,1.679,51.292,6.939,normal
2026-09-30 22:11:41,F3,66.514,0.0,1.768,52.586,6.761,normal
2026-09-30 22:12:41,F3,79.269,0.0,1.073,46.946,3.776,normal
2026-09-30 22:13:41,F3,86.255,0.172,2.45,53.648,8.235,normal
2026-09-30 22:14:41,F3,59.08,0.109,4.004,41.355,9.507,normal
2026-09-30 22:15:41,F3,62.079,0.0,3.153,44.035,9.812,normal
2026-09-30 22:16:41,F3,58.639,0.0,2.5,58.869,10.519,normal
2026-09-30 22:17:41,F3,74.581,0.0,4.517,41.458,5.764,normal
2026-09-30 22:18:41,F3,73.848,0.0,3.985,47.201,10.719,normal
2026-09-30 22:19:41,F3,78.244,0.0,2.845,50.879,8.569,normal
2026-09-30 22:20:41,F3,74.801,0.0,2.67,59.666,3.827,normal
2026-09-30 22:21:41,F3,64.537,0.0,3.183,61.299,6.94,normal
2026-09-30 22:22:41,F3,66.66,0.01,2.173,52.936,5.377,normal
2026-09-30 22:23:41,F3,75.126,0.0,2.073,39.912,5.906,normal
2026-09-30 22:24:41,F3,73.78,0.0,2.105,47.848,8.31,normal
2026-09-30 22:25:41,F3,93.113,0.0,2.265,33.121,10.406,normal
2026-09-30 22:26:41,F3,64.735,0.0,2.102,56.299,7.011,normal
2026-09-30 22:27:41,F3,58.697,0.051,3.053,38.508,10.629,normal
2026-09-30 22:28:41,F3,59.279,0.0,1.958,54.843,7.096,normal
2026-09-30 22:29:41,F3,66.542,0.0,3.195,51.462,4.138,normal
2026-09-30 22:30:41,F3,55.727,0.0,3.031,42.453,8.029,normal
2026-09-30 22:31:41,F3,60.823,0.0,4.9,45.725,9.404,normal
2026-09-30 22:32:41,F3,75.427,0.0,2.411,33.18,6.205,normal
2026-09-30 22:33:41,F3,71.59,0.0,2.276,39.38,6.633,normal
2026-09-30 22:34:41,F3,64.542,0.0,3.619,44.28,5.179,normal
2026-09-30 22:35:41,F3,65.385,0.0,3.629,57.545,6.372,normal
2026-09-30 22:36:41,F3,63.836,0.0,4.087,46.069,7.499,normal
2026-09-30 22:37:41,F3,62.722,0.0,3.745,56.457,4.114,normal
2026-09-30 22:38:41,F3,68.926,0.0,3.828,46.395,5.637,normal
2026-09-30 22:39:41,F3,70.037,0.0,2.247,53.161,6.449,normal
2026-09-30 22:40:41,F3,51.546,0.0,2.597,41.463,3.883,normal
2026-09-30 22:41:41,F3,62.61,0.0,2.344,51.095,6.862,normal
2026-09-30 22:42:41,F3,61.402,0.0,3.224,45.654,5.015,normal
2026-09-30 22:43:41,F3,72.189,0.0,3.6,51.887,9.01,normal
2026-09-30 22:44:41,F3,71.695,0.131,2.65,52.199,8.504,normal
2026-09-30 22:45:41,F3,69.471,0.0,3.31,54.694,7.615,normal
2026-09-30 22:46:41,F3,60.962,0.0,4.945,47.194,7.738,normal
2026-09-30 22:47:41,F3,65.471,0.0,2.61,48.137,9.09,normal
2026-09-30 22:48:41,F3,69.531,0.0,2.757,54.482,6.086,normal
2026-09-30 22:49:41,F3,72.988,0.025,2.895,46.739,6.251,normal
2026-09-30 22:50:41,F3,73.271,0.0,3.409,44.013,9.631,normal
2026-09-30 22:51:41,F3,68.28,0.131,4.076,50.047,6.498,normal
2026-09-30 22:52:41,F3,51.614,0.0,3.412,43.695,5.173,normal
2026-09-30 22:53:41,F3,73.351,0.0,1.749,63.883,9.921,normal
2026-09-30 22:54:41,F3,70.533,0.0,2.034,54.498,7.937,normal
2026-09-30 22:55:41,F3,52.375,0.0,2.6,54.713,5.243,normal
2026-09-30 22:56:41,F3,74.103,0.067,3.292,44.962,6.672,normal
2026-09-30 22:57:41,F3,73.805,0.0,2.486,51.193,8.667,normal
2026-09-30 22:58:41,F3,69.569,0.0,3.182,39.585,5.785,normal
2026-09-30 22:59:41,F3,74.007,0.0,2.682,52.586,6.379,normal
2026-09-30 23:00:41,F3,70.213,0.0,3.178,38.81,6.745,normal
2026-09-30 23:01:41,F3,69.801,0.0,2.633,56.255,5.961,normal
2026-09-30 23:02:41,F3,74.999,0.0,2.167,48.297,7.19,normal
2026-09-30 23:03:41,F3,58.125,0.111,3.807,48.889,6.163,normal
2026-09-30 23:04:41,F3,65.146,0.0,2.754,43.639,9.68,normal
2026-09-30 23:05:41,F3,71.795,0.0,3.426,50.748,5.057,normal
2026-09-30 23:06:41,F3,72.137,0.0,3.854,57.908,6.16,normal
2026-09-30 23:07:41,F3,56.243,0.0,2.841,43.698,6.709,normal
2026-09-30 23:08:41,F3,79.566,0.0,3.534,45.828,8.335,normal
2026-09-30 23:09:41,F3,70.719,0.0,1.936,50.148,7.893,normal
2026-09-30 23:10:41,F3,94.982,0.0,3.4,48.48,6.128,normal
2026-09-30 23:11:41,F3,55.25,0.0,2.377,51.035,8.28,normal
2026-09-30 23:12:41,F3,83.647,0.0,3.252,52.969,6.345,normal
2026-09-30 23:13:41,F3,65.578,0.0,2.365,47.977,7.177,normal
2026-09-30 23:14:41,F3,68.58,0.0,2.562,46.274,8.728,normal
2026-09-30 23:15:41,F3,61.965,0.0,3.087,58.808,12.801,normal
2026-09-30 23:16:41,F3,75.743,0.0,2.764,46.873,6.174,normal
2026-09-30 23:17:41,F3,86.664,0.0,4.075,37.654,7.079,normal
2026-09-30 23:18:41,F3,76.577,0.0,1.987,38.472,6.345,normal
2026-09-30 23:19:41,F3,75.501,0.0,2.187,37.807,7.399,normal
2026-09-30 23:20:41,F3,74.888,0.0,2.05,39.914,4.731,normal
2026-09-30 23:21:41,F3,54.066,0.0,2.905,68.451,8.83,normal
2026-09-30 23:22:41,F3,70.17,0.0,3.475,53.114,7.441,normal
2026-09-30 23:23:41,F3,56.664,0.0,2.31,33.224,8.335,normal
2026-09-30 23:24:41,F3,78.493,0.245,2.493,62.094,7.83,normal
2026-09-30 23:25:41,F3,62.038,0.0,3.372,52.506,8.886,normal
2026-09-30 23:26:41,F3,50.808,0.0,2.465,51.554,6.286,normal
2026-09-30 23:27:41,F3,53.515,0.0,3.805,51.352,9.38,normal
2026-09-30 23:28:41,F3,72.042,0.0,2.869,53.34,5.379,normal
2026-09-30 23:29:41,F3,68.101,0.0,2.548,51.286,4.648,normal
2026-09-30 23:30:41,F3,76.202,0.0,1.464,43.883,5.6,normal
2026-09-30 23:31:41,F3,67.907,0.058,1.529,48.176,6.761,normal
2026-09-30 23:32:41,F3,69.95,0.024,3.728,61.997,4.295,normal
2026-09-30 23:33:41,F3,72.225,0.14,2.85,50.571,7.758,normal
2026-09-30 23:34:41,F3,79.559,0.0,3.615,49.342,7.6,normal
2026-09-30 23:35:41,F3,59.921,0.0,2.897,39.349,7.625,normal
2026-09-30 23:36:41,F3,77.528,0.0,3.312,45.279,8.509,normal
2026-09-30 23:37:41,F3,70.376,0.27,4.072,33.646,8.01,normal
2026-09-30 23:38:41,F3,78.039,0.103,3.597,31.755,7.585,normal
2026-09-30 23:39:41,F3,81.163,0.0,2.563,52.966,6.109,normal
2026-09-30 23:40:41,F3,69.99,0.095,2.823,42.712,9.789,normal
2026-09-30 23:41:41,F3,61.659,0.0,2.439,52.915,6.666,normal
2026-09-30 23:42:41,F3,69.571,0.195,3.366,55.511,9.219,normal
2026-09-30 23:43:41,F3,66.579,0.0,2.114,47.006,8.795,normal
2026-09-30 23:44:41,F3,54.208,0.147,2.978,39.539,4.242,normal
2026-09-30 23:45:41,F3,83.247,0.0,2.275,41.423,12.085,normal
2026-09-30 23:46:41,F3,70.079,0.014,2.712,50.843,9.016,normal
2026-09-30 23:47:41,F3,62.848,0.02,3.568,53.463,10.389,normal
2026-09-30 23:48:41,F3,55.801,0.0,2.661,41.68,8.886,normal
2026-09-30 23:49:41,F3,71.446,0.0,3.046,52.497,7.512,normal
2026-09-30 23:50:41,F3,60.788,0.0,2.537,48.248,7.368,normal
2026-09-30 23:51:41,F3,72.409,0.0,1.99,42.859,10.71,normal
2026-09-30 23:52:41,F3,76.761,0.0,3.244,32.477,7.55,normal
2026-09-30 23:53:41,F3,74.647,0.0,3.242,52.054,5.227,normal
2026-09-30 23:54:41,F3,67.945,0.0,4.061,43.467,7.955,normal
2026-09-30 23:55:41,F3,68.316,0.0,2.502,49.584,7.969,normal
2026-09-30 23:56:41,F3,61.179,0.01,2.113,42.741,5.22,normal
2026-09-30 23:57:41,F3,65.79,0.0,2.594,39.758,8.777,normal
2026-09-30 23:58:41,F3,52.591,0.0,3.472,45.016,7.246,normal
2026-09-30 23:59:41,F3,54.916,0.266,0.85,53.454,7.317,normal
2026-10-01 00:00:41,F3,66.612,0.0,3.204,59.41,4.25,normal
2026-10-01 00:01:41,F3,63.993,0.0,2.282,43.646,8.281,normal
2026-10-01 00:02:41,F3,61.347,0.189,2.575,50.641,9.024,normal
2026-10-01 00:03:41,F3,70.723,0.0,2.413,48.031,6.615,normal
2026-10-01 00:04:41,F3,76.4,0.0,2.119,44.324,7.007,normal
2026-10-01 00:05:41,F3,69.995,0.345,3.082,36.89,7.291,normal
2026-10-01 00:06:41,F3,57.788,0.019,2.865,43.995,8.601,normal
2026-10-01 00:07:41,F3,63.456,0.0,3.193,52.473,8.438,normal
2026-10-01 00:08:41,F3,68.597,0.186,3.521,38.491,8.949,normal
2026-10-01 00:09:41,F3,68.17,0.042,2.964,51.333,7.517,normal
2026-10-01 00:10:41,F3,64.764,0.0,3.373,60.102,7.621,normal
2026-10-01 00:11:41,F3,75.966,0.0,2.025,37.976,8.262,normal
2026-10-01 00:12:41,F3,61.024,0.0,2.846,45.924,9.927,normal
2026-10-01 00:13:41,F3,71.717,0.0,3.079,49.24,7.984,normal
2026-10-01 00:14:41,F3,79.269,0.0,2.524,68.202,4.957,normal
2026-10-01 00:15:41,F3,60.558,0.0,4.369,43.726,8.393,normal
2026-10-01 00:16:41,F3,81.372,0.0,3.028,45.656,8.856,normal
2026-10-01 00:17:41,F3,61.754,0.0,3.035,55.351,6.635,normal
2026-10-01 00:18:41,F3,66.106,0.0,2.395,57.902,9.761,normal
2026-10-01 00:19:41,F3,67.108,0.0,2.169,49.859,9.786,normal
2026-10-01 00:20:41,F3,58.29,0.0,3.484,49.466,7.402,normal
2026-10-01 00:21:41,F3,64.6,0.0,4.674,54.098,9.565,normal
2026-10-01 00:22:41,F3,57.646,0.0,2.915,46.075,8.902,normal
2026-10-01 00:23:41,F3,64.21,0.135,4.019,49.0,10.105,normal
2026-10-01 00:24:41,F3,75.613,0.102,2.902,48.99,10.234,normal
2026-10-01 00:25:41,F3,60.286,0.0,4.208,45.156,8.234,normal
2026-10-01 00:26:41,F3,60.841,0.0,3.34,34.338,7.946,normal
2026-10-01 00:27:41,F3,71.889,0.0,3.533,39.536,9.823,normal
2026-10-01 00:28:41,F3,66.559,0.158,1.571,53.622,7.476,normal
2026-10-01 00:29:41,F3,49.802,0.0,2.044,44.067,8.86,normal
2026-10-01 00:30:41,F3,77.183,0.259,3.03,41.249,7.761,normal
2026-10-01 00:31:41,F3,82.357,0.04,3.214,50.101,5.084,normal
2026-10-01 00:32:41,F3,70.163,0.0,3.094,50.395,5.311,normal
2026-10-01 00:33:41,F3,74.289,0.0,2.428,42.311,6.553,normal
2026-10-01 00:34:41,F3,82.728,0.0,2.485,58.021,9.271,normal
2026-10-01 00:35:41,F3,67.378,0.0,2.067,45.806,6.529,normal
2026-10-01 00:36:41,F3,66.861,0.0,2.249,46.977,6.061,normal
2026-10-01 00:37:41,F3,69.549,0.0,3.851,39.946,5.995,normal
2026-10-01 00:38:41,F3,74.263,0.017,3.759,49.763,6.103,normal
2026-10-01 00:39:41,F3,79.581,0.0,3.804,54.792,7.049,normal
2026-10-01 00:40:41,F3,64.125,0.0,2.665,35.786,11.16,normal
2026-10-01 00:41:41,F3,74.366,0.0,3.814,51.584,5.761,normal
2026-10-01 00:42:41,F3,67.77,0.0,3.258,47.392,9.874,normal
2026-10-01 00:43:41,F3,62.99,0.0,3.715,27.677,5.58,normal
2026-10-01 00:44:41,F3,63.257,0.312,3.359,54.124,4.966,normal
2026-10-01 00:45:41,F3,80.506,0.0,2.065,43.984,8.209,normal
2026-10-01 00:46:41,F3,56.87,0.003,2.907,40.17,6.74,normal
2026-10-01 00:47:41,F3,58.526,0.0,3.953,49.825,9.059,normal
2026-10-01 00:48:41,F3,66.892,0.0,2.048,56.434,7.778,normal
2026-10-01 00:49:41,F3,68.011,0.211,2.484,54.697,7.36,normal
2026-10-01 00:50:41,F3,64.415,0.128,3.684,56.317,8.465,normal
2026-10-01 00:51:41,F3,61.966,0.0,2.0,57.292,7.381,normal
2026-10-01 00:52:41,F3,66.243,0.0,3.317,38.552,4.61,normal
2026-10-01 00:53:41,F3,98.724,0.0,4.215,34.803,7.344,normal
2026-10-01 00:54:41,F3,60.151,0.0,2.937,44.902,6.751,normal
2026-10-01 00:55:41,F3,61.922,0.038,3.411,47.565,7.836,normal
2026-10-01 00:56:41,F3,72.029,0.0,2.444,43.335,7.446,normal
2026-10-01 00:57:41,F3,63.113,0.037,2.23,52.196,6.424,normal
2026-10-01 00:58:41,F3,77.552,0.0,2.115,51.323,7.907,normal
2026-10-01 00:59:41,F3,61.819,0.14,3.947,55.849,8.98,normal
2026-10-01 01:00:41,F3,72.623,0.0,2.971,57.305,8.717,normal
2026-10-01 01:01:41,F3,70.051,0.063,3.177,39.409,9.536,normal
2026-10-01 01:02:41,F3,77.727,0.0,2.22,54.249,5.571,normal
2026-10-01 01:03:41,F3,66.69,0.0,4.141,55.771,10.075,normal
2026-10-01 01:04:41,F3,79.603,0.01,3.549,54.933,7.156,normal
2026-10-01 01:05:41,F3,66.915,0.02,2.468,51.791,7.393,normal
2026-10-01 01:06:41,F3,78.391,0.0,2.334,52.486,6.75,normal
2026-10-01 01:07:41,F3,80.613,0.0,3.451,37.217,9.781,normal
2026-10-01 01:08:41,F3,73.136,0.0,2.549,50.055,9.837,normal
2026-10-01 01:09:41,F3,52.855,0.0,2.608,48.153,5.474,normal
2026-10-01 01:10:41,F3,62.034,0.0,2.861,41.662,9.284,normal
2026-10-01 01:11:41,F3,63.851,0.0,2.606,58.852,6.82,normal
2026-10-01 01:12:41,F3,65.753,0.069,3.415,38.166,4.945,normal
2026-10-01 01:13:41,F3,70.735,0.0,3.502,49.953,8.157,normal
2026-10-01 01:14:41,F3,74.535,0.0,3.191,36.954,8.924,normal
2026-10-01 01:15:41,F3,56.695,0.198,3.285,41.703,6.863,normal
2026-10-01 01:16:41,F3,81.0,0.152,2.774,54.344,7.562,normal
2026-10-01 01:17:41,F3,78.742,0.235,2.521,47.993,7.892,normal
2026-10-01 01:18:41,F3,72.934,0.024,3.391,56.278,3.795,normal
2026-10-01 01:19:41,F3,65.891,0.0,2.013,44.643,7.539,normal
2026-10-01 01:20:41,F3,83.295,0.036,3.511,37.964,9.29,normal
2026-10-01 01:21:41,F3,63.195,0.0,2.932,43.143,7.031,normal
2026-10-01 01:22:41,F3,78.276,0.0,3.014,49.707,7.233,normal
2026-10-01 01:23:41,F3,77.571,0.006,2.668,43.204,6.515,normal
2026-10-01 01:24:41,F3,57.209,0.045,4.129,47.023,9.81,normal
2026-10-01 01:25:41,F3,63.802,0.208,3.907,50.893,8.737,normal
2026-10-01 01:26:41,F3,74.324,0.0,1.756,54.458,7.602,normal
2026-10-01 01:27:41,F3,55.725,0.215,3.442,35.418,6.457,normal
2026-10-01 01:28:41,F3,60.106,0.206,3.487,43.03,7.635,normal
2026-10-01 01:29:41,F3,57.652,0.0,3.442,53.66,8.03,normal
2026-10-01 01:30:41,F3,76.396,0.078,3.722,54.565,8.776,normal
2026-10-01 01:31:41,F3,70.123,0.0,2.287,47.872,5.845,normal
2026-10-01 01:32:41,F3,80.821,0.0,2.923,46.382,10.199,normal
2026-10-01 01:33:41,F3,85.336,0.0,2.617,48.525,7.977,normal
2026-10-01 01:34:41,F3,71.433,0.0,1.864,63.08,9.894,normal
2026-10-01 01:35:41,F3,81.634,0.251,2.401,49.988,8.553,normal
2026-10-01 01:36:41,F3,66.828,0.0,2.987,43.848,8.344,normal
2026-10-01 01:37:41,F3,74.586,0.0,3.317,46.619,5.216,normal
2026-10-01 01:38:41,F3,67.145,0.41,3.332,43.143,9.696,normal
2026-10-01 01:39:41,F3,68.822,0.086,4.163,50.85,7.573,normal
2026-10-01 01:40:41,F3,92.086,0.0,2.707,52.294,7.482,normal
2026-10-01 01:41:41,F3,56.452,0.0,2.399,44.032,11.153,normal
2026-10-01 01:42:41,F3,70.469,0.0,3.061,45.451,11.477,normal
2026-10-01 01:43:41,F3,72.29,0.027,3.613,47.09,7.491,normal
2026-10-01 01:44:41,F3,64.326,0.223,3.663,39.726,5.927,normal
2026-10-01 01:45:41,F3,75.315,0.023,3.991,38.754,6.722,normal
2026-10-01 01:46:41,F3,70.639,0.139,3.549,45.924,7.552,normal
2026-10-01 01:47:41,F3,62.594,0.046,2.679,41.004,6.22,normal
2026-10-01 01:48:41,F3,52.935,0.114,3.92,52.549,8.251,normal
2026-10-01 01:49:41,F3,76.533,0.469,3.201,42.555,8.637,normal
2026-10-01 01:50:41,F3,75.92,0.0,3.758,52.97,7.233,normal
2026-10-01 01:51:41,F3,66.95,0.016,2.017,41.609,5.391,normal
2026-10-01 01:52:41,F3,73.571,0.0,2.974,32.658,5.46,normal
2026-10-01 01:53:41,F3,64.048,0.01,2.636,50.526,6.17,normal
2026-10-01 01:54:41,F3,79.994,0.236,2.67,49.202,6.346,normal
2026-10-01 01:55:41,F3,61.637,0.386,3.581,47.575,9.734,normal
2026-10-01 01:56:41,F3,63.758,0.0,3.877,42.434,8.846,normal
2026-10-01 01:57:41,F3,72.3,0.094,3.924,53.81,7.263,normal
2026-10-01 01:58:41,F3,60.117,0.612,2.359,54.471,7.248,normal
2026-10-01 01:59:41,F3,67.22,0.023,2.205,45.164,10.965,normal
2026-10-01 02:00:41,F3,44.079,0.052,3.613,46.129,10.071,normal
2026-10-01 02:01:41,F3,68.905,0.0,3.249,49.412,8.72,normal
2026-10-01 02:02:41,F3,61.783,0.0,4.394,61.183,6.752,normal
2026-10-01 02:03:41,F3,66.163,0.0,2.728,47.182,7.071,normal
2026-10-01 02:04:41,F3,53.851,0.022,2.794,48.95,8.436,normal
2026-10-01 02:05:41,F3,55.825,0.0,2.347,39.397,8.74,normal
2026-10-01 02:06:41,F3,52.473,0.065,3.31,60.953,9.749,normal
2026-10-01 02:07:41,F3,85.889,0.077,2.005,48.843,5.678,normal
2026-10-01 02:08:41,F3,56.191,0.111,2.57,46.02,10.977,normal
2026-10-01 02:09:41,F3,57.02,0.359,2.644,49.207,7.601,normal
2026-10-01 02:10:41,F3,71.215,0.0,3.262,44.588,7.805,normal
2026-10-01 02:11:41,F3,55.595,0.0,2.1,40.414,7.582,normal
2026-10-01 02:12:41,F3,66.283,0.0,3.637,49.41,7.224,normal
2026-10-01 02:13:41,F3,72.515,0.05,2.355,46.287,8.138,normal
2026-10-01 02:14:41,F3,70.016,0.036,2.228,54.513,9.111,normal
2026-10-01 02:15:41,F3,61.968,0.082,3.719,40.036,6.552,normal
2026-10-01 02:16:41,F3,55.526,0.12,3.999,50.253,5.083,normal
2026-10-01 02:17:41,F3,75.802,0.191,3.073,65.602,6.63,normal
2026-10-01 02:18:41,F3,64.085,0.043,3.092,49.547,8.357,normal
2026-10-01 02:19:41,F3,68.494,0.329,4.723,47.921,4.945,normal
2026-10-01 02:20:41,F3,69.441,0.0,3.599,43.346,9.798,normal
2026-10-01 02:21:41,F3,54.576,0.234,3.466,52.055,6.351,normal
2026-10-01 02:22:41,F3,59.669,0.328,3.355,32.917,7.637,normal
2026-10-01 02:23:41,F3,66.537,0.0,1.241,28.071,9.998,normal
2026-10-01 02:24:41,F3,70.832,0.0,2.386,57.811,8.822,normal
2026-10-01 02:25:41,F3,63.006,0.091,3.173,39.356,5.123,normal
2026-10-01 02:26:41,F3,74.972,0.01,3.273,49.919,7.482,normal
2026-10-01 02:27:41,F3,75.171,0.057,2.926,29.23,7.055,normal
2026-10-01 02:28:41,F3,71.91,0.297,2.696,40.974,7.127,normal
2026-10-01 02:29:41,F3,53.163,0.424,2.751,42.863,8.283,normal
2026-10-01 02:30:41,F3,63.047,0.0,3.088,51.856,7.991,normal
2026-10-01 02:31:41,F3,84.16,0.0,2.83,48.896,11.253,normal
2026-10-01 02:32:41,F3,83.94,0.012,3.335,44.181,6.448,normal
2026-10-01 02:33:41,F3,80.328,0.367,2.944,49.555,6.301,normal
2026-10-01 02:34:41,F3,69.849,0.427,3.564,46.244,5.36,normal
2026-10-01 02:35:41,F3,65.317,0.0,3.499,60.899,5.308,normal
2026-10-01 02:36:41,F3,65.896,0.349,1.86,41.073,8.875,normal
2026-10-01 02:37:41,F3,63.195,0.403,2.781,56.313,8.745,normal
2026-10-01 02:38:41,F3,79.838,0.562,3.263,47.598,8.452,normal
2026-10-01 02:39:41,F3,73.814,0.283,2.871,89.718,7.796,normal
2026-10-01 02:40:41,F3,69.619,0.509,1.964,62.514,3.901,normal
2026-10-01 02:41:41,F3,58.397,0.382,3.492,36.779,6.397,normal
2026-10-01 02:42:41,F3,76.662,0.214,3.382,41.179,7.091,normal
2026-10-01 02:43:41,F3,67.178,0.1,3.323,44.781,6.771,normal
2026-10-01 02:44:41,F3,58.376,0.217,3.955,49.406,7.311,normal
2026-10-01 02:45:41,F3,64.621,0.124,1.971,48.424,8.328,normal
2026-10-01 02:46:41,F3,72.366,0.0,2.938,47.224,8.036,normal
2026-10-01 02:47:41,F3,57.583,0.631,3.919,43.766,7.261,normal
2026-10-01 02:48:41,F3,55.787,0.467,2.773,46.043,7.163,normal
2026-10-01 02:49:41,F3,54.238,0.157,2.994,37.731,9.824,normal
2026-10-01 02:50:41,F3,66.594,0.0,3.682,48.192,9.182,normal
2026-10-01 02:51:41,F3,74.808,0.384,3.151,55.682,8.014,normal
2026-10-01 02:52:41,F3,55.169,0.398,2.461,51.866,7.114,normal
2026-10-01 02:53:41,F3,67.147,0.0,2.815,40.001,10.412,normal
2026-10-01 02:54:41,F3,82.342,0.0,3.834,48.587,9.844,normal
2026-10-01 02:55:41,F3,78.306,0.0,1.785,39.783,8.461,normal
2026-10-01 02:56:41,F3,72.657,0.0,4.613,42.759,7.881,normal
2026-10-01 02:57:41,F3,58.007,0.0,2.142,63.686,10.739,normal
2026-10-01 02:58:41,F3,67.335,0.075,2.539,49.983,7.253,normal
2026-10-01 02:59:41,F3,76.71,0.1,2.66,38.216,8.536,normal
2026-10-01 03:00:41,F3,67.286,0.089,4.553,43.86,8.111,normal
2026-10-01 03:01:41,F3,75.497,0.0,2.466,61.357,8.064,normal
2026-10-01 03:02:41,F3,72.326,0.0,3.038,43.541,4.136,normal
2026-10-01 03:03:41,F3,69.73,0.023,3.683,50.178,6.01,normal
2026-10-01 03:04:41,F3,63.125,0.249,3.487,37.587,8.764,normal
2026-10-01 03:05:41,F3,75.674,0.355,2.905,46.315,6.853,normal
2026-10-01 03:06:41,F3,76.717,0.263,2.245,28.048,7.786,normal
2026-10-01 03:07:41,F3,70.879,0.0,3.043,51.365,8.632,normal
2026-10-01 03:08:41,F3,64.326,0.105,3.278,46.318,9.147,normal
2026-10-01 03:09:41,F3,65.417,0.151,4.435,54.305,10.192,normal
2026-10-01 03:10:41,F3,50.936,0.0,2.526,48.006,9.382,normal
2026-10-01 03:11:41,F3,71.34,0.032,2.856,52.399,8.755,normal
2026-10-01 03:12:41,F3,60.773,0.196,2.319,43.421,10.502,normal
2026-10-01 03:13:41,F3,68.136,0.012,3.162,48.202,6.849,normal
2026-10-01 03:14:41,F3,64.573,0.0,3.978,35.553,5.004,normal
2026-10-01 03:15:41,F3,60.597,0.0,1.991,50.116,7.678,normal
2026-10-01 03:16:41,F3,58.265,0.045,3.874,38.672,9.463,normal
2026-10-01 03:17:41,F3,74.865,0.033,1.722,52.308,6.959,normal
2026-10-01 03:18:41,F3,76.062,0.0,2.751,33.988,8.474,normal
2026-10-01 03:19:41,F3,66.139,0.43,3.585,44.185,9.133,normal
2026-10-01 03:20:41,F3,79.012,0.195,1.912,42.133,8.097,normal
2026-10-01 03:21:41,F3,71.365,0.235,3.416,45.449,8.946,normal
2026-10-01 03:22:41,F3,72.153,0.0,2.376,50.217,6.834,normal
2026-10-01 03:23:41,F3,61.528,0.0,3.705,46.955,7.601,normal
2026-10-01 03:24:41,F3,69.614,0.083,1.783,37.534,9.222,normal
2026-10-01 03:25:41,F3,77.278,0.0,4.239,55.072,8.291,normal
2026-10-01 03:26:41,F3,74.475,0.071,3.702,54.345,8.809,normal
2026-10-01 03:27:41,F3,71.547,0.0,2.188,44.023,9.073,normal
2026-10-01 03:28:41,F3,87.644,0.0,4.555,37.144,7.141,normal
2026-10-01 03:29:41,F3,77.837,0.422,3.576,36.532,8.357,normal
2026-10-01 03:30:41,F3,66.104,0.117,3.641,36.641,9.14,normal
2026-10-01 03:31:41,F3,80.535,0.0,4.807,45.026,8.016,normal
2026-10-01 03:32:41,F3,55.662,0.105,4.08,58.671,6.914,normal
2026-10-01 03:33:41,F3,60.85,0.155,2.36,35.877,8.125,normal
2026-10-01 03:34:41,F3,69.663,0.0,1.852,62.073,9.877,normal
2026-10-01 03:35:41,F3,88.152,0.117,3.922,51.308,8.553,normal
2026-10-01 03:36:41,F3,69.594,0.153,3.399,36.848,7.257,normal
2026-10-01 03:37:41,F3,71.969,0.257,4.076,44.397,8.868,normal
2026-10-01 03:38:41,F3,62.852,0.273,3.678,51.19,7.601,normal
2026-10-01 03:39:41,F3,69.831,0.185,2.826,56.254,8.158,normal
2026-10-01 03:40:41,F3,78.405,0.252,2.983,45.367,7.166,normal
2026-10-01 03:41:41,F3,57.488,0.0,3.65,46.856,5.75,normal
2026-10-01 03:42:41,F3,80.281,0.312,2.36,30.91,7.855,normal
2026-10-01 03:43:41,F3,66.662,0.0,2.998,47.783,7.666,normal
2026-10-01 03:44:41,F3,64.103,0.259,2.709,46.193,4.548,normal
2026-10-01 03:45:41,F3,75.044,0.008,3.41,34.749,9.635,normal
2026-10-01 03:46:41,F3,74.098,0.525,3.081,45.794,8.249,normal
2026-10-01 03:47:41,F3,69.624,0.0,3.713,45.39,6.172,normal
2026-10-01 03:48:41,F3,56.631,0.328,4.365,38.626,7.798,normal
2026-10-01 03:49:41,F3,61.416,0.429,2.058,38.331,10.199,normal
2026-10-01 03:50:41,F3,66.574,0.496,2.293,31.894,9.451,normal
2026-10-01 03:51:41,F3,78.017,0.203,2.871,48.665,6.312,normal
2026-10-01 03:52:41,F3,78.675,0.075,3.138,54.395,8.132,normal
2026-10-01 03:53:41,F3,73.573,0.204,2.38,44.265,9.362,normal
2026-10-01 03:54:41,F3,62.106,0.256,2.962,48.311,8.762,normal
2026-10-01 03:55:41,F3,70.707,0.242,4.291,54.859,6.773,normal
2026-10-01 03:56:41,F3,67.688,0.128,3.058,58.239,9.002,normal
2026-10-01 03:57:41,F3,64.53,0.0,3.084,46.502,6.507,normal
2026-10-01 03:58:41,F3,60.918,0.155,3.399,57.08,9.407,normal
2026-10-01 03:59:41,F3,62.983,0.331,2.852,49.75,7.568,normal
2026-10-01 04:00:41,F3,61.476,0.385,3.38,38.177,5.664,normal
2026-10-01 04:01:41,F3,66.362,0.102,3.178,50.312,7.64,normal
2026-10-01 04:02:41,F3,75.259,0.021,3.055,45.242,9.772,normal
2026-10-01 04:03:41,F3,79.211,0.03,3.085,42.795,8.575,normal
2026-10-01 04:04:41,F3,77.795,0.0,2.799,39.488,5.153,normal
2026-10-01 04:05:41,F3,80.371,0.086,2.581,64.39,10.189,normal
2026-10-01 04:06:41,F3,72.3,0.4,3.254,49.011,7.028,normal
2026-10-01 04:07:41,F3,71.97,0.161,2.683,49.161,6.89,normal
2026-10-01 04:08:41,F3,67.016,0.049,2.884,45.348,11.412,normal
2026-10-01 04:09:41,F3,69.608,0.165,4.317,51.091,7.173,normal
2026-10-01 04:10:41,F3,74.609,0.22,3.689,48.017,9.575,normal
2026-10-01 04:11:41,F3,67.797,0.09,2.878,65.386,9.125,normal
2026-10-01 04:12:41,F3,64.453,0.329,3.555,47.589,8.084,normal
2026-10-01 04:13:41,F3,67.245,0.0,2.988,43.292,5.345,normal
2026-10-01 04:14:41,F3,87.064,0.214,3.961,46.464,7.205,normal
2026-10-01 04:15:41,F3,65.694,0.134,3.288,43.293,10.416,normal
2026-10-01 04:16:41,F3,72.577,0.0,3.288,47.269,9.348,normal
2026-10-01 04:17:41,F3,73.725,0.106,4.163,46.144,4.951,normal
2026-10-01 04:18:41,F3,64.567,0.202,4.329,57.609,6.768,normal
2026-10-01 04:19:41,F3,63.452,0.329,1.503,59.176,5.844,normal
2026-10-01 04:20:41,F3,46.484,0.0,3.344,61.071,7.234,normal
2026-10-01 04:21:41,F3,59.041,0.393,3.314,38.328,6.691,normal
2026-10-01 04:22:41,F3,73.216,0.278,3.715,52.581,8.856,normal
2026-10-01 04:23:41,F3,60.857,0.023,3.342,49.187,4.418,normal
2026-10-01 04:24:41,F3,66.054,0.196,3.387,47.645,6.97,normal
2026-10-01 04:25:41,F3,68.172,0.238,2.799,51.891,8.521,normal
2026-10-01 04:26:41,F3,71.185,0.094,3.659,58.182,8.309,normal
2026-10-01 04:27:41,F3,72.374,0.089,2.344,50.655,10.07,normal
2026-10-01 04:28:41,F3,73.662,0.31,2.862,43.828,9.85,normal
2026-10-01 04:29:41,F3,62.802,0.219,3.485,44.448,10.411,normal
2026-10-01 04:30:41,F3,72.364,0.354,2.848,55.913,9.501,normal
2026-10-01 04:31:41,F3,73.481,0.147,3.7,41.527,6.004,normal
2026-10-01 04:32:41,F3,80.812,0.149,4.7,42.798,9.501,normal
2026-10-01 04:33:41,F3,70.784,0.27,3.241,57.772,8.08,normal
2026-10-01 04:34:41,F3,64.536,0.298,3.533,57.935,6.34,normal
2026-10-01 04:35:41,F3,67.788,0.349,4.361,43.437,8.595,normal
2026-10-01 04:36:41,F3,50.616,0.219,4.291,61.221,7.93,normal
2026-10-01 04:37:41,F3,70.826,0.331,0.897,43.139,7.58,normal
2026-10-01 04:38:41,F3,69.896,0.222,3.508,43.241,7.57,normal
2026-10-01 04:39:41,F3,68.59,0.484,3.584,48.898,6.746,normal
2026-10-01 04:40:41,F3,71.636,0.323,3.353,40.276,9.282,normal
2026-10-01 04:41:41,F3,69.39,0.127,3.129,41.456,4.791,normal
2026-10-01 04:42:41,F3,67.742,0.509,2.821,40.955,7.372,normal
2026-10-01 04:43:41,F3,65.714,0.269,3.945,32.051,9.272,normal
2026-10-01 04:44:41,F3,61.262,0.332,3.098,40.826,6.807,normal
2026-10-01 04:45:41,F3,72.815,0.415,3.74,32.112,7.23,normal
2026-10-01 04:46:41,F3,68.455,0.0,3.044,51.649,10.292,normal
2026-10-01 04:47:41,F3,83.726,0.112,3.015,51.533,7.046,normal
2026-10-01 04:48:41,F3,72.887,0.433,4.022,47.283,9.26,normal
2026-10-01 04:49:41,F3,52.023,0.0,3.863,46.711,6.787,normal
2026-10-01 04:50:41,F3,71.923,0.519,3.629,47.278,6.648,normal
2026-10-01 04:51:41,F3,70.417,0.098,3.503,49.725,6.087,normal
2026-10-01 04:52:41,F3,74.819,0.514,3.793,46.88,8.244,normal
2026-10-01 04:53:41,F3,67.272,0.205,3.988,45.511,7.204,normal
2026-10-01 04:54:41,F3,65.881,0.0,3.509,48.098,7.883,normal
2026-10-01 04:55:41,F3,68.118,0.0,3.579,42.862,8.358,normal
2026-10-01 04:56:41,F3,67.568,0.637,2.446,36.613,8.423,normal
2026-10-01 04:57:41,F3,69.534,0.446,3.327,44.981,9.182,normal
2026-10-01 04:58:41,F3,73.378,0.459,4.512,52.783,9.94,normal
2026-10-01 04:59:41,F3,58.088,0.359,2.566,44.391,7.963,normal
2026-10-01 05:00:41,F3,55.675,0.423,3.874,41.027,6.146,normal
2026-10-01 05:01:41,F3,66.373,0.501,3.117,41.128,7.539,normal
2026-10-01 05:02:41,F3,67.813,0.281,3.724,62.953,7.197,normal
2026-10-01 05:03:41,F3,67.988,0.332,4.507,50.058,7.171,normal
2026-10-01 05:04:41,F3,69.237,0.0,3.433,54.396,11.314,normal
2026-10-01 05:05:41,F3,65.641,0.332,2.102,50.972,5.872,normal
2026-10-01 05:06:41,F3,72.216,0.182,2.56,51.346,8.66,normal
2026-10-01 05:07:41,F3,57.119,0.257,3.45,49.688,6.476,normal
2026-10-01 05:08:41,F3,79.814,0.744,3.4,58.556,7.967,normal
2026-10-01 05:09:41,F3,74.988,0.209,4.691,48.712,6.315,normal
2026-10-01 05:10:41,F3,70.076,0.476,2.818,53.576,9.085,normal
2026-10-01 05:11:41,F3,67.024,0.1,3.311,54.812,7.669,normal
2026-10-01 05:12:41,F3,63.114,0.589,2.844,53.798,6.495,normal
2026-10-01 05:13:41,F3,66.368,0.017,3.417,54.135,5.453,normal
2026-10-01 05:14:41,F3,65.967,0.057,3.038,34.811,8.746,normal
2026-10-01 05:15:41,F3,76.861,0.506,3.453,51.317,9.292,normal
2026-10-01 05:16:41,F3,66.592,0.266,3.361,50.01,8.524,normal
2026-10-01 05:17:41,F3,64.552,0.28,3.537,37.634,5.154,normal
2026-10-01 05:18:41,F3,73.704,0.112,3.58,52.984,8.13,normal
2026-10-01 05:19:41,F3,66.566,0.248,3.567,51.308,8.025,normal
2026-10-01 05:20:41,F3,55.393,0.375,2.764,44.79,11.041,normal
2026-10-01 05:21:41,F3,69.171,0.206,3.528,48.172,8.489,normal
2026-10-01 05:22:41,F3,52.232,0.317,2.997,43.695,8.178,normal
2026-10-01 05:23:41,F3,72.272,0.083,3.376,44.138,7.41,normal
2026-10-01 05:24:41,F3,58.348,0.432,3.024,42.741,9.811,normal
2026-10-01 05:25:41,F3,68.867,0.147,3.276,43.177,9.235,normal
2026-10-01 05:26:41,F3,60.973,0.283,4.971,53.475,9.541,normal
2026-10-01 05:27:41,F3,73.62,0.282,3.0,50.84,8.685,normal
2026-10-01 05:28:41,F3,69.977,0.471,4.755,46.809,7.329,normal
2026-10-01 05:29:41,F3,69.267,0.391,3.234,42.916,7.984,normal
2026-10-01 05:30:41,F3,69.887,0.0,3.215,45.968,8.464,normal
2026-10-01 05:31:41,F3,74.558,0.237,2.866,49.626,8.136,normal
2026-10-01 05:32:41,F3,73.716,0.403,3.339,58.745,9.109,normal
2026-10-01 05:33:41,F3,69.441,0.032,3.439,47.455,9.515,normal
2026-10-01 05:34:41,F3,78.93,0.113,2.93,55.512,8.238,normal
2026-10-01 05:35:41,F3,75.981,0.391,1.989,51.793,6.242,normal
2026-10-01 05:36:41,F3,66.592,0.0,2.605,41.621,7.306,normal
2026-10-01 05:37:41,F3,49.339,0.0,2.907,47.037,4.383,normal
2026-10-01 05:38:41,F3,57.655,0.427,2.504,47.969,6.342,normal
2026-10-01 05:39:41,F3,70.081,0.608,2.824,44.481,5.865,normal
2026-10-01 05:40:41,F3,69.475,0.258,3.54,56.238,6.852,normal
2026-10-01 05:41:41,F3,58.625,0.863,4.347,53.299,9.992,normal
2026-10-01 05:42:41,F3,74.397,0.347,2.375,41.604,10.415,normal
2026-10-01 05:43:41,F3,70.692,0.538,3.288,55.325,7.865,normal
2026-10-01 05:44:41,F3,66.841,0.248,4.364,53.625,8.035,normal
2026-10-01 05:45:41,F3,67.729,0.205,3.604,53.074,7.25,normal
2026-10-01 05:46:41,F3,63.48,0.091,3.371,42.071,7.857,normal
2026-10-01 05:47:41,F3,77.866,0.233,3.798,38.938,7.332,normal
2026-10-01 05:48:41,F3,57.016,0.0,3.891,58.195,7.988,normal
2026-10-01 05:49:41,F3,60.652,0.323,4.61,57.551,8.398,normal
2026-10-01 05:50:41,F3,62.242,0.282,4.891,57.448,7.026,normal
2026-10-01 05:51:41,F3,76.512,0.436,2.876,41.73,6.027,normal
2026-10-01 05:52:41,F3,67.655,0.039,4.567,45.688,11.95,normal
2026-10-01 05:53:41,F3,70.169,0.0,2.991,53.099,9.084,normal
2026-10-01 05:54:41,F3,63.611,0.391,3.853,46.383,10.011,normal
2026-10-01 05:55:41,F3,72.939,0.18,4.616,43.903,7.448,normal
2026-10-01 05:56:41,F3,59.119,0.564,4.57,55.809,9.52,normal
2026-10-01 05:57:41,F3,64.512,0.184,2.538,49.303,7.088,normal
2026-10-01 05:58:41,F3,79.975,0.597,2.709,47.564,8.847,normal
2026-10-01 05:59:41,F3,64.952,0.066,3.457,39.916,5.962,normal
2026-10-01 06:00:41,F3,69.812,0.417,2.521,42.451,10.907,normal
2026-10-01 06:01:41,F3,79.554,0.399,2.245,49.907,7.019,normal
2026-10-01 06:02:41,F3,80.866,0.277,3.082,55.268,7.126,normal
2026-10-01 06:03:41,F3,60.729,0.026,4.109,42.768,9.856,normal
2026-10-01 06:04:41,F3,56.617,0.31,2.959,59.253,6.531,normal
2026-10-01 06:05:41,F3,66.773,0.174,4.243,46.805,6.376,normal
2026-10-01 06:06:41,F3,65.469,0.48,4.07,52.278,5.9,normal
2026-10-01 06:07:41,F3,59.39,0.284,2.669,67.294,7.255,normal
2026-10-01 06:08:41,F3,64.364,0.234,3.268,46.379,8.009,normal
2026-10-01 06:09:41,F3,59.235,0.0,2.729,47.609,7.253,normal
2026-10-01 06:10:41,F3,57.251,0.0,3.905,33.764,6.676,normal
2026-10-01 06:11:41,F3,58.758,0.316,3.156,44.973,5.356,normal
2026-10-01 06:12:41,F3,60.077,0.453,3.792,61.879,7.892,normal
2026-10-01 06:13:41,F3,67.998,0.409,3.148,44.803,8.515,normal
2026-10-01 06:14:41,F3,55.926,0.162,2.931,54.098,1.822,normal
2026-10-01 06:15:41,F3,65.019,0.072,3.907,58.945,8.441,normal
2026-10-01 06:16:41,F3,65.996,0.885,4.094,44.584,7.39,normal
2026-10-01 06:17:41,F3,73.995,0.633,2.222,57.852,10.212,normal
2026-10-01 06:18:41,F3,68.32,0.226,3.861,43.136,9.074,normal
2026-10-01 06:19:41,F3,63.589,0.0,3.67,40.006,10.372,normal
2026-10-01 06:20:41,F3,75.435,0.464,4.461,46.081,7.476,normal
2026-10-01 06:21:41,F3,63.288,0.304,3.303,56.329,7.804,normal
2026-10-01 06:22:41,F3,75.992,0.194,2.924,43.796,8.445,normal
2026-10-01 06:23:41,F3,63.165,0.178,3.795,48.49,8.609,normal
2026-10-01 06:24:41,F3,66.547,0.608,2.578,47.076,5.999,normal
2026-10-01 06:25:41,F3,59.628,0.187,4.13,38.014,6.521,normal
2026-10-01 06:26:41,F3,65.958,0.68,3.959,35.31,7.851,normal
2026-10-01 06:27:41,F3,56.443,0.407,4.244,51.874,10.592,normal
2026-10-01 06:28:41,F3,65.827,0.192,3.084,46.965,7.835,normal
2026-10-01 06:29:41,F3,59.437,0.646,3.33,55.53,7.807,normal
2026-10-01 06:30:41,F3,64.599,0.371,3.789,53.391,7.509,normal
2026-10-01 06:31:41,F3,61.146,0.317,4.142,43.862,7.127,normal
2026-10-01 06:32:41,F3,58.722,0.285,3.275,48.386,6.852,normal
2026-10-01 06:33:41,F3,69.309,0.609,2.69,51.012,9.23,normal
2026-10-01 06:34:41,F3,61.847,0.528,3.065,46.075,4.989,normal
2026-10-01 06:35:41,F3,74.814,0.138,3.263,36.731,9.796,normal
2026-10-01 06:36:41,F3,80.714,0.132,4.888,53.123,9.647,normal
2026-10-01 06:37:41,F3,68.171,0.381,3.085,46.588,7.359,normal
2026-10-01 06:38:41,F3,62.628,0.575,2.626,56.516,8.403,normal
2026-10-01 06:39:41,F3,76.633,0.09,3.334,55.88,5.559,normal
2026-10-01 06:40:41,F3,67.668,0.237,3.635,54.952,5.635,normal
2026-10-01 06:41:41,F3,83.337,0.303,3.674,38.333,5.836,normal
2026-10-01 06:42:41,F3,59.865,0.126,4.363,42.726,8.88,normal
2026-10-01 06:43:41,F3,74.59,0.453,4.735,48.476,9.47,normal
2026-10-01 06:44:41,F3,61.143,0.178,3.808,50.295,8.973,normal
2026-10-01 06:45:41,F3,69.015,0.826,3.35,48.302,7.046,normal
2026-10-01 06:46:41,F3,74.405,0.047,3.798,39.997,8.72,normal
2026-10-01 06:47:41,F3,64.522,0.22,3.133,58.115,5.902,normal
2026-10-01 06:48:41,F3,71.939,0.373,2.602,44.876,8.299,normal
2026-10-01 06:49:41,F3,71.957,0.0,4.621,43.167,6.2,normal
2026-10-01 06:50:41,F3,56.412,0.447,4.108,45.78,8.111,normal
2026-10-01 06:51:41,F3,50.888,0.428,2.974,56.376,9.478,normal
2026-10-01 06:52:41,F3,58.37,0.186,2.598,55.047,9.665,normal
2026-10-01 06:53:41,F3,52.887,0.398,3.604,50.35,9.42,normal
2026-10-01 06:54:41,F3,71.804,0.336,3.007,41.041,7.16,normal
2026-10-01 06:55:41,F3,69.573,0.647,3.433,41.388,8.131,normal
2026-10-01 06:56:41,F3,67.196,0.213,3.217,38.76,9.909,normal
2026-10-01 06:57:41,F3,83.432,0.14,4.088,49.582,6.283,normal
2026-10-01 06:58:41,F3,63.337,0.403,1.534,54.313,7.571,normal
2026-10-01 06:59:41,F3,80.839,0.294,4.512,47.604,1.326,normal
2026-10-01 07:00:41,F3,72.132,0.328,3.849,51.618,6.342,normal
2026-10-01 07:01:41,F3,74.42,0.493,2.506,45.443,6.012,normal
2026-10-01 07:02:41,F3,66.271,0.191,3.923,46.41,8.076,normal
2026-10-01 07:03:41,F3,69.081,0.177,2.746,61.842,8.437,normal
2026-10-01 07:04:41,F3,75.148,0.822,2.966,50.289,6.021,normal
2026-10-01 07:05:41,F3,59.281,0.194,4.287,45.634,7.47,normal
2026-10-01 07:06:41,F3,68.027,0.457,4.731,50.31,9.987,normal
2026-10-01 07:07:41,F3,58.024,0.713,3.667,51.436,8.054,normal
2026-10-01 07:08:41,F3,53.236,0.476,3.218,34.734,10.003,normal
2026-10-01 07:09:41,F3,65.322,0.701,1.313,61.187,10.026,normal
2026-10-01 07:10:41,F3,71.246,0.386,3.832,49.176,6.181,normal
2026-10-01 07:11:41,F3,65.963,0.375,4.167,51.154,4.592,normal
2026-10-01 07:12:41,F3,70.185,0.077,4.431,61.646,7.425,normal
2026-10-01 07:13:41,F3,57.664,0.422,3.404,42.941,6.426,normal
2026-10-01 07:14:41,F3,77.619,0.719,2.411,55.123,7.132,normal
2026-10-01 07:15:41,F3,72.994,0.339,4.22,51.207,6.823,normal
2026-10-01 07:16:41,F3,64.56,0.21,2.933,55.408,5.141,normal
2026-10-01 07:17:41,F3,59.511,0.181,2.29,45.65,9.059,normal
2026-10-01 07:18:41,F3,61.467,0.662,2.518,51.318,3.632,normal
2026-10-01 07:19:41,F3,79.85,0.446,1.933,39.177,8.835,normal
2026-10-01 07:20:41,F3,81.143,0.467,3.855,50.354,5.928,normal
2026-10-01 07:21:41,F3,45.619,0.582,4.648,46.571,10.304,normal
2026-10-01 07:22:41,F3,50.321,0.259,3.036,50.078,7.867,normal
2026-10-01 07:23:41,F3,79.452,0.968,6.082,53.471,8.892,normal
2026-10-01 07:24:41,F3,83.639,0.706,4.348,52.553,7.037,normal
2026-10-01 07:25:41,F3,59.598,0.337,3.078,38.376,7.663,normal
2026-10-01 07:26:41,F3,71.693,0.38,4.727,56.938,5.95,normal
2026-10-01 07:27:41,F3,61.188,0.454,3.149,52.953,9.115,normal
2026-10-01 07:28:41,F3,70.153,0.253,3.669,57.082,9.062,normal
2026-10-01 07:29:41,F3,75.773,0.313,4.204,53.406,9.16,normal
2026-10-01 07:30:41,F3,71.586,0.387,2.528,43.274,7.056,normal
2026-10-01 07:31:41,F3,59.376,0.665,3.047,38.24,6.119,normal
2026-10-01 07:32:41,F3,64.178,0.479,4.924,51.996,7.558,normal
2026-10-01 07:33:41,F3,65.879,0.436,2.128,52.615,9.596,normal
2026-10-01 07:34:41,F3,71.872,0.375,3.216,44.608,9.064,normal
2026-10-01 07:35:41,F3,74.23,0.481,3.145,49.082,8.809,normal
2026-10-01 07:36:41,F3,81.413,0.361,2.76,46.924,6.358,normal
2026-10-01 07:37:41,F3,76.239,0.433,4.627,48.987,12.518,normal
2026-10-01 07:38:41,F3,65.784,0.101,4.528,34.574,7.364,normal
2026-10-01 07:39:41,F3,77.374,0.528,3.105,46.236,10.267,normal
2026-10-01 07:40:41,F3,59.289,0.437,2.906,50.464,9.914,normal
2026-10-01 07:41:41,F3,79.525,0.139,2.896,55.115,8.718,normal
2026-10-01 07:42:41,F3,56.815,0.347,3.249,51.991,6.425,normal
2026-10-01 07:43:41,F3,57.488,0.251,4.231,42.299,10.365,normal
2026-10-01 07:44:41,F3,60.189,0.63,3.404,52.562,7.842,normal
2026-10-01 07:45:41,F3,64.951,0.338,3.366,45.026,5.548,normal
2026-10-01 07:46:41,F3,58.637,0.212,3.381,45.011,6.037,normal
2026-10-01 07:47:41,F3,74.068,0.159,3.633,46.654,8.204,normal
2026-10-01 07:48:41,F3,84.492,0.195,4.726,47.606,7.824,normal
2026-10-01 07:49:41,F3,64.697,0.463,3.825,30.634,6.879,normal
2026-10-01 07:50:41,F3,69.043,0.637,3.854,47.474,7.202,normal
2026-10-01 07:51:41,F3,58.04,0.609,4.832,43.632,7.254,normal
2026-10-01 07:52:41,F3,56.163,0.0,3.59,53.315,6.771,normal
2026-10-01 07:53:41,F3,72.953,0.304,3.42,45.615,10.909,normal
2026-10-01 07:54:41,F3,70.287,0.266,2.974,51.164,8.557,normal
2026-10-01 07:55:41,F3,75.871,0.47,3.444,53.383,6.207,normal
2026-10-01 07:56:41,F3,58.259,0.266,4.014,53.663,8.8,normal
2026-10-01 07:57:41,F3,66.989,0.201,1.907,40.659,8.451,normal
2026-10-01 07:58:41,F3,60.034,0.684,1.995,48.709,7.795,normal
2026-10-01 07:59:41,F3,76.27,0.259,3.071,43.698,8.079,normal
2026-10-01 08:00:41,F3,67.356,0.685,4.178,38.566,10.261,normal
2026-10-01 08:01:41,F3,77.204,0.376,2.856,39.97,7.536,normal
2026-10-01 08:02:41,F3,77.462,0.758,4.932,39.905,4.036,normal
2026-10-01 08:03:41,F3,71.969,0.248,5.473,50.38,8.452,normal
2026-10-01 08:04:41,F3,65.119,0.585,2.192,50.866,7.001,normal
2026-10-01 08:05:41,F3,67.219,0.401,4.179,42.245,10.129,normal
2026-10-01 08:06:41,F3,76.955,0.581,3.542,61.683,9.215,normal
2026-10-01 08:07:41,F3,80.719,0.728,3.066,44.331,7.942,normal
2026-10-01 08:08:41,F3,76.452,0.319,2.962,55.979,8.661,normal
2026-10-01 08:09:41,F3,52.527,0.68,3.003,50.991,8.844,normal
2026-10-01 08:10:41,F3,67.33,0.626,3.823,63.89,7.338,normal
2026-10-01 08:11:41,F3,64.634,0.29,3.968,49.431,8.39,normal
2026-10-01 08:12:41,F3,61.221,0.531,3.261,41.93,6.267,normal
2026-10-01 08:13:41,F3,63.941,0.54,2.446,53.189,9.311,normal
2026-10-01 08:14:41,F3,56.71,0.566,3.332,48.934,8.569,normal
2026-10-01 08:15:41,F3,84.009,0.493,2.868,53.227,5.91,normal
2026-10-01 08:16:41,F3,61.485,0.566,1.674,55.746,8.651,normal
2026-10-01 08:17:41,F3,83.967,0.761,2.378,48.176,7.786,normal
2026-10-01 08:18:41,F3,69.248,0.405,3.663,44.304,9.678,normal
2026-10-01 08:19:41,F3,55.61,0.347,4.769,49.172,11.937,normal
2026-10-01 08:20:41,F3,48.447,0.644,3.7,48.56,6.1,normal
2026-10-01 08:21:41,F3,63.234,0.634,3.747,40.658,7.216,normal
2026-10-01 08:22:41,F3,66.879,0.2,4.081,57.97,5.715,normal
2026-10-01 08:23:41,F3,60.31,0.341,4.481,45.323,6.894,normal
2026-10-01 08:24:41,F3,67.314,0.603,2.327,36.763,9.383,normal
2026-10-01 08:25:41,F3,70.245,0.497,3.498,53.065,5.052,normal
2026-10-01 08:26:41,F3,71.74,0.505,3.062,48.023,11.14,normal
2026-10-01 08:27:41,F3,82.843,0.897,3.539,51.359,6.515,normal
2026-10-01 08:28:41,F3,70.301,0.486,4.293,43.178,8.163,normal
2026-10-01 08:29:41,F3,48.732,0.567,3.905,44.041,9.06,normal
2026-10-01 08:30:41,F3,69.531,0.301,2.547,33.333,10.378,normal
2026-10-01 08:31:41,F3,71.81,0.042,4.384,48.089,7.38,normal
2026-10-01 08:32:41,F3,67.971,0.593,3.956,45.757,6.548,normal
2026-10-01 08:33:41,F3,82.36,0.147,3.563,49.815,8.209,normal
2026-10-01 08:34:41,F3,58.777,0.371,3.992,52.765,10.162,normal
2026-10-01 08:35:41,F3,71.441,0.0,4.882,49.485,8.688,normal
2026-10-01 08:36:41,F3,65.08,0.542,3.371,47.728,9.741,normal
2026-10-01 08:37:41,F3,55.239,0.533,2.814,29.59,9.236,normal
2026-10-01 08:38:41,F3,72.451,0.318,3.513,49.9,8.168,normal
2026-10-01 08:39:41,F3,66.099,0.543,3.603,52.755,6.704,normal
2026-10-01 08:40:41,F3,73.913,0.379,3.068,55.822,8.188,normal
2026-10-01 08:41:41,F3,67.083,0.426,4.184,50.119,7.626,normal
2026-10-01 08:42:41,F3,68.641,0.584,3.728,41.788,9.137,normal
2026-10-01 08:43:41,F3,65.564,0.621,4.971,43.459,9.003,normal
2026-10-01 08:44:41,F3,55.917,0.54,3.956,48.104,7.172,normal
2026-10-01 08:45:41,F3,71.006,0.501,3.879,47.693,6.204,normal
2026-10-01 08:46:41,F3,74.625,0.649,2.776,40.141,7.36,normal
2026-10-01 08:47:41,F3,59.22,0.439,3.795,36.425,9.341,normal
2026-10-01 08:48:41,F3,49.949,0.53,3.724,58.839,6.916,normal
2026-10-01 08:49:41,F3,65.673,0.41,5.195,45.301,7.167,normal
2026-10-01 08:50:41,F3,64.476,0.288,3.69,45.997,7.432,normal
2026-10-01 08:51:41,F3,73.323,0.302,3.225,56.635,6.567,normal
2026-10-01 08:52:41,F3,67.105,0.437,2.301,47.848,8.57,normal
2026-10-01 08:53:41,F3,73.601,0.518,4.952,49.253,7.465,normal
2026-10-01 08:54:41,F3,75.98,0.685,4.516,53.604,8.871,normal
2026-10-01 08:55:41,F3,66.014,0.472,3.265,49.174,9.284,normal
2026-10-01 08:56:41,F3,75.299,0.503,2.997,52.353,8.691,normal
2026-10-01 08:57:41,F3,71.974,0.171,3.473,50.166,0.0,normal
2026-10-01 08:58:41,F3,63.586,0.4,2.794,35.021,7.281,normal
2026-10-01 08:59:41,F3,82.957,0.574,3.406,52.298,10.194,normal
2026-10-01 09:00:41,F3,65.448,0.332,3.455,35.217,10.606,normal
2026-10-01 09:01:41,F3,60.522,0.862,3.846,55.126,6.842,normal
2026-10-01 09:02:41,F3,75.023,0.952,2.329,47.382,11.817,normal
2026-10-01 09:03:41,F3,55.568,0.805,3.987,36.964,14.177,normal
2026-10-01 09:04:41,F3,72.576,0.557,3.097,54.819,7.535,normal
2026-10-01 09:05:41,F3,76.37,0.251,3.487,49.156,8.051,normal
2026-10-01 09:06:41,F3,66.371,0.742,3.694,39.381,8.144,normal
2026-10-01 09:07:41,F3,54.369,0.663,3.818,45.881,8.954,normal
2026-10-01 09:08:41,F3,66.765,0.875,3.629,53.0,7.139,normal
2026-10-01 09:09:41,F3,70.041,0.798,6.87,42.784,7.456,normal
2026-10-01 09:10:41,F3,80.921,0.861,5.116,59.02,7.174,normal
2026-10-01 09:11:41,F3,64.027,0.635,4.419,53.602,6.586,normal
2026-10-01 09:12:41,F3,65.707,0.351,3.656,44.202,7.256,normal
2026-10-01 09:13:41,F3,64.611,0.48,3.423,53.899,8.272,normal
2026-10-01 09:14:41,F3,69.429,0.596,4.407,45.186,9.428,normal
2026-10-01 09:15:41,F3,82.74,0.335,4.642,55.74,7.98,normal
2026-10-01 09:16:41,F3,59.114,0.709,4.36,44.077,9.983,normal
2026-10-01 09:17:41,F3,68.053,0.605,4.119,35.357,5.991,normal
2026-10-01 09:18:41,F3,81.019,0.301,4.846,44.61,9.087,normal
2026-10-01 09:19:41,F3,73.611,0.67,3.637,43.826,9.914,normal
2026-10-01 09:20:41,F3,74.279,0.49,4.623,58.008,7.967,normal
2026-10-01 09:21:41,F3,77.835,0.419,3.093,51.89,8.747,normal
2026-10-01 09:22:41,F3,54.182,0.545,3.777,37.724,9.756,normal
2026-10-01 09:23:41,F3,55.557,0.552,2.963,47.826,9.419,normal
2026-10-01 09:24:41,F3,56.261,0.974,3.896,46.55,7.144,normal
2026-10-01 09:25:41,F3,60.381,0.387,4.124,43.954,5.4,normal
2026-10-01 09:26:41,F3,63.19,0.686,3.903,38.964,9.844,normal
2026-10-01 09:27:41,F3,55.337,0.34,2.871,50.283,7.401,normal
2026-10-01 09:28:41,F3,72.175,0.396,4.241,56.189,8.194,normal
2026-10-01 09:29:41,F3,57.862,0.656,3.21,46.646,6.162,normal
2026-10-01 09:30:41,F3,82.384,0.818,3.198,55.346,10.779,normal
2026-10-01 09:31:41,F3,63.392,0.489,3.225,51.834,7.796,normal
2026-10-01 09:32:41,F3,81.942,0.602,4.151,49.266,7.648,normal
2026-10-01 09:33:41,F3,63.661,0.312,3.558,42.588,9.431,normal
2026-10-01 09:34:41,F3,68.216,0.549,4.011,58.478,10.574,normal
2026-10-01 09:35:41,F3,68.629,0.214,3.893,55.916,4.971,normal
2026-10-01 09:36:41,F3,65.929,0.698,4.406,49.413,8.297,normal
2026-10-01 09:37:41,F3,66.652,0.609,5.026,42.537,6.119,normal
2026-10-01 09:38:41,F3,51.774,0.452,2.439,47.019,10.261,normal
2026-10-01 09:39:41,F3,64.622,0.544,3.921,55.453,7.25,normal
2026-10-01 09:40:41,F3,62.414,0.813,3.937,46.028,7.985,normal
2026-10-01 09:41:41,F3,54.942,0.583,3.796,42.74,3.199,normal
2026-10-01 09:42:41,F3,79.161,0.755,3.884,30.187,9.3,normal
2026-10-01 09:43:41,F3,64.962,0.714,3.417,54.741,8.69,normal
2026-10-01 09:44:41,F3,81.294,0.738,4.5,54.915,6.201,normal
2026-10-01 09:45:41,F3,94.355,0.745,4.329,59.721,7.484,normal
2026-10-01 09:46:41,F3,83.97,0.232,4.196,41.271,12.296,normal
2026-10-01 09:47:41,F3,65.76,0.421,4.099,53.679,9.089,normal
2026-10-01 09:48:41,F3,67.0,0.604,3.279,58.334,10.843,normal
2026-10-01 09:49:41,F3,75.675,0.858,4.731,43.275,9.9,normal
2026-10-01 09:50:41,F3,55.387,0.51,4.819,44.884,11.647,normal
2026-10-01 09:51:41,F3,55.392,0.897,2.971,37.788,11.183,normal
2026-10-01 09:52:41,F3,82.513,0.902,3.178,43.61,8.358,normal
2026-10-01 09:53:41,F3,50.229,0.466,4.627,49.512,7.391,normal
2026-10-01 09:54:41,F3,51.164,0.752,2.974,54.59,8.796,normal
2026-10-01 09:55:41,F3,66.363,0.648,3.294,58.618,7.816,normal
2026-10-01 09:56:41,F3,68.365,0.64,3.466,55.318,10.91,normal
2026-10-01 09:57:41,F3,59.681,0.535,5.26,39.886,7.84,normal
2026-10-01 09:58:41,F3,66.005,0.74,2.822,45.206,9.182,normal
2026-10-01 09:59:41,F3,64.747,0.483,4.551,47.41,9.487,normal
2026-10-01 10:00:41,F3,52.838,0.329,2.944,57.005,6.992,normal
2026-10-01 10:01:41,F3,63.016,0.644,3.726,47.777,8.799,normal
2026-10-01 10:02:41,F3,58.129,0.609,3.8,43.075,8.923,normal
2026-10-01 10:03:41,F3,49.509,0.816,3.788,50.267,8.507,normal
2026-10-01 10:04:41,F3,73.869,0.143,4.74,50.588,9.76,normal
2026-10-01 10:05:41,F3,60.395,0.411,2.74,54.6,7.495,normal
2026-10-01 10:06:41,F3,52.984,0.988,2.925,42.568,5.755,normal
2026-10-01 10:07:41,F3,63.136,0.527,2.573,53.244,7.639,normal
2026-10-01 10:08:41,F3,77.367,0.561,3.467,50.729,12.358,normal
2026-10-01 10:09:41,F3,61.12,0.729,3.672,50.198,8.432,normal
2026-10-01 10:10:41,F3,60.454,0.427,3.762,47.966,7.404,normal
2026-10-01 10:11:41,F3,66.34,0.896,2.946,44.421,5.843,normal
2026-10-01 10:12:41,F3,55.498,0.502,3.865,49.865,10.643,normal
2026-10-01 10:13:41,F3,75.733,0.579,3.834,50.621,8.119,normal
2026-10-01 10:14:41,F3,82.216,0.667,3.605,47.752,5.154,normal
2026-10-01 10:15:41,F3,79.234,0.611,4.075,51.587,9.635,normal
2026-10-01 10:16:41,F3,56.065,0.725,2.231,57.31,7.229,normal
2026-10-01 10:17:41,F3,67.941,0.466,3.606,55.047,6.066,normal
2026-10-01 10:18:41,F3,71.007,0.601,3.161,49.786,8.196,normal
2026-10-01 10:19:41,F3,63.37,0.434,4.329,48.718,8.752,normal
2026-10-01 10:20:41,F3,70.022,0.398,4.402,33.744,9.421,normal
2026-10-01 10:21:41,F3,64.451,0.704,3.85,41.795,6.61,normal
2026-10-01 10:22:41,F3,68.902,0.681,4.131,38.044,10.222,normal
2026-10-01 10:23:41,F3,81.004,0.423,3.54,55.837,8.783,normal
2026-10-01 10:24:41,F3,59.375,0.937,2.807,47.449,7.484,normal
2026-10-01 10:25:41,F3,73.738,0.392,3.549,43.86,8.398,normal
2026-10-01 10:26:41,F3,79.113,0.955,4.704,49.881,7.579,normal
2026-10-01 10:27:41,F3,41.906,0.256,4.226,38.326,7.957,normal
2026-10-01 10:28:41,F3,75.884,0.605,4.379,35.831,8.091,normal
2026-10-01 10:29:41,F3,75.847,0.316,3.702,47.814,5.831,normal
2026-10-01 10:30:41,F3,68.816,0.641,4.762,51.029,8.052,normal
2026-10-01 10:31:41,F3,71.139,0.916,3.977,33.355,11.204,normal
2026-10-01 10:32:41,F3,69.174,0.748,3.545,45.817,8.376,normal
2026-10-01 10:33:41,F3,64.687,0.438,4.802,43.325,8.546,normal
2026-10-01 10:34:41,F3,48.639,0.529,4.328,55.56,6.311,normal
2026-10-01 10:35:41,F3,60.441,0.583,3.839,55.557,8.311,normal
2026-10-01 10:36:41,F3,71.932,0.437,2.974,66.077,6.16,normal
2026-10-01 10:37:41,F3,70.108,0.632,4.431,57.633,11.251,normal
2026-10-01 10:38:41,F3,66.656,0.389,5.296,53.03,9.697,normal
2026-10-01 10:39:41,F3,61.957,0.385,5.717,45.48,5.956,normal
2026-10-01 10:40:41,F3,67.996,1.159,5.495,43.646,7.819,normal
2026-10-01 10:41:41,F3,59.831,0.448,4.258,31.223,8.878,normal
2026-10-01 10:42:41,F3,68.2,0.549,4.092,45.752,9.45,normal
2026-10-01 10:43:41,F3,72.946,0.496,4.068,52.199,8.459,normal
2026-10-01 10:44:41,F3,75.549,0.749,3.65,48.998,11.75,normal
2026-10-01 10:45:41,F3,73.9,1.164,3.841,49.911,6.355,normal
2026-10-01 10:46:41,F3,66.057,0.673,3.931,52.877,8.158,normal
2026-10-01 10:47:41,F3,58.805,0.567,4.799,42.097,8.765,normal
2026-10-01 10:48:41,F3,71.714,0.287,3.876,50.061,10.47,normal
2026-10-01 10:49:41,F3,77.292,0.46,2.93,43.24,8.173,normal
2026-10-01 10:50:41,F3,61.516,0.539,4.342,40.216,6.243,normal
2026-10-01 10:51:41,F3,69.505,0.955,3.733,47.253,7.87,normal
2026-10-01 10:52:41,F3,55.383,0.467,4.848,46.016,7.295,normal
2026-10-01 10:53:41,F3,65.063,0.891,4.556,45.726,7.992,normal
2026-10-01 10:54:41,F3,64.143,0.466,4.439,34.453,12.114,normal
2026-10-01 10:55:41,F3,59.758,0.989,4.069,48.105,12.203,normal
2026-10-01 10:56:41,F3,74.963,0.561,1.625,46.524,6.868,normal
2026-10-01 10:57:41,F3,77.664,0.618,2.836,41.333,7.761,normal
2026-10-01 10:58:41,F3,58.922,1.067,4.681,58.262,6.027,normal
2026-10-01 10:59:41,F3,72.639,1.033,3.451,37.582,9.823,normal
2026-10-01 11:00:41,F3,64.99,0.505,3.051,42.993,6.852,normal
2026-10-01 11:01:41,F3,64.851,0.544,4.517,61.18,9.239,normal
2026-10-01 11:02:41,F3,71.998,0.734,4.63,45.733,7.685,normal
2026-10-01 11:03:41,F3,69.517,0.771,3.725,47.513,6.594,normal
2026-10-01 11:04:41,F3,75.329,0.538,3.14,49.909,6.973,normal
2026-10-01 11:05:41,F3,64.557,0.178,5.194,26.902,9.549,normal
2026-10-01 11:06:41,F3,76.984,0.377,5.333,55.828,11.225,normal
2026-10-01 11:07:41,F3,59.757,0.719,3.314,48.811,7.588,normal
2026-10-01 11:08:41,F3,59.626,0.642,4.563,57.955,8.962,normal
2026-10-01 11:09:41,F3,73.595,0.593,4.548,49.723,10.388,normal
2026-10-01 11:10:41,F3,61.171,0.655,4.538,28.181,10.261,normal
2026-10-01 11:11:41,F3,62.668,0.38,3.502,55.849,8.523,normal
2026-10-01 11:12:41,F3,68.582,0.739,4.193,38.405,9.323,normal
2026-10-01 11:13:41,F3,60.76,0.939,3.799,53.424,6.57,normal
2026-10-01 11:14:41,F3,67.296,0.675,3.76,49.629,9.452,normal
2026-10-01 11:15:41,F3,75.279,0.671,5.286,41.77,6.772,normal
2026-10-01 11:16:41,F3,75.254,0.463,4.196,45.953,8.576,normal
2026-10-01 11:17:41,F3,74.382,0.752,5.244,48.306,8.756,normal
2026-10-01 11:18:41,F3,59.742,0.497,4.053,48.329,7.801,normal
2026-10-01 11:19:41,F3,69.452,0.892,5.115,46.006,7.847,normal
2026-10-01 11:20:41,F3,69.547,0.858,3.566,22.297,7.462,normal
2026-10-01 11:21:41,F3,72.867,0.533,3.097,51.569,8.633,normal
2026-10-01 11:22:41,F3,78.991,0.819,3.648,47.58,8.619,normal
2026-10-01 11:23:41,F3,51.358,1.039,4.712,43.855,7.63,normal
2026-10-01 11:24:41,F3,69.567,0.556,4.518,50.73,8.986,normal
2026-10-01 11:25:41,F3,64.057,1.093,4.497,59.669,6.823,normal
2026-10-01 11:26:41,F3,66.18,0.791,4.84,35.879,11.692,normal
2026-10-01 11:27:41,F3,75.484,0.908,2.865,48.881,11.271,normal
2026-10-01 11:28:41,F3,60.2,0.924,2.857,56.441,5.774,normal
2026-10-01 11:29:41,F3,71.249,1.07,3.861,48.949,8.416,normal
2026-10-01 11:30:41,F3,65.823,1.143,3.149,55.254,6.875,normal
2026-10-01 11:31:41,F3,73.654,0.751,4.6,52.567,9.489,normal
2026-10-01 11:32:41,F3,63.516,1.146,3.851,44.388,7.162,normal
2026-10-01 11:33:41,F3,77.46,0.811,3.856,51.327,8.508,normal
2026-10-01 11:34:41,F3,68.727,1.128,2.43,44.243,12.349,normal
2026-10-01 11:35:41,F3,80.446,0.675,4.089,52.382,8.277,normal
2026-10-01 11:36:41,F3,65.457,0.945,3.915,56.774,7.115,normal
2026-10-01 11:37:41,F3,59.621,0.733,3.727,56.889,7.704,normal
2026-10-01 11:38:41,F3,71.601,1.073,4.087,34.515,8.833,normal
2026-10-01 11:39:41,F3,61.436,0.644,3.267,52.437,9.381,normal
2026-10-01 11:40:41,F3,74.409,0.856,3.756,45.622,9.481,normal
2026-10-01 11:41:41,F3,57.684,0.722,2.827,46.088,9.246,normal
2026-10-01 11:42:41,F3,61.677,0.898,3.829,48.36,6.376,normal
2026-10-01 11:43:41,F3,64.617,0.755,4.452,52.971,10.928,normal
2026-10-01 11:44:41,F3,75.226,0.58,3.742,32.219,5.189,normal
2026-10-01 11:45:41,F3,71.605,1.118,4.644,35.96,8.269,normal
2026-10-01 11:46:41,F3,64.394,0.506,3.749,38.149,6.827,normal
2026-10-01 11:47:41,F3,76.521,0.607,3.745,61.052,8.464,normal
2026-10-01 11:48:41,F3,50.196,0.997,3.573,45.212,8.71,normal
2026-10-01 11:49:41,F3,83.671,0.811,2.93,33.164,5.374,normal
2026-10-01 11:50:41,F3,63.24,0.682,4.22,57.627,6.942,normal
2026-10-01 11:51:41,F3,73.422,0.528,3.933,57.676,7.513,normal
2026-10-01 11:52:41,F3,62.722,0.527,3.579,58.185,7.318,normal
2026-10-01 11:53:41,F3,67.21,0.564,4.769,45.647,6.832,normal
2026-10-01 11:54:41,F3,65.736,0.633,4.51,38.425,9.573,normal
2026-10-01 11:55:41,F3,61.605,0.768,4.093,54.188,9.616,normal
2026-10-01 11:56:41,F3,78.078,0.456,3.259,39.314,8.772,normal
2026-10-01 11:57:41,F3,68.261,0.828,4.515,48.382,7.97,normal
2026-10-01 11:58:41,F3,61.859,1.124,3.881,37.658,6.662,normal
2026-10-01 11:59:41,F3,56.132,0.855,4.285,46.213,10.495,normal
2026-10-01 12:00:41,F3,68.869,0.711,4.254,42.431,8.477,normal
2026-10-01 12:01:41,F3,67.395,0.701,3.499,46.828,7.096,normal
2026-10-01 12:02:41,F3,84.912,0.738,3.601,58.178,9.168,normal
2026-10-01 12:03:41,F3,56.44,0.869,3.573,58.11,8.347,normal
2026-10-01 12:04:41,F3,74.827,0.774,3.8,50.371,7.506,normal
2026-10-01 12:05:41,F3,75.584,0.774,2.783,47.894,9.517,normal
2026-10-01 12:06:41,F3,64.571,0.718,4.033,45.569,5.859,normal
2026-10-01 12:07:41,F3,69.03,0.528,3.337,33.108,5.904,normal
2026-10-01 12:08:41,F3,76.779,0.917,3.864,49.641,10.309,normal
2026-10-01 12:09:41,F3,64.807,0.775,4.269,61.646,4.656,normal
2026-10-01 12:10:41,F3,66.586,0.716,4.172,33.745,9.381,normal
2026-10-01 12:11:41,F3,63.103,0.76,4.242,47.241,8.488,normal
2026-10-01 12:12:41,F3,69.958,0.883,3.519,43.504,6.995,normal
2026-10-01 12:13:41,F3,65.878,0.816,3.003,43.664,6.087,normal
2026-10-01 12:14:41,F3,61.443,0.288,2.955,31.609,12.512,normal
2026-10-01 12:15:41,F3,72.405,0.727,3.277,43.32,10.79,normal
2026-10-01 12:16:41,F3,69.047,0.833,3.581,47.068,8.94,normal
2026-10-01 12:17:41,F3,63.057,0.484,4.359,51.994,9.337,normal
2026-10-01 12:18:41,F3,60.365,0.759,4.13,49.538,9.52,normal
2026-10-01 12:19:41,F3,77.169,0.729,4.302,22.027,6.791,normal
2026-10-01 12:20:41,F3,60.226,0.355,4.665,49.001,9.122,normal
2026-10-01 12:21:41,F3,63.571,1.084,2.927,50.437,8.346,normal
2026-10-01 12:22:41,F3,70.431,1.05,5.425,49.486,9.465,normal
2026-10-01 12:23:41,F3,65.777,0.959,3.595,41.026,7.811,normal
2026-10-01 12:24:41,F3,77.781,1.04,3.961,38.753,8.993,normal
2026-10-01 12:25:41,F3,55.639,0.626,3.843,33.899,8.922,normal
2026-10-01 12:26:41,F3,70.23,0.883,3.651,39.742,6.697,normal
2026-10-01 12:27:41,F3,72.918,0.327,4.646,48.492,8.217,normal
2026-10-01 12:28:41,F3,84.844,1.098,3.741,47.416,10.528,normal
2026-10-01 12:29:41,F3,24.144,0.928,3.764,48.904,9.735,normal
2026-10-01 12:30:41,F3,59.088,1.121,2.907,35.776,8.224,normal
2026-10-01 12:31:41,F3,65.617,0.818,4.139,53.149,11.047,normal
2026-10-01 12:32:41,F3,80.474,0.781,4.153,55.305,8.345,normal
2026-10-01 12:33:41,F3,55.511,0.392,4.164,50.563,9.097,normal
2026-10-01 12:34:41,F3,67.836,0.907,5.093,44.803,9.953,normal
2026-10-01 12:35:41,F3,58.056,0.644,3.171,42.904,9.3,normal
2026-10-01 12:36:41,F3,67.268,0.695,3.574,53.741,7.174,normal
2026-10-01 12:37:41,F3,64.044,0.974,4.776,51.287,7.379,normal
2026-10-01 12:38:41,F3,67.848,1.135,4.365,41.537,8.833,normal
2026-10-01 12:39:41,F3,68.831,0.523,4.324,52.517,6.06,normal
2026-10-01 12:40:41,F3,61.534,0.649,5.276,44.055,6.877,normal
2026-10-01 12:41:41,F3,74.23,1.183,2.435,42.16,8.376,normal
2026-10-01 12:42:41,F3,67.558,0.885,4.37,32.822,11.562,normal
2026-10-01 12:43:41,F3,66.716,0.851,4.383,40.295,9.271,normal
2026-10-01 12:44:41,F3,65.194,0.891,3.356,42.861,9.947,normal
2026-10-01 12:45:41,F3,67.263,0.763,4.139,46.474,7.639,normal
2026-10-01 12:46:41,F3,62.332,0.886,3.318,51.103,7.644,normal
2026-10-01 12:47:41,F3,61.222,0.701,3.929,52.508,8.268,normal
2026-10-01 12:48:41,F3,62.162,1.002,3.721,50.48,10.183,normal
2026-10-01 12:49:41,F3,75.359,0.848,3.925,70.643,11.237,normal
2026-10-01 12:50:41,F3,74.099,0.77,4.769,52.354,9.715,normal
2026-10-01 12:51:41,F3,69.06,1.009,3.628,44.318,7.949,normal
2026-10-01 12:52:41,F3,86.993,0.72,3.53,47.42,7.044,normal
2026-10-01 12:53:41,F3,66.64,1.285,4.674,40.964,6.385,normal
2026-10-01 12:54:41,F3,63.105,0.657,3.85,46.083,9.295,normal
2026-10-01 12:55:41,F3,67.927,0.789,5.384,46.418,9.333,normal
2026-10-01 12:56:41,F3,78.438,0.744,4.034,52.57,6.557,normal
2026-10-01 12:57:41,F3,74.305,0.852,4.042,63.073,7.46,normal
2026-10-01 12:58:41,F3,64.199,1.236,2.915,54.579,8.709,normal
2026-10-01 12:59:41,F3,73.873,1.3,4.825,52.159,8.61,normal
2026-10-01 13:00:41,F3,59.33,1.029,4.198,44.226,10.141,normal
2026-10-01 13:01:41,F3,72.508,0.838,3.587,56.41,11.479,normal
2026-10-01 13:02:41,F3,48.611,0.861,4.88,44.641,11.372,normal
2026-10-01 13:03:41,F3,63.65,1.102,3.974,54.824,7.303,normal
2026-10-01 13:04:41,F3,75.443,1.09,0.766,56.561,9.423,normal
2026-10-01 13:05:41,F3,62.758,1.152,5.569,38.134,8.58,normal
2026-10-01 13:06:41,F3,75.228,0.785,4.088,51.24,6.847,normal
2026-10-01 13:07:41,F3,57.952,1.216,4.442,50.58,7.709,normal
2026-10-01 13:08:41,F3,74.614,1.04,4.824,50.982,7.329,normal
2026-10-01 13:09:41,F3,79.375,1.105,4.5,56.434,6.206,normal
2026-10-01 13:10:41,F3,79.01,0.57,3.499,34.271,9.213,normal
2026-10-01 13:11:41,F3,77.855,1.216,4.913,50.156,10.128,normal
2026-10-01 13:12:41,F3,77.755,0.912,2.943,45.04,10.827,normal
2026-10-01 13:13:41,F3,64.825,0.915,2.73,47.036,10.399,normal
2026-10-01 13:14:41,F3,88.524,0.345,3.476,46.251,8.126,normal
2026-10-01 13:15:41,F3,64.376,0.763,3.84,60.191,8.234,normal
2026-10-01 13:16:41,F3,67.41,0.882,3.743,63.208,8.16,normal
2026-10-01 13:17:41,F3,58.35,1.104,3.828,44.121,9.122,normal
2026-10-01 13:18:41,F3,72.742,0.791,2.282,50.011,11.097,normal
2026-10-01 13:19:41,F3,70.401,0.721,4.831,55.01,7.227,normal
2026-10-01 13:20:41,F3,71.925,0.617,4.183,55.489,8.537,normal
2026-10-01 13:21:41,F3,53.024,0.576,4.72,59.48,10.359,normal
2026-10-01 13:22:41,F3,72.953,0.695,3.812,50.476,9.944,normal
2026-10-01 13:23:41,F3,57.158,1.041,3.845,51.885,9.954,normal
2026-10-01 13:24:41,F3,67.835,0.871,4.172,43.713,8.35,normal
2026-10-01 13:25:41,F3,70.558,1.101,4.3,52.912,10.729,normal
2026-10-01 13:26:41,F3,79.243,0.856,4.387,42.848,9.058,normal
2026-10-01 13:27:41,F3,73.03,0.62,2.839,50.34,8.667,normal
2026-10-01 13:28:41,F3,67.864,0.877,4.828,51.773,10.727,normal
2026-10-01 13:29:41,F3,72.447,0.773,4.135,47.192,7.226,normal
2026-10-01 13:30:41,F3,64.344,0.711,4.605,55.642,3.838,normal
2026-10-01 13:31:41,F3,75.918,1.076,4.459,32.7,9.695,normal
2026-10-01 13:32:41,F3,76.89,0.853,4.755,35.001,7.248,normal
2026-10-01 13:33:41,F3,85.797,0.863,3.498,48.958,9.31,normal
2026-10-01 13:34:41,F3,56.614,1.192,4.322,48.57,5.536,normal
2026-10-01 13:35:41,F3,68.29,0.985,3.929,42.151,7.925,normal
2026-10-01 13:36:41,F3,64.386,0.879,4.263,46.695,6.974,normal
2026-10-01 13:37:41,F3,70.645,1.014,5.074,52.898,6.145,normal
2026-10-01 13:38:41,F3,78.012,0.876,3.844,56.99,6.119,normal
2026-10-01 13:39:41,F3,71.979,0.754,3.094,44.7,5.19,normal
2026-10-01 13:40:41,F3,58.084,1.117,4.083,50.557,4.719,normal
2026-10-01 13:41:41,F3,70.006,0.781,3.354,49.724,8.049,normal
2026-10-01 13:42:41,F3,79.259,0.475,5.051,48.967,7.529,normal
2026-10-01 13:43:41,F3,68.779,1.246,3.78,52.775,8.195,normal
2026-10-01 13:44:41,F3,74.758,1.219,2.692,59.799,7.397,normal
2026-10-01 13:45:41,F3,73.724,1.21,4.413,44.943,8.362,normal
2026-10-01 13:46:41,F3,54.54,0.743,3.656,53.654,7.664,normal
2026-10-01 13:47:41,F3,82.662,1.263,4.752,58.804,6.738,normal
2026-10-01 13:48:41,F3,89.578,0.837,4.357,33.63,11.988,normal
2026-10-01 13:49:41,F3,59.862,0.85,3.678,52.681,6.588,normal
2026-10-01 13:50:41,F3,61.857,0.418,4.098,56.902,7.226,normal
2026-10-01 13:51:41,F3,67.99,1.008,3.257,60.887,4.987,normal
2026-10-01 13:52:41,F3,58.25,0.764,3.449,48.87,7.07,normal
2026-10-01 13:53:41,F3,62.446,0.935,4.48,52.589,10.469,normal
2026-10-01 13:54:41,F3,70.661,1.348,2.975,51.156,8.746,normal
2026-10-01 13:55:41,F3,77.707,1.224,2.885,38.489,8.997,normal
2026-10-01 13:56:41,F3,81.556,0.545,4.058,28.035,6.572,normal
2026-10-01 13:57:41,F3,63.668,0.958,4.728,42.246,5.472,normal
2026-10-01 13:58:41,F3,67.34,1.023,3.829,30.005,7.457,normal
2026-10-01 13:59:41,F3,55.25,1.085,3.751,37.886,4.451,normal
2026-10-01 14:00:41,F3,67.361,0.584,3.943,47.947,9.004,normal
2026-10-01 14:01:41,F3,72.281,1.188,5.466,47.291,9.446,normal
2026-10-01 14:02:41,F3,56.236,0.956,3.968,46.089,8.457,normal
2026-10-01 14:03:41,F3,76.181,0.739,3.839,58.253,8.659,normal
2026-10-01 14:04:41,F3,61.325,0.786,4.793,40.784,9.784,normal
2026-10-01 14:05:41,F3,74.074,1.207,4.263,61.769,8.312,normal
2026-10-01 14:06:41,F3,57.268,0.923,2.655,42.624,9.812,normal
2026-10-01 14:07:41,F3,76.681,1.317,3.06,42.955,7.321,normal
2026-10-01 14:08:41,F3,86.445,0.66,5.708,53.685,7.763,normal
2026-10-01 14:09:41,F3,61.534,0.954,4.525,48.696,8.686,normal
2026-10-01 14:10:41,F3,69.249,0.987,3.133,56.936,9.313,normal
2026-10-01 14:11:41,F3,63.099,0.712,3.349,50.266,8.233,normal
2026-10-01 14:12:41,F3,57.001,1.214,3.642,41.036,5.64,normal
2026-10-01 14:13:41,F3,70.32,0.865,2.598,42.088,11.554,normal
2026-10-01 14:14:41,F3,76.725,0.996,4.62,56.299,9.515,normal
2026-10-01 14:15:41,F3,57.168,1.137,5.433,55.184,3.234,normal
2026-10-01 14:16:41,F3,74.453,0.919,4.636,45.75,9.554,normal
2026-10-01 14:17:41,F3,72.802,1.373,4.332,56.437,11.245,normal
2026-10-01 14:18:41,F3,59.365,0.876,2.942,28.468,8.926,normal
2026-10-01 14:19:41,F3,68.118,0.883,3.771,34.235,9.587,normal
2026-10-01 14:20:41,F3,73.634,0.745,4.141,49.806,7.62,normal
2026-10-01 14:21:41,F3,82.328,1.293,3.821,46.089,8.523,normal
2026-10-01 14:22:41,F3,78.21,0.742,4.076,54.983,9.086,normal
2026-10-01 14:23:41,F3,68.869,0.607,4.415,43.789,13.151,normal
2026-10-01 14:24:41,F3,43.647,1.04,4.145,60.471,9.671,normal
2026-10-01 14:25:41,F3,70.668,1.166,4.219,45.471,11.472,normal
2026-10-01 14:26:41,F3,69.885,0.953,4.415,55.7,8.41,normal
2026-10-01 14:27:41,F3,83.563,1.367,3.408,43.341,8.704,normal
2026-10-01 14:28:41,F3,52.411,1.139,4.081,46.06,12.455,normal
2026-10-01 14:29:41,F3,74.379,1.17,3.689,56.385,9.566,normal
2026-10-01 14:30:41,F3,65.895,0.871,4.46,47.11,9.806,normal
2026-10-01 14:31:41,F3,62.867,0.925,3.341,52.793,9.9,normal
2026-10-01 14:32:41,F3,57.984,1.062,3.843,42.185,9.443,normal
2026-10-01 14:33:41,F3,61.589,0.736,3.485,56.467,10.056,normal
2026-10-01 14:34:41,F3,70.015,1.154,3.921,59.605,9.822,normal
2026-10-01 14:35:41,F3,70.447,0.654,5.068,42.99,8.383,normal
2026-10-01 14:36:41,F3,67.077,1.242,3.238,47.516,8.184,normal
2026-10-01 14:37:41,F3,68.022,1.248,3.733,51.41,9.502,normal
2026-10-01 14:38:41,F3,74.716,1.232,3.526,54.555,7.998,normal
2026-10-01 14:39:41,F3,67.404,1.065,3.991,44.731,8.529,normal
2026-10-01 14:40:41,F3,58.405,1.319,4.691,46.677,11.148,normal
2026-10-01 14:41:41,F3,70.549,1.168,4.024,48.058,9.815,normal
2026-10-01 14:42:41,F3,70.14,0.683,3.617,40.291,8.452,normal
2026-10-01 14:43:41,F3,70.985,0.918,2.556,47.481,11.706,normal
2026-10-01 14:44:41,F3,67.082,1.086,3.122,61.051,9.471,normal
2026-10-01 14:45:41,F3,64.118,1.233,4.634,52.321,7.943,normal
2026-10-01 14:46:41,F3,55.615,0.96,4.206,38.708,10.522,normal
2026-10-01 14:47:41,F3,57.626,0.924,3.183,62.913,7.506,normal
2026-10-01 14:48:41,F3,62.817,0.993,4.634,60.373,8.395,normal
2026-10-01 14:49:41,F3,61.847,1.29,4.03,36.069,7.949,normal
2026-10-01 14:50:41,F3,62.242,0.866,4.228,50.209,9.894,normal
2026-10-01 14:51:41,F3,70.308,1.294,5.426,46.28,7.126,normal
2026-10-01 14:52:41,F3,63.702,0.683,3.046,39.885,9.666,normal
2026-10-01 14:53:41,F3,77.741,0.891,4.411,57.234,8.297,normal
2026-10-01 14:54:41,F3,75.357,0.667,5.336,48.214,9.115,normal
2026-10-01 14:55:41,F3,75.588,1.461,4.386,48.37,10.121,normal
2026-10-01 14:56:41,F3,71.115,0.808,3.182,54.208,9.262,normal
2026-10-01 14:57:41,F3,63.095,1.198,5.79,52.826,8.607,normal
2026-10-01 14:58:41,F3,75.173,1.229,3.955,45.768,6.416,normal
2026-10-01 14:59:41,F3,56.533,0.526,3.357,57.073,11.591,normal
2026-10-01 15:00:41,F3,73.358,0.863,3.021,66.476,9.149,normal
2026-10-01 15:01:41,F3,75.3,1.37,4.656,34.197,11.102,normal
2026-10-01 15:02:41,F3,62.127,0.731,2.089,53.763,9.823,normal
2026-10-01 15:03:41,F3,65.943,0.924,4.357,54.3,9.129,normal
2026-10-01 15:04:41,F3,60.225,0.793,2.601,57.718,7.939,normal
2026-10-01 15:05:41,F3,54.363,1.11,3.362,49.302,7.934,normal
2026-10-01 15:06:41,F3,62.628,0.585,4.24,46.717,9.987,normal
2026-10-01 15:07:41,F3,73.843,1.169,4.855,59.935,12.588,normal
2026-10-01 15:08:41,F3,58.84,1.336,4.439,51.506,5.781,normal
2026-10-01 15:09:41,F3,55.629,1.177,4.314,57.978,10.394,normal
2026-10-01 15:10:41,F3,70.117,1.161,4.444,48.033,9.576,normal
2026-10-01 15:11:41,F3,74.061,1.347,5.557,55.416,9.955,normal
2026-10-01 15:12:41,F3,70.074,0.992,3.987,60.822,9.459,normal
2026-10-01 15:13:41,F3,66.216,1.035,4.513,45.611,11.037,normal
2026-10-01 15:14:41,F3,67.378,1.164,3.684,59.45,6.241,normal
2026-10-01 15:15:41,F3,80.239,0.936,4.385,41.482,10.384,normal
2026-10-01 15:16:41,F3,67.213,0.433,3.114,57.713,8.884,normal
2026-10-01 15:17:41,F3,67.984,1.046,4.115,53.093,7.573,normal
2026-10-01 15:18:41,F3,45.621,1.317,3.263,53.06,12.634,normal
2026-10-01 15:19:41,F3,65.098,0.765,3.917,43.938,7.45,normal
2026-10-01 15:20:41,F3,73.526,1.136,3.391,51.322,8.182,normal
2026-10-01 15:21:41,F3,60.875,0.744,3.82,42.77,8.815,normal
2026-10-01 15:22:41,F3,49.519,0.959,5.185,51.138,7.232,normal
2026-10-01 15:23:41,F3,71.617,1.03,3.343,59.03,6.831,normal
2026-10-01 15:24:41,F3,73.52,1.039,5.103,54.355,9.249,normal
2026-10-01 15:25:41,F3,68.481,1.078,3.806,45.806,10.728,normal
2026-10-01 15:26:41,F3,73.898,1.02,6.132,45.806,10.544,normal
2026-10-01 15:27:41,F3,65.089,1.145,5.15,63.012,5.224,normal
2026-10-01 15:28:41,F3,58.172,1.015,4.994,43.052,11.259,normal
2026-10-01 15:29:41,F3,80.24,1.176,3.258,51.845,9.337,normal
2026-10-01 15:30:41,F3,69.704,1.099,3.372,43.447,8.016,normal
2026-10-01 15:31:41,F3,65.962,1.026,4.273,50.17,7.179,normal
2026-10-01 15:32:41,F3,58.899,0.675,3.583,35.12,10.556,normal
2026-10-01 15:33:41,F3,75.458,0.959,3.008,45.908,9.152,normal
2026-10-01 15:34:41,F3,68.164,1.099,3.648,36.837,11.256,normal
2026-10-01 15:35:41,F3,54.661,0.894,2.819,51.694,8.136,normal
2026-10-01 15:36:41,F3,66.611,0.7,3.8,38.911,8.833,normal
2026-10-01 15:37:41,F3,54.7,1.447,3.682,46.403,9.158,normal
2026-10-01 15:38:41,F3,71.64,0.688,3.325,49.872,8.777,normal
2026-10-01 15:39:41,F3,79.544,1.066,5.229,55.832,7.843,failure
2026-10-01 15:40:41,F3,58.837,0.976,4.215,46.745,11.541,normal
2026-10-01 15:41:41,F3,56.949,1.399,3.376,54.917,9.489,normal
2026-10-01 15:42:41,F3,57.173,1.11,4.035,49.36,7.689,normal
2026-10-01 15:43:41,F3,78.309,1.225,4.116,42.378,9.459,normal
2026-10-01 15:44:41,F3,65.298,1.212,4.033,56.86,7.663,normal
2026-10-01 15:45:41,F3,61.49,1.036,3.41,55.051,11.55,normal
2026-10-01 15:46:41,F3,68.346,0.964,3.967,59.868,11.089,normal
2026-10-01 15:47:41,F3,74.253,0.989,4.836,50.185,9.809,normal
2026-10-01 15:48:41,F3,63.416,0.873,4.379,43.951,11.616,normal
2026-10-01 15:49:41,F3,61.549,1.137,4.441,46.615,9.729,normal
2026-10-01 15:50:41,F3,68.078,1.157,4.474,49.357,6.51,normal
2026-10-01 15:51:41,F3,74.208,0.948,2.361,47.627,5.592,normal
2026-10-01 15:52:41,F3,69.572,0.82,3.337,56.592,7.215,normal
2026-10-01 15:53:41,F3,65.605,0.924,3.36,39.521,7.735,normal
2026-10-01 15:54:41,F3,70.041,1.223,3.969,48.558,7.476,normal
2026-10-01 15:55:41,F3,64.496,0.746,4.824,47.616,7.779,normal
2026-10-01 15:56:41,F3,73.668,1.061,4.165,49.492,6.099,normal
2026-10-01 15:57:41,F3,61.535,0.685,4.589,54.242,8.45,normal
2026-10-01 15:58:41,F3,72.582,0.819,4.168,49.384,8.89,normal
2026-10-01 15:59:41,F3,63.228,0.839,3.39,53.818,8.957,normal
2026-10-01 16:00:41,F3,77.12,0.811,4.93,53.537,6.686,normal
2026-10-01 16:01:41,F3,78.457,0.814,4.05,60.571,9.509,normal
2026-10-01 16:02:41,F3,60.672,1.132,4.386,48.029,10.674,normal
2026-10-01 16:03:41,F3,76.671,0.957,5.024,53.278,8.874,normal
2026-10-01 16:04:41,F3,56.484,1.185,5.239,45.305,11.085,normal
2026-10-01 16:05:41,F3,67.708,1.028,3.787,39.838,5.914,normal
2026-10-01 16:06:41,F3,60.82,1.092,5.061,38.898,9.07,normal
2026-10-01 16:07:41,F3,66.846,1.249,4.258,47.039,10.124,normal
2026-10-01 16:08:41,F3,57.281,1.071,3.142,50.412,7.589,normal
2026-10-01 16:09:41,F3,63.594,1.214,4.006,48.459,6.104,normal
2026-10-01 16:10:41,F3,74.229,1.105,4.209,60.81,10.032,normal
2026-10-01 16:11:41,F3,71.026,1.121,4.444,34.587,8.676,normal
2026-10-01 16:12:41,F3,68.478,1.222,3.976,61.566,9.824,normal
2026-10-01 16:13:41,F3,73.762,1.003,3.461,35.6,7.482,normal
2026-10-01 16:14:41,F3,72.634,1.323,4.329,40.948,8.58,normal
2026-10-01 16:15:41,F3,79.126,1.024,2.625,43.451,8.807,normal
2026-10-01 16:16:41,F3,65.515,1.171,4.383,43.098,6.458,normal
2026-10-01 16:17:41,F3,68.921,1.109,4.954,52.748,8.939,normal
2026-10-01 16:18:41,F3,60.153,1.152,2.806,55.534,8.848,normal
2026-10-01 16:19:41,F3,79.323,1.136,4.98,56.408,9.361,normal
2026-10-01 16:20:41,F3,63.872,1.388,3.5,44.159,8.776,normal
2026-10-01 16:21:41,F3,67.314,1.356,4.514,52.582,9.947,normal
2026-10-01 16:22:41,F3,69.498,1.132,3.512,40.278,11.174,normal
2026-10-01 16:23:41,F3,68.074,0.785,5.343,42.936,9.45,normal
2026-10-01 16:24:41,F3,63.15,1.004,3.177,44.145,6.643,normal
2026-10-01 16:25:41,F3,62.048,1.113,5.299,49.382,10.858,normal
2026-10-01 16:26:41,F3,73.401,1.291,3.976,40.002,7.829,normal
2026-10-01 16:27:41,F3,75.927,1.1,3.945,46.608,9.628,normal
2026-10-01 16:28:41,F3,78.448,0.914,4.527,46.379,11.156,normal
2026-10-01 16:29:41,F3,70.06,0.877,3.941,52.766,8.332,normal
2026-10-01 16:30:41,F3,74.583,1.097,4.041,50.3,10.375,normal
2026-10-01 16:31:41,F3,69.851,1.29,5.039,45.012,8.907,normal
2026-10-01 16:32:41,F3,67.469,1.238,3.003,49.017,11.255,normal
2026-10-01 16:33:41,F3,73.884,0.832,4.797,51.61,8.741,normal
2026-10-01 16:34:41,F3,86.584,1.189,4.882,25.111,8.737,normal
2026-10-01 16:35:41,F3,62.791,1.135,3.849,45.903,6.207,normal
2026-10-01 16:36:41,F3,66.542,1.418,4.841,49.474,9.941,normal
2026-10-01 16:37:41,F3,76.322,1.232,5.02,45.118,8.595,normal
2026-10-01 16:38:41,F3,58.603,1.189,4.623,54.936,7.338,normal
2026-10-01 16:39:41,F3,73.709,1.203,3.771,52.539,6.94,normal
2026-10-01 16:40:41,F3,74.53,1.205,5.16,51.197,11.078,normal
2026-10-01 16:41:41,F3,58.216,1.35,4.184,54.879,8.031,normal
2026-10-01 16:42:41,F3,69.614,1.056,4.579,44.782,10.145,normal
2026-10-01 16:43:41,F3,88.993,1.33,4.248,34.95,8.456,normal
2026-10-01 16:44:41,F3,72.743,1.508,3.666,54.955,9.308,normal
2026-10-01 16:45:41,F3,45.741,1.118,4.206,48.186,10.832,normal
2026-10-01 16:46:41,F3,60.928,0.912,2.799,44.594,8.014,normal
2026-10-01 16:47:41,F3,65.425,0.924,4.798,46.052,10.994,normal
2026-10-01 16:48:41,F3,70.939,0.818,4.925,46.968,10.451,normal
2026-10-01 16:49:41,F3,64.377,1.138,4.132,38.808,9.12,normal
2026-10-01 16:50:41,F3,63.241,1.132,1.184,53.298,9.152,normal
2026-10-01 16:51:41,F3,72.156,0.913,3.378,44.99,10.146,normal
2026-10-01 16:52:41,F3,65.789,1.301,4.254,46.747,9.048,normal
2026-10-01 16:53:41,F3,65.785,1.366,4.194,49.334,8.668,normal
2026-10-01 16:54:41,F3,88.28,1.156,4.167,41.445,9.899,normal
2026-10-01 16:55:41,F3,71.585,0.956,5.017,41.64,6.956,normal
2026-10-01 16:56:41,F3,55.569,1.279,4.942,46.009,7.265,normal
2026-10-01 16:57:41,F3,83.035,1.039,3.905,44.486,9.142,normal
2026-10-01 16:58:41,F3,82.646,1.072,3.038,53.924,7.37,normal
2026-10-01 16:59:41,F3,59.151,1.035,3.004,36.639,8.569,normal
2026-10-01 17:00:41,F3,74.371,1.543,4.42,50.814,6.834,normal
2026-10-01 17:01:41,F3,62.748,0.903,3.849,46.225,11.959,normal
2026-10-01 17:02:41,F3,76.216,1.147,4.361,54.562,6.005,normal
2026-10-01 17:03:41,F3,62.463,1.108,4.337,49.855,8.182,normal
2026-10-01 17:04:41,F3,80.823,1.165,4.797,44.1,9.923,normal
2026-10-01 17:05:41,F3,68.778,0.942,4.566,41.976,9.336,normal
2026-10-01 17:06:41,F3,74.408,1.16,5.273,51.693,7.511,failure
2026-10-01 17:07:41,F3,78.611,1.306,4.473,52.231,7.479,normal
2026-10-01 17:08:41,F3,70.338,1.123,5.555,48.56,11.631,normal
2026-10-01 17:09:41,F3,70.718,1.022,5.149,41.408,8.303,normal
2026-10-01 17:10:41,F3,79.873,1.331,4.133,49.138,9.668,normal
2026-10-01 17:11:41,F3,75.194,1.581,4.506,57.161,11.859,normal
2026-10-01 17:12:41,F3,54.509,1.178,3.656,49.417,10.181,normal
2026-10-01 17:13:41,F3,87.448,1.171,4.772,53.894,10.119,normal
2026-10-01 17:14:41,F3,72.391,1.205,4.982,41.543,9.788,normal
2026-10-01 17:15:41,F3,65.663,1.007,4.747,50.761,10.479,normal
2026-10-01 17:16:41,F3,76.372,1.2,5.296,38.931,8.925,normal
2026-10-01 17:17:41,F3,67.196,1.755,4.848,43.461,9.124,normal
2026-10-01 17:18:41,F3,59.025,0.874,3.076,51.968,11.22,normal
2026-10-01 17:19:41,F3,60.651,1.5,3.841,44.054,7.462,normal
2026-10-01 17:20:41,F3,72.57,1.118,4.609,47.003,7.3,normal
2026-10-01 17:21:41,F3,56.334,0.889,4.833,48.445,4.058,normal
2026-10-01 17:22:41,F3,75.206,1.04,4.113,36.724,9.988,normal
2026-10-01 17:23:41,F3,65.038,1.631,4.35,53.501,9.972,normal
2026-10-01 17:24:41,F3,68.86,1.462,4.759,46.874,8.806,normal
2026-10-01 17:25:41,F3,63.207,1.504,3.675,53.107,7.409,normal
2026-10-01 17:26:41,F3,74.065,1.243,4.57,50.839,7.202,normal
2026-10-01 17:27:41,F3,57.275,1.521,4.06,44.621,7.21,normal
2026-10-01 17:28:41,F3,67.827,0.866,4.039,44.827,9.3,normal
2026-10-01 17:29:41,F3,58.677,1.253,5.191,39.889,10.99,normal
2026-10-01 17:30:41,F3,57.72,0.889,2.244,53.442,12.334,normal
2026-10-01 17:31:41,F3,80.144,1.296,3.431,37.505,8.964,normal
2026-10-01 17:32:41,F3,74.467,1.255,4.011,43.279,9.963,normal
2026-10-01 17:33:41,F3,81.415,1.334,4.129,43.888,7.934,normal
2026-10-01 17:34:41,F3,75.944,1.186,3.638,65.303,10.658,normal
2026-10-01 17:35:41,F3,62.152,1.311,4.946,41.816,7.031,normal
2026-10-01 17:36:41,F3,77.651,1.257,4.366,44.738,9.556,normal
2026-10-01 17:37:41,F3,82.792,1.204,4.227,46.754,10.526,normal
2026-10-01 17:38:41,F3,74.611,2.006,4.425,49.674,7.964,normal
2026-10-01 17:39:41,F3,70.248,1.199,3.896,52.387,9.702,normal
2026-10-01 17:40:41,F3,57.859,1.674,4.346,52.296,5.873,normal
2026-10-01 17:41:41,F3,76.451,1.086,4.59,56.696,10.638,normal
2026-10-01 17:42:41,F3,72.56,1.594,3.863,43.233,8.809,normal
2026-10-01 17:43:41,F3,73.312,1.111,4.875,55.607,9.304,normal
2026-10-01 17:44:41,F3,63.825,1.303,4.104,48.556,7.302,normal
2026-10-01 17:45:41,F3,81.382,1.167,4.822,38.299,7.966,normal
2026-10-01 17:46:41,F3,67.33,1.636,4.65,59.181,9.069,normal
2026-10-01 17:47:41,F3,67.367,1.347,4.07,41.244,9.555,normal
2026-10-01 17:48:41,F3,77.878,1.088,4.426,51.9,8.147,normal
2026-10-01 17:49:41,F3,59.884,1.077,4.726,52.678,8.245,normal
2026-10-01 17:50:41,F3,79.01,1.42,3.01,50.804,8.474,normal
2026-10-01 17:51:41,F3,71.927,1.081,4.474,43.264,8.91,normal
2026-10-01 17:52:41,F3,89.247,1.143,4.671,53.634,9.848,normal
2026-10-01 17:53:41,F3,63.52,1.032,5.078,42.356,7.964,normal
2026-10-01 17:54:41,F3,70.534,1.145,4.535,47.272,8.661,normal
2026-10-01 17:55:41,F3,72.865,1.542,4.975,37.988,7.795,normal
2026-10-01 17:56:41,F3,78.584,1.242,4.016,43.232,9.911,normal
2026-10-01 17:57:41,F3,61.532,1.046,4.76,33.181,8.588,normal
2026-10-01 17:58:41,F3,75.84,1.306,3.863,55.103,6.308,normal
2026-10-01 17:59:41,F3,59.202,1.441,3.905,58.127,12.966,normal
2026-10-01 18:00:41,F3,63.991,1.495,4.836,70.771,9.017,normal
2026-10-01 18:01:41,F3,62.944,1.546,2.829,55.039,9.51,normal
2026-10-01 18:02:41,F3,80.137,1.373,4.797,47.508,9.673,normal
2026-10-01 18:03:41,F3,73.726,1.348,3.432,57.195,6.385,normal
2026-10-01 18:04:41,F3,62.689,1.237,4.267,43.666,7.423,normal
2026-10-01 18:05:41,F3,57.848,1.011,4.186,42.036,10.642,normal
2026-10-01 18:06:41,F3,67.026,1.073,4.497,54.545,8.441,normal
2026-10-01 18:07:41,F3,51.33,1.197,5.097,49.625,11.23,normal
2026-10-01 18:08:41,F3,59.356,1.523,4.991,57.389,8.825,normal
2026-10-01 18:09:41,F3,57.485,1.278,3.507,57.297,9.237,normal
2026-10-01 18:10:41,F3,59.219,1.282,4.09,48.963,8.136,normal
2026-10-01 18:11:41,F3,82.71,0.882,3.427,55.559,11.079,normal
2026-10-01 18:12:41,F3,55.784,1.136,4.206,55.778,9.839,normal
2026-10-01 18:13:41,F3,80.331,1.307,3.097,53.461,9.79,normal
2026-10-01 18:14:41,F3,64.889,0.935,5.356,52.665,8.11,normal
2026-10-01 18:15:41,F3,67.833,1.126,5.085,48.061,7.92,normal
2026-10-01 18:16:41,F3,66.532,1.477,2.832,50.717,8.745,normal
2026-10-01 18:17:41,F3,66.114,1.577,4.203,39.499,9.852,normal
2026-10-01 18:18:41,F3,68.825,1.588,4.948,46.196,10.949,normal
2026-10-01 18:19:41,F3,65.878,1.137,4.494,53.712,9.657,normal
2026-10-01 18:20:41,F3,56.888,1.289,5.372,51.276,7.407,normal
2026-10-01 18:21:41,F3,69.532,1.706,4.018,50.299,10.088,normal
2026-10-01 18:22:41,F3,61.432,0.931,5.051,47.382,7.961,normal
2026-10-01 18:23:41,F3,69.935,1.35,4.74,48.293,10.786,normal
2026-10-01 18:24:41,F3,77.391,1.385,5.01,52.953,11.597,normal
2026-10-01 18:25:41,F3,46.664,1.308,3.47,41.931,7.909,normal
2026-10-01 18:26:41,F3,67.163,1.473,4.873,44.314,7.485,normal
2026-10-01 18:27:41,F3,68.257,1.266,4.782,59.863,9.669,normal
2026-10-01 18:28:41,F3,75.767,1.333,5.449,51.426,8.122,normal
2026-10-01 18:29:41,F3,59.741,1.459,5.287,51.227,11.091,normal
2026-10-01 18:30:41,F3,61.13,1.399,4.915,49.472,10.998,normal
2026-10-01 18:31:41,F3,69.059,1.064,4.055,45.415,8.773,normal
2026-10-01 18:32:41,F3,84.5,1.525,2.74,53.025,8.453,normal
2026-10-01 18:33:41,F3,64.658,1.221,3.785,42.761,7.557,normal
2026-10-01 18:34:41,F3,63.24,1.477,5.931,53.337,11.552,normal
2026-10-01 18:35:41,F3,65.743,0.914,3.483,46.647,10.265,normal
2026-10-01 18:36:41,F3,69.956,0.889,4.193,51.626,11.736,normal
2026-10-01 18:37:41,F3,74.116,0.86,4.569,42.177,6.515,normal
2026-10-01 18:38:41,F3,76.087,1.233,5.739,59.642,7.521,normal
2026-10-01 18:39:41,F3,61.962,1.153,4.778,54.047,14.437,normal
2026-10-01 18:40:41,F3,75.401,1.187,3.972,51.285,6.934,normal
2026-10-01 18:41:41,F3,65.23,1.579,3.99,51.918,8.386,normal
2026-10-01 18:42:41,F3,66.393,1.272,3.456,40.613,9.203,normal
2026-10-01 18:43:41,F3,73.385,1.236,5.361,45.23,11.29,normal
2026-10-01 18:44:41,F3,65.371,1.365,4.464,44.035,6.331,normal
2026-10-01 18:45:41,F3,64.465,1.473,4.898,50.329,8.021,normal
2026-10-01 18:46:41,F3,69.763,1.267,4.326,44.057,10.129,normal
2026-10-01 18:47:41,F3,55.841,1.346,4.75,57.321,10.054,normal
2026-10-01 18:48:41,F3,72.251,1.438,4.013,48.899,9.288,normal
2026-10-01 18:49:41,F3,72.804,1.476,4.243,44.318,6.213,normal
2026-10-01 18:50:41,F3,61.126,1.284,4.35,37.238,8.219,normal
2026-10-01 18:51:41,F3,57.914,1.533,4.429,50.41,7.505,normal
2026-10-01 18:52:41,F3,68.208,1.257,5.158,43.281,7.631,normal
2026-10-01 18:53:41,F3,76.272,1.638,4.662,50.542,8.691,normal
2026-10-01 18:54:41,F3,72.503,1.393,4.784,41.22,9.753,normal
2026-10-01 18:55:41,F3,57.789,1.493,4.297,48.672,10.822,normal
2026-10-01 18:56:41,F3,67.848,1.434,4.475,33.399,10.563,normal
2026-10-01 18:57:41,F3,63.07,1.451,4.356,45.494,9.614,normal
2026-10-01 18:58:41,F3,59.877,1.549,4.266,60.131,10.322,normal
2026-10-01 18:59:41,F3,55.789,1.298,3.49,46.437,7.507,normal
2026-10-01 19:00:41,F3,68.909,1.68,4.202,43.552,9.897,normal
2026-10-01 19:01:41,F3,77.434,1.248,6.242,55.19,5.776,normal
2026-10-01 19:02:41,F3,78.417,1.385,4.689,57.622,8.292,normal
2026-10-01 19:03:41,F3,75.978,1.185,4.369,47.772,7.1,normal
2026-10-01 19:04:41,F3,65.318,1.229,4.367,47.12,9.563,normal
2026-10-01 19:05:41,F3,64.564,1.035,3.956,47.767,10.106,normal
2026-10-01 19:06:41,F3,53.109,1.237,4.502,44.909,9.744,normal
2026-10-01 19:07:41,F3,75.942,1.419,3.797,45.138,9.054,normal
2026-10-01 19:08:41,F3,62.408,1.07,4.735,48.6,8.55,normal
2026-10-01 19:09:41,F3,74.291,1.439,5.509,49.029,9.581,normal
2026-10-01 19:10:41,F3,69.033,1.363,4.342,55.903,8.36,normal
2026-10-01 19:11:41,F3,67.87,1.063,4.087,54.495,8.446,normal
2026-10-01 19:12:41,F3,64.239,1.422,3.737,48.502,7.517,normal
2026-10-01 19:13:41,F3,64.097,1.063,3.955,43.684,9.763,normal
2026-10-01 19:14:41,F3,61.223,1.47,4.897,60.3,11.798,normal
2026-10-01 19:15:41,F3,80.808,0.979,4.109,45.036,7.223,normal
2026-10-01 19:16:41,F3,67.073,1.352,2.636,46.887,10.557,normal
2026-10-01 19:17:41,F3,50.527,1.133,4.96,49.555,7.81,normal
2026-10-01 19:18:41,F3,68.235,1.394,3.724,50.786,10.062,normal
2026-10-01 19:19:41,F3,75.133,1.388,2.623,42.277,8.468,normal
2026-10-01 19:20:41,F3,75.399,1.443,4.202,42.772,9.98,normal
2026-10-01 19:21:41,F3,75.355,1.195,4.833,52.171,7.127,normal
2026-10-01 19:22:41,F3,77.773,1.205,4.748,51.86,5.671,normal
2026-10-01 19:23:41,F3,68.936,1.046,3.722,44.463,9.243,normal
2026-10-01 19:24:41,F3,62.182,1.228,4.557,55.423,9.733,normal
2026-10-01 19:25:41,F3,66.759,1.577,4.919,46.708,10.894,failure
2026-10-01 19:26:41,F3,68.535,1.174,4.78,46.114,12.23,normal
2026-10-01 19:27:41,F3,72.785,1.453,3.302,60.738,10.648,normal
2026-10-01 19:28:41,F3,67.769,0.971,4.843,56.636,9.72,normal
2026-10-01 19:29:41,F3,65.767,1.508,3.216,40.216,8.925,normal
2026-10-01 19:30:41,F3,73.23,1.033,5.095,43.151,8.883,normal
2026-10-01 19:31:41,F3,65.01,1.242,5.344,49.004,12.681,failure
2026-10-01 19:32:41,F3,66.974,1.317,3.017,34.806,8.853,normal
2026-10-01 19:33:41,F3,79.474,1.082,3.196,60.436,7.553,normal
2026-10-01 19:34:41,F3,82.161,1.172,5.242,58.219,6.275,normal
2026-10-01 19:35:41,F3,56.372,1.478,4.568,48.723,9.409,normal
2026-10-01 19:36:41,F3,60.498,1.483,3.93,41.41,9.549,normal
2026-10-01 19:37:41,F3,62.621,1.468,4.65,44.533,8.028,normal
2026-10-01 19:38:41,F3,67.803,1.027,4.152,64.508,8.687,normal
2026-10-01 19:39:41,F3,68.735,1.425,4.941,15.066,9.787,normal
2026-10-01 19:40:41,F3,65.748,1.525,4.573,44.031,10.348,normal
2026-10-01 19:41:41,F3,71.299,1.549,4.42,54.628,7.58,normal
2026-10-01 19:42:41,F3,65.314,1.528,5.193,39.49,9.969,normal
2026-10-01 19:43:41,F3,69.617,1.522,4.553,56.931,7.577,normal
2026-10-01 19:44:41,F3,68.937,0.836,3.525,54.06,10.442,normal
2026-10-01 19:45:41,F3,67.048,1.279,4.55,51.347,12.825,normal
2026-10-01 19:46:41,F3,69.948,1.296,4.646,55.071,12.357,normal
2026-10-01 19:47:41,F3,71.147,1.212,3.835,50.889,9.274,normal
2026-10-01 19:48:41,F3,74.502,1.411,4.179,48.702,8.438,normal
2026-10-01 19:49:41,F3,72.795,1.171,5.355,48.896,7.72,normal
2026-10-01 19:50:41,F3,68.518,1.562,4.647,40.611,10.298,normal
2026-10-01 19:51:41,F3,72.896,1.275,4.796,46.167,8.047,normal
2026-10-01 19:52:41,F3,76.52,1.579,4.544,43.315,12.035,normal
2026-10-01 19:53:41,F3,73.639,1.693,4.229,52.736,8.431,normal
2026-10-01 19:54:41,F3,54.248,1.216,5.199,37.333,10.961,normal
2026-10-01 19:55:41,F3,75.461,1.569,4.588,45.595,9.711,normal
2026-10-01 19:56:41,F3,68.789,1.375,3.089,50.009,7.424,normal
2026-10-01 19:57:41,F3,71.054,1.402,3.925,40.014,6.339,normal
2026-10-01 19:58:41,F3,70.041,1.682,4.952,44.669,8.913,normal
2026-10-01 19:59:41,F3,72.954,1.54,3.763,50.25,9.164,normal
2026-10-01 20:00:41,F3,65.152,1.196,3.999,44.014,9.919,normal
2026-10-01 20:01:41,F3,72.259,1.522,4.243,49.91,9.577,normal
2026-10-01 20:02:41,F3,60.978,1.209,3.586,61.352,8.083,normal
2026-10-01 20:03:41,F3,69.876,1.41,4.264,56.293,6.906,normal
2026-10-01 20:04:41,F3,65.939,1.484,4.656,48.911,8.595,normal
2026-10-01 20:05:41,F3,72.694,1.441,5.691,55.135,8.568,normal
2026-10-01 20:06:41,F3,80.585,1.543,5.855,63.195,10.573,failure
2026-10-01 20:07:41,F3,74.507,1.409,4.702,54.085,9.968,normal
2026-10-01 20:08:41,F3,76.383,1.448,3.867,49.779,9.293,normal
2026-10-01 20:09:41,F3,65.945,1.704,5.673,52.086,10.793,failure
2026-10-01 20:10:41,F3,65.173,1.108,4.371,33.129,11.896,normal
2026-10-01 20:11:41,F3,74.566,1.41,5.193,45.138,10.034,normal
2026-10-01 20:12:41,F3,74.364,1.24,5.074,44.192,10.038,normal
2026-10-01 20:13:41,F3,77.573,1.351,4.837,48.527,11.788,normal
2026-10-01 20:14:41,F3,66.902,1.489,5.268,52.914,7.208,normal
2026-10-01 20:15:41,F3,69.361,1.413,4.0,51.127,7.548,normal
2026-10-01 20:16:41,F3,61.341,1.264,5.266,47.424,9.954,normal
2026-10-01 20:17:41,F3,79.296,1.145,3.748,40.933,8.589,normal
2026-10-01 20:18:41,F3,81.393,1.313,5.285,50.543,11.265,normal
2026-10-01 20:19:41,F3,81.455,1.697,4.192,43.807,8.908,normal
2026-10-01 20:20:41,F3,68.667,1.432,4.662,39.985,6.744,normal
2026-10-01 20:21:41,F3,67.504,1.243,4.924,50.765,7.951,normal
2026-10-01 20:22:41,F3,59.123,1.275,4.048,46.127,8.779,normal
2026-10-01 20:23:41,F3,68.512,1.422,3.296,56.367,7.991,normal
2026-10-01 20:24:41,F3,77.781,1.496,4.488,52.322,8.17,normal
2026-10-01 20:25:41,F3,76.899,1.593,3.509,41.147,9.825,normal
2026-10-01 20:26:41,F3,70.038,0.991,5.499,58.343,9.295,normal
2026-10-01 20:27:41,F3,67.338,2.24,4.118,56.82,11.136,normal
2026-10-01 20:28:41,F3,54.445,1.221,5.479,47.06,7.719,normal
2026-10-01 20:29:41,F3,72.885,1.72,3.601,50.268,8.387,normal
2026-10-01 20:30:41,F3,65.234,1.632,3.955,46.619,9.585,normal
2026-10-01 20:31:41,F3,47.307,1.451,4.129,49.811,11.05,normal
2026-10-01 20:32:41,F3,78.179,1.387,4.484,57.813,8.872,normal
2026-10-01 20:33:41,F3,65.829,1.466,3.11,48.733,9.209,normal
2026-10-01 20:34:41,F3,76.058,1.39,4.151,46.776,9.898,normal
2026-10-01 20:35:41,F3,69.089,1.576,4.412,43.954,10.043,normal
2026-10-01 20:36:41,F3,67.955,1.656,4.246,55.986,10.658,failure
2026-10-01 20:37:41,F3,58.984,1.057,4.941,48.556,8.003,normal
2026-10-01 20:38:41,F3,50.345,1.458,3.818,45.15,8.665,normal
2026-10-01 20:39:41,F3,75.403,1.565,4.268,54.585,7.61,normal
2026-10-01 20:40:41,F3,69.909,1.212,4.483,43.24,7.335,normal
2026-10-01 20:41:41,F3,71.127,1.296,4.184,48.375,8.044,normal
2026-10-01 20:42:41,F3,78.42,1.622,3.014,46.163,8.293,normal
2026-10-01 20:43:41,F3,63.616,1.538,4.711,49.921,7.822,normal
2026-10-01 20:44:41,F3,65.253,1.641,4.621,45.924,11.109,normal
2026-10-01 20:45:41,F3,75.017,1.443,4.556,48.011,12.207,failure
2026-10-01 20:46:41,F3,74.2,1.441,5.012,45.261,9.977,normal
2026-10-01 20:47:41,F3,72.256,1.574,5.099,56.323,6.256,normal
2026-10-01 20:48:41,F3,59.215,1.274,4.7,46.49,7.934,normal
2026-10-01 20:49:41,F3,52.224,1.41,4.126,47.653,8.458,normal
2026-10-01 20:50:41,F3,72.94,1.742,3.085,64.049,8.606,normal
2026-10-01 20:51:41,F3,66.817,1.205,4.124,54.057,11.204,normal
2026-10-01 20:52:41,F3,81.231,1.52,4.435,45.881,10.269,normal
2026-10-01 20:53:41,F3,61.898,1.295,4.365,54.709,13.42,normal
2026-10-01 20:54:41,F3,68.458,1.184,6.224,52.21,7.375,normal
2026-10-01 20:55:41,F3,79.366,1.57,4.502,47.899,6.886,normal
2026-10-01 20:56:41,F3,61.496,1.913,4.052,49.563,9.221,normal
2026-10-01 20:57:41,F3,69.959,1.209,4.108,45.087,10.413,normal
2026-10-01 20:58:41,F3,66.533,1.256,5.5,57.119,9.291,normal
2026-10-01 20:59:41,F3,59.903,1.231,3.215,51.052,11.776,normal
2026-10-01 21:00:41,F3,76.343,1.788,3.536,46.424,8.309,normal
2026-10-01 21:01:41,F3,83.473,1.567,5.946,65.181,7.49,failure
2026-10-01 21:02:41,F3,60.408,1.477,5.623,47.102,11.489,normal
2026-10-01 21:03:41,F3,49.994,1.603,4.24,61.538,10.103,normal
2026-10-01 21:04:41,F3,63.751,0.895,4.931,48.457,9.823,normal
2026-10-01 21:05:41,F3,71.874,1.002,3.956,43.096,9.205,normal
2026-10-01 21:06:41,F3,74.811,1.904,4.348,39.336,11.334,failure
2026-10-01 21:07:41,F3,56.715,1.213,4.509,54.291,8.015,normal
2026-10-01 21:08:41,F3,69.033,1.665,4.078,53.047,11.546,normal
2026-10-01 21:09:41,F3,61.265,1.427,5.14,55.844,8.009,normal
2026-10-01 21:10:41,F3,63.852,1.289,4.207,42.596,7.998,normal
2026-10-01 21:11:41,F3,71.053,2.076,4.146,45.698,11.03,normal
2026-10-01 21:12:41,F3,54.507,1.749,4.26,43.734,8.997,normal
2026-10-01 21:13:41,F3,57.844,1.369,4.7,48.566,7.582,normal
2026-10-01 21:14:41,F3,72.662,1.311,4.37,45.36,9.658,normal
2026-10-01 21:15:41,F3,72.456,1.635,4.487,48.106,8.366,normal
2026-10-01 21:16:41,F3,68.095,1.679,4.004,45.835,8.502,normal
2026-10-01 21:17:41,F3,55.357,1.195,5.403,40.684,6.327,normal
2026-10-01 21:18:41,F3,57.863,1.44,5.855,52.499,6.879,normal
2026-10-01 21:19:41,F3,57.634,1.356,6.106,40.034,9.112,normal
2026-10-01 21:20:41,F3,64.253,1.869,5.531,43.816,11.559,normal
2026-10-01 21:21:41,F3,61.224,1.45,4.044,55.264,9.218,normal
2026-10-01 21:22:41,F3,74.304,1.403,3.606,44.76,7.111,normal
2026-10-01 21:23:41,F3,67.91,1.383,4.881,56.806,10.375,normal
2026-10-01 21:24:41,F3,74.195,1.511,4.224,50.309,13.129,normal
2026-10-01 21:25:41,F3,83.029,1.568,5.339,48.448,7.788,failure
2026-10-01 21:26:41,F3,65.23,1.256,2.863,49.4,8.098,normal
2026-10-01 21:27:41,F3,67.492,1.13,4.776,40.469,8.487,normal
2026-10-01 21:28:41,F3,67.193,1.092,5.147,50.131,8.137,normal
2026-10-01 21:29:41,F3,59.135,1.544,4.332,35.813,5.961,normal
2026-10-01 21:30:41,F3,71.076,1.329,4.062,49.131,10.377,normal
2026-10-01 21:31:41,F3,67.933,1.574,3.75,46.699,12.086,normal
2026-10-01 21:32:41,F3,74.411,1.485,4.22,40.125,10.715,normal
2026-10-01 21:33:41,F3,69.315,1.536,4.033,43.18,9.314,normal
2026-10-01 21:34:41,F3,59.067,1.362,5.279,48.73,11.313,normal
2026-10-01 21:35:41,F3,74.187,1.236,5.242,31.435,8.711,normal
2026-10-01 21:36:41,F3,78.46,1.575,4.926,44.924,9.92,normal
2026-10-01 21:37:41,F3,64.948,1.376,3.137,57.121,8.679,normal
2026-10-01 21:38:41,F3,68.581,1.672,4.992,42.419,9.094,failure
2026-10-01 21:39:41,F3,63.674,1.46,5.829,53.226,7.909,normal
2026-10-01 21:40:41,F3,62.043,1.184,4.416,49.611,9.744,normal
2026-10-01 21:41:41,F3,79.794,1.658,4.007,46.89,7.758,normal
2026-10-01 21:42:41,F3,67.391,1.232,5.36,40.475,10.627,normal
2026-10-01 21:43:41,F3,78.502,1.627,4.866,54.541,10.855,normal
2026-10-01 21:44:41,F3,73.615,1.491,3.581,57.276,11.777,normal
2026-10-01 21:45:41,F3,83.163,1.74,3.929,50.81,11.414,normal
2026-10-01 21:46:41,F3,69.737,1.483,5.214,49.779,8.736,normal
2026-10-01 21:47:41,F3,77.325,2.123,4.071,44.572,8.573,normal
2026-10-01 21:48:41,F3,68.729,1.233,4.388,47.926,10.882,normal
2026-10-01 21:49:41,F3,76.675,1.189,3.885,39.815,11.319,normal
2026-10-01 21:50:41,F3,65.999,1.236,5.274,43.017,6.856,normal
2026-10-01 21:51:41,F3,84.963,1.594,3.919,45.838,9.477,normal
2026-10-01 21:52:41,F3,68.27,1.372,4.657,61.417,11.107,normal
2026-10-01 21:53:41,F3,74.961,1.143,4.878,57.939,10.868,normal
2026-10-01 21:54:41,F3,67.434,1.724,4.205,48.731,11.333,normal
2026-10-01 21:55:41,F3,65.003,1.361,3.668,51.102,8.637,normal
2026-10-01 21:56:41,F3,63.181,1.245,3.896,43.207,8.561,normal
2026-10-01 21:57:41,F3,66.964,1.902,4.68,47.47,10.161,normal
2026-10-01 21:58:41,F3,60.858,1.652,3.85,45.003,8.38,normal
2026-10-01 21:59:41,F3,51.504,1.436,5.314,43.744,8.179,normal
2026-10-01 22:00:41,F3,84.354,1.666,5.184,31.745,8.216,normal
2026-10-01 22:01:41,F3,68.856,1.283,5.246,51.118,9.677,normal
2026-10-01 22:02:41,F3,70.637,1.299,4.795,49.544,10.341,normal
2026-10-01 22:03:41,F3,53.933,1.309,6.049,41.596,6.486,normal
2026-10-01 22:04:41,F3,65.288,1.713,5.598,52.065,12.107,normal
2026-10-01 22:05:41,F3,61.576,1.583,3.952,42.687,9.477,normal
2026-10-01 22:06:41,F3,67.753,1.587,3.994,48.701,7.084,normal
2026-10-01 22:07:41,F3,71.168,1.873,5.042,50.351,10.338,normal
2026-10-01 22:08:41,F3,77.59,1.781,5.04,52.167,10.652,failure
2026-10-01 22:09:41,F3,62.511,1.631,5.505,53.862,9.506,normal
2026-10-01 22:10:41,F3,77.422,1.719,5.249,38.27,8.658,normal
2026-10-01 22:11:41,F3,72.317,1.486,4.465,46.236,10.982,failure
2026-10-01 22:12:41,F3,58.013,1.597,4.858,52.509,10.54,normal
2026-10-01 22:13:41,F3,70.432,1.59,4.732,49.492,10.606,normal
2026-10-01 22:14:41,F3,80.344,1.521,4.542,47.203,9.044,normal
2026-10-01 22:15:41,F3,71.93,1.566,5.065,55.728,6.157,normal
2026-10-01 22:16:41,F3,81.905,1.326,3.787,38.253,14.11,normal
2026-10-01 22:17:41,F3,60.755,1.627,3.481,61.882,11.174,normal
2026-10-01 22:18:41,F3,76.45,1.393,4.579,52.005,11.266,normal
2026-10-01 22:19:41,F3,70.244,1.495,4.08,50.137,11.21,normal
2026-10-01 22:20:41,F3,61.608,1.009,4.652,50.895,8.568,normal
2026-10-01 22:21:41,F3,68.966,1.589,4.651,41.846,9.619,failure
2026-10-01 22:22:41,F3,63.155,1.823,4.809,63.311,8.228,normal
2026-10-01 22:23:41,F3,66.412,1.369,3.989,59.144,11.993,normal
2026-10-01 22:24:41,F3,81.791,1.55,4.797,49.074,9.299,normal
2026-10-01 22:25:41,F3,74.805,1.321,5.852,58.037,8.617,normal
2026-10-01 22:26:41,F3,66.964,1.381,5.082,40.938,9.746,normal
2026-10-01 22:27:41,F3,70.439,1.359,3.661,48.43,8.33,normal
2026-10-01 22:28:41,F3,80.337,1.582,4.461,71.082,9.187,normal
2026-10-01 22:29:41,F3,60.964,1.585,5.362,44.089,10.253,normal
2026-10-01 22:30:41,F3,72.955,1.42,5.129,61.792,9.249,normal
2026-10-01 22:31:41,F3,59.757,1.381,4.553,32.783,10.447,normal
2026-10-01 22:32:41,F3,65.126,1.411,5.04,45.596,11.559,normal
2026-10-01 22:33:41,F3,73.781,1.628,4.451,52.011,11.382,normal
2026-10-01 22:34:41,F3,61.693,1.309,4.823,50.629,7.942,normal
2026-10-01 22:35:41,F3,63.322,1.666,5.095,51.142,10.616,normal
2026-10-01 22:36:41,F3,75.141,1.173,5.452,47.799,8.419,normal
2026-10-01 22:37:41,F3,69.445,1.439,3.715,50.626,7.988,normal
2026-10-01 22:38:41,F3,73.637,1.378,5.128,49.552,9.128,normal
2026-10-01 22:39:41,F3,72.241,1.447,4.821,45.02,13.488,failure
2026-10-01 22:40:41,F3,75.057,1.537,5.665,54.565,7.666,normal
2026-10-01 22:41:41,F3,59.237,1.364,5.337,45.792,10.388,normal
2026-10-01 22:42:41,F3,58.772,1.453,3.677,49.73,8.622,normal
2026-10-01 22:43:41,F3,59.586,1.181,6.523,45.479,7.945,normal
2026-10-01 22:44:41,F3,64.993,1.367,3.453,52.227,10.452,normal
2026-10-01 22:45:41,F3,68.608,1.416,3.335,42.983,10.154,normal
2026-10-01 22:46:41,F3,80.249,1.724,3.904,54.219,8.694,normal
2026-10-01 22:47:41,F3,78.947,1.069,4.071,51.525,10.737,normal
2026-10-01 22:48:41,F3,69.783,1.907,5.265,46.258,7.925,failure
2026-10-01 22:49:41,F3,66.969,1.434,5.241,47.937,9.499,normal
2026-10-01 22:50:41,F3,65.804,1.744,4.907,51.196,10.592,normal
2026-10-01 22:51:41,F3,72.151,1.527,5.064,40.846,9.313,normal
2026-10-01 22:52:41,F3,59.2,1.508,3.721,40.565,6.291,normal
2026-10-01 22:53:41,F3,67.99,1.761,5.32,44.076,8.173,normal
2026-10-01 22:54:41,F3,55.638,1.302,4.72,47.52,10.334,normal
2026-10-01 22:55:41,F3,77.923,1.692,5.176,56.318,10.834,failure
2026-10-01 22:56:41,F3,67.148,1.528,4.68,46.401,11.968,normal
2026-10-01 22:57:41,F3,61.564,1.886,3.698,52.25,11.02,failure
2026-10-01 22:58:41,F3,67.204,1.341,4.337,56.948,7.403,normal
2026-10-01 22:59:41,F3,82.695,1.444,4.147,45.643,9.259,normal
2026-10-01 23:00:41,F3,62.703,1.543,4.466,41.246,10.815,normal
2026-10-01 23:01:41,F3,74.802,1.4,4.147,48.271,9.127,normal
2026-10-01 23:02:41,F3,67.809,1.602,4.827,56.314,10.891,normal
2026-10-01 23:03:41,F3,55.846,1.324,5.077,55.434,10.337,normal
2026-10-01 23:04:41,F3,73.948,1.792,5.009,49.309,9.787,normal
2026-10-01 23:05:41,F3,71.602,1.351,3.829,49.968,7.263,normal
2026-10-01 23:06:41,F3,59.152,1.507,3.52,45.305,10.69,normal
2026-10-01 23:07:41,F3,62.311,1.388,5.115,49.922,7.446,normal
2026-10-01 23:08:41,F3,73.839,1.534,5.488,55.384,12.309,normal
2026-10-01 23:09:41,F3,61.612,1.512,5.181,49.878,10.777,normal
2026-10-01 23:10:41,F3,76.693,1.533,4.8,56.226,9.386,normal
2026-10-01 23:11:41,F3,59.899,1.683,4.546,45.063,10.221,normal
2026-10-01 23:12:41,F3,70.001,1.758,3.124,62.718,9.645,normal
2026-10-01 23:13:41,F3,73.128,1.408,5.299,39.606,9.066,normal
2026-10-01 23:14:41,F3,74.798,1.419,5.367,42.145,10.112,normal
2026-10-01 23:15:41,F3,62.769,1.987,4.737,44.66,9.577,normal
2026-10-01 23:16:41,F3,72.889,1.686,4.481,40.437,6.778,normal
2026-10-01 23:17:41,F3,67.325,1.219,4.505,55.875,8.288,normal
2026-10-01 23:18:41,F3,76.54,1.563,4.331,62.643,8.651,normal
2026-10-01 23:19:41,F3,73.82,1.614,5.533,39.361,7.584,normal
2026-10-01 23:20:41,F3,67.728,1.856,5.401,49.831,11.551,normal
2026-10-01 23:21:41,F3,66.407,1.278,2.858,50.463,8.12,normal
2026-10-01 23:22:41,F3,64.542,1.711,4.308,44.597,12.022,normal
2026-10-01 23:23:41,F3,72.357,1.521,3.617,50.662,9.729,normal
2026-10-01 23:24:41,F3,63.5,1.412,4.996,48.271,7.921,normal
2026-10-01 23:25:41,F3,83.902,1.738,5.287,39.848,13.313,failure
2026-10-01 23:26:41,F3,80.537,1.905,4.377,45.448,12.623,failure
2026-10-01 23:27:41,F3,55.769,1.657,4.832,43.781,8.634,normal
2026-10-01 23:28:41,F3,62.912,1.658,5.395,43.48,6.723,normal
2026-10-01 23:29:41,F3,58.409,1.729,5.748,44.593,9.342,normal
2026-10-01 23:30:41,F3,66.837,1.694,5.456,43.875,9.82,normal
2026-10-01 23:31:41,F3,74.979,1.518,4.153,58.628,11.676,failure
2026-10-01 23:32:41,F3,61.53,1.464,3.353,53.9,7.224,normal
2026-10-01 23:33:41,F3,63.154,1.729,4.328,36.674,10.058,normal
2026-10-01 23:34:41,F3,66.541,1.436,5.128,46.892,11.639,normal
2026-10-01 23:35:41,F3,81.328,1.885,4.036,50.686,12.476,normal
2026-10-01 23:36:41,F3,68.302,1.186,4.734,43.114,8.642,normal
2026-10-01 23:37:41,F3,63.327,0.711,4.067,59.72,5.522,normal
2026-10-01 23:38:41,F3,53.514,1.783,6.356,57.502,8.245,normal
2026-10-01 23:39:41,F3,62.599,1.226,4.992,32.885,8.233,normal
2026-10-01 23:40:41,F3,55.72,1.366,4.62,44.303,10.662,normal
2026-10-01 23:41:41,F3,69.728,1.679,4.465,49.164,7.491,normal
2026-10-01 23:42:41,F3,89.918,1.823,3.26,49.287,10.052,failure
2026-10-01 23:43:41,F3,65.363,1.382,4.635,45.908,10.975,normal
2026-10-01 23:44:41,F3,61.707,2.057,4.276,43.895,7.858,failure
2026-10-01 23:45:41,F3,68.2,1.857,4.24,53.445,9.047,normal
2026-10-01 23:46:41,F3,66.067,1.743,5.895,42.56,7.213,normal
2026-10-01 23:47:41,F3,74.509,1.596,4.256,45.338,12.36,normal
2026-10-01 23:48:41,F3,62.81,2.101,3.631,58.991,8.259,normal
2026-10-01 23:49:41,F3,77.344,1.659,4.887,50.883,9.522,normal
2026-10-01 23:50:41,F3,69.02,1.6,4.659,48.903,6.898,normal
2026-10-01 23:51:41,F3,82.251,1.73,3.693,48.724,8.359,failure
2026-10-01 23:52:41,F3,71.611,1.912,5.043,56.747,7.31,normal
2026-10-01 23:53:41,F3,66.848,1.435,4.897,46.096,9.721,normal
2026-10-01 23:54:41,F3,82.58,1.602,5.629,46.627,11.745,normal
2026-10-01 23:55:41,F3,64.382,1.59,6.188,46.76,9.614,normal
2026-10-01 23:56:41,F3,66.652,1.73,5.136,57.538,10.069,normal
2026-10-01 23:57:41,F3,77.082,1.37,4.553,54.46,7.835,normal
2026-10-01 23:58:41,F3,79.394,1.776,5.057,54.759,11.843,normal
2026-10-01 23:59:41,F3,74.004,1.561,5.088,54.515,11.024,normal
2026-10-02 00:00:41,F3,75.573,1.859,5.469,56.706,9.726,normal
2026-10-02 00:01:41,F3,63.745,1.44,5.543,45.03,8.473,normal
2026-10-02 00:02:41,F3,71.436,1.493,6.004,60.296,7.617,normal
2026-10-02 00:03:41,F3,67.116,1.811,3.587,50.099,8.0,normal
2026-10-02 00:04:41,F3,81.689,1.501,4.367,44.143,8.822,normal
2026-10-02 00:05:41,F3,68.145,1.488,5.054,41.09,7.091,normal
2026-10-02 00:06:41,F3,66.735,1.52,3.967,40.887,11.766,normal
2026-10-02 00:07:41,F3,81.683,1.79,4.474,53.157,9.934,normal
2026-10-02 00:08:41,F3,63.044,1.509,4.327,47.425,9.592,normal
2026-10-02 00:09:41,F3,61.859,1.446,3.556,49.294,9.757,normal
2026-10-02 00:10:41,F3,62.889,1.399,3.992,47.015,11.434,normal
2026-10-02 00:11:41,F3,67.212,1.494,3.31,0.0,9.52,normal
2026-10-02 00:12:41,F3,70.534,1.011,5.691,47.888,10.404,normal
2026-10-02 00:13:41,F3,62.649,1.568,3.977,48.525,12.804,normal
2026-10-02 00:14:41,F3,69.023,1.648,4.782,41.308,6.272,normal
2026-10-02 00:15:41,F3,59.884,1.47,5.732,42.778,10.296,normal
2026-10-02 00:16:41,F3,70.981,2.429,4.364,54.283,8.155,normal
2026-10-02 00:17:41,F3,64.622,2.046,4.819,50.599,11.165,normal
2026-10-02 00:18:41,F3,74.234,1.964,6.384,44.986,8.187,normal
2026-10-02 00:19:41,F3,60.204,1.94,4.574,49.182,7.611,normal
2026-10-02 00:20:41,F3,62.74,1.275,5.345,53.381,7.324,normal
2026-10-02 00:21:41,F3,66.918,1.45,5.54,48.859,10.777,normal
2026-10-02 00:22:41,F3,57.641,1.688,6.02,47.337,9.189,failure
2026-10-02 00:23:41,F3,81.521,1.415,4.317,54.205,9.606,normal
2026-10-02 00:24:41,F3,65.314,1.466,4.505,49.718,8.281,normal
2026-10-02 00:25:41,F3,61.842,1.561,4.317,48.647,9.32,normal
2026-10-02 00:26:41,F3,69.968,1.314,5.197,59.777,13.207,normal
2026-10-02 00:27:41,F3,77.486,1.535,4.43,50.739,4.801,normal
2026-10-02 00:28:41,F3,87.156,1.399,4.598,60.272,6.528,normal
2026-10-02 00:29:41,F3,56.755,1.465,5.819,44.082,8.535,normal
2026-10-02 00:30:41,F3,71.685,1.814,4.286,36.517,9.217,normal
2026-10-02 00:31:41,F3,85.851,1.519,4.485,51.528,9.099,normal
2026-10-02 00:32:41,F3,61.416,1.875,3.406,55.363,10.628,normal
2026-10-02 00:33:41,F3,68.753,1.721,3.266,47.138,8.172,normal
2026-10-02 00:34:41,F3,72.981,1.488,3.88,40.098,6.979,normal
2026-10-02 00:35:41,F3,74.701,1.403,4.875,54.354,8.913,normal
2026-10-02 00:36:41,F3,63.748,1.679,3.554,49.198,10.375,normal
2026-10-02 00:37:41,F3,70.694,1.896,5.169,52.812,7.824,normal
2026-10-02 00:38:41,F3,69.723,1.346,6.429,47.727,8.917,normal
2026-10-02 00:39:41,F3,78.955,1.717,4.977,52.636,7.961,normal
2026-10-02 00:40:41,F3,79.983,1.986,4.662,48.68,9.227,normal
2026-10-02 00:41:41,F3,70.284,1.747,4.698,47.362,11.007,normal
2026-10-02 00:42:41,F3,71.627,1.858,5.199,53.306,7.514,normal
2026-10-02 00:43:41,F3,63.836,1.6,3.54,49.002,9.434,normal
2026-10-02 00:44:41,F3,69.831,1.607,4.211,59.694,9.975,normal
2026-10-02 00:45:41,F3,71.302,1.784,5.199,55.149,8.087,normal
2026-10-02 00:46:41,F3,72.574,1.293,5.317,61.967,9.041,normal
2026-10-02 00:47:41,F3,69.023,1.607,5.052,28.273,10.454,normal
2026-10-02 00:48:41,F3,75.345,1.608,5.104,51.829,10.209,normal
2026-10-02 00:49:41,F3,76.482,1.429,4.352,50.346,10.396,normal
2026-10-02 00:50:41,F3,67.214,1.482,5.418,53.809,6.21,normal
2026-10-02 00:51:41,F3,66.395,1.588,4.296,55.198,9.882,normal
2026-10-02 00:52:41,F3,63.672,1.487,3.775,44.074,9.159,normal
2026-10-02 00:53:41,F3,68.444,1.692,4.526,55.115,8.7,normal
2026-10-02 00:54:41,F3,75.342,1.486,4.93,49.583,8.254,failure
2026-10-02 00:55:41,F3,69.945,1.79,5.173,58.979,6.979,normal
2026-10-02 00:56:41,F3,62.268,1.454,5.9,52.482,7.759,normal
2026-10-02 00:57:41,F3,71.316,1.595,5.752,54.995,11.989,failure
2026-10-02 00:58:41,F3,53.249,1.822,3.615,40.68,9.892,normal
2026-10-02 00:59:41,F3,65.705,1.339,4.508,55.76,9.098,normal
2026-10-02 01:00:41,F3,77.696,1.916,4.506,49.181,6.331,normal
2026-10-02 01:01:41,F3,64.16,1.392,4.26,60.225,8.648,normal
2026-10-02 01:02:41,F3,69.63,1.527,5.059,43.839,0.0,normal
2026-10-02 01:03:41,F3,55.874,1.5,4.575,48.071,6.338,normal
2026-10-02 01:04:41,F3,63.876,1.793,5.647,46.982,9.275,normal
2026-10-02 01:05:41,F3,69.133,1.588,4.504,48.517,8.16,normal
2026-10-02 01:06:41,F3,74.057,1.825,6.762,52.702,9.547,normal
2026-10-02 01:07:41,F3,77.684,1.453,4.954,51.328,9.404,normal
2026-10-02 01:08:41,F3,78.053,1.806,5.668,47.726,9.912,normal
2026-10-02 01:09:41,F3,66.74,1.608,5.705,47.989,9.984,normal
2026-10-02 01:10:41,F3,75.033,1.646,5.676,35.184,7.905,normal
2026-10-02 01:11:41,F3,69.852,1.681,4.718,47.475,10.902,normal
2026-10-02 01:12:41,F3,67.754,1.892,4.591,62.657,10.191,normal
2026-10-02 01:13:41,F3,80.79,1.877,4.569,30.891,7.907,normal
2026-10-02 01:14:41,F3,69.078,1.461,5.504,43.978,10.108,normal
2026-10-02 01:15:41,F3,60.873,1.703,5.507,52.33,9.198,normal
2026-10-02 01:16:41,F3,79.206,1.854,5.917,57.16,10.613,failure
2026-10-02 01:17:41,F3,74.963,1.348,3.818,49.824,8.744,normal
2026-10-02 01:18:41,F3,71.854,1.69,4.48,56.926,9.519,normal
2026-10-02 01:19:41,F3,79.877,1.593,5.888,53.06,9.681,normal
2026-10-02 01:20:41,F3,71.131,1.737,5.096,51.939,8.592,normal
2026-10-02 01:21:41,F3,71.617,1.981,5.469,51.271,8.181,normal
2026-10-02 01:22:41,F3,60.865,1.686,5.164,52.526,9.366,normal
2026-10-02 01:23:41,F3,70.556,1.584,4.639,45.841,8.152,normal
2026-10-02 01:24:41,F3,75.262,1.625,5.192,50.54,10.468,normal
2026-10-02 01:25:41,F3,78.079,1.329,4.918,50.705,8.692,normal
2026-10-02 01:26:41,F3,85.639,1.708,5.633,41.832,8.561,normal
2026-10-02 01:27:41,F3,65.897,1.645,4.83,35.601,8.253,normal
2026-10-02 01:28:41,F3,53.7,1.679,5.24,54.953,12.492,normal
2026-10-02 01:29:41,F3,72.725,1.28,4.208,45.86,7.386,normal
2026-10-02 01:30:41,F3,57.561,2.059,4.651,48.077,8.159,normal
2026-10-02 01:31:41,F3,60.025,1.663,5.635,39.85,7.016,normal
2026-10-02 01:32:41,F3,66.957,1.332,4.492,44.235,9.025,normal
2026-10-02 01:33:41,F3,67.706,1.74,5.826,47.783,13.165,failure
2026-10-02 01:34:41,F3,66.093,1.844,5.725,50.227,11.165,normal
2026-10-02 01:35:41,F3,57.149,1.373,3.642,34.436,10.247,normal
2026-10-02 01:36:41,F3,73.628,1.84,4.989,50.687,9.784,failure
2026-10-02 01:37:41,F3,69.446,1.324,4.447,43.409,8.463,normal
2026-10-02 01:38:41,F3,76.525,1.579,2.986,54.156,8.215,normal
2026-10-02 01:39:41,F3,68.645,1.864,4.358,45.779,9.399,failure
2026-10-02 01:40:41,F3,65.017,1.751,4.337,43.453,6.009,normal
2026-10-02 01:41:41,F3,64.977,1.475,5.482,46.908,6.404,normal
2026-10-02 01:42:41,F3,52.565,1.561,3.271,53.112,10.035,normal
2026-10-02 01:43:41,F3,77.903,1.26,5.272,48.332,8.71,normal
2026-10-02 01:44:41,F3,83.494,1.781,4.695,45.727,12.189,normal
2026-10-02 01:45:41,F3,58.791,1.802,7.582,39.449,8.609,normal
2026-10-02 01:46:41,F3,61.146,1.43,4.805,60.792,13.169,normal
2026-10-02 01:47:41,F3,67.753,1.621,4.672,45.201,6.422,normal
2026-10-02 01:48:41,F3,76.127,1.602,5.457,52.797,8.613,normal
2026-10-02 01:49:41,F3,66.744,1.635,5.047,46.419,7.678,normal
2026-10-02 01:50:41,F3,65.664,1.72,5.072,51.745,6.296,normal
2026-10-02 01:51:41,F3,75.379,1.708,5.295,48.395,7.951,failure
2026-10-02 01:52:41,F3,76.923,1.608,5.493,52.087,10.695,normal
2026-10-02 01:53:41,F3,72.744,1.368,5.247,52.982,9.44,normal
2026-10-02 01:54:41,F3,80.119,1.935,4.849,36.373,12.348,normal
2026-10-02 01:55:41,F3,78.199,1.285,5.804,61.793,10.756,normal
2026-10-02 01:56:41,F3,71.563,1.602,4.009,53.076,8.791,normal
2026-10-02 01:57:41,F3,60.35,1.885,5.341,59.547,9.608,normal
2026-10-02 01:58:41,F3,70.425,1.858,4.6,43.267,7.935,normal
2026-10-02 01:59:41,F3,83.574,1.639,4.461,42.173,9.539,normal
2026-10-02 02:00:41,F3,68.746,1.502,3.413,52.548,9.84,normal
2026-10-02 02:01:41,F3,72.683,1.827,5.005,51.682,6.721,normal
2026-10-02 02:02:41,F3,75.528,1.697,4.167,51.525,10.206,normal
2026-10-02 02:03:41,F3,65.562,1.693,5.081,61.357,10.53,normal
2026-10-02 02:04:41,F3,53.099,1.546,5.343,50.887,7.145,normal
2026-10-02 02:05:41,F3,76.337,1.563,5.679,43.787,8.511,failure
2026-10-02 02:06:41,F3,66.923,1.641,4.384,57.471,10.537,normal
2026-10-02 02:07:41,F3,72.431,1.629,3.687,49.86,8.33,normal
2026-10-02 02:08:41,F3,86.324,1.613,4.663,56.228,12.748,failure
2026-10-02 02:09:41,F3,81.362,1.669,4.317,47.262,7.319,normal
2026-10-02 02:10:41,F3,79.242,1.539,5.207,42.213,10.695,failure
2026-10-02 02:11:41,F3,67.098,2.02,3.947,54.04,8.641,normal
2026-10-02 02:12:41,F3,57.07,1.696,4.644,51.205,10.434,normal
2026-10-02 02:13:41,F3,61.669,1.94,4.007,48.55,10.672,normal
2026-10-02 02:14:41,F3,61.355,1.398,5.393,42.971,9.595,normal
2026-10-02 02:15:41,F3,69.847,1.278,3.398,40.415,8.789,normal
2026-10-02 02:16:41,F3,68.757,1.439,3.783,49.275,9.439,normal
2026-10-02 02:17:41,F3,73.779,2.162,5.261,44.851,6.377,normal
2026-10-02 02:18:41,F3,72.6,1.635,4.27,44.386,10.184,normal
2026-10-02 02:19:41,F3,72.12,1.817,4.552,44.072,8.78,normal
2026-10-02 02:20:41,F3,74.855,1.796,5.268,59.178,9.855,normal
2026-10-02 02:21:41,F3,85.982,1.83,3.996,36.232,7.288,normal
2026-10-02 02:22:41,F3,74.605,1.561,5.978,41.895,7.509,normal
2026-10-02 02:23:41,F3,64.2,2.101,4.57,44.693,9.664,normal
2026-10-02 02:24:41,F3,70.886,1.677,3.424,44.393,9.604,normal
2026-10-02 02:25:41,F3,72.812,1.697,6.138,59.839,9.885,normal
2026-10-02 02:26:41,F3,49.939,1.847,5.012,56.494,10.122,failure
2026-10-02 02:27:41,F3,74.442,1.689,4.644,55.734,10.397,normal
2026-10-02 02:28:41,F3,72.742,1.789,5.304,57.101,9.006,normal
2026-10-02 02:29:41,F3,78.338,2.11,4.54,53.427,10.975,failure
2026-10-02 02:30:41,F3,72.693,1.966,4.254,36.687,8.825,normal
2026-10-02 02:31:41,F3,46.233,1.974,4.539,55.089,8.103,normal
2026-10-02 02:32:41,F3,61.091,1.705,3.92,46.174,10.5,normal
2026-10-02 02:33:41,F3,64.767,1.992,2.795,37.83,9.931,normal
2026-10-02 02:34:41,F3,74.285,1.523,4.362,55.778,10.71,normal
2026-10-02 02:35:41,F3,65.28,2.142,4.052,50.865,9.293,normal
2026-10-02 02:36:41,F3,63.012,1.491,4.966,44.745,6.958,normal
2026-10-02 02:37:41,F3,72.355,2.04,4.99,53.778,10.431,normal
2026-10-02 02:38:41,F3,64.282,1.947,4.421,59.74,10.846,failure
2026-10-02 02:39:41,F3,66.487,1.713,5.583,40.097,10.425,normal
2026-10-02 02:40:41,F3,74.538,1.572,4.995,39.052,8.893,failure
2026-10-02 02:41:41,F3,68.262,1.626,3.783,58.645,6.779,normal
2026-10-02 02:42:41,F3,59.997,1.342,5.147,53.7,8.718,normal
2026-10-02 02:43:41,F3,71.197,1.724,4.867,57.951,10.253,normal
2026-10-02 02:44:41,F3,52.353,1.904,6.055,50.808,9.229,normal
2026-10-02 02:45:41,F3,68.419,1.951,4.449,46.003,10.069,normal
2026-10-02 02:46:41,F3,65.11,1.602,4.456,43.402,10.206,normal
2026-10-02 02:47:41,F3,58.475,1.848,4.632,43.651,8.386,normal
2026-10-02 02:48:41,F3,64.065,1.545,3.819,40.55,10.341,normal
2026-10-02 02:49:41,F3,49.384,1.488,3.821,44.569,7.427,normal
2026-10-02 02:50:41,F3,61.628,1.622,5.24,49.749,10.45,normal
2026-10-02 02:51:41,F3,56.511,1.456,4.069,42.186,9.663,normal
2026-10-02 02:52:41,F3,59.356,1.743,5.484,54.989,9.579,normal
2026-10-02 02:53:41,F3,73.506,1.726,3.17,49.762,6.308,normal
2026-10-02 02:54:41,F3,66.842,1.558,3.509,38.67,13.972,normal
2026-10-02 02:55:41,F3,53.038,1.811,4.66,46.363,9.084,normal
2026-10-02 02:56:41,F3,70.865,2.11,5.387,40.936,10.008,failure
2026-10-02 02:57:41,F3,61.805,1.695,4.992,44.081,7.843,normal
2026-10-02 02:58:41,F3,61.337,1.623,5.174,38.22,10.524,normal
2026-10-02 02:59:41,F3,66.214,1.636,4.667,48.428,7.163,normal
2026-10-02 03:00:41,F3,65.671,1.49,4.455,42.007,11.491,normal
2026-10-02 03:01:41,F3,67.155,1.922,4.98,38.863,9.085,normal
2026-10-02 03:02:41,F3,72.462,1.763,4.767,53.133,11.1,normal
2026-10-02 03:03:41,F3,74.006,1.827,4.163,52.909,9.621,normal
2026-10-02 03:04:41,F3,80.214,1.688,4.675,54.703,8.723,normal
2026-10-02 03:05:41,F3,62.8,1.592,4.006,58.634,9.701,normal
2026-10-02 03:06:41,F3,58.496,2.002,4.681,41.125,9.52,normal
2026-10-02 03:07:41,F3,64.924,2.004,4.108,48.578,12.299,failure
2026-10-02 03:08:41,F3,66.486,1.912,5.757,53.101,7.53,normal
2026-10-02 03:09:41,F3,48.161,1.531,5.903,54.801,10.925,normal
2026-10-02 03:10:41,F3,64.246,2.162,4.515,43.319,8.221,normal
2026-10-02 03:11:41,F3,78.672,1.775,4.015,59.109,11.149,normal
2026-10-02 03:12:41,F3,67.873,2.19,5.087,56.632,7.61,failure
2026-10-02 03:13:41,F3,69.707,1.986,4.586,47.397,7.862,normal
2026-10-02 03:14:41,F3,59.598,2.114,6.124,55.993,9.729,failure
2026-10-02 03:15:41,F3,70.007,1.853,5.453,56.914,12.023,failure
2026-10-02 03:16:41,F3,72.385,1.611,4.763,37.552,8.752,normal
2026-10-02 03:17:41,F3,79.617,1.743,4.314,44.447,9.278,failure
2026-10-02 03:18:41,F3,53.28,1.679,5.107,51.053,11.165,normal
2026-10-02 03:19:41,F3,73.936,1.862,4.349,44.838,10.257,failure
2026-10-02 03:20:41,F3,74.119,1.899,4.0,77.753,10.449,normal
2026-10-02 03:21:41,F3,85.712,1.676,5.505,46.657,9.804,failure
2026-10-02 03:22:41,F3,60.201,1.505,5.029,43.672,10.718,normal
2026-10-02 03:23:41,F3,60.434,1.64,5.872,43.178,5.894,normal
2026-10-02 03:24:41,F3,56.913,1.729,5.818,45.397,9.692,normal
2026-10-02 03:25:41,F3,71.676,1.694,4.987,54.858,6.463,normal
2026-10-02 03:26:41,F3,75.977,1.842,5.712,43.703,5.722,normal
2026-10-02 03:27:41,F3,67.23,1.729,4.984,41.59,10.048,failure
2026-10-02 03:28:41,F3,70.111,1.567,5.269,34.707,10.279,normal
2026-10-02 03:29:41,F3,59.651,1.532,4.533,49.674,10.813,normal
2026-10-02 03:30:41,F3,69.285,2.013,4.074,47.327,9.784,normal
2026-10-02 03:31:41,F3,78.979,1.723,4.74,51.568,6.668,normal
2026-10-02 03:32:41,F3,77.177,1.902,3.447,52.857,6.186,normal
2026-10-02 03:33:41,F3,71.656,2.032,5.398,50.653,11.912,failure
2026-10-02 03:34:41,F3,72.29,2.075,4.632,31.63,8.522,normal
2026-10-02 03:35:41,F3,78.182,1.952,5.129,52.872,8.81,normal
2026-10-02 03:36:41,F3,73.043,1.825,4.277,39.327,9.114,normal
2026-10-02 03:37:41,F3,58.507,1.581,4.099,50.422,10.834,normal
2026-10-02 03:38:41,F3,78.319,1.573,5.008,53.977,10.25,normal
2026-10-02 03:39:41,F3,75.897,1.78,5.078,37.569,9.284,normal
2026-10-02 03:40:41,F3,60.053,2.197,4.563,47.121,8.119,normal
2026-10-02 03:41:41,F3,66.48,1.474,6.222,50.783,10.824,normal
2026-10-02 03:42:41,F3,56.824,2.033,5.091,54.142,10.138,normal
2026-10-02 03:43:41,F3,68.072,1.876,4.764,46.642,8.497,failure
2026-10-02 03:44:41,F3,59.934,1.79,4.163,45.62,10.957,normal
2026-10-02 03:45:41,F3,62.113,1.635,4.253,53.622,10.929,normal
2026-10-02 03:46:41,F3,72.949,2.053,3.646,38.466,6.805,failure
2026-10-02 03:47:41,F3,68.666,1.584,6.097,48.274,8.782,normal
2026-10-02 03:48:41,F3,71.481,1.427,3.796,53.76,8.848,normal
2026-10-02 03:49:41,F3,65.561,2.003,4.347,42.868,9.297,normal
2026-10-02 03:50:41,F3,66.044,1.475,4.758,40.772,8.918,failure
2026-10-02 03:51:41,F3,53.672,1.737,5.646,52.2,9.467,normal
2026-10-02 03:52:41,F3,55.934,1.637,3.97,47.562,11.107,normal
2026-10-02 03:53:41,F3,83.661,2.054,4.966,40.989,7.667,normal
2026-10-02 03:54:41,F3,74.317,1.754,4.586,51.113,13.0,failure
2026-10-02 03:55:41,F3,83.002,1.529,4.725,48.771,9.473,normal
2026-10-02 03:56:41,F3,60.888,2.145,6.258,48.007,7.59,normal
2026-10-02 03:57:41,F3,62.043,2.181,4.592,48.773,14.958,failure
2026-10-02 03:58:41,F3,62.526,2.136,4.769,48.567,6.724,normal
2026-10-02 03:59:41,F3,65.469,1.74,4.529,45.878,8.685,normal
2026-10-02 04:00:41,F3,59.181,1.764,5.341,41.841,8.191,normal
2026-10-02 04:01:41,F3,55.016,2.145,4.378,57.009,8.519,normal
2026-10-02 04:02:41,F3,74.631,2.016,5.219,61.961,8.286,normal
2026-10-02 04:03:41,F3,57.89,1.758,3.909,51.299,8.787,normal
2026-10-02 04:04:41,F3,63.05,1.432,5.18,48.487,8.073,normal
2026-10-02 04:05:41,F3,69.97,1.92,5.407,53.657,10.173,failure
2026-10-02 04:06:41,F3,63.681,1.409,4.809,45.824,8.903,normal
2026-10-02 04:07:41,F3,74.165,1.839,4.025,53.756,8.746,normal
2026-10-02 04:08:41,F3,62.27,1.881,4.317,49.843,8.524,normal
2026-10-02 04:09:41,F3,67.553,1.622,6.918,58.056,9.501,normal
2026-10-02 04:10:41,F3,66.436,1.936,3.686,55.956,8.155,normal
2026-10-02 04:11:41,F3,70.29,1.906,4.233,45.389,12.767,normal
2026-10-02 04:12:41,F3,60.553,1.721,4.904,44.277,10.059,normal
2026-10-02 04:13:41,F3,80.603,1.96,4.728,46.75,10.719,failure
2026-10-02 04:14:41,F3,67.989,1.456,4.265,48.537,8.634,normal
2026-10-02 04:15:41,F3,65.599,1.774,3.791,49.778,11.155,normal
2026-10-02 04:16:41,F3,67.989,1.86,4.348,33.345,10.726,normal
2026-10-02 04:17:41,F3,62.087,1.833,4.504,55.787,12.075,normal
2026-10-02 04:18:41,F3,79.771,1.606,4.017,53.812,9.013,normal
2026-10-02 04:19:41,F3,65.686,1.779,4.177,43.507,8.965,normal
2026-10-02 04:20:41,F3,86.347,1.834,3.997,51.918,8.855,normal
2026-10-02 04:21:41,F3,65.434,1.554,4.816,50.055,9.696,normal
2026-10-02 04:22:41,F3,69.83,1.526,5.577,41.276,11.122,normal
2026-10-02 04:23:41,F3,68.512,1.52,3.308,32.02,12.493,normal
2026-10-02 04:24:41,F3,81.597,1.749,4.717,37.146,8.626,normal
2026-10-02 04:25:41,F3,63.818,1.82,3.43,56.015,11.63,failure
2026-10-02 04:26:41,F3,73.051,2.019,5.102,45.49,5.987,normal
2026-10-02 04:27:41,F3,71.932,1.86,3.783,50.172,8.759,normal
2026-10-02 04:28:41,F3,64.815,1.972,7.002,40.682,9.5,failure
2026-10-02 04:29:41,F3,68.406,1.909,4.368,49.62,9.169,normal
2026-10-02 04:30:41,F3,82.582,2.039,3.901,42.007,11.516,failure
2026-10-02 04:31:41,F3,50.071,2.079,3.269,54.526,7.828,normal
2026-10-02 04:32:41,F3,70.979,1.679,4.222,50.028,8.724,normal
2026-10-02 04:33:41,F3,76.184,1.789,4.931,42.502,7.81,normal
2026-10-02 04:34:41,F3,71.717,2.184,4.137,39.392,12.396,failure
2026-10-02 04:35:41,F3,75.13,1.776,4.668,38.562,7.677,normal
2026-10-02 04:36:41,F3,80.691,1.77,6.435,41.395,12.234,failure
2026-10-02 04:37:41,F3,64.394,1.93,4.13,48.989,12.169,failure
2026-10-02 04:38:41,F3,69.944,1.81,3.093,60.968,8.469,normal
2026-10-02 04:39:41,F3,63.897,1.737,5.367,40.998,10.475,normal
2026-10-02 04:40:41,F3,65.966,1.706,4.89,40.642,9.515,normal
2026-10-02 04:41:41,F3,70.64,2.131,5.292,38.672,7.907,normal
2026-10-02 04:42:41,F3,68.907,1.69,3.622,51.94,8.321,normal
2026-10-02 04:43:41,F3,57.228,1.963,5.575,43.7,9.993,normal
2026-10-02 04:44:41,F3,69.208,1.937,5.13,47.981,8.71,normal
2026-10-02 04:45:41,F3,67.781,1.761,4.437,49.493,9.046,normal
2026-10-02 04:46:41,F3,75.622,2.054,5.497,45.937,9.797,failure
2026-10-02 04:47:41,F3,64.307,1.72,3.803,59.647,11.616,normal
2026-10-02 04:48:41,F3,73.46,1.63,5.671,48.185,7.16,normal
2026-10-02 04:49:41,F3,63.917,1.33,4.451,54.413,11.515,normal
2026-10-02 04:50:41,F3,75.708,1.929,4.585,40.275,11.534,failure
2026-10-02 04:51:41,F3,82.289,1.741,4.032,51.403,9.195,normal
2026-10-02 04:52:41,F3,59.696,1.706,5.171,57.542,11.178,normal
2026-10-02 04:53:41,F3,76.988,1.858,4.461,39.004,11.646,normal
2026-10-02 04:54:41,F3,67.091,1.8,4.645,55.604,11.749,normal
2026-10-02 04:55:41,F3,69.913,1.874,4.71,44.615,9.35,normal
2026-10-02 04:56:41,F3,80.463,1.854,4.716,37.633,8.281,normal
2026-10-02 04:57:41,F3,57.495,1.649,5.218,48.198,8.24,normal
2026-10-02 04:58:41,F3,66.948,1.59,4.707,32.88,8.551,normal
2026-10-02 04:59:41,F3,74.391,1.457,5.013,49.333,12.471,normal
2026-10-02 05:00:41,F3,68.74,2.129,5.402,46.677,9.218,failure
2026-10-02 05:01:41,F3,64.053,1.897,7.077,52.123,8.633,normal
2026-10-02 05:02:41,F3,68.86,1.847,4.345,47.543,9.475,normal
2026-10-02 05:03:41,F3,76.054,1.581,5.071,48.513,10.262,normal
2026-10-02 05:04:41,F3,78.199,1.741,4.513,55.469,10.169,normal
2026-10-02 05:05:41,F3,84.686,1.77,4.956,52.291,11.749,normal
2026-10-02 05:06:41,F3,64.417,1.624,3.521,44.501,9.735,normal
2026-10-02 05:07:41,F3,67.115,1.339,4.562,49.465,10.444,normal
2026-10-02 05:08:41,F3,56.149,1.58,4.666,34.101,10.805,normal
2026-10-02 05:09:41,F3,59.823,1.635,5.819,58.333,9.721,normal
2026-10-02 05:10:41,F3,62.915,1.518,4.794,61.879,10.873,normal
2026-10-02 05:11:41,F3,72.435,1.656,5.638,59.387,8.62,failure
2026-10-02 05:12:41,F3,65.38,1.83,2.847,50.481,10.386,normal
2026-10-02 05:13:41,F3,73.176,1.754,5.108,49.926,11.92,failure
2026-10-02 05:14:41,F3,80.574,1.834,4.875,54.764,9.064,normal
2026-10-02 05:15:41,F3,72.034,1.987,5.312,47.125,11.033,failure
2026-10-02 05:16:41,F3,57.077,1.611,4.374,49.565,11.516,normal
2026-10-02 05:17:41,F3,62.48,1.914,5.0,54.474,8.628,normal
2026-10-02 05:18:41,F3,47.921,2.283,5.024,75.746,11.603,normal
2026-10-02 05:19:41,F3,74.853,2.026,4.608,45.51,12.796,failure
2026-10-02 05:20:41,F3,76.409,1.696,5.943,51.716,11.157,failure
2026-10-02 05:21:41,F3,67.707,1.834,5.851,50.658,10.531,normal
2026-10-02 05:22:41,F3,77.334,1.697,5.438,46.019,11.806,normal
2026-10-02 05:23:41,F3,59.91,1.983,4.953,55.898,9.741,normal
2026-10-02 05:24:41,F3,78.143,1.585,4.759,48.422,11.814,failure
2026-10-02 05:25:41,F3,56.777,1.596,4.314,53.178,10.088,normal
2026-10-02 05:26:41,F3,62.335,2.003,4.444,61.394,9.319,normal
2026-10-02 05:27:41,F3,64.453,1.556,6.211,55.314,9.946,normal
2026-10-02 05:28:41,F3,79.843,2.033,4.807,41.165,11.686,failure
2026-10-02 05:29:41,F3,52.673,1.62,5.873,46.036,9.46,normal
2026-10-02 05:30:41,F3,82.281,1.712,4.433,49.836,10.986,failure
2026-10-02 05:31:41,F3,62.268,2.139,5.807,58.962,10.488,normal
2026-10-02 05:32:41,F3,59.928,1.692,3.968,52.919,8.668,normal
2026-10-02 05:33:41,F3,68.631,1.535,5.11,52.658,8.829,normal
2026-10-02 05:34:41,F3,65.475,1.861,4.333,61.307,10.943,failure
2026-10-02 05:35:41,F3,66.77,2.082,5.958,45.824,7.748,normal
2026-10-02 05:36:41,F3,64.054,1.984,4.45,40.912,10.975,normal
2026-10-02 05:37:41,F3,76.361,1.8,4.191,51.107,8.566,normal
2026-10-02 05:38:41,F3,55.405,1.562,5.541,44.855,9.417,normal
2026-10-02 05:39:41,F3,68.822,2.047,3.983,22.287,7.033,normal
2026-10-02 05:40:41,F3,81.762,1.827,4.399,37.456,8.553,normal
2026-10-02 05:41:41,F3,70.514,1.607,5.184,54.98,11.861,normal
2026-10-02 05:42:41,F3,69.738,2.253,4.283,53.135,6.942,failure
2026-10-02 05:43:41,F3,69.658,1.811,5.019,49.61,8.252,normal
2026-10-02 05:44:41,F3,74.325,1.738,4.849,60.818,9.568,normal
2026-10-02 05:45:41,F3,81.421,1.914,4.16,40.817,10.668,failure
2026-10-02 05:46:41,F3,55.733,0.864,4.616,37.211,9.755,normal
2026-10-02 05:47:41,F3,65.965,2.039,6.141,37.115,6.455,normal
2026-10-02 05:48:41,F3,78.875,1.9,5.543,43.933,11.312,failure
2026-10-02 05:49:41,F3,62.268,1.723,4.517,45.569,8.223,normal
2026-10-02 05:50:41,F3,71.922,1.722,5.375,33.429,9.676,normal
2026-10-02 05:51:41,F3,61.616,1.892,5.012,49.944,8.126,normal
2026-10-02 05:52:41,F3,81.341,2.065,5.114,54.425,11.213,failure
2026-10-02 05:53:41,F3,76.581,1.878,4.803,40.964,14.933,failure
2026-10-02 05:54:41,F3,74.154,1.65,4.928,54.892,8.909,normal
2026-10-02 05:55:41,F3,75.976,1.942,5.515,45.651,10.204,failure
2026-10-02 05:56:41,F3,75.946,1.747,4.329,55.03,9.367,normal
2026-10-02 05:57:41,F3,55.471,1.584,5.073,50.584,9.198,normal
2026-10-02 05:58:41,F3,66.506,2.234,5.718,46.478,8.076,normal
2026-10-02 05:59:41,F3,71.424,1.68,6.295,59.461,9.566,normal
2026-10-02 06:00:41,F3,63.984,2.013,4.556,41.393,9.436,normal
2026-10-02 06:01:41,F3,63.448,1.596,5.261,47.486,10.337,normal
2026-10-02 06:02:41,F3,60.159,1.688,5.328,70.129,10.062,normal
2026-10-02 06:03:41,F3,65.104,1.793,5.425,49.096,9.478,normal
2026-10-02 06:04:41,F3,70.571,1.854,5.851,54.998,6.357,failure
2026-10-02 06:05:41,F3,76.025,1.518,4.548,48.551,8.788,normal
2026-10-02 06:06:41,F3,59.005,1.634,4.566,55.165,7.842,normal
2026-10-02 06:07:41,F3,93.394,1.409,4.012,47.497,10.998,failure
2026-10-02 06:08:41,F3,65.299,2.281,4.871,52.091,8.302,normal
2026-10-02 06:09:41,F3,65.572,1.857,4.327,61.643,8.516,normal
2026-10-02 06:10:41,F3,68.388,1.601,6.064,49.311,10.108,normal
2026-10-02 06:11:41,F3,70.125,1.79,6.573,50.042,7.536,normal
2026-10-02 06:12:41,F3,67.264,2.184,4.335,47.369,8.341,normal
2026-10-02 06:13:41,F3,86.725,1.866,3.084,51.82,8.236,normal
2026-10-02 06:14:41,F3,76.071,1.825,5.39,59.66,9.505,failure
2026-10-02 06:15:41,F3,75.662,2.158,5.313,53.519,11.085,failure
2026-10-02 06:16:41,F3,68.912,1.891,5.506,50.527,11.407,failure
2026-10-02 06:17:41,F3,69.044,1.764,3.912,43.945,8.917,normal
2026-10-02 06:18:41,F3,54.113,1.985,6.109,53.102,7.592,normal
2026-10-02 06:19:41,F3,64.829,1.883,5.488,48.747,8.42,failure
2026-10-02 06:20:41,F3,67.074,1.568,5.332,72.019,8.947,normal
2026-10-02 06:21:41,F3,72.839,1.73,4.98,40.314,9.463,failure
2026-10-02 06:22:41,F3,75.851,0.857,4.535,47.63,10.803,normal
2026-10-02 06:23:41,F3,74.524,1.73,5.359,53.333,8.282,normal
2026-10-02 06:24:41,F3,66.267,1.558,4.274,53.869,10.658,normal
2026-10-02 06:25:41,F3,58.316,2.042,4.996,50.531,11.687,failure
2026-10-02 06:26:41,F3,73.878,2.12,6.515,45.464,8.678,normal
2026-10-02 06:27:41,F3,75.813,1.822,5.694,40.472,10.513,normal
2026-10-02 06:28:41,F3,71.315,2.133,5.299,52.281,9.635,failure
2026-10-02 06:29:41,F3,57.36,1.767,5.062,54.917,11.522,normal
2026-10-02 06:30:41,F3,70.411,2.131,5.19,55.942,9.825,normal
2026-10-02 06:31:41,F3,71.61,2.098,5.055,50.777,6.771,failure
2026-10-02 06:32:41,F3,63.116,1.744,5.31,49.765,10.242,normal
2026-10-02 06:33:41,F3,67.476,1.931,4.135,43.134,8.951,failure
2026-10-02 06:34:41,F3,79.452,1.972,5.495,41.458,7.882,normal
2026-10-02 06:35:41,F3,74.744,1.81,4.548,46.4,9.277,failure
2026-10-02 06:36:41,F3,72.597,2.296,5.13,55.024,10.372,failure
2026-10-02 06:37:41,F3,71.885,1.65,5.983,44.898,8.562,normal
2026-10-02 06:38:41,F3,65.427,2.09,4.149,55.796,12.344,failure
2026-10-02 06:39:41,F3,58.723,1.882,6.106,52.182,9.422,failure
2026-10-02 06:40:41,F3,70.908,1.608,5.317,50.873,8.93,normal
2026-10-02 06:41:41,F3,60.993,2.065,5.129,53.363,8.746,failure
2026-10-02 06:42:41,F3,73.728,1.609,4.873,53.755,10.515,normal
2026-10-02 06:43:41,F3,65.324,1.883,6.351,41.999,10.836,normal
2026-10-02 06:44:41,F3,69.499,2.157,5.567,51.269,13.052,failure
2026-10-02 06:45:41,F3,68.19,1.994,4.836,51.174,8.337,normal
2026-10-02 06:46:41,F3,53.725,1.688,5.264,45.969,8.703,normal
2026-10-02 06:47:41,F3,70.957,1.771,6.19,48.344,7.823,failure
2026-10-02 06:48:41,F3,73.959,1.93,5.176,52.249,8.815,normal
2026-10-02 06:49:41,F3,76.681,1.822,4.751,62.906,7.952,normal
2026-10-02 06:50:41,F3,72.194,1.82,5.248,49.016,10.557,failure
2026-10-02 06:51:41,F3,70.902,1.754,4.609,48.219,11.916,normal
2026-10-02 06:52:41,F3,66.742,1.54,3.987,47.857,8.514,normal
2026-10-02 06:53:41,F3,52.448,2.141,5.03,58.169,9.745,normal
2026-10-02 06:54:41,F3,69.734,1.897,3.909,56.364,10.58,normal
2026-10-02 06:55:41,F3,71.811,1.765,6.061,64.784,10.406,normal
2026-10-02 06:56:41,F3,65.439,1.737,5.527,52.873,6.768,normal
2026-10-02 06:57:41,F3,78.753,2.231,4.49,55.506,7.342,normal
2026-10-02 06:58:41,F3,80.787,2.078,4.933,49.14,12.235,failure
2026-10-02 06:59:41,F3,54.656,1.536,5.746,62.187,7.801,normal
2026-10-02 07:00:41,F3,71.451,2.049,5.635,59.636,8.553,normal
2026-10-02 07:01:41,F3,55.308,2.312,4.938,50.89,10.687,normal
2026-10-02 07:02:41,F3,70.443,1.807,4.802,44.921,8.915,normal
2026-10-02 07:03:41,F3,66.978,2.002,3.756,44.431,9.534,failure
2026-10-02 07:04:41,F3,66.631,1.78,5.978,49.979,8.763,normal
2026-10-02 07:05:41,F3,83.843,1.663,5.522,41.564,9.739,failure
2026-10-02 07:06:41,F3,70.516,1.74,5.709,41.509,9.421,normal
2026-10-02 07:07:41,F3,70.568,2.092,6.715,58.382,8.538,failure
2026-10-02 07:08:41,F3,75.524,1.87,5.079,30.587,13.531,normal
2026-10-02 07:09:41,F3,78.846,1.723,5.162,57.986,8.67,normal
2026-10-02 07:10:41,F3,76.617,1.959,5.18,45.128,9.227,normal
2026-10-02 07:11:41,F3,60.91,1.893,3.859,45.964,8.807,normal
2026-10-02 07:12:41,F3,64.891,1.563,5.426,56.924,11.239,normal
2026-10-02 07:13:41,F3,84.887,1.519,5.22,46.043,9.466,normal
2026-10-02 07:14:41,F3,69.512,1.813,5.912,52.704,11.654,failure
2026-10-02 07:15:41,F3,65.773,1.74,5.082,41.728,11.215,normal
2026-10-02 07:16:41,F3,78.332,1.994,5.141,59.024,10.827,failure
2026-10-02 07:17:41,F3,63.462,1.764,6.085,52.348,9.276,normal
2026-10-02 07:18:41,F3,55.327,1.586,6.519,52.972,12.318,normal
2026-10-02 07:19:41,F3,56.053,1.685,5.382,46.46,11.447,normal
2026-10-02 07:20:41,F3,78.556,1.832,4.368,59.18,10.813,normal
2026-10-02 07:21:41,F3,66.988,2.064,5.007,55.337,9.58,normal
2026-10-02 07:22:41,F3,71.718,1.815,4.945,54.93,8.496,normal
2026-10-02 07:23:41,F3,72.224,1.996,4.323,47.366,9.761,normal
2026-10-02 07:24:41,F3,56.937,1.556,4.277,49.797,10.351,normal
2026-10-02 07:25:41,F3,69.155,1.477,4.944,44.995,9.792,failure
2026-10-02 07:26:41,F3,61.645,1.607,4.151,52.081,9.734,normal
2026-10-02 07:27:41,F3,74.807,1.842,6.65,52.924,10.819,failure
2026-10-02 07:28:41,F3,80.389,1.738,4.545,48.873,10.855,failure
2026-10-02 07:29:41,F3,68.71,1.628,5.113,60.394,9.992,normal
2026-10-02 07:30:41,F3,65.886,1.5,4.583,58.676,10.211,normal
2026-10-02 07:31:41,F3,71.133,1.888,5.831,47.334,8.786,normal
2026-10-02 07:32:41,F3,67.282,1.554,5.454,51.149,12.177,failure
2026-10-02 07:33:41,F3,69.996,2.149,4.22,48.943,9.549,normal
2026-10-02 07:34:41,F3,70.604,1.874,5.615,61.728,11.553,normal
2026-10-02 07:35:41,F3,75.202,2.126,5.531,46.471,11.141,failure
2026-10-02 07:36:41,F3,71.358,1.929,5.248,43.894,8.666,normal
2026-10-02 07:37:41,F3,61.547,2.06,6.271,54.096,11.011,failure
2026-10-02 07:38:41,F3,65.871,1.76,4.327,49.455,8.957,normal
2026-10-02 07:39:41,F3,74.258,1.797,4.425,39.429,10.155,failure
2026-10-02 07:40:41,F3,82.467,1.87,3.79,52.123,8.967,normal
2026-10-02 07:41:41,F3,72.212,1.581,3.616,49.596,10.376,normal
2026-10-02 07:42:41,F3,66.213,1.849,6.111,55.447,7.991,normal
2026-10-02 07:43:41,F3,69.927,1.835,5.236,56.885,11.418,failure
2026-10-02 07:44:41,F3,64.427,1.804,5.76,46.883,8.19,normal
2026-10-02 07:45:41,F3,65.778,2.242,4.523,67.784,11.285,failure
2026-10-02 07:46:41,F3,65.417,1.851,4.928,47.409,9.125,normal
2026-10-02 07:47:41,F3,52.403,2.269,5.103,53.898,6.78,normal
2026-10-02 07:48:41,F3,71.851,2.125,5.738,40.528,9.715,failure
2026-10-02 07:49:41,F3,73.978,1.605,4.571,48.277,9.871,normal
2026-10-02 07:50:41,F3,82.227,1.994,4.841,58.956,9.634,failure
2026-10-02 07:51:41,F3,70.688,1.976,4.607,53.531,8.981,normal
2026-10-02 07:52:41,F3,68.257,1.946,4.867,58.293,10.601,normal
2026-10-02 07:53:41,F3,71.086,1.537,5.291,32.194,8.116,normal
2026-10-02 07:54:41,F3,77.343,1.713,5.637,37.704,10.237,failure
2026-10-02 07:55:41,F3,70.249,1.819,5.227,51.953,11.25,normal
2026-10-02 07:56:41,F3,64.356,2.549,4.391,54.336,9.932,normal
2026-10-02 07:57:41,F3,62.073,2.046,4.845,40.61,11.351,normal
2026-10-02 07:58:41,F3,63.463,1.678,6.924,63.172,8.555,normal
2026-10-02 07:59:41,F3,80.863,2.202,5.084,49.219,9.389,failure
2026-10-02 08:00:41,F3,55.208,2.14,4.797,51.245,13.559,failure
2026-10-02 08:01:41,F3,65.737,1.626,3.835,56.754,11.115,failure
2026-10-02 08:02:41,F3,72.229,1.776,5.546,46.903,11.426,normal
2026-10-02 08:03:41,F3,86.45,1.934,4.282,41.686,11.898,normal
2026-10-02 08:04:41,F3,67.5,1.818,5.749,40.438,10.87,failure
2026-10-02 08:05:41,F3,67.664,2.06,4.991,49.488,8.693,failure
2026-10-02 08:06:41,F3,67.557,1.898,5.877,54.957,7.889,failure
2026-10-02 08:07:41,F3,74.104,2.44,4.502,40.781,8.227,failure
2026-10-02 08:08:41,F3,83.54,1.732,4.652,45.158,7.304,normal
2026-10-02 08:09:41,F3,88.141,1.841,3.84,43.098,9.634,failure
2026-10-02 08:10:41,F3,69.839,1.94,4.968,45.967,11.097,failure
2026-10-02 08:11:41,F3,80.522,2.111,4.096,48.997,7.923,normal
2026-10-02 08:12:41,F3,60.671,1.989,6.092,57.821,8.577,normal
2026-10-02 08:13:41,F3,77.966,2.055,5.858,57.988,6.311,failure
2026-10-02 08:14:41,F3,67.739,1.8,5.77,64.634,9.423,failure
2026-10-02 08:15:41,F3,76.343,1.694,4.71,58.9,11.037,failure
2026-10-02 08:16:41,F3,61.717,1.894,4.305,46.868,8.836,normal
2026-10-02 08:17:41,F3,64.404,1.799,5.904,51.718,8.737,normal
2026-10-02 08:18:41,F3,67.485,1.754,4.363,50.967,12.949,normal
2026-10-02 08:19:41,F3,54.842,1.926,5.024,43.274,8.032,normal
2026-10-02 08:20:41,F3,61.621,1.825,3.753,56.828,12.223,normal
2026-10-02 08:21:41,F3,67.792,1.832,5.405,48.72,9.659,normal
2026-10-02 08:22:41,F3,56.025,1.946,6.286,45.607,11.272,normal
2026-10-02 08:23:41,F3,81.381,1.686,4.949,46.235,10.465,failure
2026-10-02 08:24:41,F3,55.738,2.024,5.877,54.895,11.056,failure
2026-10-02 08:25:41,F3,78.908,1.834,5.288,49.136,10.979,failure
2026-10-02 08:26:41,F3,66.881,2.13,5.005,52.68,10.971,normal
2026-10-02 08:27:41,F3,73.81,1.699,9.792,64.746,8.294,normal
2026-10-02 08:28:41,F3,71.927,2.218,3.836,51.578,11.257,normal
2026-10-02 08:29:41,F3,62.76,1.934,4.388,49.595,9.34,normal
2026-10-02 08:30:41,F3,69.469,1.966,5.121,50.136,10.372,normal
2026-10-02 08:31:41,F3,84.454,2.049,4.45,45.361,8.826,normal
2026-10-02 08:32:41,F3,80.978,1.632,5.308,53.17,10.135,normal
2026-10-02 08:33:41,F3,83.4,1.655,5.185,60.275,8.112,failure
2026-10-02 08:34:41,F3,68.526,2.002,5.716,55.711,8.942,normal
2026-10-02 08:35:41,F3,80.103,2.085,4.361,42.829,8.224,failure
2026-10-02 08:36:41,F3,57.009,1.587,4.575,51.959,12.723,normal
2026-10-02 08:37:41,F3,63.594,1.46,5.258,52.618,8.247,normal
2026-10-02 08:38:41,F3,58.793,1.939,4.526,40.112,9.778,normal
2026-10-02 08:39:41,F3,79.664,2.088,4.986,46.791,10.479,failure
2026-10-02 08:40:41,F3,79.695,1.634,5.183,60.521,7.866,failure
2026-10-02 08:41:41,F3,64.901,2.0,5.318,53.697,9.186,normal
2026-10-02 08:42:41,F3,67.365,1.725,5.381,40.807,8.726,normal
2026-10-02 08:43:41,F3,70.996,1.812,3.815,44.391,9.749,normal
2026-10-02 08:44:41,F3,81.292,1.923,4.358,50.774,9.531,failure
2026-10-02 08:45:41,F3,65.627,1.767,4.951,52.82,9.821,failure
2026-10-02 08:46:41,F3,53.915,1.795,5.347,49.918,8.029,normal
2026-10-02 08:47:41,F3,70.252,2.338,4.619,37.713,9.213,normal
2026-10-02 08:48:41,F3,62.349,2.296,5.748,38.499,7.17,normal
2026-10-02 08:49:41,F3,81.601,2.006,5.431,46.245,8.694,failure
2026-10-02 08:50:41,F3,64.683,1.678,4.268,61.457,8.2,normal
2026-10-02 08:51:41,F3,78.467,1.889,6.106,44.864,8.859,failure
2026-10-02 08:52:41,F3,70.223,1.665,4.017,50.987,10.064,failure
2026-10-02 08:53:41,F3,74.565,1.926,4.489,42.917,6.897,normal
2026-10-02 08:54:41,F3,71.682,1.542,4.964,45.424,9.754,normal
2026-10-02 08:55:41,F3,67.314,1.951,4.209,50.135,10.071,normal
2026-10-02 08:56:41,F3,84.781,2.182,3.812,49.79,9.53,failure
2026-10-02 08:57:41,F3,67.305,1.805,5.173,44.924,8.302,normal
2026-10-02 08:58:41,F3,58.708,1.766,6.549,50.192,9.466,normal
2026-10-02 08:59:41,F3,72.717,1.771,5.657,42.469,9.365,normal
2026-10-02 09:00:41,F3,66.222,1.91,4.922,46.811,11.596,normal
2026-10-02 09:01:41,F3,65.02,1.804,4.976,40.693,10.125,normal
2026-10-02 09:02:41,F3,52.451,2.259,5.397,40.594,12.631,failure
2026-10-02 09:03:41,F3,65.681,1.669,4.946,44.219,8.519,normal
2026-10-02 09:04:41,F3,61.693,2.115,4.974,47.606,9.111,normal
2026-10-02 09:05:41,F3,63.956,1.946,5.258,41.008,11.589,failure
2026-10-02 09:06:41,F3,66.027,1.881,5.294,47.977,9.66,normal
2026-10-02 09:07:41,F3,58.369,2.371,4.333,49.61,11.496,failure
2026-10-02 09:08:41,F3,83.778,1.801,4.334,59.938,10.244,normal
2026-10-02 09:09:41,F3,69.265,1.907,5.443,45.935,8.817,normal
2026-10-02 09:10:41,F3,58.36,2.032,4.731,54.015,7.852,failure
2026-10-02 09:11:41,F3,77.666,1.862,4.529,32.299,6.995,normal
2026-10-02 09:12:41,F3,85.357,1.77,6.317,58.545,11.226,failure
2026-10-02 09:13:41,F3,60.35,2.13,4.19,48.513,6.477,normal
2026-10-02 09:14:41,F3,68.493,2.012,5.681,59.175,8.28,failure
2026-10-02 09:15:41,F3,62.718,2.198,5.463,45.606,12.743,failure
2026-10-02 09:16:41,F3,68.174,2.102,5.092,46.405,11.674,normal
2026-10-02 09:17:41,F3,63.087,1.708,3.992,55.343,8.313,normal
2026-10-02 09:18:41,F3,73.496,2.027,4.919,48.146,11.041,normal
2026-10-02 09:19:41,F3,48.431,2.05,4.707,44.344,8.886,normal
2026-10-02 09:20:41,F3,85.855,2.064,6.172,46.929,10.213,failure
2026-10-02 09:21:41,F3,69.652,1.736,5.374,63.066,12.654,normal
2026-10-02 09:22:41,F3,62.734,1.791,4.407,41.654,10.033,normal
2026-10-02 09:23:41,F3,80.283,1.991,6.098,55.969,9.05,failure
2026-10-02 09:24:41,F3,66.237,2.096,4.958,51.787,0.0,normal
2026-10-02 09:25:41,F3,64.166,1.512,3.369,49.633,11.637,normal
2026-10-02 09:26:41,F3,70.248,2.017,4.504,47.454,10.275,normal
2026-10-02 09:27:41,F3,80.52,1.758,4.562,45.936,11.366,normal
2026-10-02 09:28:41,F3,64.332,1.822,5.146,62.758,7.732,normal
2026-10-02 09:29:41,F3,81.126,1.882,4.355,55.869,11.12,normal
2026-10-02 09:30:41,F3,55.881,1.975,4.448,45.294,9.322,normal
2026-10-02 09:31:41,F3,64.701,2.249,5.483,49.331,8.442,normal
2026-10-02 09:32:41,F3,69.642,2.109,5.156,46.671,9.702,failure
2026-10-02 09:33:41,F3,68.56,1.653,5.336,45.607,10.849,normal
2026-10-02 09:34:41,F3,68.511,2.007,6.496,51.305,7.685,normal
2026-10-02 09:35:41,F3,63.987,1.902,4.046,45.768,8.307,normal
2026-10-02 09:36:41,F3,70.101,1.942,5.07,56.267,8.094,normal
2026-10-02 09:37:41,F3,71.214,1.763,4.055,47.321,8.013,normal
2026-10-02 09:38:41,F3,78.367,1.716,3.76,57.956,8.971,normal
2026-10-02 09:39:41,F3,49.465,1.886,3.783,51.689,11.044,normal
2026-10-02 09:40:41,F3,55.414,1.319,4.708,48.52,10.832,normal
2026-10-02 09:41:41,F3,58.555,1.644,4.587,56.094,9.352,normal
2026-10-02 09:42:41,F3,64.175,1.995,4.553,55.929,8.069,normal
2026-10-02 09:43:41,F3,72.202,1.892,5.126,58.391,10.741,normal
2026-10-02 09:44:41,F3,77.042,1.826,5.512,50.165,11.06,failure
2026-10-02 09:45:41,F3,73.56,2.099,4.883,48.765,10.559,normal
2026-10-02 09:46:41,F3,79.503,2.13,5.166,45.094,7.935,failure
2026-10-02 09:47:41,F3,73.337,1.732,3.39,57.022,8.843,normal
2026-10-02 09:48:41,F3,77.762,1.829,6.282,64.35,6.703,failure
2026-10-02 09:49:41,F3,53.105,1.979,4.459,34.205,11.651,normal
2026-10-02 09:50:41,F3,59.49,2.008,5.028,46.006,11.443,normal
2026-10-02 09:51:41,F3,73.154,2.099,4.444,43.996,10.458,failure
2026-10-02 09:52:41,F3,73.425,1.711,5.63,40.426,10.105,normal
2026-10-02 09:53:41,F3,64.688,2.077,6.277,50.047,12.103,failure
2026-10-02 09:54:41,F3,68.721,1.895,5.662,51.937,7.243,normal
2026-10-02 09:55:41,F3,59.771,1.835,4.48,50.408,10.021,normal
2026-10-02 09:56:41,F3,80.46,1.866,5.724,47.895,10.509,failure
2026-10-02 09:57:41,F3,63.293,2.106,3.796,45.581,7.767,normal
2026-10-02 09:58:41,F3,70.774,1.704,5.949,58.258,8.329,normal
2026-10-02 09:59:41,F3,66.655,1.899,5.15,51.935,6.875,normal
2026-10-02 10:00:41,F3,67.195,1.647,3.706,62.528,9.539,normal
2026-10-02 10:01:41,F3,77.31,1.718,6.685,50.894,6.608,normal
2026-10-02 10:02:41,F3,66.322,1.917,5.378,51.327,9.012,normal
2026-10-02 10:03:41,F3,66.692,1.811,3.877,42.195,6.924,normal
2026-10-02 10:04:41,F3,70.375,1.692,4.713,58.455,10.88,normal
2026-10-02 10:05:41,F3,67.033,1.589,3.791,46.35,13.87,normal
2026-10-02 10:06:41,F3,72.405,1.616,3.887,30.214,9.765,normal
2026-10-02 10:07:41,F3,61.281,1.58,5.14,49.359,8.97,normal
2026-10-02 10:08:41,F3,65.431,1.77,4.073,52.586,7.909,normal
2026-10-02 10:09:41,F3,78.802,1.694,4.785,54.761,7.297,failure
2026-10-02 10:10:41,F3,85.674,1.993,5.845,45.515,9.02,failure
2026-10-02 10:11:41,F3,63.776,1.872,5.654,41.25,11.572,failure
2026-10-02 10:12:41,F3,69.887,1.878,5.557,42.199,10.875,normal
2026-10-02 10:13:41,F3,67.128,1.883,4.931,53.722,7.547,normal
2026-10-02 10:14:41,F3,55.85,1.77,3.799,49.791,11.571,normal
2026-10-02 10:15:41,F3,62.219,2.137,4.104,51.311,9.272,normal
2026-10-02 10:16:41,F3,74.806,1.633,6.359,37.628,9.039,normal
2026-10-02 10:17:41,F3,86.208,1.847,4.239,57.831,10.095,normal
2026-10-02 10:18:41,F3,64.232,1.716,5.603,47.846,10.771,normal
2026-10-02 10:19:41,F3,63.506,1.58,5.875,57.807,11.081,normal
2026-10-02 10:20:41,F3,76.175,2.114,5.885,47.493,9.14,failure
2026-10-02 10:21:41,F3,60.992,1.836,6.263,60.964,11.264,normal
2026-10-02 10:22:41,F3,64.22,2.254,4.371,38.728,7.843,normal
2026-10-02 10:23:41,F3,57.136,2.04,6.092,37.092,7.723,normal
2026-10-02 10:24:41,F3,90.181,2.117,4.758,35.384,11.064,normal
2026-10-02 10:25:41,F3,58.619,1.996,4.276,41.216,11.02,normal
2026-10-02 10:26:41,F3,68.618,1.647,4.131,33.664,7.64,normal
2026-10-02 10:27:41,F3,73.864,2.238,5.006,69.507,8.812,failure
2026-10-02 10:28:41,F3,65.858,1.657,4.535,47.665,12.036,normal
2026-10-02 10:29:41,F3,63.122,1.788,5.159,32.068,7.996,normal
2026-10-02 10:30:41,F3,58.254,1.975,5.469,59.921,9.992,normal
2026-10-02 10:31:41,F3,80.876,2.261,5.906,57.36,13.803,normal
2026-10-02 10:32:41,F3,84.869,1.936,3.473,53.609,9.588,normal
2026-10-02 10:33:41,F3,74.178,2.094,4.8,61.091,10.669,failure
2026-10-02 10:34:41,F3,59.649,1.64,4.055,58.511,11.22,normal
2026-10-02 10:35:41,F3,75.706,1.928,3.656,40.364,10.351,normal
2026-10-02 10:36:41,F3,73.384,1.877,6.371,52.03,13.709,failure
2026-10-02 10:37:41,F3,75.731,1.999,4.817,42.184,7.673,normal
2026-10-02 10:38:41,F3,68.771,2.053,5.448,42.657,8.981,failure
2026-10-02 10:39:41,F3,75.705,2.011,5.384,60.563,11.064,normal
2026-10-02 10:40:41,F3,59.294,1.756,6.034,57.299,10.259,failure
2026-10-02 10:41:41,F3,82.323,1.956,4.607,45.271,8.906,normal
2026-10-02 10:42:41,F3,55.485,1.99,5.367,28.851,8.671,normal
2026-10-02 10:43:41,F3,77.83,1.811,4.197,39.35,8.128,normal
2026-10-02 10:44:41,F3,67.039,2.083,4.368,49.189,7.477,normal
2026-10-02 10:45:41,F3,70.203,2.141,5.441,51.108,8.486,normal
2026-10-02 10:46:41,F3,75.151,1.708,5.347,70.562,12.253,failure
2026-10-02 10:47:41,F3,70.329,1.869,5.493,44.196,9.251,failure
2026-10-02 10:48:41,F3,82.39,1.663,4.617,44.819,10.4,normal
2026-10-02 10:49:41,F3,71.337,1.843,3.695,57.472,12.318,normal
2026-10-02 10:50:41,F3,66.751,1.969,5.628,35.611,9.878,normal
2026-10-02 10:51:41,F3,76.713,1.82,4.731,58.517,12.721,failure
2026-10-02 10:52:41,F3,66.058,1.657,3.987,55.207,9.336,normal
2026-10-02 10:53:41,F3,62.321,2.037,4.951,55.858,10.586,failure
2026-10-02 10:54:41,F3,75.852,1.554,4.519,57.66,9.051,normal
2026-10-02 10:55:41,F3,60.717,1.939,6.156,49.458,9.004,failure
2026-10-02 10:56:41,F3,60.524,2.133,5.305,61.154,6.099,normal
2026-10-02 10:57:41,F3,66.915,2.134,4.71,46.724,8.853,normal
2026-10-02 10:58:41,F3,76.97,2.183,5.849,50.792,9.918,failure
2026-10-02 10:59:41,F3,77.742,1.971,6.038,50.316,9.52,failure
2026-10-02 11:00:41,F3,67.416,2.214,5.381,49.159,9.772,failure
2026-10-02 11:01:41,F3,68.676,2.012,4.81,56.3,6.764,normal
2026-10-02 11:02:41,F3,73.07,2.316,6.564,42.525,8.904,failure
2026-10-02 11:03:41,F3,74.885,2.064,5.073,45.818,11.365,normal
2026-10-02 11:04:41,F3,76.383,2.028,5.585,55.79,9.595,failure
2026-10-02 11:05:41,F3,71.296,1.854,3.665,47.615,12.405,normal
2026-10-02 11:06:41,F3,72.827,1.934,4.432,50.408,6.249,normal
2026-10-02 11:07:41,F3,72.789,1.851,5.216,41.6,9.549,normal
2026-10-02 11:08:41,F3,61.442,1.908,5.099,52.202,6.261,normal
2026-10-02 11:09:41,F3,74.511,2.127,5.059,53.457,11.575,failure
2026-10-02 11:10:41,F3,65.3,2.481,4.101,59.142,11.898,failure
2026-10-02 11:11:41,F3,71.708,1.877,6.265,56.844,9.428,failure
2026-10-02 11:12:41,F3,65.596,1.89,5.921,47.151,10.942,normal
2026-10-02 11:13:41,F3,49.758,2.031,5.158,50.133,10.018,normal
2026-10-02 11:14:41,F3,85.136,1.897,4.921,64.255,10.256,normal
2026-10-02 11:15:41,F3,52.521,1.92,5.351,51.149,10.178,normal
2026-10-02 11:16:41,F3,65.372,1.848,6.303,35.953,11.995,failure
2026-10-02 11:17:41,F3,84.346,1.922,4.495,54.47,7.012,failure
2026-10-02 11:18:41,F3,57.417,1.805,5.159,49.828,8.71,normal
2026-10-02 11:19:41,F3,73.61,1.849,3.594,50.323,10.673,normal
2026-10-02 11:20:41,F3,68.402,1.796,3.924,55.892,3.897,normal
2026-10-02 11:21:41,F3,60.22,2.203,4.726,56.682,10.122,normal
2026-10-02 11:22:41,F3,76.37,1.947,4.873,60.568,9.725,normal
2026-10-02 11:23:41,F3,65.084,1.791,4.571,44.702,9.046,normal
2026-10-02 11:24:41,F3,62.251,2.123,5.481,46.895,9.868,failure
2026-10-02 11:25:41,F3,65.164,2.105,5.632,44.79,10.28,failure
2026-10-02 11:26:41,F3,66.722,1.918,5.74,46.068,8.322,normal
2026-10-02 11:27:41,F3,63.546,1.96,5.851,47.076,10.925,failure
2026-10-02 11:28:41,F3,60.615,2.015,5.359,54.048,10.037,normal
2026-10-02 11:29:41,F3,82.147,1.879,3.109,51.543,8.979,normal
2026-10-02 11:30:41,F3,69.492,1.992,5.425,50.989,9.491,failure
2026-10-02 11:31:41,F3,81.267,1.598,4.913,55.73,12.94,normal
2026-10-02 11:32:41,F3,79.896,1.923,5.594,53.97,8.717,normal
2026-10-02 11:33:41,F3,79.759,1.583,4.588,52.537,8.56,normal
2026-10-02 11:34:41,F3,64.792,1.9,2.603,55.663,11.61,normal
2026-10-02 11:35:41,F3,72.741,1.849,4.101,39.245,11.798,failure
2026-10-02 11:36:41,F3,78.249,2.106,5.396,36.608,9.463,failure
2026-10-02 11:37:41,F3,68.844,1.819,4.78,40.475,10.762,normal
2026-10-02 11:38:41,F3,70.339,1.693,4.324,50.378,9.05,normal
2026-10-02 11:39:41,F3,73.839,1.853,5.955,37.131,10.416,failure
2026-10-02 11:40:41,F3,81.278,2.129,6.089,49.134,7.936,failure
2026-10-02 11:41:41,F3,62.055,1.683,5.512,59.025,10.033,normal
2026-10-02 11:42:41,F3,61.336,2.115,5.414,53.369,11.157,failure
2026-10-02 11:43:41,F3,60.268,1.799,4.5,46.264,10.622,normal
2026-10-02 11:44:41,F3,78.697,2.044,4.652,54.246,10.486,failure
2026-10-02 11:45:41,F3,72.908,2.084,5.541,42.152,11.113,normal
2026-10-02 11:46:41,F3,69.282,1.917,5.69,48.664,8.683,normal
2026-10-02 11:47:41,F3,77.31,2.218,5.648,54.469,13.162,failure
2026-10-02 11:48:41,F3,73.082,1.693,5.774,42.422,8.263,failure
2026-10-02 11:49:41,F3,60.511,1.974,5.234,35.395,10.357,failure
2026-10-02 11:50:41,F3,67.661,1.788,5.902,45.348,12.477,normal
2026-10-02 11:51:41,F3,61.915,1.916,4.436,45.705,10.472,normal
2026-10-02 11:52:41,F3,62.774,1.711,4.868,50.719,12.37,normal
2026-10-02 11:53:41,F3,73.168,1.726,4.992,46.04,8.435,normal
2026-10-02 11:54:41,F3,86.926,1.699,3.674,47.819,11.634,normal
2026-10-02 11:55:41,F3,68.897,2.224,5.54,47.049,8.424,failure
2026-10-02 11:56:41,F3,88.904,1.928,4.702,40.382,11.523,failure
2026-10-02 11:57:41,F3,72.35,2.279,4.983,50.258,10.928,failure
2026-10-02 11:58:41,F3,62.474,1.792,6.243,47.343,8.167,normal
2026-10-02 11:59:41,F3,57.908,1.967,5.627,47.352,8.917,normal
2026-10-02 12:00:41,F3,87.471,2.036,6.298,43.894,8.799,failure
2026-10-02 12:01:41,F3,63.003,1.739,4.725,43.131,9.839,normal
2026-10-02 12:02:41,F3,71.114,2.799,5.432,44.522,9.804,normal
2026-10-02 12:03:41,F3,73.709,2.467,5.057,59.292,9.698,failure
2026-10-02 12:04:41,F3,67.443,1.913,6.255,56.867,7.851,failure
2026-10-02 12:05:41,F3,75.224,1.759,5.674,40.134,9.644,failure
2026-10-02 12:06:41,F3,75.299,1.768,5.757,40.396,10.307,failure
2026-10-02 12:07:41,F3,78.499,1.818,6.412,41.529,5.814,failure
2026-10-02 12:08:41,F3,76.281,1.974,5.264,57.932,8.19,failure
2026-10-02 12:09:41,F3,76.575,1.767,5.74,43.962,11.636,failure
2026-10-02 12:10:41,F3,65.088,1.947,5.218,38.038,11.438,normal
2026-10-02 12:11:41,F3,66.993,2.131,4.844,47.015,9.783,normal
2026-10-02 12:12:41,F3,67.335,2.007,3.552,54.175,9.016,normal
2026-10-02 12:13:41,F3,80.559,2.224,5.988,47.378,10.155,failure
2026-10-02 12:14:41,F3,54.591,2.003,4.979,40.034,8.8,normal
2026-10-02 12:15:41,F3,73.395,1.837,4.325,52.595,9.294,normal
2026-10-02 12:16:41,F3,75.07,1.482,5.295,51.802,8.856,normal
2026-10-02 12:17:41,F3,76.847,1.85,5.996,48.905,7.073,normal
2026-10-02 12:18:41,F3,67.024,2.319,5.391,50.889,8.434,failure
2026-10-02 12:19:41,F3,64.175,1.967,3.852,49.28,12.914,normal
2026-10-02 12:20:41,F3,69.319,1.831,5.571,54.884,10.508,failure
2026-10-02 12:21:41,F3,39.152,1.788,4.902,52.135,7.936,normal
2026-10-02 12:22:41,F3,74.909,1.465,4.771,43.543,9.522,normal
2026-10-02 12:23:41,F3,49.311,2.127,4.834,45.716,6.806,normal
2026-10-02 12:24:41,F3,62.022,2.011,3.433,45.329,12.156,normal
2026-10-02 12:25:41,F3,62.397,2.006,4.256,50.508,8.905,normal
2026-10-02 12:26:41,F3,72.286,1.875,4.886,52.919,9.415,normal
2026-10-02 12:27:41,F3,69.322,1.976,4.314,46.206,10.212,normal
2026-10-02 12:28:41,F3,79.356,1.47,6.347,43.179,8.078,normal
2026-10-02 12:29:41,F3,66.987,2.243,3.646,39.407,7.868,failure
2026-10-02 12:30:41,F3,60.242,1.935,4.722,51.685,13.641,normal
2026-10-02 12:31:41,F3,59.598,1.956,5.666,49.504,7.515,normal
2026-10-02 12:32:41,F3,80.883,2.04,6.188,59.626,9.271,normal
2026-10-02 12:33:41,F3,65.881,2.015,6.591,58.18,9.831,normal
2026-10-02 12:34:41,F3,79.166,1.763,3.842,53.156,12.256,failure
2026-10-02 12:35:41,F3,78.85,2.137,5.426,62.839,7.765,normal
2026-10-02 12:36:41,F3,71.36,1.935,5.469,58.198,9.072,failure
2026-10-02 12:37:41,F3,61.251,2.001,5.674,56.036,11.238,failure
2026-10-02 12:38:41,F3,78.282,1.892,4.007,54.968,10.817,normal
2026-10-02 12:39:41,F3,75.646,1.8,4.493,40.862,10.071,normal
2026-10-02 12:40:41,F3,57.208,1.861,3.775,49.051,8.464,normal
2026-10-02 12:41:41,F3,58.744,1.487,5.53,49.312,10.169,normal
2026-10-02 12:42:41,F3,82.365,1.96,5.821,47.94,10.601,failure
2026-10-02 12:43:41,F3,70.218,2.135,5.387,40.446,9.033,normal
2026-10-02 12:44:41,F3,75.128,2.092,4.582,45.722,8.077,failure
2026-10-02 12:45:41,F3,58.804,1.631,4.906,52.069,8.326,normal
2026-10-02 12:46:41,F3,71.329,1.716,4.589,43.027,10.09,normal
2026-10-02 12:47:41,F3,59.509,1.745,5.178,32.662,8.977,normal
2026-10-02 12:48:41,F3,72.222,2.267,5.959,45.751,9.948,failure
2026-10-02 12:49:41,F3,74.765,1.681,5.219,35.989,9.496,failure
2026-10-02 12:50:41,F3,59.984,1.897,4.573,54.908,7.523,normal
2026-10-02 12:51:41,F3,80.437,1.838,4.654,54.558,8.904,normal
2026-10-02 12:52:41,F3,63.902,1.828,5.643,50.622,10.638,normal
2026-10-02 12:53:41,F3,75.471,2.105,3.726,43.249,9.818,failure
2026-10-02 12:54:41,F3,77.105,1.749,5.249,46.432,9.489,normal
2026-10-02 12:55:41,F3,62.391,1.821,3.759,53.22,9.36,normal
2026-10-02 12:56:41,F3,70.724,1.713,4.097,49.938,9.412,failure
2026-10-02 12:57:41,F3,70.778,1.881,5.072,66.284,9.478,normal
2026-10-02 12:58:41,F3,68.118,1.752,4.358,61.677,8.475,normal
2026-10-02 12:59:41,F3,83.49,1.793,5.826,47.763,7.538,failure
2026-10-02 13:00:41,F3,67.641,1.916,5.39,52.39,8.301,normal
2026-10-02 13:01:41,F3,78.786,1.923,3.406,53.305,9.899,normal
2026-10-02 13:02:41,F3,73.52,2.063,4.951,60.845,7.46,normal
2026-10-02 13:03:41,F3,73.959,1.652,4.203,54.496,9.825,normal
2026-10-02 13:04:41,F3,70.619,1.897,5.457,52.707,8.863,failure
2026-10-02 13:05:41,F3,62.823,1.793,5.139,44.651,10.768,normal
2026-10-02 13:06:41,F3,70.249,1.862,4.433,53.099,11.066,normal
2026-10-02 13:07:41,F3,68.66,1.962,6.172,46.529,10.031,normal
2026-10-02 13:08:41,F3,74.839,2.094,3.517,49.508,6.873,normal
2026-10-02 13:09:41,F3,72.459,2.168,5.612,47.997,10.798,failure
2026-10-02 13:10:41,F3,74.02,1.725,4.466,39.687,9.127,normal
2026-10-02 13:11:41,F3,67.214,1.516,5.688,48.913,7.13,normal
2026-10-02 13:12:41,F3,62.502,1.973,4.729,39.809,9.324,normal
2026-10-02 13:13:41,F3,67.289,1.778,5.274,54.194,10.748,normal
2026-10-02 13:14:41,F3,76.731,1.756,6.326,44.561,6.664,normal
2026-10-02 13:15:41,F3,56.367,1.942,4.121,54.611,9.714,normal
2026-10-02 13:16:41,F3,76.431,2.231,2.584,44.281,9.738,failure
2026-10-02 13:17:41,F3,79.34,1.529,3.924,53.911,11.137,normal
2026-10-02 13:18:41,F3,73.851,1.701,5.869,49.121,9.036,normal
2026-10-02 13:19:41,F3,74.985,1.688,4.839,50.53,9.074,failure
2026-10-02 13:20:41,F3,70.751,1.898,5.226,51.174,9.145,normal
2026-10-02 13:21:41,F3,78.203,1.679,5.556,50.177,9.82,failure
2026-10-02 13:22:41,F3,77.842,2.327,2.699,42.573,10.606,failure
2026-10-02 13:23:41,F3,68.668,2.024,4.98,51.347,10.228,failure
2026-10-02 13:24:41,F3,73.565,2.084,4.286,55.065,7.966,normal
2026-10-02 13:25:41,F3,75.219,1.872,6.003,58.988,12.045,failure
2026-10-02 13:26:41,F3,65.944,1.719,3.715,57.131,8.507,failure
2026-10-02 13:27:41,F3,78.374,1.798,4.39,46.745,11.015,normal
2026-10-02 13:28:41,F3,66.716,2.044,4.188,53.678,9.939,normal
2026-10-02 13:29:41,F3,69.119,2.058,5.661,46.374,9.638,normal
2026-10-02 13:30:41,F3,65.874,1.947,4.584,44.66,8.857,failure
2026-10-02 13:31:41,F3,69.671,2.076,4.212,59.132,8.035,failure
2026-10-02 13:32:41,F3,61.876,1.99,4.62,45.688,10.324,normal
2026-10-02 13:33:41,F3,85.735,2.018,4.819,48.908,11.622,failure
2026-10-02 13:34:41,F3,55.179,2.238,5.749,39.74,9.842,normal
2026-10-02 13:35:41,F3,78.044,1.792,5.053,46.956,9.484,normal
2026-10-02 13:36:41,F3,69.199,1.917,5.122,44.578,8.505,failure
2026-10-02 13:37:41,F3,75.88,2.061,4.903,49.816,9.939,failure
2026-10-02 13:38:41,F3,71.727,2.085,4.827,46.379,11.248,failure
2026-10-02 13:39:41,F3,68.016,1.776,4.763,48.642,13.025,normal
2026-10-02 13:40:41,F3,65.179,1.753,4.837,53.251,11.198,normal
2026-10-02 13:41:41,F3,75.549,1.577,5.919,61.203,9.592,normal
2026-10-02 13:42:41,F3,87.377,1.762,4.967,49.927,10.563,failure
2026-10-02 13:43:41,F3,71.064,1.829,4.422,49.404,13.183,failure
2026-10-02 13:44:41,F3,76.135,1.919,4.5,47.152,10.111,failure
2026-10-02 13:45:41,F3,61.422,1.683,6.022,38.215,9.19,normal
2026-10-02 13:46:41,F3,56.69,1.953,3.817,54.563,7.873,normal
2026-10-02 13:47:41,F3,85.858,1.56,5.092,45.711,10.646,failure
2026-10-02 13:48:41,F3,75.048,1.701,6.431,39.563,10.312,failure
2026-10-02 13:49:41,F3,74.46,1.789,5.359,41.993,10.952,failure
2026-10-02 13:50:41,F3,73.283,1.606,6.26,50.94,9.135,failure
2026-10-02 13:51:41,F3,70.832,2.135,5.136,54.01,2.019,normal
2026-10-02 13:52:41,F3,57.329,1.742,5.895,53.387,9.758,normal
2026-10-02 13:53:41,F3,73.26,2.076,5.761,55.004,8.321,failure
2026-10-02 13:54:41,F3,82.457,1.718,5.881,54.327,10.694,failure
2026-10-02 13:55:41,F3,64.665,1.602,5.025,39.593,8.949,normal
2026-10-02 13:56:41,F3,70.936,2.136,5.685,49.273,11.041,failure
2026-10-02 13:57:41,F3,67.97,1.78,4.94,56.799,6.813,normal
2026-10-02 13:58:41,F3,67.66,1.793,4.907,43.169,9.27,normal
2026-10-02 13:59:41,F3,61.436,1.976,4.83,45.051,7.335,normal
2026-10-02 14:00:41,F3,71.551,1.772,5.155,55.442,7.618,normal
2026-10-02 14:01:41,F3,61.222,1.749,5.473,51.186,10.209,normal
2026-10-02 14:02:41,F3,67.158,1.958,5.778,52.648,10.753,failure
2026-10-02 14:03:41,F3,67.004,1.513,6.188,47.217,7.07,normal
2026-10-02 14:04:41,F3,58.917,1.877,4.219,43.496,10.467,normal
2026-10-02 14:05:41,F3,74.187,1.633,4.932,39.206,8.902,normal
2026-10-02 14:06:41,F3,69.918,1.629,5.732,47.253,9.459,normal
2026-10-02 14:07:41,F3,68.194,1.593,3.629,52.319,9.485,normal
2026-10-02 14:08:41,F3,70.009,2.034,5.698,45.457,10.631,failure
2026-10-02 14:09:41,F3,70.345,1.898,4.84,32.507,10.319,normal
2026-10-02 14:10:41,F3,75.575,1.748,4.716,50.302,9.361,normal
2026-10-02 14:11:41,F3,77.431,2.021,5.988,49.352,11.217,failure
2026-10-02 14:12:41,F3,73.734,2.002,5.92,41.565,9.583,normal
2026-10-02 14:13:41,F3,61.51,1.587,4.562,55.293,12.588,failure
2026-10-02 14:14:41,F3,65.273,1.744,5.962,51.598,7.594,failure
2026-10-02 14:15:41,F3,72.512,2.009,5.258,41.741,11.25,normal
2026-10-02 14:16:41,F3,68.38,1.855,5.321,54.63,9.394,failure
2026-10-02 14:17:41,F3,70.161,1.889,3.909,60.217,13.161,normal
2026-10-02 14:18:41,F3,59.444,1.579,5.678,49.071,10.746,normal
2026-10-02 14:19:41,F3,55.055,2.087,5.01,50.487,9.954,normal
2026-10-02 14:20:41,F3,75.193,1.798,4.972,45.234,11.822,failure
2026-10-02 14:21:41,F3,81.517,1.937,6.657,48.649,8.969,failure
2026-10-02 14:22:41,F3,83.838,1.999,5.485,42.808,8.981,failure
2026-10-02 14:23:41,F3,81.321,1.894,5.274,49.75,6.574,normal
2026-10-02 14:24:41,F3,79.747,1.753,4.306,49.501,7.683,normal
2026-10-02 14:25:41,F3,79.397,1.687,5.461,66.117,11.672,normal
2026-10-02 14:26:41,F3,56.552,1.675,5.209,49.992,10.482,normal
2026-10-02 14:27:41,F3,78.347,1.76,6.36,43.194,9.335,normal
2026-10-02 14:28:41,F3,62.443,1.597,5.928,37.516,10.84,normal
2026-10-02 14:29:41,F3,70.936,1.598,5.718,53.865,10.96,normal
2026-10-02 14:30:41,F3,63.297,2.003,5.073,52.952,8.968,normal
2026-10-02 14:31:41,F3,80.698,1.908,5.449,54.847,11.312,normal
2026-10-02 14:32:41,F3,77.474,1.849,5.506,64.584,9.089,normal
2026-10-02 14:33:41,F3,78.88,1.696,3.77,61.268,8.251,normal
2026-10-02 14:34:41,F3,63.855,1.946,4.034,62.944,8.651,normal
2026-10-02 14:35:41,F3,68.387,2.032,4.197,52.855,6.124,normal
2026-10-02 14:36:41,F3,70.904,1.953,3.609,46.453,10.253,normal
2026-10-02 14:37:41,F3,75.046,1.696,5.544,46.703,11.871,normal
2026-10-02 14:38:41,F3,77.417,1.583,4.211,41.339,12.795,failure
2026-10-02 14:39:41,F3,72.939,1.518,4.611,48.511,10.139,normal
2026-10-02 14:40:41,F3,55.75,2.295,4.919,51.619,9.674,normal
2026-10-02 14:41:41,F3,74.755,1.945,3.828,55.77,10.101,normal
2026-10-02 14:42:41,F3,67.171,2.193,4.918,57.159,9.453,normal
2026-10-02 14:43:41,F3,85.118,1.459,3.954,56.912,7.65,normal
2026-10-02 14:44:41,F3,77.867,1.975,4.099,59.642,7.732,failure
2026-10-02 14:45:41,F3,66.672,1.898,3.218,45.281,9.708,normal
2026-10-02 14:46:41,F3,66.91,1.423,6.14,53.318,12.53,normal
2026-10-02 14:47:41,F3,66.419,1.724,6.57,38.534,7.781,failure
2026-10-02 14:48:41,F3,63.163,1.682,6.019,48.309,7.892,normal
2026-10-02 14:49:41,F3,51.477,1.904,4.638,60.171,10.991,failure
2026-10-02 14:50:41,F3,70.702,2.017,4.855,52.977,9.924,normal
2026-10-02 14:51:41,F3,66.827,1.792,4.059,51.92,9.92,normal
2026-10-02 14:52:41,F3,66.483,1.914,4.432,59.286,9.275,failure
2026-10-02 14:53:41,F3,74.296,1.675,5.256,52.846,7.573,normal
2026-10-02 14:54:41,F3,57.33,1.662,4.175,48.792,8.919,normal
2026-10-02 14:55:41,F3,62.722,1.742,5.698,40.771,9.95,normal
2026-10-02 14:56:41,F3,60.382,1.726,4.875,47.015,9.524,normal
2026-10-02 14:57:41,F3,73.413,1.572,5.274,40.568,7.706,normal
2026-10-02 14:58:41,F3,65.17,1.883,6.166,67.966,13.284,normal
2026-10-02 14:59:41,F3,64.449,1.804,4.745,51.907,8.845,normal
2026-10-02 15:00:41,F3,65.652,2.0,5.606,49.874,9.845,failure
2026-10-02 15:01:41,F3,78.496,1.616,5.921,41.529,9.212,normal
2026-10-02 15:02:41,F3,72.642,2.106,5.334,53.352,9.763,normal
2026-10-02 15:03:41,F3,64.145,1.905,4.397,54.517,9.901,failure
2026-10-02 15:04:41,F3,67.914,2.076,4.615,43.241,10.368,normal
2026-10-02 15:05:41,F3,74.777,1.856,4.362,66.449,8.65,normal
2026-10-02 15:06:41,F3,69.121,1.851,4.838,45.339,9.853,failure
2026-10-02 15:07:41,F3,69.473,2.033,4.079,40.413,9.137,normal
2026-10-02 15:08:41,F3,62.05,1.527,4.409,40.899,7.301,normal
2026-10-02 15:09:41,F3,74.476,1.993,4.891,50.218,9.056,normal
2026-10-02 15:10:41,F3,77.427,1.705,4.98,45.792,12.355,normal
2026-10-02 15:11:41,F3,76.494,1.72,3.852,33.155,11.341,failure
2026-10-02 15:12:41,F3,81.49,1.693,4.22,50.55,9.077,normal
2026-10-02 15:13:41,F3,60.268,1.953,5.707,44.521,9.586,normal
2026-10-02 15:14:41,F3,67.442,1.804,5.276,47.934,9.868,normal
2026-10-02 15:15:41,F3,74.805,1.937,5.827,42.639,12.586,normal
2026-10-02 15:16:41,F3,55.568,1.919,4.951,48.513,8.859,normal
2026-10-02 15:17:41,F3,61.976,1.906,5.143,38.341,8.243,normal
2026-10-02 15:18:41,F3,73.747,1.96,3.432,40.972,9.861,normal
2026-10-02 15:19:41,F3,70.211,1.535,4.195,55.848,10.513,normal
2026-10-02 15:20:41,F3,68.521,2.106,4.494,52.101,12.247,normal
2026-10-02 15:21:41,F3,66.019,1.503,5.204,47.763,6.337,normal
2026-10-02 15:22:41,F3,65.912,2.087,5.414,53.398,11.794,normal
2026-10-02 15:23:41,F3,70.517,1.592,4.256,44.072,6.673,normal
2026-10-02 15:24:41,F3,74.17,1.552,6.241,44.978,11.83,normal
2026-10-02 15:25:41,F3,69.87,1.708,4.989,52.324,8.346,failure
2026-10-02 15:26:41,F3,69.165,1.504,4.722,34.749,8.353,normal
2026-10-02 15:27:41,F3,57.441,1.902,4.409,36.52,9.778,normal
2026-10-02 15:28:41,F3,73.966,1.894,5.019,44.7,9.243,failure
2026-10-02 15:29:41,F3,88.258,1.823,5.469,48.762,7.216,failure
2026-10-02 15:30:41,F3,73.991,1.826,5.002,42.804,10.703,normal
2026-10-02 15:31:41,F3,75.663,2.015,5.411,51.911,10.429,failure
2026-10-02 15:32:41,F3,61.739,2.053,4.443,56.772,10.093,normal
2026-10-02 15:33:41,F3,63.469,2.064,5.16,43.236,8.034,normal
2026-10-02 15:34:41,F3,74.268,2.069,5.713,46.539,8.979,failure
2026-10-02 15:35:41,F3,69.78,1.758,5.164,41.271,11.574,normal
2026-10-02 15:36:41,F3,77.419,1.894,2.542,57.88,11.13,normal
2026-10-02 15:37:41,F3,58.662,1.993,5.424,50.549,9.979,normal
2026-10-02 15:38:41,F3,77.806,2.102,4.403,46.721,10.223,failure
2026-10-02 15:39:41,F3,70.179,2.135,5.255,41.768,10.868,failure
2026-10-02 15:40:41,F3,80.182,1.981,5.179,46.921,7.81,failure
2026-10-02 15:41:41,F3,67.582,1.616,4.588,47.745,8.263,normal
2026-10-02 15:42:41,F3,66.704,1.813,5.54,48.455,9.58,normal
2026-10-02 15:43:41,F3,81.62,2.03,5.036,47.71,9.175,failure
2026-10-02 15:44:41,F3,67.936,1.96,4.951,45.11,11.333,failure
2026-10-02 15:45:41,F3,74.09,2.032,4.917,45.165,8.503,normal
2026-10-02 15:46:41,F3,63.913,1.75,4.269,43.978,8.129,normal
2026-10-02 15:47:41,F3,71.981,1.485,4.289,36.414,13.329,normal
2026-10-02 15:48:41,F3,64.565,1.698,4.299,41.903,6.362,normal
2026-10-02 15:49:41,F3,79.203,1.34,4.297,51.784,9.53,normal
2026-10-02 15:50:41,F3,72.09,1.321,4.506,46.288,9.298,normal
2026-10-02 15:51:41,F3,64.919,1.712,4.62,41.778,7.234,normal
2026-10-02 15:52:41,F3,62.616,1.693,6.007,57.929,9.93,normal
2026-10-02 15:53:41,F3,57.897,1.948,4.33,44.358,9.395,normal
2026-10-02 15:54:41,F3,54.638,1.688,5.01,44.521,12.361,normal
2026-10-02 15:55:41,F3,70.719,2.044,5.135,54.038,12.364,failure
2026-10-02 15:56:41,F3,67.956,1.883,5.112,53.373,13.347,normal
2026-10-02 15:57:41,F3,64.167,1.892,4.436,46.193,10.574,normal
2026-10-02 15:58:41,F3,63.402,1.887,4.599,55.309,6.537,normal
2026-10-02 15:59:41,F3,68.821,2.027,4.611,53.589,5.761,normal
2026-10-02 16:00:41,F3,62.608,1.95,5.173,38.198,7.569,normal
2026-10-02 16:01:41,F3,68.392,2.037,5.255,62.258,11.33,failure
2026-10-02 16:02:41,F3,74.997,1.782,4.711,39.23,10.098,normal
2026-10-02 16:03:41,F3,73.288,1.786,4.655,45.496,12.124,normal
2026-10-02 16:04:41,F3,62.395,1.878,5.155,48.978,10.13,normal
2026-10-02 16:05:41,F3,79.756,1.815,5.444,50.93,8.384,normal
2026-10-02 16:06:41,F3,73.247,1.812,5.096,40.7,9.955,failure
2026-10-02 16:07:41,F3,75.446,1.928,5.94,49.917,9.302,failure
2026-10-02 16:08:41,F3,73.948,2.012,4.041,49.305,7.495,normal
2026-10-02 16:09:41,F3,72.735,1.896,4.826,57.782,12.05,normal
2026-10-02 16:10:41,F3,61.241,1.854,4.753,50.182,12.565,failure
2026-10-02 16:11:41,F3,76.172,1.684,4.388,57.874,9.81,normal
2026-10-02 16:12:41,F3,66.799,2.344,5.0,58.918,12.043,failure
2026-10-02 16:13:41,F3,69.158,2.026,4.653,39.186,10.642,normal
2026-10-02 16:14:41,F3,63.438,1.693,6.297,47.498,8.777,normal
2026-10-02 16:15:41,F3,64.554,1.64,4.661,42.289,9.341,normal
2026-10-02 16:16:41,F3,87.827,1.951,3.761,42.515,16.667,normal
2026-10-02 16:17:41,F3,48.354,1.881,3.49,53.347,5.921,normal
2026-10-02 16:18:41,F3,71.714,1.781,4.598,40.093,9.877,normal
2026-10-02 16:19:41,F3,72.709,1.754,4.48,44.83,11.532,normal
2026-10-02 16:20:41,F3,73.075,1.981,4.461,47.212,6.187,normal
2026-10-02 16:21:41,F3,68.353,1.888,4.731,39.344,12.181,failure
2026-10-02 16:22:41,F3,64.876,1.769,6.776,39.666,9.251,failure
2026-10-02 16:23:41,F3,60.992,2.098,5.369,45.492,10.927,failure
2026-10-02 16:24:41,F3,65.364,1.72,4.522,48.939,8.129,normal
2026-10-02 16:25:41,F3,59.351,1.876,5.021,48.157,7.588,normal
2026-10-02 16:26:41,F3,79.46,1.675,5.882,51.631,7.578,normal
2026-10-02 16:27:41,F3,75.013,1.883,4.061,33.925,6.805,normal
2026-10-02 16:28:41,F3,69.685,2.177,4.327,55.697,8.454,normal
2026-10-02 16:29:41,F3,75.176,1.375,4.502,64.362,7.57,normal
2026-10-02 16:30:41,F3,60.093,1.988,4.883,47.322,13.733,normal
2026-10-02 16:31:41,F3,73.904,1.951,4.116,49.334,10.74,normal
2026-10-02 16:32:41,F3,75.035,1.759,4.983,45.379,6.936,normal
2026-10-02 16:33:41,F3,51.841,1.543,5.689,47.71,7.943,normal
2026-10-02 16:34:41,F3,74.821,1.449,5.222,40.974,9.111,normal
2026-10-02 16:35:41,F3,63.817,2.132,3.374,54.595,7.981,normal
2026-10-02 16:36:41,F3,71.67,1.848,5.107,57.159,11.21,failure
2026-10-02 16:37:41,F3,55.323,1.573,4.461,54.363,10.242,normal
2026-10-02 16:38:41,F3,67.519,1.923,4.343,37.763,7.661,failure
2026-10-02 16:39:41,F3,72.173,2.321,6.362,43.273,9.725,failure
2026-10-02 16:40:41,F3,77.37,2.246,5.391,56.285,9.579,failure
2026-10-02 16:41:41,F3,74.924,1.727,5.431,38.647,8.651,failure
2026-10-02 16:42:41,F3,80.171,1.769,5.611,62.453,9.528,normal
2026-10-02 16:43:41,F3,79.248,1.912,5.282,49.38,10.538,failure
2026-10-02 16:44:41,F3,74.246,1.823,4.314,51.384,9.562,normal
2026-10-02 16:45:41,F3,74.626,1.702,5.874,42.541,8.764,failure
2026-10-02 16:46:41,F3,65.745,1.748,3.59,47.412,11.693,failure
2026-10-02 16:47:41,F3,81.204,2.05,4.794,50.012,7.992,normal
2026-10-02 16:48:41,F3,84.892,1.884,4.422,53.961,11.541,failure
2026-10-02 16:49:41,F3,77.519,1.857,5.803,39.825,9.969,failure
2026-10-02 16:50:41,F3,74.524,1.551,6.484,35.473,11.682,failure
2026-10-02 16:51:41,F3,69.089,1.736,5.752,38.303,10.501,failure
2026-10-02 16:52:41,F3,68.209,1.647,4.636,50.255,9.074,normal
2026-10-02 16:53:41,F3,70.908,1.758,6.488,44.405,8.96,normal
2026-10-02 16:54:41,F3,55.735,1.902,4.814,56.641,10.62,normal
2026-10-02 16:55:41,F3,81.467,1.93,3.979,46.897,8.719,normal
2026-10-02 16:56:41,F3,73.432,2.085,4.863,46.889,9.769,failure
2026-10-02 16:57:41,F3,52.929,1.952,5.974,58.189,4.333,normal
2026-10-02 16:58:41,F3,81.282,2.067,4.922,46.17,10.097,failure
2026-10-02 16:59:41,F3,69.84,1.742,4.956,44.839,10.439,normal
2026-10-02 17:00:41,F3,57.262,1.847,5.429,47.763,10.839,normal
2026-10-02 17:01:41,F3,67.372,1.786,4.54,45.859,10.402,normal
2026-10-02 17:02:41,F3,70.328,2.081,5.627,49.461,7.14,normal
2026-10-02 17:03:41,F3,70.806,1.722,3.52,46.271,9.398,failure
2026-10-02 17:04:41,F3,54.367,1.711,4.73,47.149,9.69,normal
2026-10-02 17:05:41,F3,54.567,1.88,4.903,41.592,7.637,normal
2026-10-02 17:06:41,F3,63.075,1.756,5.623,42.546,10.501,normal
2026-10-02 17:07:41,F3,64.963,1.796,5.288,40.896,10.339,failure
2026-10-02 17:08:41,F3,77.278,1.845,5.12,51.39,9.222,normal
2026-10-02 17:09:41,F3,53.011,1.813,4.401,50.036,9.092,normal
2026-10-02 17:10:41,F3,84.117,1.693,4.2,74.375,11.384,normal
2026-10-02 17:11:41,F3,54.796,1.784,5.372,54.946,6.594,normal
2026-10-02 17:12:41,F3,77.517,1.785,4.15,55.59,0.004,normal
2026-10-02 17:13:41,F3,59.578,1.695,4.987,52.918,10.942,normal
2026-10-02 17:14:41,F3,64.915,1.598,4.677,45.469,13.082,normal
2026-10-02 17:15:41,F3,55.627,1.622,4.192,52.398,6.528,normal
2026-10-02 17:16:41,F3,71.299,1.662,4.398,54.698,9.441,normal
2026-10-02 17:17:41,F3,71.36,1.541,5.331,44.17,9.531,normal
2026-10-02 17:18:41,F3,69.808,1.535,4.373,65.087,8.875,normal
2026-10-02 17:19:41,F3,65.198,2.074,5.048,42.239,8.988,normal
2026-10-02 17:20:41,F3,72.209,1.38,5.159,61.064,10.517,normal
2026-10-02 17:21:41,F3,66.784,2.026,4.711,54.195,7.895,normal
2026-10-02 17:22:41,F3,63.33,1.601,5.318,60.284,10.071,normal
2026-10-02 17:23:41,F3,67.855,1.621,5.058,53.164,11.124,normal
2026-10-02 17:24:41,F3,65.574,1.966,4.399,46.032,10.067,normal
2026-10-02 17:25:41,F3,74.015,1.449,6.234,57.743,8.451,normal
2026-10-02 17:26:41,F3,68.231,1.961,5.224,52.146,10.643,normal
2026-10-02 17:27:41,F3,70.218,1.898,3.974,57.52,7.022,normal
2026-10-02 17:28:41,F3,64.822,1.608,4.809,43.212,10.759,normal
2026-10-02 17:29:41,F3,64.156,1.978,5.743,46.138,6.857,failure
2026-10-02 17:30:41,F3,55.752,1.977,4.781,56.4,9.843,normal
2026-10-02 17:31:41,F3,73.224,1.899,5.322,39.67,9.219,normal
2026-10-02 17:32:41,F3,65.583,1.921,4.685,53.836,7.613,normal
2026-10-02 17:33:41,F3,68.27,1.354,6.244,43.152,7.827,normal
2026-10-02 17:34:41,F3,78.909,1.879,4.796,45.4,9.12,normal
2026-10-02 17:35:41,F3,86.308,1.432,4.519,58.377,9.823,normal
2026-10-02 17:36:41,F3,63.495,1.767,3.745,47.13,10.752,normal
2026-10-02 17:37:41,F3,56.062,2.036,4.591,60.772,8.29,normal
2026-10-02 17:38:41,F3,53.926,1.594,6.846,57.484,9.874,failure
2026-10-02 17:39:41,F3,80.949,1.749,4.848,44.235,11.43,failure
2026-10-02 17:40:41,F3,76.638,1.65,6.763,53.142,10.199,normal
2026-10-02 17:41:41,F3,63.09,1.707,5.111,50.009,11.887,normal
2026-10-02 17:42:41,F3,73.703,1.927,5.59,47.908,9.451,failure
2026-10-02 17:43:41,F3,77.901,1.784,4.673,56.267,6.964,normal
2026-10-02 17:44:41,F3,65.665,1.775,4.599,48.316,13.906,normal
2026-10-02 17:45:41,F3,72.104,1.794,5.176,16.111,8.22,normal
2026-10-02 17:46:41,F3,64.761,1.75,4.659,42.625,10.398,normal
2026-10-02 17:47:41,F3,61.307,1.801,4.199,50.989,9.387,normal
2026-10-02 17:48:41,F3,72.243,1.623,5.353,66.179,9.319,normal
2026-10-02 17:49:41,F3,54.276,1.649,6.054,49.516,11.221,normal
2026-10-02 17:50:41,F3,81.911,1.838,4.785,47.974,10.47,normal
2026-10-02 17:51:41,F3,70.279,1.569,5.197,39.961,8.021,normal
2026-10-02 17:52:41,F3,69.636,1.598,5.367,49.412,9.067,normal
2026-10-02 17:53:41,F3,67.919,1.515,4.545,35.137,8.471,failure
2026-10-02 17:54:41,F3,62.599,1.811,5.374,48.315,9.583,normal
2026-10-02 17:55:41,F3,59.708,1.614,5.054,35.819,8.126,normal
2026-10-02 17:56:41,F3,70.497,1.681,4.432,46.496,10.485,normal
2026-10-02 17:57:41,F3,70.965,1.32,5.348,41.499,13.14,normal
2026-10-02 17:58:41,F3,74.034,1.569,4.015,48.344,10.588,normal
2026-10-02 17:59:41,F3,62.003,2.347,4.272,49.406,9.388,normal
2026-10-02 18:00:41,F3,72.524,1.694,4.649,54.484,8.565,normal
2026-10-02 18:01:41,F3,82.053,1.432,4.707,50.031,7.398,normal
2026-10-02 18:02:41,F3,79.614,1.369,4.701,64.513,13.658,normal
2026-10-02 18:03:41,F3,60.049,2.058,4.486,41.951,9.918,normal
2026-10-02 18:04:41,F3,90.866,2.045,3.443,59.129,8.035,failure
2026-10-02 18:05:41,F3,71.193,1.834,4.33,52.162,9.641,normal
2026-10-02 18:06:41,F3,67.098,1.87,5.724,50.713,9.579,normal
2026-10-02 18:07:41,F3,76.242,2.414,4.532,53.235,6.5,failure
2026-10-02 18:08:41,F3,73.055,2.012,4.596,39.886,10.692,normal
2026-10-02 18:09:41,F3,71.42,1.801,4.449,53.954,10.495,normal
2026-10-02 18:10:41,F3,84.622,1.715,5.858,44.9,10.067,failure
2026-10-02 18:11:41,F3,69.493,1.795,4.44,39.404,5.65,normal
2026-10-02 18:12:41,F3,73.738,1.627,5.03,51.829,10.171,failure
2026-10-02 18:13:41,F3,62.375,1.85,4.526,53.045,10.362,normal
2026-10-02 18:14:41,F3,80.575,1.899,4.071,54.622,5.278,normal
2026-10-02 18:15:41,F3,60.458,1.683,5.298,41.273,9.361,normal
2026-10-02 18:16:41,F3,68.872,1.766,3.482,54.879,9.235,normal
2026-10-02 18:17:41,F3,69.61,2.038,4.543,37.253,9.44,failure
2026-10-02 18:18:41,F3,77.792,1.571,5.046,45.993,9.029,normal
2026-10-02 18:19:41,F3,82.302,1.675,4.39,43.153,9.981,failure
2026-10-02 18:20:41,F3,87.038,3.213,3.917,39.273,8.225,failure
2026-10-02 18:21:41,F3,63.942,1.504,4.804,50.481,5.608,normal
2026-10-02 18:22:41,F3,76.846,1.883,5.347,51.639,6.595,normal
2026-10-02 18:23:41,F3,72.668,1.762,5.309,44.082,5.614,normal
2026-10-02 18:24:41,F3,64.144,1.889,3.896,41.716,4.385,normal
2026-10-02 18:25:41,F3,70.439,1.76,5.313,53.29,8.268,normal
2026-10-02 18:26:41,F3,81.374,1.436,5.28,42.218,13.222,failure
2026-10-02 18:27:41,F3,66.06,1.529,4.84,51.872,7.388,normal
2026-10-02 18:28:41,F3,70.468,1.488,4.647,40.119,11.582,normal
2026-10-02 18:29:41,F3,69.661,1.762,3.67,39.997,6.166,normal
2026-10-02 18:30:41,F3,68.877,1.934,5.07,52.165,11.911,failure
2026-10-02 18:31:41,F3,54.352,1.856,5.472,44.304,7.713,normal
2026-10-02 18:32:41,F3,67.266,1.998,4.61,52.804,11.668,normal
2026-10-02 18:33:41,F3,67.633,1.961,3.799,63.694,9.16,normal
2026-10-02 18:34:41,F3,77.645,1.822,5.419,48.624,7.433,normal
2026-10-02 18:35:41,F3,61.859,1.789,4.881,57.826,10.208,normal
2026-10-02 18:36:41,F3,79.355,2.088,4.317,48.305,7.867,normal
2026-10-02 18:37:41,F3,71.94,1.65,4.451,40.099,10.41,normal
2026-10-02 18:38:41,F3,65.698,1.734,4.784,44.79,7.505,normal
2026-10-02 18:39:41,F3,63.617,1.587,4.361,33.035,9.315,normal
2026-10-02 18:40:41,F3,70.708,1.549,4.206,48.083,8.843,normal
2026-10-02 18:41:41,F3,68.744,1.912,4.714,54.959,10.276,failure
2026-10-02 18:42:41,F3,65.56,1.839,5.179,52.846,7.232,normal
2026-10-02 18:43:41,F3,73.894,2.199,4.493,48.034,5.523,failure
2026-10-02 18:44:41,F3,66.373,1.732,5.531,40.976,6.628,normal
2026-10-02 18:45:41,F3,65.104,1.855,4.813,44.694,11.952,normal
2026-10-02 18:46:41,F3,67.355,1.84,4.428,55.232,5.602,normal
2026-10-02 18:47:41,F3,74.7,1.957,4.509,40.649,7.995,normal
2026-10-02 18:48:41,F3,76.166,2.193,4.833,44.903,9.007,normal
2026-10-02 18:49:41,F3,65.536,1.678,4.373,46.391,10.647,normal
2026-10-02 18:50:41,F3,66.446,1.375,3.686,52.322,12.0,normal
2026-10-02 18:51:41,F3,70.383,2.024,3.983,61.329,7.22,normal
2026-10-02 18:52:41,F3,53.066,1.704,5.068,53.67,13.102,normal
2026-10-02 18:53:41,F3,81.529,1.874,4.165,52.618,5.335,normal
2026-10-02 18:54:41,F3,66.156,1.891,4.787,45.681,9.701,normal
2026-10-02 18:55:41,F3,66.73,1.584,5.236,44.248,9.516,normal
2026-10-02 18:56:41,F3,65.883,1.431,4.375,38.956,12.002,normal
2026-10-02 18:57:41,F3,72.039,1.314,5.419,44.951,7.403,normal
2026-10-02 18:58:41,F3,74.656,1.487,3.453,37.72,9.172,normal
2026-10-02 18:59:41,F3,70.683,1.756,4.754,52.824,7.633,normal
2026-10-02 19:00:41,F3,50.375,1.557,4.807,48.085,10.929,normal
2026-10-02 19:01:41,F3,71.099,1.704,4.94,47.644,11.024,normal
2026-10-02 19:02:41,F3,74.842,2.03,5.721,50.042,8.061,failure
2026-10-02 19:03:41,F3,54.243,1.88,4.564,58.351,9.713,normal
2026-10-02 19:04:41,F3,71.025,1.841,4.333,57.055,8.207,normal
2026-10-02 19:05:41,F3,73.885,1.884,4.608,47.859,8.708,normal
2026-10-02 19:06:41,F3,67.823,1.948,5.9,54.995,9.229,failure
2026-10-02 19:07:41,F3,64.326,1.46,5.614,47.402,8.29,failure
2026-10-02 19:08:41,F3,70.079,2.019,6.073,44.586,0.897,failure
2026-10-02 19:09:41,F3,65.78,1.899,4.956,61.51,11.34,failure
2026-10-02 19:10:41,F3,54.931,1.817,5.565,52.712,9.65,normal
2026-10-02 19:11:41,F3,54.96,2.035,5.125,44.247,9.572,normal
2026-10-02 19:12:41,F3,77.734,1.761,4.899,37.673,7.187,normal
2026-10-02 19:13:41,F3,65.911,1.757,5.442,59.35,10.545,normal
2026-10-02 19:14:41,F3,66.615,1.573,4.844,59.501,11.456,normal
2026-10-02 19:15:41,F3,95.196,2.013,4.138,47.64,13.915,failure
2026-10-02 19:16:41,F3,75.376,1.798,5.162,61.904,8.852,normal
2026-10-02 19:17:41,F3,77.017,1.852,5.153,45.137,10.906,failure
2026-10-02 19:18:41,F3,62.171,1.868,4.534,55.549,9.961,normal
2026-10-02 19:19:41,F3,54.198,1.887,4.086,51.956,6.643,normal
2026-10-02 19:20:41,F3,68.17,1.613,4.701,61.415,10.385,normal
2026-10-02 19:21:41,F3,74.506,1.782,5.778,44.543,5.426,normal
2026-10-02 19:22:41,F3,64.497,1.767,5.822,44.358,9.503,failure
2026-10-02 19:23:41,F3,73.296,1.842,4.908,49.302,9.48,normal
2026-10-02 19:24:41,F3,66.086,2.011,4.902,47.816,13.17,failure
2026-10-02 19:25:41,F3,71.001,1.729,5.274,49.78,9.829,normal
2026-10-02 19:26:41,F3,63.072,1.758,4.437,41.975,11.226,failure
2026-10-02 19:27:41,F3,65.117,2.099,5.101,43.187,8.804,normal
2026-10-02 19:28:41,F3,74.336,1.94,4.284,46.082,10.605,normal
2026-10-02 19:29:41,F3,79.406,1.407,5.372,54.732,8.528,normal
2026-10-02 19:30:41,F3,71.476,1.637,4.495,41.272,9.97,normal
2026-10-02 19:31:41,F3,71.116,1.823,4.192,55.219,5.482,normal
2026-10-02 19:32:41,F3,65.568,1.548,4.528,52.088,10.29,normal
2026-10-02 19:33:41,F3,70.014,1.855,4.727,57.548,8.155,failure
2026-10-02 19:34:41,F3,80.485,1.767,4.762,57.287,9.227,normal
2026-10-02 19:35:41,F3,67.094,1.601,4.464,45.877,9.95,normal
2026-10-02 19:36:41,F3,62.869,1.699,4.803,41.168,9.156,normal
2026-10-02 19:37:41,F3,64.028,1.845,4.469,41.095,9.127,normal
2026-10-02 19:38:41,F3,70.207,1.823,5.013,53.587,7.809,normal
2026-10-02 19:39:41,F3,57.816,1.43,5.179,40.565,11.754,normal
2026-10-02 19:40:41,F3,65.169,1.634,4.453,47.949,0.0,normal
2026-10-02 19:41:41,F3,66.527,1.665,5.492,45.978,8.855,normal
2026-10-02 19:42:41,F3,63.831,1.506,5.351,43.279,9.861,normal
2026-10-02 19:43:41,F3,61.801,1.617,3.511,57.305,10.379,normal
2026-10-02 19:44:41,F3,63.421,2.064,4.303,58.158,10.461,normal
2026-10-02 19:45:41,F3,78.096,1.819,4.248,37.678,8.315,normal
2026-10-02 19:46:41,F3,71.01,1.585,4.123,45.285,10.177,normal
2026-10-02 19:47:41,F3,57.355,1.153,4.074,55.942,7.498,normal
2026-10-02 19:48:41,F3,76.416,1.62,3.931,45.156,10.565,normal
2026-10-02 19:49:41,F3,66.285,1.44,5.993,32.605,9.277,normal
2026-10-02 19:50:41,F3,61.937,1.67,4.209,48.853,7.986,normal
2026-10-02 19:51:41,F3,56.68,2.019,3.991,48.026,7.812,normal
2026-10-02 19:52:41,F3,70.916,1.689,4.878,49.729,11.56,normal
2026-10-02 19:53:41,F3,71.277,1.854,5.28,34.353,10.817,normal
2026-10-02 19:54:41,F3,79.181,1.961,3.94,36.378,7.302,normal
2026-10-02 19:55:41,F3,80.534,2.09,5.463,33.286,9.259,normal
2026-10-02 19:56:41,F3,83.027,1.633,4.165,44.076,8.47,normal
2026-10-02 19:57:41,F3,74.154,1.581,6.51,44.31,9.619,failure
2026-10-02 19:58:41,F3,63.453,1.893,6.471,52.935,7.759,normal
2026-10-02 19:59:41,F3,67.693,1.759,4.971,50.09,8.47,normal
2026-10-02 20:00:41,F3,62.032,1.533,4.611,51.736,9.007,normal
2026-10-02 20:01:41,F3,81.464,1.798,3.18,44.449,9.301,normal
2026-10-02 20:02:41,F3,64.93,1.948,5.283,44.158,11.452,normal
2026-10-02 20:03:41,F3,79.835,1.837,3.911,50.098,8.851,failure
2026-10-02 20:04:41,F3,65.628,1.125,5.53,45.548,9.453,normal
2026-10-02 20:05:41,F3,64.073,1.739,4.747,47.942,9.658,normal
2026-10-02 20:06:41,F3,67.023,1.727,4.937,54.204,9.999,normal
2026-10-02 20:07:41,F3,70.831,1.506,5.514,41.833,11.416,normal
2026-10-02 20:08:41,F3,69.377,1.743,4.724,45.291,8.85,normal
2026-10-02 20:09:41,F3,61.6,1.701,4.742,54.172,10.054,normal
2026-10-02 20:10:41,F3,65.826,1.592,4.489,49.29,9.194,normal
2026-10-02 20:11:41,F3,71.439,1.861,2.817,48.825,9.592,normal
2026-10-02 20:12:41,F3,65.965,1.655,4.535,48.291,9.206,normal
2026-10-02 20:13:41,F3,64.331,1.359,6.182,53.256,10.376,normal
2026-10-02 20:14:41,F3,31.273,1.571,4.932,51.793,7.987,normal
2026-10-02 20:15:41,F3,63.193,1.603,4.263,53.939,10.425,normal
2026-10-02 20:16:41,F3,66.192,1.809,3.778,50.938,8.468,normal
2026-10-02 20:17:41,F3,61.159,1.667,5.627,43.044,9.78,normal
2026-10-02 20:18:41,F3,64.936,1.708,3.651,38.966,9.974,normal
2026-10-02 20:19:41,F3,62.838,1.907,4.929,32.817,8.277,normal
2026-10-02 20:20:41,F3,63.716,1.816,5.203,45.848,8.601,normal
2026-10-02 20:21:41,F3,66.866,1.533,4.709,59.096,7.738,normal
2026-10-02 20:22:41,F3,61.665,1.539,4.613,48.206,9.966,normal
2026-10-02 20:23:41,F3,74.22,1.851,4.268,44.19,10.461,normal
2026-10-02 20:24:41,F3,70.594,1.485,5.37,47.845,11.521,normal
2026-10-02 20:25:41,F3,61.845,1.766,4.452,51.708,8.424,normal
2026-10-02 20:26:41,F3,74.994,1.778,5.283,45.92,11.739,failure
2026-10-02 20:27:41,F3,66.104,1.843,5.543,41.584,10.931,normal
2026-10-02 20:28:41,F3,73.717,1.576,4.364,45.148,6.966,normal
2026-10-02 20:29:41,F3,63.097,1.944,4.158,52.529,11.287,normal
2026-10-02 20:30:41,F3,78.036,1.548,4.282,42.65,9.702,normal
2026-10-02 20:31:41,F3,80.586,1.053,5.534,50.064,8.925,normal
2026-10-02 20:32:41,F3,57.154,1.86,5.668,42.152,9.846,normal
2026-10-02 20:33:41,F3,62.806,1.344,4.585,48.904,8.077,normal
2026-10-02 20:34:41,F3,72.573,2.087,3.893,56.007,11.631,failure
2026-10-02 20:35:41,F3,71.818,1.802,3.812,46.557,10.784,normal
2026-10-02 20:36:41,F3,75.33,2.142,6.07,53.068,10.099,failure
2026-10-02 20:37:41,F3,65.879,1.638,5.181,35.935,10.783,normal
2026-10-02 20:38:41,F3,71.25,1.678,4.465,41.775,8.371,normal
2026-10-02 20:39:41,F3,72.475,1.376,5.109,44.125,11.137,normal
2026-10-02 20:40:41,F3,66.335,1.566,4.812,40.565,11.504,normal
2026-10-02 20:41:41,F3,65.408,1.194,4.923,55.225,10.193,normal
2026-10-02 20:42:41,F3,69.528,1.391,4.778,51.538,9.9,normal
2026-10-02 20:43:41,F3,68.623,1.816,4.558,48.097,8.939,normal
2026-10-02 20:44:41,F3,74.568,1.75,3.766,45.737,9.808,failure
2026-10-02 20:45:41,F3,66.97,1.813,4.002,56.818,8.998,normal
2026-10-02 20:46:41,F3,74.776,1.746,4.454,58.784,11.227,failure
2026-10-02 20:47:41,F3,77.396,1.6,3.41,54.11,11.504,normal
2026-10-02 20:48:41,F3,81.38,1.754,4.011,42.719,10.128,failure
2026-10-02 20:49:41,F3,71.365,1.404,4.738,47.327,9.013,normal
2026-10-02 20:50:41,F3,64.938,1.713,4.025,60.728,11.125,failure
2026-10-02 20:51:41,F3,50.565,1.7,3.848,47.314,7.341,normal
2026-10-02 20:52:41,F3,63.211,1.425,4.615,43.267,10.642,normal
2026-10-02 20:53:41,F3,62.543,1.548,4.19,51.59,11.926,normal
2026-10-02 20:54:41,F3,59.312,1.661,4.363,52.962,5.835,normal
2026-10-02 20:55:41,F3,74.452,1.473,4.575,53.976,10.117,normal
2026-10-02 20:56:41,F3,66.428,1.447,5.494,56.574,8.721,normal
2026-10-02 20:57:41,F3,73.278,1.455,4.749,48.258,8.619,normal
2026-10-02 20:58:41,F3,60.45,2.084,5.261,42.176,7.839,normal
2026-10-02 20:59:41,F3,68.492,1.787,4.033,40.789,11.356,normal
2026-10-02 21:00:41,F3,64.243,1.437,5.749,53.357,12.223,normal
2026-10-02 21:01:41,F3,60.414,1.582,3.975,47.855,9.988,normal
2026-10-02 21:02:41,F3,66.566,1.488,3.837,54.895,10.91,normal
2026-10-02 21:03:41,F3,66.45,1.344,3.495,45.877,7.776,normal
2026-10-02 21:04:41,F3,63.861,1.679,4.633,45.582,7.886,normal
2026-10-02 21:05:41,F3,65.66,1.782,3.967,41.821,9.511,normal
2026-10-02 21:06:41,F3,78.265,1.652,4.641,47.993,11.133,normal
2026-10-02 21:07:41,F3,61.758,1.77,4.964,54.44,9.131,normal
2026-10-02 21:08:41,F3,54.029,1.803,4.697,49.752,9.061,normal
2026-10-02 21:09:41,F3,67.064,1.24,4.968,49.861,11.573,normal
2026-10-02 21:10:41,F3,71.724,1.491,3.77,44.009,10.508,normal
2026-10-02 21:11:41,F3,61.347,1.483,5.042,43.655,11.486,normal
2026-10-02 21:12:41,F3,58.743,1.624,5.94,43.437,10.043,normal
2026-10-02 21:13:41,F3,65.973,1.523,4.727,39.466,10.237,normal
2026-10-02 21:14:41,F3,95.925,1.667,4.765,44.722,9.279,failure
2026-10-02 21:15:41,F3,64.377,1.695,5.353,55.959,9.337,failure
2026-10-02 21:16:41,F3,61.39,1.608,4.422,45.245,10.673,normal
2026-10-02 21:17:41,F3,78.922,1.407,4.964,51.342,11.336,normal
2026-10-02 21:18:41,F3,91.082,1.704,2.905,44.498,14.083,normal
2026-10-02 21:19:41,F3,66.567,1.545,5.247,37.183,10.864,normal
2026-10-02 21:20:41,F3,54.989,1.823,4.735,62.018,10.295,normal
2026-10-02 21:21:41,F3,79.457,1.274,4.623,60.256,10.538,normal
2026-10-02 21:22:41,F3,64.214,1.715,5.74,45.654,9.968,failure
2026-10-02 21:23:41,F3,63.31,1.788,4.932,30.956,10.189,normal
2026-10-02 21:24:41,F3,62.304,1.582,6.195,49.925,8.275,normal
2026-10-02 21:25:41,F3,62.189,1.533,4.944,39.908,7.712,normal
2026-10-02 21:26:41,F3,63.017,1.748,5.046,38.433,7.33,normal
2026-10-02 21:27:41,F3,64.787,1.831,3.656,53.873,10.163,normal
2026-10-02 21:28:41,F3,61.093,1.768,3.609,62.435,11.636,failure
2026-10-02 21:29:41,F3,55.835,1.622,4.79,61.64,10.725,normal
2026-10-02 21:30:41,F3,54.29,1.671,4.838,61.482,8.954,normal
2026-10-02 21:31:41,F3,66.752,1.354,3.653,38.927,8.507,normal
2026-10-02 21:32:41,F3,73.023,1.8,4.621,55.039,7.496,normal
2026-10-02 21:33:41,F3,70.31,1.655,5.424,52.456,9.316,normal
2026-10-02 21:34:41,F3,20.933,1.782,5.136,43.8,9.074,normal
2026-10-02 21:35:41,F3,66.316,1.262,5.06,40.75,11.201,normal
2026-10-02 21:36:41,F3,75.249,1.47,5.087,52.458,9.812,normal
2026-10-02 21:37:41,F3,70.645,1.768,5.105,36.745,10.739,failure
2026-10-02 21:38:41,F3,68.281,2.05,5.325,47.057,6.998,normal
2026-10-02 21:39:41,F3,51.726,1.627,4.424,39.25,9.214,normal
2026-10-02 21:40:41,F3,67.276,1.802,4.785,45.34,10.156,failure
2026-10-02 21:41:41,F3,65.36,1.561,4.324,51.776,6.655,normal
2026-10-02 21:42:41,F3,70.774,1.259,4.166,50.661,9.42,normal
2026-10-02 21:43:41,F3,64.027,1.965,4.715,55.99,9.796,normal
2026-10-02 21:44:41,F3,64.954,1.361,5.135,60.111,9.397,normal
2026-10-02 21:45:41,F3,74.459,1.516,4.993,58.695,9.47,normal
2026-10-02 21:46:41,F3,60.522,1.396,3.689,58.111,6.901,normal
2026-10-02 21:47:41,F3,74.237,1.448,3.835,54.302,8.897,failure
2026-10-02 21:48:41,F3,67.675,1.458,4.682,43.717,10.042,normal
2026-10-02 21:49:41,F3,68.444,1.72,3.878,54.295,9.381,normal
2026-10-02 21:50:41,F3,68.663,1.378,4.113,52.717,8.887,normal
2026-10-02 21:51:41,F3,72.82,1.639,4.057,48.92,10.409,normal
2026-10-02 21:52:41,F3,73.375,1.544,5.261,54.404,9.901,normal
2026-10-02 21:53:41,F3,59.762,1.632,5.418,57.483,10.656,normal
2026-10-02 21:54:41,F3,59.991,1.578,4.792,49.052,7.822,normal
2026-10-02 21:55:41,F3,81.965,1.3,4.593,39.928,10.867,normal
2026-10-02 21:56:41,F3,88.107,1.766,4.37,46.193,9.757,normal
2026-10-02 21:57:41,F3,60.5,1.48,4.404,50.982,9.776,normal
2026-10-02 21:58:41,F3,66.671,1.529,4.488,58.747,10.224,normal
2026-10-02 21:59:41,F3,64.125,1.689,5.297,55.426,7.928,normal
2026-10-02 22:00:41,F3,73.784,1.585,3.233,50.52,6.017,normal
2026-10-02 22:01:41,F3,73.31,1.675,4.542,45.816,8.585,normal
2026-10-02 22:02:41,F3,62.854,1.705,3.374,44.443,11.33,normal
2026-10-02 22:03:41,F3,47.878,1.442,6.025,48.756,10.605,normal
2026-10-02 22:04:41,F3,69.05,1.746,5.09,46.906,9.333,normal
2026-10-02 22:05:41,F3,80.2,1.507,4.769,52.434,9.346,failure
2026-10-02 22:06:41,F3,55.455,1.708,4.071,52.801,10.246,normal
2026-10-02 22:07:41,F3,75.621,1.559,4.692,49.71,9.898,normal
2026-10-02 22:08:41,F3,75.186,1.75,5.915,54.189,9.041,failure
2026-10-02 22:09:41,F3,58.101,1.516,4.187,39.796,9.763,normal
2026-10-02 22:10:41,F3,64.532,1.635,4.797,51.629,9.956,normal
2026-10-02 22:11:41,F3,63.723,1.147,4.719,51.841,11.383,normal
2026-10-02 22:12:41,F3,73.754,1.906,3.928,51.164,10.719,normal
2026-10-02 22:13:41,F3,81.048,1.554,3.984,41.846,8.417,normal
2026-10-02 22:14:41,F3,66.033,1.595,5.764,65.551,9.209,normal
2026-10-02 22:15:41,F3,77.612,1.668,6.191,45.228,10.132,normal
2026-10-02 22:16:41,F3,54.383,1.589,5.253,50.146,8.919,normal
2026-10-02 22:17:41,F3,76.466,1.582,4.889,41.699,9.806,normal
2026-10-02 22:18:41,F3,68.86,1.686,4.392,58.78,7.062,normal
2026-10-02 22:19:41,F3,70.92,1.764,4.307,64.319,11.758,normal
2026-10-02 22:20:41,F3,76.915,2.418,4.192,46.339,9.81,normal
2026-10-02 22:21:41,F3,67.784,1.618,4.514,52.727,8.496,normal
2026-10-02 22:22:41,F3,57.867,1.645,4.719,41.029,9.926,normal
2026-10-02 22:23:41,F3,67.597,1.683,4.283,62.159,10.799,normal
2026-10-02 22:24:41,F3,67.648,1.513,4.388,38.967,8.907,failure
2026-10-02 22:25:41,F3,78.055,1.445,5.162,61.45,9.883,normal
2026-10-02 22:26:41,F3,61.762,1.44,4.715,52.767,11.197,normal
2026-10-02 22:27:41,F3,77.43,1.512,4.773,52.808,10.608,normal
2026-10-02 22:28:41,F3,87.266,1.856,4.024,55.619,9.161,normal
2026-10-02 22:29:41,F3,60.071,1.978,4.32,57.696,10.543,normal
2026-10-02 22:30:41,F3,59.354,2.033,5.382,34.614,6.679,normal
2026-10-02 22:31:41,F3,77.255,1.814,4.563,43.93,8.376,failure
2026-10-02 22:32:41,F3,71.937,1.572,3.627,40.797,11.186,normal
2026-10-02 22:33:41,F3,78.211,1.285,5.119,43.973,9.676,normal
2026-10-02 22:34:41,F3,80.125,1.279,4.54,57.573,11.437,normal
2026-10-02 22:35:41,F3,73.084,1.914,4.485,47.621,11.236,normal
2026-10-02 22:36:41,F3,81.087,1.74,4.704,58.203,8.46,normal
2026-10-02 22:37:41,F3,62.682,1.516,4.592,40.484,8.322,normal
2026-10-02 22:38:41,F3,63.423,1.747,3.796,48.394,8.064,normal
2026-10-02 22:39:41,F3,65.094,1.392,6.347,55.269,9.225,normal
2026-10-02 22:40:41,F3,48.526,1.642,4.432,45.549,10.025,normal
2026-10-02 22:41:41,F3,76.559,1.463,3.596,53.471,8.392,normal
2026-10-02 22:42:41,F3,67.543,1.59,4.198,36.193,10.032,normal
2026-10-02 22:43:41,F3,72.382,1.538,5.897,44.481,11.326,normal
2026-10-02 22:44:41,F3,81.47,1.57,4.0,46.316,10.145,failure
2026-10-02 22:45:41,F3,65.547,1.709,4.918,48.091,10.421,normal
2026-10-02 22:46:41,F3,71.685,1.344,5.201,45.162,9.356,normal
2026-10-02 22:47:41,F3,76.54,1.63,4.767,55.002,9.783,failure
2026-10-02 22:48:41,F3,79.52,1.604,5.224,53.959,11.139,failure
2026-10-02 22:49:41,F3,62.583,1.775,5.619,46.577,6.945,failure
2026-10-02 22:50:41,F3,66.613,1.798,5.474,45.527,7.571,normal
2026-10-02 22:51:41,F3,67.637,1.398,5.31,48.638,7.658,normal
2026-10-02 22:52:41,F3,74.824,1.458,2.628,45.781,7.716,normal
2026-10-02 22:53:41,F3,67.714,1.624,4.881,46.092,8.343,normal
2026-10-02 22:54:41,F3,61.509,1.497,3.636,53.152,10.771,normal
2026-10-02 22:55:41,F3,72.596,1.72,4.022,57.109,11.492,normal
2026-10-02 22:56:41,F3,78.365,1.946,4.596,52.741,9.545,failure
2026-10-02 22:57:41,F3,67.917,1.758,4.412,47.162,8.964,normal
2026-10-02 22:58:41,F3,83.329,1.978,5.592,38.018,9.016,failure
2026-10-02 22:59:41,F3,60.437,1.64,5.573,48.31,11.025,normal
2026-10-02 23:00:41,F3,73.335,1.33,4.667,42.536,10.611,normal
2026-10-02 23:01:41,F3,59.325,1.565,4.593,40.619,9.633,normal
2026-10-02 23:02:41,F3,65.19,1.631,4.63,36.636,10.967,normal
2026-10-02 23:03:41,F3,74.933,1.995,4.912,64.201,11.173,normal
2026-10-02 23:04:41,F3,77.755,1.549,5.587,42.784,10.774,normal
2026-10-02 23:05:41,F3,69.201,1.393,5.026,46.818,7.932,normal
2026-10-02 23:06:41,F3,88.256,1.673,4.397,43.388,9.317,normal
2026-10-02 23:07:41,F3,66.852,1.564,4.633,41.934,12.824,normal
2026-10-02 23:08:41,F3,71.651,1.528,4.348,42.962,11.173,failure
2026-10-02 23:09:41,F3,68.088,1.414,5.084,54.917,9.251,failure
2026-10-02 23:10:41,F3,82.622,1.563,4.577,50.874,9.64,normal
2026-10-02 23:11:41,F3,70.329,1.573,4.872,57.783,12.076,failure
2026-10-02 23:12:41,F3,80.793,1.258,5.147,52.943,7.521,normal
2026-10-02 23:13:41,F3,69.328,1.349,5.13,32.373,7.927,normal
2026-10-02 23:14:41,F3,82.523,1.605,2.77,55.893,12.663,failure
2026-10-02 23:15:41,F3,67.232,1.742,4.8,54.119,10.702,normal
2026-10-02 23:16:41,F3,64.185,1.81,6.01,61.505,8.714,normal
2026-10-02 23:17:41,F3,73.165,1.376,6.236,44.023,10.626,normal
2026-10-02 23:18:41,F3,53.778,1.271,5.621,47.886,10.429,failure
2026-10-02 23:19:41,F3,80.999,1.368,3.772,49.663,8.806,normal
2026-10-02 23:20:41,F3,60.423,1.422,4.947,43.793,9.567,normal
2026-10-02 23:21:41,F3,65.496,1.752,5.056,45.438,9.664,normal
2026-10-02 23:22:41,F3,67.565,1.223,4.24,42.102,12.441,normal
2026-10-02 23:23:41,F3,71.524,1.326,5.196,58.963,9.684,normal
2026-10-02 23:24:41,F3,77.521,1.369,4.546,38.418,7.656,normal
2026-10-02 23:25:41,F3,54.75,1.098,5.411,44.726,6.783,normal
2026-10-02 23:26:41,F3,75.665,1.378,3.804,50.461,12.222,normal
2026-10-02 23:27:41,F3,75.043,1.223,4.698,60.232,9.942,normal
2026-10-02 23:28:41,F3,69.947,1.607,5.128,45.643,10.885,normal
2026-10-02 23:29:41,F3,75.975,1.423,4.126,63.855,9.025,normal
2026-10-02 23:30:41,F3,79.363,1.588,4.141,48.975,9.701,normal
2026-10-02 23:31:41,F3,75.136,1.7,3.913,58.231,6.685,normal
2026-10-02 23:32:41,F3,57.265,1.353,4.397,57.548,12.134,normal
2026-10-02 23:33:41,F3,81.67,1.56,6.104,46.014,9.883,failure
2026-10-02 23:34:41,F3,56.306,1.097,4.149,45.018,6.805,normal
2026-10-02 23:35:41,F3,59.914,1.042,4.694,48.668,10.293,normal
2026-10-02 23:36:41,F3,64.513,1.244,5.764,45.399,10.487,normal
2026-10-02 23:37:41,F3,73.343,1.495,3.115,50.763,6.747,normal
2026-10-02 23:38:41,F3,66.67,1.146,5.287,46.205,7.975,normal
2026-10-02 23:39:41,F3,76.257,1.247,4.799,34.06,9.117,normal
2026-10-02 23:40:41,F3,67.016,1.501,4.288,41.421,9.134,normal
2026-10-02 23:41:41,F3,75.029,1.382,5.794,39.122,11.183,normal
2026-10-02 23:42:41,F3,70.646,1.7,6.137,50.093,9.772,failure
2026-10-02 23:43:41,F3,72.227,1.901,3.992,50.859,9.152,failure
2026-10-02 23:44:41,F3,67.096,1.121,4.62,53.106,9.551,normal
2026-10-02 23:45:41,F3,63.726,1.163,5.394,51.109,10.114,normal
2026-10-02 23:46:41,F3,72.758,1.629,4.452,48.83,10.846,normal
2026-10-02 23:47:41,F3,71.001,1.258,4.428,44.989,6.848,normal
2026-10-02 23:48:41,F3,77.77,1.553,5.201,47.695,6.954,normal
2026-10-02 23:49:41,F3,61.31,1.954,4.984,46.778,8.363,normal
2026-10-02 23:50:41,F3,68.403,1.542,4.404,43.487,7.476,normal
2026-10-02 23:51:41,F3,68.184,1.571,4.564,49.428,9.448,normal
2026-10-02 23:52:41,F3,63.572,1.475,4.848,46.853,10.465,normal
2026-10-02 23:53:41,F3,69.038,1.144,5.033,47.468,9.166,normal
2026-10-02 23:54:41,F3,75.742,1.764,6.011,44.204,10.928,normal
2026-10-02 23:55:41,F3,67.843,1.612,4.606,53.54,9.506,normal
2026-10-02 23:56:41,F3,71.982,1.77,5.657,52.245,8.301,normal
2026-10-02 23:57:41,F3,63.967,1.114,4.983,53.67,8.601,normal
2026-10-02 23:58:41,F3,56.566,1.62,3.922,42.7,7.672,normal
2026-10-02 23:59:41,F3,83.765,1.431,2.511,50.008,9.918,normal
2026-10-03 00:00:41,F3,80.249,1.821,4.952,51.517,6.649,normal
2026-10-03 00:01:41,F3,61.754,1.115,4.426,42.276,7.123,normal
2026-10-03 00:02:41,F3,73.763,1.5,4.222,53.293,10.411,normal
2026-10-03 00:03:41,F3,71.84,1.512,4.361,35.924,8.24,normal
2026-10-03 00:04:41,F3,75.657,1.481,4.239,40.838,8.296,normal
2026-10-03 00:05:41,F3,69.982,1.451,3.183,48.177,9.615,normal
2026-10-03 00:06:41,F3,61.992,1.431,5.087,42.413,13.142,normal
2026-10-03 00:07:41,F3,67.914,1.571,4.799,55.266,6.815,normal
2026-10-03 00:08:41,F3,65.265,1.71,4.438,48.036,10.878,normal
2026-10-03 00:09:41,F3,69.119,1.677,5.149,44.949,11.066,normal
2026-10-03 00:10:41,F3,84.684,1.533,4.738,59.848,9.772,normal
2026-10-03 00:11:41,F3,58.187,1.335,3.446,40.643,7.169,normal
2026-10-03 00:12:41,F3,63.604,1.507,5.233,45.113,6.492,normal
2026-10-03 00:13:41,F3,70.429,1.574,4.684,54.408,13.384,normal
2026-10-03 00:14:41,F3,55.136,1.21,3.928,41.342,10.764,normal
2026-10-03 00:15:41,F3,67.819,1.478,4.757,42.844,5.605,normal
2026-10-03 00:16:41,F3,70.573,1.526,4.332,55.422,7.952,normal
2026-10-03 00:17:41,F3,66.898,1.545,4.38,40.249,11.106,normal
2026-10-03 00:18:41,F3,76.3,1.52,4.049,53.767,6.1,normal
2026-10-03 00:19:41,F3,70.073,1.964,4.165,51.868,9.241,normal
2026-10-03 00:20:41,F3,68.799,1.469,4.327,57.289,7.742,normal
2026-10-03 00:21:41,F3,61.742,1.384,4.65,47.798,10.759,normal
2026-10-03 00:22:41,F3,83.046,1.277,4.771,53.757,8.091,normal
2026-10-03 00:23:41,F3,69.783,1.575,6.931,37.44,6.421,normal
2026-10-03 00:24:41,F3,64.414,1.428,4.353,43.628,10.474,normal
2026-10-03 00:25:41,F3,64.42,1.334,4.967,55.209,10.409,normal
2026-10-03 00:26:41,F3,65.82,1.656,4.221,48.413,7.628,normal
2026-10-03 00:27:41,F3,64.205,1.431,4.915,52.7,8.626,normal
2026-10-03 00:28:41,F3,73.102,1.105,3.565,38.579,10.908,normal
2026-10-03 00:29:41,F3,72.141,1.399,4.079,46.293,9.187,normal
2026-10-03 00:30:41,F3,75.706,1.823,3.227,35.463,7.056,normal
2026-10-03 00:31:41,F3,71.656,1.418,5.228,50.759,7.983,normal
2026-10-03 00:32:41,F3,60.781,1.701,4.07,48.261,11.574,normal
2026-10-03 00:33:41,F3,70.597,1.384,4.763,54.811,11.709,normal
2026-10-03 00:34:41,F3,59.422,1.491,5.455,48.31,8.056,normal
2026-10-03 00:35:41,F3,58.162,1.747,4.545,50.368,8.901,normal
2026-10-03 00:36:41,F3,73.322,1.473,4.744,54.99,8.426,normal
2026-10-03 00:37:41,F3,65.796,1.431,3.713,47.732,9.666,normal
2026-10-03 00:38:41,F3,74.108,1.382,4.932,50.803,9.704,normal
2026-10-03 00:39:41,F3,71.434,1.457,4.845,45.908,10.011,normal
2026-10-03 00:40:41,F3,61.361,1.202,5.36,35.084,8.302,normal
2026-10-03 00:41:41,F3,70.246,1.485,0.0,52.955,11.819,normal
2026-10-03 00:42:41,F3,73.078,1.537,3.623,46.394,12.791,normal
2026-10-03 00:43:41,F3,70.699,1.21,4.333,51.916,6.311,normal
2026-10-03 00:44:41,F3,77.209,1.436,3.761,55.114,10.481,normal
2026-10-03 00:45:41,F3,68.607,1.527,4.846,56.502,9.629,normal
2026-10-03 00:46:41,F3,49.818,1.335,4.492,43.245,8.741,normal
2026-10-03 00:47:41,F3,66.522,1.573,4.246,46.93,11.725,normal
2026-10-03 00:48:41,F3,58.114,1.207,4.454,39.048,8.954,normal
2026-10-03 00:49:41,F3,73.124,1.261,4.238,55.923,7.11,normal
2026-10-03 00:50:41,F3,61.766,1.25,3.837,55.638,8.16,normal
2026-10-03 00:51:41,F3,72.165,1.605,3.887,44.312,10.101,normal
2026-10-03 00:52:41,F3,64.148,1.152,5.04,62.625,10.317,normal
2026-10-03 00:53:41,F3,65.86,1.292,4.694,52.423,10.124,normal
2026-10-03 00:54:41,F3,76.728,1.409,4.78,51.187,8.648,failure
2026-10-03 00:55:41,F3,81.334,1.696,4.738,45.347,9.158,failure
2026-10-03 00:56:41,F3,71.715,1.661,5.069,64.056,5.415,normal
2026-10-03 00:57:41,F3,67.063,1.16,5.001,49.812,8.941,normal
2026-10-03 00:58:41,F3,64.678,1.051,5.397,35.285,6.365,normal
2026-10-03 00:59:41,F3,68.082,1.322,5.095,68.087,8.683,normal
2026-10-03 01:00:41,F3,65.651,1.369,4.672,41.984,8.238,normal
2026-10-03 01:01:41,F3,85.565,1.319,4.009,46.118,8.488,normal
2026-10-03 01:02:41,F3,68.572,1.335,4.524,45.425,9.192,normal
2026-10-03 01:03:41,F3,53.902,1.353,5.016,46.765,11.217,normal
2026-10-03 01:04:41,F3,58.225,1.378,4.335,47.742,6.813,normal
2026-10-03 01:05:41,F3,67.195,1.764,4.203,49.152,8.323,normal
2026-10-03 01:06:41,F3,65.465,1.601,4.933,53.087,9.656,failure
2026-10-03 01:07:41,F3,87.434,1.34,4.01,25.848,10.284,normal
2026-10-03 01:08:41,F3,71.403,1.038,4.703,45.165,12.453,normal
2026-10-03 01:09:41,F3,77.091,1.376,4.4,53.232,8.35,normal
2026-10-03 01:10:41,F3,60.953,1.249,5.271,48.766,8.757,normal
2026-10-03 01:11:41,F3,70.93,1.567,4.557,45.304,8.862,failure
2026-10-03 01:12:41,F3,79.826,1.339,5.033,41.494,7.006,normal
2026-10-03 01:13:41,F3,72.011,1.258,4.45,46.744,10.542,normal
2026-10-03 01:14:41,F3,70.943,1.391,3.426,40.038,6.916,normal
2026-10-03 01:15:41,F3,71.756,1.149,5.084,48.201,8.665,normal
2026-10-03 01:16:41,F3,64.808,1.717,3.279,57.585,8.482,normal
2026-10-03 01:17:41,F3,54.939,1.615,4.718,46.967,11.225,normal
2026-10-03 01:18:41,F3,71.255,1.045,3.51,44.294,7.454,normal
2026-10-03 01:19:41,F3,51.778,1.354,4.451,58.066,10.897,normal
2026-10-03 01:20:41,F3,81.861,1.118,4.299,58.126,10.522,normal
2026-10-03 01:21:41,F3,59.886,1.205,3.955,40.017,6.486,normal
2026-10-03 01:22:41,F3,71.052,1.313,3.867,52.759,10.22,normal
2026-10-03 01:23:41,F3,73.05,1.422,4.404,51.063,9.022,normal
2026-10-03 01:24:41,F3,68.266,1.401,3.13,40.341,8.987,normal
2026-10-03 01:25:41,F3,70.764,1.537,4.098,45.968,7.969,normal
2026-10-03 01:26:41,F3,75.699,1.198,4.405,48.841,8.434,normal
2026-10-03 01:27:41,F3,61.974,1.583,4.742,39.806,7.928,normal
2026-10-03 01:28:41,F3,64.939,1.753,3.947,51.701,9.549,failure
2026-10-03 01:29:41,F3,69.786,1.374,4.684,52.992,10.29,normal
2026-10-03 01:30:41,F3,70.597,1.398,5.237,49.253,9.643,normal
2026-10-03 01:31:41,F3,62.642,1.293,6.713,55.76,8.916,failure
2026-10-03 01:32:41,F3,60.22,1.036,5.1,65.217,9.216,normal
2026-10-03 01:33:41,F3,68.808,1.164,4.417,49.14,8.425,normal
2026-10-03 01:34:41,F3,76.19,0.936,4.829,58.938,8.751,normal
2026-10-03 01:35:41,F3,56.164,1.398,3.746,55.592,10.793,normal
2026-10-03 01:36:41,F3,67.977,1.563,4.64,53.067,6.689,normal
2026-10-03 01:37:41,F3,54.766,1.405,5.066,45.803,10.031,normal
2026-10-03 01:38:41,F3,74.155,1.35,3.345,61.167,7.054,normal
2026-10-03 01:39:41,F3,64.216,1.417,3.894,49.066,10.367,normal
2026-10-03 01:40:41,F3,63.143,1.006,3.622,55.752,10.083,normal
2026-10-03 01:41:41,F3,59.598,1.048,4.562,48.521,10.246,normal
2026-10-03 01:42:41,F3,73.406,1.183,3.346,58.035,7.688,normal
2026-10-03 01:43:41,F3,60.053,1.559,3.775,49.492,7.408,normal
2026-10-03 01:44:41,F3,71.361,1.54,4.946,52.552,11.616,normal
2026-10-03 01:45:41,F3,72.259,1.602,4.551,40.9,7.456,failure
2026-10-03 01:46:41,F3,78.936,1.246,5.114,56.379,8.533,normal
2026-10-03 01:47:41,F3,58.499,1.438,4.218,46.32,9.759,normal
2026-10-03 01:48:41,F3,67.126,1.712,4.207,62.38,7.503,normal
2026-10-03 01:49:41,F3,63.965,1.949,2.234,53.442,7.102,normal
2026-10-03 01:50:41,F3,76.036,1.581,6.201,37.499,8.677,failure
2026-10-03 01:51:41,F3,47.343,1.416,4.008,51.104,8.189,normal
2026-10-03 01:52:41,F3,74.12,1.566,4.648,60.63,7.731,normal
2026-10-03 01:53:41,F3,68.1,1.221,5.685,40.621,6.018,normal
2026-10-03 01:54:41,F3,71.729,1.323,4.159,42.863,10.005,normal
2026-10-03 01:55:41,F3,75.791,0.909,3.634,49.998,7.752,normal
2026-10-03 01:56:41,F3,70.083,1.429,5.768,38.827,9.897,normal
2026-10-03 01:57:41,F3,62.925,1.423,5.565,57.881,10.366,normal
2026-10-03 01:58:41,F3,70.778,1.325,3.609,62.637,7.818,normal
2026-10-03 01:59:41,F3,70.336,1.171,5.535,50.734,11.025,normal
2026-10-03 02:00:41,F3,73.558,1.665,5.012,50.796,5.9,normal
2026-10-03 02:01:41,F3,51.914,1.292,5.152,50.275,6.554,normal
2026-10-03 02:02:41,F3,63.915,0.747,5.512,43.132,5.609,normal
2026-10-03 02:03:41,F3,64.817,1.163,5.196,41.889,10.017,normal
2026-10-03 02:04:41,F3,70.821,1.286,4.863,41.198,8.613,normal
2026-10-03 02:05:41,F3,57.656,1.247,5.756,44.789,11.758,normal
2026-10-03 02:06:41,F3,71.3,1.411,4.38,58.523,11.699,normal
2026-10-03 02:07:41,F3,64.752,1.144,4.898,45.219,9.261,normal
2026-10-03 02:08:41,F3,79.867,1.15,4.329,56.07,9.717,normal
2026-10-03 02:09:41,F3,60.439,1.664,3.748,55.234,11.386,normal
2026-10-03 02:10:41,F3,53.167,1.482,3.136,58.454,10.737,normal
2026-10-03 02:11:41,F3,78.44,1.421,4.806,56.024,10.541,normal
2026-10-03 02:12:41,F3,54.868,1.114,4.873,54.21,9.21,normal
2026-10-03 02:13:41,F3,76.205,1.151,3.791,46.963,8.93,normal
2026-10-03 02:14:41,F3,86.208,1.279,3.879,46.653,9.76,normal
2026-10-03 02:15:41,F3,75.925,1.334,5.203,43.687,9.916,normal
2026-10-03 02:16:41,F3,68.327,1.238,5.775,63.861,10.404,normal
2026-10-03 02:17:41,F3,72.344,1.255,4.84,60.94,7.838,normal
2026-10-03 02:18:41,F3,59.306,1.254,3.537,42.255,7.876,normal
2026-10-03 02:19:41,F3,66.02,1.155,4.195,46.624,10.685,normal
2026-10-03 02:20:41,F3,73.656,1.111,3.874,56.857,11.345,normal
2026-10-03 02:21:41,F3,58.201,1.072,3.557,49.818,10.5,normal
2026-10-03 02:22:41,F3,72.914,1.514,5.689,49.872,11.164,normal
2026-10-03 02:23:41,F3,68.946,1.539,4.359,42.007,7.722,normal
2026-10-03 02:24:41,F3,71.045,1.083,3.557,48.53,7.851,normal
2026-10-03 02:25:41,F3,73.575,1.173,3.57,51.217,9.899,normal
2026-10-03 02:26:41,F3,59.216,1.402,4.139,63.2,9.064,normal
2026-10-03 02:27:41,F3,72.366,1.561,3.839,44.348,8.753,normal
2026-10-03 02:28:41,F3,58.737,1.324,5.208,54.182,7.421,normal
2026-10-03 02:29:41,F3,63.734,1.311,5.474,47.538,11.135,normal
2026-10-03 02:30:41,F3,70.2,1.497,5.528,47.468,8.583,normal
2026-10-03 02:31:41,F3,56.097,1.131,3.811,38.431,11.058,normal
2026-10-03 02:32:41,F3,75.252,1.532,3.823,43.985,8.704,normal
2026-10-03 02:33:41,F3,68.168,1.388,4.646,65.187,9.998,normal
2026-10-03 02:34:41,F3,68.522,0.881,4.061,45.9,9.473,normal
2026-10-03 02:35:41,F3,59.287,1.484,4.037,56.862,10.501,normal
2026-10-03 02:36:41,F3,79.787,1.08,5.134,25.752,7.544,normal
2026-10-03 02:37:41,F3,66.987,1.094,5.322,56.702,6.038,normal
2026-10-03 02:38:41,F3,64.019,1.312,4.948,49.233,8.781,normal
2026-10-03 02:39:41,F3,73.572,1.361,5.006,49.514,9.52,normal
2026-10-03 02:40:41,F3,67.606,1.263,3.149,43.307,10.614,normal
2026-10-03 02:41:41,F3,62.431,1.415,3.599,42.174,9.182,normal
2026-10-03 02:42:41,F3,67.24,1.291,4.667,60.92,9.481,normal
2026-10-03 02:43:41,F3,62.055,1.315,4.731,59.957,6.489,normal
2026-10-03 02:44:41,F3,75.886,1.28,4.282,43.407,9.347,normal
2026-10-03 02:45:41,F3,73.714,1.167,4.388,41.028,8.183,normal
2026-10-03 02:46:41,F3,77.717,1.301,4.306,55.491,7.771,normal
2026-10-03 02:47:41,F3,56.837,1.027,4.581,47.412,9.277,normal
2026-10-03 02:48:41,F3,66.546,0.632,4.94,56.22,9.169,normal
2026-10-03 02:49:41,F3,69.325,1.461,5.549,56.261,8.245,normal
2026-10-03 02:50:41,F3,70.918,1.298,5.661,48.851,5.655,normal
2026-10-03 02:51:41,F3,64.27,1.024,4.66,42.059,11.459,normal
2026-10-03 02:52:41,F3,63.378,1.239,4.564,48.425,9.967,normal
2026-10-03 02:53:41,F3,84.559,0.939,3.941,34.471,12.339,normal
2026-10-03 02:54:41,F3,63.315,1.221,3.632,54.328,6.26,normal
2026-10-03 02:55:41,F3,70.971,1.221,4.899,54.771,10.165,normal
2026-10-03 02:56:41,F3,61.986,1.143,3.245,66.864,10.369,normal
2026-10-03 02:57:41,F3,57.729,1.282,4.552,54.782,8.336,normal
2026-10-03 02:58:41,F3,65.731,1.571,5.254,42.893,8.005,normal
2026-10-03 02:59:41,F3,74.652,1.117,3.805,42.163,8.293,normal
2026-10-03 03:00:41,F3,62.628,1.509,3.616,58.658,8.773,normal
2026-10-03 03:01:41,F3,62.966,1.085,3.446,45.953,7.351,normal
2026-10-03 03:02:41,F3,76.428,0.94,3.413,36.503,9.861,normal
2026-10-03 03:03:41,F3,84.616,1.622,3.665,59.502,10.267,normal
2026-10-03 03:04:41,F3,71.199,1.721,4.875,49.026,10.322,normal
2026-10-03 03:05:41,F3,78.214,1.133,3.845,51.934,8.17,normal
2026-10-03 03:06:41,F3,59.645,1.336,4.37,41.445,7.808,normal
2026-10-03 03:07:41,F3,74.089,1.352,4.173,45.013,10.552,normal
2026-10-03 03:08:41,F3,62.558,1.094,5.147,30.354,9.742,normal
2026-10-03 03:09:41,F3,63.39,1.123,4.237,45.104,12.041,normal
2026-10-03 03:10:41,F3,67.515,0.813,5.149,51.066,9.345,normal
2026-10-03 03:11:41,F3,73.66,0.757,4.504,43.801,8.641,normal
2026-10-03 03:12:41,F3,80.205,1.233,3.512,46.345,6.852,normal
2026-10-03 03:13:41,F3,66.833,1.302,4.941,36.925,8.702,normal
2026-10-03 03:14:41,F3,77.412,1.428,3.854,57.557,9.84,normal
2026-10-03 03:15:41,F3,66.884,0.802,6.74,64.857,6.857,normal
2026-10-03 03:16:41,F3,70.35,1.065,4.775,50.618,8.511,normal
2026-10-03 03:17:41,F3,56.821,0.945,3.682,44.967,7.168,normal
2026-10-03 03:18:41,F3,58.71,1.388,3.805,48.778,10.026,normal
2026-10-03 03:19:41,F3,78.979,0.975,5.627,45.117,9.712,normal
2026-10-03 03:20:41,F3,62.714,1.194,3.893,49.517,7.77,normal
2026-10-03 03:21:41,F3,68.681,1.229,4.857,49.788,7.707,normal
2026-10-03 03:22:41,F3,64.735,1.056,4.4,53.806,9.747,normal
2026-10-03 03:23:41,F3,73.107,0.968,2.274,53.34,7.901,normal
2026-10-03 03:24:41,F3,60.086,1.363,3.978,51.773,13.107,normal
2026-10-03 03:25:41,F3,60.862,1.318,4.246,48.649,11.722,normal
2026-10-03 03:26:41,F3,80.15,1.367,4.632,46.11,9.07,normal
2026-10-03 03:27:41,F3,53.645,1.162,4.725,34.492,7.584,normal
2026-10-03 03:28:41,F3,71.503,1.312,4.729,46.874,9.492,failure
2026-10-03 03:29:41,F3,69.001,1.145,3.501,47.326,9.478,normal
2026-10-03 03:30:41,F3,68.205,1.54,3.515,53.756,9.876,normal
2026-10-03 03:31:41,F3,76.05,1.139,4.638,50.716,7.514,normal
2026-10-03 03:32:41,F3,72.403,1.779,4.315,51.897,7.223,normal
2026-10-03 03:33:41,F3,71.935,1.382,3.171,51.963,9.262,normal
2026-10-03 03:34:41,F3,77.515,1.205,4.952,38.292,11.391,normal
2026-10-03 03:35:41,F3,73.077,1.032,5.061,60.176,8.484,normal
2026-10-03 03:36:41,F3,67.135,1.237,5.225,42.91,9.84,normal
2026-10-03 03:37:41,F3,67.031,1.275,3.973,51.811,8.176,normal
2026-10-03 03:38:41,F3,70.974,1.142,4.083,55.461,9.638,normal
2026-10-03 03:39:41,F3,79.332,1.231,4.292,58.668,7.498,normal
2026-10-03 03:40:41,F3,73.179,1.325,4.33,40.239,10.174,normal
2026-10-03 03:41:41,F3,66.839,1.396,4.881,42.997,11.319,normal
2026-10-03 03:42:41,F3,71.17,0.952,4.061,48.01,11.505,normal
2026-10-03 03:43:41,F3,69.915,1.139,4.291,44.563,7.725,normal
2026-10-03 03:44:41,F3,71.156,1.146,5.48,39.075,7.172,normal
2026-10-03 03:45:41,F3,70.541,1.024,3.544,36.533,12.755,normal
2026-10-03 03:46:41,F3,64.589,1.427,4.251,53.697,7.054,normal
2026-10-03 03:47:41,F3,65.788,1.265,3.799,49.163,10.136,normal
2026-10-03 03:48:41,F3,62.588,1.345,4.344,63.754,10.407,normal
2026-10-03 03:49:41,F3,62.402,1.444,3.66,44.403,5.759,normal
2026-10-03 03:50:41,F3,66.075,1.343,3.63,43.219,8.247,normal
2026-10-03 03:51:41,F3,67.994,1.534,4.441,57.992,10.215,normal
2026-10-03 03:52:41,F3,74.141,1.281,3.379,45.384,8.309,normal
2026-10-03 03:53:41,F3,74.132,0.982,3.788,51.757,9.48,normal
2026-10-03 03:54:41,F3,71.908,1.366,4.463,59.59,8.846,normal
2026-10-03 03:55:41,F3,72.292,0.899,4.128,55.632,10.772,normal
2026-10-03 03:56:41,F3,54.404,1.128,4.461,42.568,8.471,normal
2026-10-03 03:57:41,F3,78.364,1.453,4.292,57.779,9.556,normal
2026-10-03 03:58:41,F3,71.853,1.483,5.155,35.694,8.742,normal
2026-10-03 03:59:41,F3,66.19,1.154,3.062,60.254,9.784,normal
2026-10-03 04:00:41,F3,66.363,1.009,3.872,44.744,10.535,normal
2026-10-03 04:01:41,F3,66.351,1.335,4.324,45.731,8.191,normal
2026-10-03 04:02:41,F3,69.371,1.089,3.911,48.664,8.462,normal
2026-10-03 04:03:41,F3,72.831,1.235,4.169,47.753,8.728,normal
2026-10-03 04:04:41,F3,67.727,1.143,4.467,48.54,5.882,normal
2026-10-03 04:05:41,F3,61.44,0.9,3.465,48.244,9.673,normal
2026-10-03 04:06:41,F3,71.532,1.628,4.06,52.018,9.692,normal
2026-10-03 04:07:41,F3,76.044,1.13,4.516,55.887,7.754,normal
2026-10-03 04:08:41,F3,65.676,1.216,3.853,52.446,6.785,normal
2026-10-03 04:09:41,F3,65.338,1.448,3.824,43.333,7.204,normal
2026-10-03 04:10:41,F3,64.118,1.419,3.689,59.924,6.947,normal
2026-10-03 04:11:41,F3,78.336,1.067,4.817,33.715,8.873,normal
2026-10-03 04:12:41,F3,70.398,0.409,3.16,56.419,5.665,normal
2026-10-03 04:13:41,F3,59.99,1.02,4.436,51.797,9.52,normal
2026-10-03 04:14:41,F3,76.394,1.423,5.041,43.978,10.079,normal
2026-10-03 04:15:41,F3,69.083,1.288,4.708,41.052,7.061,normal
2026-10-03 04:16:41,F3,53.327,1.024,3.76,54.344,10.958,normal
2026-10-03 04:17:41,F3,83.857,0.98,3.842,48.96,8.084,normal
2026-10-03 04:18:41,F3,73.154,1.23,3.128,65.661,12.518,normal
2026-10-03 04:19:41,F3,69.79,0.808,4.528,32.021,11.137,normal
2026-10-03 04:20:41,F3,69.874,1.412,4.219,48.696,6.55,normal
2026-10-03 04:21:41,F3,69.06,1.253,3.069,49.825,7.039,normal
2026-10-03 04:22:41,F3,67.408,1.398,4.424,50.991,8.37,normal
2026-10-03 04:23:41,F3,70.129,1.249,5.017,41.451,8.175,normal
2026-10-03 04:24:41,F3,60.115,0.687,4.144,49.16,7.59,normal
2026-10-03 04:25:41,F3,70.185,1.405,2.371,53.093,7.42,normal
2026-10-03 04:26:41,F3,57.78,1.198,4.152,49.74,8.327,normal
2026-10-03 04:27:41,F3,68.143,1.064,5.637,52.742,8.429,normal
2026-10-03 04:28:41,F3,75.011,1.069,2.244,52.268,9.506,normal
2026-10-03 04:29:41,F3,60.419,1.595,3.952,39.665,8.613,normal
2026-10-03 04:30:41,F3,56.284,0.927,4.721,39.304,9.0,normal
2026-10-03 04:31:41,F3,72.107,0.998,4.005,39.196,9.231,normal
2026-10-03 04:32:41,F3,64.647,1.252,4.459,54.233,8.574,normal
2026-10-03 04:33:41,F3,70.103,1.103,4.028,45.301,9.425,normal
2026-10-03 04:34:41,F3,68.118,0.835,3.733,31.896,10.398,normal
2026-10-03 04:35:41,F3,69.161,1.476,4.522,48.873,8.416,normal
2026-10-03 04:36:41,F3,56.202,1.343,4.363,58.337,10.217,normal
2026-10-03 04:37:41,F3,68.599,1.236,5.2,51.242,8.038,normal
2026-10-03 04:38:41,F3,77.178,0.756,3.566,36.611,12.219,normal
2026-10-03 04:39:41,F3,61.922,1.322,3.589,59.916,9.223,normal
2026-10-03 04:40:41,F3,61.691,1.098,4.051,45.627,7.373,normal
2026-10-03 04:41:41,F3,77.491,1.037,4.945,49.278,10.995,normal
2026-10-03 04:42:41,F3,68.015,1.154,5.911,54.129,9.192,normal
2026-10-03 04:43:41,F3,63.682,1.315,4.461,44.733,12.863,normal
2026-10-03 04:44:41,F3,75.65,0.904,5.249,51.838,11.855,normal
2026-10-03 04:45:41,F3,67.854,1.323,4.3,33.473,9.185,normal
2026-10-03 04:46:41,F3,61.328,1.037,3.354,39.834,9.519,normal
2026-10-03 04:47:41,F3,57.277,1.254,3.743,41.287,8.963,normal
2026-10-03 04:48:41,F3,57.111,1.166,3.944,48.255,6.909,normal
2026-10-03 04:49:41,F3,83.412,1.459,4.466,56.565,8.378,normal
2026-10-03 04:50:41,F3,71.232,0.859,3.923,52.845,10.779,normal
2026-10-03 04:51:41,F3,51.715,1.222,4.817,51.957,9.868,normal
2026-10-03 04:52:41,F3,52.413,1.454,3.532,43.666,10.267,normal
2026-10-03 04:53:41,F3,60.755,1.022,2.943,58.099,10.251,normal
2026-10-03 04:54:41,F3,65.024,1.09,3.971,43.617,10.73,normal
2026-10-03 04:55:41,F3,80.293,1.003,4.668,45.857,10.47,normal
2026-10-03 04:56:41,F3,75.908,0.946,3.529,39.862,9.383,normal
2026-10-03 04:57:41,F3,66.536,1.057,4.467,49.34,10.842,normal
2026-10-03 04:58:41,F3,68.174,1.358,3.845,49.752,9.149,normal
2026-10-03 04:59:41,F3,51.676,1.122,4.575,56.84,6.989,normal
2026-10-03 05:00:41,F3,65.888,1.013,2.859,59.056,6.269,normal
2026-10-03 05:01:41,F3,71.354,1.336,4.298,53.361,10.559,normal
2026-10-03 05:02:41,F3,77.378,1.202,4.275,47.952,5.222,normal
2026-10-03 05:03:41,F3,73.099,1.2,3.961,49.608,10.139,normal
2026-10-03 05:04:41,F3,67.761,1.277,4.762,51.764,7.175,normal
2026-10-03 05:05:41,F3,72.908,0.728,2.536,55.746,10.534,normal
2026-10-03 05:06:41,F3,65.423,1.139,4.175,52.911,6.099,normal
2026-10-03 05:07:41,F3,69.074,1.194,3.439,50.24,8.671,normal
2026-10-03 05:08:41,F3,66.416,0.91,3.96,28.73,6.813,normal
2026-10-03 05:09:41,F3,76.678,0.763,4.702,62.927,6.876,normal
2026-10-03 05:10:41,F3,52.397,1.409,4.305,28.35,6.664,normal
2026-10-03 05:11:41,F3,65.743,1.414,5.619,53.373,8.79,failure
2026-10-03 05:12:41,F3,72.877,0.946,3.367,38.144,7.967,normal
2026-10-03 05:13:41,F3,73.157,1.261,4.302,56.574,7.838,normal
2026-10-03 05:14:41,F3,77.424,0.986,4.399,50.411,10.771,normal
2026-10-03 05:15:41,F3,77.791,1.275,3.993,53.538,9.267,normal
2026-10-03 05:16:41,F3,76.081,0.86,5.149,41.32,5.48,normal
2026-10-03 05:17:41,F3,64.615,0.941,3.645,42.792,6.883,normal
2026-10-03 05:18:41,F3,70.318,0.975,4.389,39.467,8.395,normal
2026-10-03 05:19:41,F3,72.291,0.958,3.458,49.12,6.906,normal
2026-10-03 05:20:41,F3,68.564,0.936,3.887,53.205,9.787,normal
2026-10-03 05:21:41,F3,60.835,0.957,3.618,33.85,8.045,normal
2026-10-03 05:22:41,F3,65.271,1.347,3.213,41.495,8.313,normal
2026-10-03 05:23:41,F3,73.289,1.328,3.7,55.8,7.324,normal
2026-10-03 05:24:41,F3,65.122,1.036,3.104,39.973,11.088,normal
2026-10-03 05:25:41,F3,77.035,1.071,4.889,57.971,9.279,normal
2026-10-03 05:26:41,F3,66.305,0.819,3.714,48.766,11.581,normal
2026-10-03 05:27:41,F3,70.502,1.387,4.714,40.89,10.222,normal
2026-10-03 05:28:41,F3,71.249,1.258,4.811,39.938,6.971,normal
2026-10-03 05:29:41,F3,67.159,0.775,4.401,49.788,5.538,normal
2026-10-03 05:30:41,F3,73.743,1.161,3.054,38.171,7.834,normal
2026-10-03 05:31:41,F3,62.935,1.028,3.623,48.866,9.364,normal
2026-10-03 05:32:41,F3,61.603,1.151,5.241,46.783,9.308,normal
2026-10-03 05:33:41,F3,68.286,0.96,4.287,46.745,8.749,normal
2026-10-03 05:34:41,F3,56.87,1.155,4.85,36.77,11.137,normal
2026-10-03 05:35:41,F3,56.608,0.443,4.054,51.805,10.399,normal
2026-10-03 05:36:41,F3,82.336,1.014,3.972,43.382,8.461,normal
2026-10-03 05:37:41,F3,74.735,1.109,2.88,38.222,8.569,normal
2026-10-03 05:38:41,F3,81.428,0.94,4.64,51.368,8.849,normal
2026-10-03 05:39:41,F3,70.476,0.976,4.019,49.03,6.252,normal
2026-10-03 05:40:41,F3,68.842,1.116,5.307,53.837,7.976,normal
2026-10-03 05:41:41,F3,66.5,0.961,4.452,50.402,8.807,normal
2026-10-03 05:42:41,F3,70.324,1.192,3.296,55.866,11.711,normal
2026-10-03 05:43:41,F3,51.9,0.87,4.152,55.1,8.744,normal
2026-10-03 05:44:41,F3,62.215,1.327,2.439,37.414,7.094,normal
2026-10-03 05:45:41,F3,61.489,1.12,4.382,50.964,9.137,normal
2026-10-03 05:46:41,F3,64.131,1.33,4.436,53.717,9.121,normal
2026-10-03 05:47:41,F3,71.43,0.794,2.72,45.039,9.932,normal
2026-10-03 05:48:41,F3,71.637,0.998,5.57,46.254,8.273,normal
2026-10-03 05:49:41,F3,80.878,0.908,5.046,47.705,9.33,normal
2026-10-03 05:50:41,F3,75.816,1.046,4.798,46.568,8.31,normal
2026-10-03 05:51:41,F3,67.846,0.796,4.713,57.365,8.136,normal
2026-10-03 05:52:41,F3,63.869,0.972,4.543,43.332,10.756,normal
2026-10-03 05:53:41,F3,61.578,0.85,4.094,67.166,6.043,normal
2026-10-03 05:54:41,F3,80.296,1.286,3.262,50.454,8.558,normal
2026-10-03 05:55:41,F3,77.515,1.318,4.669,41.157,8.307,normal
2026-10-03 05:56:41,F3,66.546,1.399,4.161,48.081,5.431,normal
2026-10-03 05:57:41,F3,84.264,0.902,3.521,65.233,8.441,normal
2026-10-03 05:58:41,F3,66.501,0.85,3.972,45.87,9.534,normal
2026-10-03 05:59:41,F3,67.4,1.283,4.127,48.27,11.257,normal
2026-10-03 06:00:41,F3,78.224,1.401,4.209,53.868,11.898,normal
2026-10-03 06:01:41,F3,53.764,0.719,4.722,68.586,11.259,normal
2026-10-03 06:02:41,F3,44.283,1.157,10.601,54.636,10.167,normal
2026-10-03 06:03:41,F3,66.321,1.081,5.244,52.439,9.395,normal
2026-10-03 06:04:41,F3,65.233,0.844,3.471,56.235,7.954,normal
2026-10-03 06:05:41,F3,53.989,0.939,4.503,43.853,8.918,normal
2026-10-03 06:06:41,F3,60.956,0.96,3.31,49.269,10.222,normal
2026-10-03 06:07:41,F3,62.427,1.016,3.749,51.907,10.29,normal
2026-10-03 06:08:41,F3,67.646,1.1,3.888,38.506,9.749,normal
2026-10-03 06:09:41,F3,48.699,0.951,2.709,45.187,9.028,normal
2026-10-03 06:10:41,F3,64.635,0.924,4.011,56.071,10.8,normal
2026-10-03 06:11:41,F3,68.778,0.566,3.742,43.86,5.96,normal
2026-10-03 06:12:41,F3,66.512,0.983,4.456,50.004,6.328,normal
2026-10-03 06:13:41,F3,67.028,0.716,3.956,47.65,9.809,normal
2026-10-03 06:14:41,F3,76.264,0.593,4.068,37.117,8.257,normal
2026-10-03 06:15:41,F3,79.667,1.166,4.353,50.279,5.192,normal
2026-10-03 06:16:41,F3,64.983,1.16,3.841,46.688,8.149,normal
2026-10-03 06:17:41,F3,77.09,0.764,3.844,51.202,7.27,normal
2026-10-03 06:18:41,F3,51.821,1.248,3.881,46.134,7.604,normal
2026-10-03 06:19:41,F3,71.663,0.82,4.742,45.441,6.621,normal
2026-10-03 06:20:41,F3,72.952,0.955,4.414,46.579,8.113,normal
2026-10-03 06:21:41,F3,66.66,0.895,4.342,49.765,7.689,normal
2026-10-03 06:22:41,F3,71.58,1.103,3.95,42.953,5.709,normal
2026-10-03 06:23:41,F3,64.475,1.25,4.796,39.513,10.11,normal
2026-10-03 06:24:41,F3,67.156,1.092,3.773,57.136,5.729,normal
2026-10-03 06:25:41,F3,80.381,0.508,4.687,54.583,9.548,normal
2026-10-03 06:26:41,F3,90.589,1.021,3.187,45.254,10.478,normal
2026-10-03 06:27:41,F3,69.946,0.809,4.544,64.712,11.295,normal
2026-10-03 06:28:41,F3,80.962,1.066,4.273,46.06,9.345,normal
2026-10-03 06:29:41,F3,61.998,0.918,3.245,45.075,10.626,normal
2026-10-03 06:30:41,F3,62.809,1.076,4.089,49.02,6.121,normal
2026-10-03 06:31:41,F3,68.209,1.645,4.295,51.983,10.069,normal
2026-10-03 06:32:41,F3,56.5,0.695,4.964,54.261,10.018,normal
2026-10-03 06:33:41,F3,60.114,0.926,4.164,48.861,7.447,normal
2026-10-03 06:34:41,F3,64.243,1.115,4.887,33.145,6.811,normal
2026-10-03 06:35:41,F3,73.942,1.2,4.64,58.939,8.664,normal
2026-10-03 06:36:41,F3,61.899,1.276,4.028,46.328,8.859,normal
2026-10-03 06:37:41,F3,68.714,0.946,4.062,47.648,7.322,normal
2026-10-03 06:38:41,F3,71.62,1.175,1.616,47.589,8.724,normal
2026-10-03 06:39:41,F3,55.504,0.945,4.003,37.146,9.198,normal
2026-10-03 06:40:41,F3,68.55,0.972,3.429,49.162,9.396,normal
2026-10-03 06:41:41,F3,82.126,0.918,5.389,58.833,8.364,normal
2026-10-03 06:42:41,F3,69.935,1.396,3.798,42.799,5.565,normal
2026-10-03 06:43:41,F3,69.939,0.963,2.635,38.779,7.923,normal
2026-10-03 06:44:41,F3,62.231,1.101,5.322,55.349,11.383,normal
2026-10-03 06:45:41,F3,78.319,0.594,3.856,59.216,9.283,normal
2026-10-03 06:46:41,F3,72.674,0.743,4.061,60.972,9.395,normal
2026-10-03 06:47:41,F3,64.799,0.859,4.184,54.788,6.032,normal
2026-10-03 06:48:41,F3,78.415,0.732,5.36,65.557,8.939,normal
2026-10-03 06:49:41,F3,66.315,0.781,2.97,58.092,9.304,normal
2026-10-03 06:50:41,F3,75.745,0.889,4.161,51.348,9.678,normal
2026-10-03 06:51:41,F3,81.933,1.209,3.518,45.613,10.553,normal
2026-10-03 06:52:41,F3,69.805,0.764,3.243,41.622,9.418,normal
2026-10-03 06:53:41,F3,60.518,1.13,4.555,53.32,8.026,normal
2026-10-03 06:54:41,F3,73.823,1.087,3.722,46.532,9.139,normal
2026-10-03 06:55:41,F3,69.461,1.086,4.748,61.718,10.354,normal
2026-10-03 06:56:41,F3,79.013,0.785,4.554,52.215,8.974,normal
2026-10-03 06:57:41,F3,67.191,1.22,3.689,40.147,5.681,normal
2026-10-03 06:58:41,F3,77.172,1.302,4.867,56.153,9.938,normal
2026-10-03 06:59:41,F3,66.556,0.914,4.662,49.909,4.931,normal
2026-10-03 07:00:41,F3,70.025,1.11,4.803,51.953,8.317,normal
2026-10-03 07:01:41,F3,70.314,1.045,3.375,40.108,8.637,normal
2026-10-03 07:02:41,F3,65.6,0.979,4.297,41.951,8.607,normal
2026-10-03 07:03:41,F3,63.298,1.239,5.034,58.009,10.472,normal
2026-10-03 07:04:41,F3,73.281,1.041,4.059,52.528,8.162,normal
2026-10-03 07:05:41,F3,65.024,1.016,5.417,41.935,8.819,normal
2026-10-03 07:06:41,F3,57.091,1.059,4.476,48.824,9.262,normal
2026-10-03 07:07:41,F3,64.561,1.194,4.285,57.84,10.186,normal
2026-10-03 07:08:41,F3,59.644,1.061,3.347,47.224,9.482,normal
2026-10-03 07:09:41,F3,77.67,1.026,3.188,44.276,8.068,normal
2026-10-03 07:10:41,F3,64.749,0.55,4.466,53.153,6.904,normal
2026-10-03 07:11:41,F3,54.27,0.898,3.893,40.125,7.15,normal
2026-10-03 07:12:41,F3,63.818,0.834,3.384,45.625,8.134,normal
2026-10-03 07:13:41,F3,57.06,0.483,4.554,44.498,11.685,normal
2026-10-03 07:14:41,F3,75.392,0.96,3.34,51.216,8.306,normal
2026-10-03 07:15:41,F3,65.959,1.179,3.46,59.92,8.029,normal
2026-10-03 07:16:41,F3,74.39,0.826,4.282,51.437,10.725,normal
2026-10-03 07:17:41,F3,54.734,1.026,4.561,51.157,11.352,normal
2026-10-03 07:18:41,F3,56.801,1.011,3.644,47.81,7.39,normal
2026-10-03 07:19:41,F3,62.575,0.989,5.403,55.641,10.481,normal
2026-10-03 07:20:41,F3,68.6,1.069,3.932,59.508,10.057,normal
2026-10-03 07:21:41,F3,72.561,0.627,4.259,49.692,8.176,normal
2026-10-03 07:22:41,F3,59.717,0.85,5.324,44.385,8.33,normal
2026-10-03 07:23:41,F3,52.579,0.782,5.077,47.269,9.455,normal
2026-10-03 07:24:41,F3,80.621,1.439,5.136,45.427,10.177,normal
2026-10-03 07:25:41,F3,79.283,1.178,5.495,50.549,7.454,failure
2026-10-03 07:26:41,F3,69.57,0.951,5.327,64.009,9.204,normal
2026-10-03 07:27:41,F3,66.548,0.733,4.337,54.093,10.292,normal
2026-10-03 07:28:41,F3,67.646,0.948,4.175,44.009,7.018,normal
2026-10-03 07:29:41,F3,82.662,1.034,3.763,63.284,10.101,normal
2026-10-03 07:30:41,F3,66.317,1.012,4.365,42.351,9.41,normal
2026-10-03 07:31:41,F3,64.874,0.62,4.323,50.245,7.746,normal
2026-10-03 07:32:41,F3,71.934,0.628,4.441,47.239,6.794,normal
2026-10-03 07:33:41,F3,63.529,0.784,3.317,46.469,11.439,normal
2026-10-03 07:34:41,F3,62.609,1.273,4.622,40.779,6.096,normal
2026-10-03 07:35:41,F3,71.407,1.341,3.795,43.181,10.302,normal
2026-10-03 07:36:41,F3,66.242,1.116,2.862,43.365,7.189,normal
2026-10-03 07:37:41,F3,55.339,1.009,2.856,45.965,10.09,normal
2026-10-03 07:38:41,F3,69.564,1.156,4.411,57.176,7.386,normal
2026-10-03 07:39:41,F3,68.229,0.954,4.276,43.556,7.248,normal
2026-10-03 07:40:41,F3,78.995,0.777,3.167,47.648,9.391,normal
2026-10-03 07:41:41,F3,74.952,0.815,5.163,57.511,8.666,normal
2026-10-03 07:42:41,F3,70.988,1.058,4.046,45.619,9.866,normal
2026-10-03 07:43:41,F3,64.82,0.754,4.086,45.527,8.152,normal
2026-10-03 07:44:41,F3,60.83,0.858,4.725,59.995,9.534,normal
2026-10-03 07:45:41,F3,73.254,0.915,4.406,55.254,9.174,normal
2026-10-03 07:46:41,F3,85.538,1.053,2.901,39.772,7.76,normal
2026-10-03 07:47:41,F3,51.297,0.982,3.393,48.033,7.917,normal
2026-10-03 07:48:41,F3,63.654,0.633,2.744,53.391,9.984,normal
2026-10-03 07:49:41,F3,79.618,0.895,4.896,54.588,10.362,normal
2026-10-03 07:50:41,F3,68.499,0.67,4.584,52.172,9.483,normal
2026-10-03 07:51:41,F3,72.299,0.907,4.633,50.039,11.52,normal
2026-10-03 07:52:41,F3,69.207,0.951,5.091,41.832,9.433,normal
2026-10-03 07:53:41,F3,61.255,0.818,3.732,46.172,10.756,normal
2026-10-03 07:54:41,F3,67.708,0.914,4.755,57.183,5.828,normal
2026-10-03 07:55:41,F3,61.955,0.903,4.089,52.376,10.219,normal
2026-10-03 07:56:41,F3,78.969,1.29,3.609,48.773,5.958,normal
2026-10-03 07:57:41,F3,83.757,0.699,2.866,36.398,9.381,normal
2026-10-03 07:58:41,F3,78.468,1.0,4.144,44.517,7.705,normal
2026-10-03 07:59:41,F3,55.182,0.911,4.25,50.728,9.741,normal
2026-10-03 08:00:41,F3,63.864,0.924,3.939,56.595,9.456,normal
2026-10-03 08:01:41,F3,66.813,0.567,3.919,46.922,12.342,normal
2026-10-03 08:02:41,F3,68.917,0.627,4.579,46.562,11.954,normal
2026-10-03 08:03:41,F3,68.972,1.046,3.728,44.023,9.388,normal
2026-10-03 08:04:41,F3,76.316,0.787,3.958,43.415,9.571,normal
2026-10-03 08:05:41,F3,75.083,0.631,4.838,49.096,9.142,normal
2026-10-03 08:06:41,F3,74.719,0.786,3.461,52.974,10.834,normal
2026-10-03 08:07:41,F3,63.251,1.116,3.527,42.497,12.472,normal
2026-10-03 08:08:41,F3,66.822,0.993,2.561,51.635,12.102,normal
2026-10-03 08:09:41,F3,62.405,0.999,2.319,54.026,10.535,normal
2026-10-03 08:10:41,F3,52.666,0.824,3.2,48.325,7.84,normal
2026-10-03 08:11:41,F3,64.168,0.847,4.18,37.508,6.749,normal
2026-10-03 08:12:41,F3,63.625,0.589,3.468,58.645,7.846,normal
2026-10-03 08:13:41,F3,73.544,0.625,4.224,44.052,6.812,normal
2026-10-03 08:14:41,F3,65.827,1.002,4.135,56.414,9.188,normal
2026-10-03 08:15:41,F3,71.546,0.668,5.152,46.914,7.721,normal
2026-10-03 08:16:41,F3,58.283,0.585,3.903,38.783,9.752,normal
2026-10-03 08:17:41,F3,67.355,0.893,4.903,43.309,8.437,normal
2026-10-03 08:18:41,F3,62.712,0.716,4.235,43.518,8.171,normal
2026-10-03 08:19:41,F3,70.062,0.949,2.905,37.803,7.332,normal
2026-10-03 08:20:41,F3,48.573,0.939,2.705,57.382,10.484,normal
2026-10-03 08:21:41,F3,86.336,0.909,4.856,31.448,8.65,normal
2026-10-03 08:22:41,F3,76.212,1.001,3.371,57.483,10.365,normal
2026-10-03 08:23:41,F3,69.239,0.96,1.986,55.398,9.708,normal
2026-10-03 08:24:41,F3,64.143,0.934,4.178,55.54,9.252,normal
2026-10-03 08:25:41,F3,66.774,0.823,4.17,44.858,6.301,normal
2026-10-03 08:26:41,F3,66.416,0.664,4.021,37.414,9.499,normal
2026-10-03 08:27:41,F3,71.346,0.731,3.582,53.854,5.835,normal
2026-10-03 08:28:41,F3,61.394,0.73,3.837,45.445,9.293,normal
2026-10-03 08:29:41,F3,67.962,0.319,3.475,41.617,6.042,normal
2026-10-03 08:30:41,F3,77.907,0.896,3.347,43.168,9.882,normal
2026-10-03 08:31:41,F3,67.4,0.962,2.805,49.575,7.265,normal
2026-10-03 08:32:41,F3,38.982,0.791,3.137,47.687,8.086,normal
2026-10-03 08:33:41,F3,72.044,1.075,4.152,50.918,5.647,normal
2026-10-03 08:34:41,F3,84.655,1.0,5.073,47.177,8.993,normal
2026-10-03 08:35:41,F3,67.888,0.755,4.188,42.14,9.019,normal
2026-10-03 08:36:41,F3,56.641,0.957,5.287,48.749,8.749,normal
2026-10-03 08:37:41,F3,71.211,0.998,3.137,39.567,5.893,normal
2026-10-03 08:38:41,F3,76.285,0.79,3.91,33.785,6.534,normal
2026-10-03 08:39:41,F3,70.463,1.146,3.561,42.14,9.57,normal
2026-10-03 08:40:41,F3,72.549,1.083,3.997,58.202,4.635,normal
2026-10-03 08:41:41,F3,62.727,0.965,3.844,48.833,8.518,normal
2026-10-03 08:42:41,F3,67.281,1.159,3.447,47.642,10.049,normal
2026-10-03 08:43:41,F3,75.826,0.789,5.074,48.471,7.889,normal
2026-10-03 08:44:41,F3,60.684,0.857,4.015,54.925,9.456,normal
2026-10-03 08:45:41,F3,69.645,1.082,2.927,40.469,7.347,normal
2026-10-03 08:46:41,F3,61.5,0.825,3.955,47.19,11.27,normal
2026-10-03 08:47:41,F3,54.558,0.903,3.925,57.827,9.431,normal
2026-10-03 08:48:41,F3,80.576,0.865,3.071,58.102,9.68,normal
2026-10-03 08:49:41,F3,72.68,0.849,4.632,35.001,9.457,normal
2026-10-03 08:50:41,F3,64.994,0.814,3.662,49.543,8.32,normal
2026-10-03 08:51:41,F3,71.818,0.948,3.769,68.411,8.063,normal
2026-10-03 08:52:41,F3,67.519,0.98,4.89,31.16,7.259,normal
2026-10-03 08:53:41,F3,72.32,0.987,4.273,40.03,8.239,normal
2026-10-03 08:54:41,F3,65.524,0.976,3.678,60.341,10.984,normal
2026-10-03 08:55:41,F3,55.838,0.579,4.212,50.885,8.695,normal
2026-10-03 08:56:41,F3,68.236,0.764,4.219,49.73,6.021,normal
2026-10-03 08:57:41,F3,66.15,0.726,3.831,51.523,10.812,normal
2026-10-03 08:58:41,F3,61.436,1.086,3.749,45.407,10.955,normal
2026-10-03 08:59:41,F3,64.261,0.965,4.263,60.333,10.096,normal
2026-10-03 09:00:41,F3,67.887,0.628,3.839,50.139,5.66,normal
2026-10-03 09:01:41,F3,89.347,0.782,3.721,46.367,8.911,normal
2026-10-03 09:02:41,F3,43.763,0.768,4.062,42.897,9.303,normal
2026-10-03 09:03:41,F3,78.209,0.735,3.567,34.99,9.937,normal
2026-10-03 09:04:41,F3,62.971,0.922,3.59,41.281,8.141,normal
2026-10-03 09:05:41,F3,63.335,0.483,3.479,48.158,10.906,normal
2026-10-03 09:06:41,F3,67.047,0.869,4.372,55.407,10.858,normal
2026-10-03 09:07:41,F3,65.586,1.068,4.262,50.873,7.037,normal
2026-10-03 09:08:41,F3,68.735,0.653,3.538,50.086,6.441,normal
2026-10-03 09:09:41,F3,63.141,0.979,4.945,56.806,8.58,normal
2026-10-03 09:10:41,F3,72.145,1.058,4.806,50.025,6.626,normal
2026-10-03 09:11:41,F3,67.848,0.911,3.89,51.11,8.716,normal
2026-10-03 09:12:41,F3,59.825,0.936,4.961,54.647,4.513,normal
2026-10-03 09:13:41,F3,69.707,0.82,4.705,49.88,8.923,normal
2026-10-03 09:14:41,F3,60.678,0.913,2.762,44.767,6.361,normal
2026-10-03 09:15:41,F3,55.691,0.794,3.562,51.948,7.974,normal
2026-10-03 09:16:41,F3,49.969,0.546,3.21,54.221,9.812,normal
2026-10-03 09:17:41,F3,68.232,0.732,5.925,59.97,7.124,normal
2026-10-03 09:18:41,F3,70.595,0.653,5.21,52.746,7.022,normal
2026-10-03 09:19:41,F3,76.732,0.858,3.974,45.223,9.37,normal
2026-10-03 09:20:41,F3,69.453,0.618,2.678,54.045,10.57,normal
2026-10-03 09:21:41,F3,72.624,0.835,2.647,38.272,9.718,normal
2026-10-03 09:22:41,F3,64.843,0.8,3.487,53.278,9.538,normal
2026-10-03 09:23:41,F3,72.693,0.565,3.439,54.714,10.773,normal
2026-10-03 09:24:41,F3,60.504,0.721,4.206,39.177,7.904,normal
2026-10-03 09:25:41,F3,64.121,0.269,3.697,31.299,7.526,normal
2026-10-03 09:26:41,F3,78.019,0.686,4.354,56.119,9.738,normal
2026-10-03 09:27:41,F3,70.896,0.869,3.283,41.241,7.117,normal
2026-10-03 09:28:41,F3,70.609,0.675,5.127,44.583,8.753,normal
2026-10-03 09:29:41,F3,78.456,1.151,3.51,55.687,9.411,normal
2026-10-03 09:30:41,F3,64.375,1.074,4.432,44.917,7.675,normal
2026-10-03 09:31:41,F3,79.014,0.699,3.221,40.512,7.357,normal
2026-10-03 09:32:41,F3,71.118,0.574,3.956,41.256,5.751,normal
2026-10-03 09:33:41,F3,64.65,1.179,4.46,46.683,7.567,normal
2026-10-03 09:34:41,F3,72.151,1.146,4.835,45.989,8.937,normal
2026-10-03 09:35:41,F3,77.884,0.873,6.473,50.466,7.308,normal
2026-10-03 09:36:41,F3,75.177,0.919,3.173,48.171,7.495,normal
2026-10-03 09:37:41,F3,74.818,1.206,4.065,53.582,5.485,normal
2026-10-03 09:38:41,F3,80.087,0.646,3.695,54.558,10.381,normal
2026-10-03 09:39:41,F3,66.699,0.449,3.17,47.504,8.026,normal
2026-10-03 09:40:41,F3,83.755,0.751,3.694,36.292,8.026,normal
2026-10-03 09:41:41,F3,70.505,1.036,4.675,28.35,10.087,normal
2026-10-03 09:42:41,F3,65.26,0.961,5.813,42.958,11.772,normal
2026-10-03 09:43:41,F3,68.832,0.569,3.897,51.996,8.642,normal
2026-10-03 09:44:41,F3,57.947,0.648,2.8,57.005,6.762,normal
2026-10-03 09:45:41,F3,47.819,0.827,3.079,37.293,8.702,normal
2026-10-03 09:46:41,F3,78.631,0.792,3.855,45.725,8.366,normal
2026-10-03 09:47:41,F3,66.337,0.816,3.621,49.164,8.068,normal
2026-10-03 09:48:41,F3,75.783,0.78,3.191,50.13,11.506,normal
2026-10-03 09:49:41,F3,70.151,0.476,5.024,58.136,8.668,normal
2026-10-03 09:50:41,F3,69.349,1.017,3.093,47.104,9.181,normal
2026-10-03 09:51:41,F3,85.63,0.766,2.589,40.188,9.733,normal
2026-10-03 09:52:41,F3,72.222,0.646,3.418,41.555,8.845,normal
2026-10-03 09:53:41,F3,71.236,0.699,4.645,51.515,6.955,normal
2026-10-03 09:54:41,F3,74.796,0.846,3.538,57.301,8.845,normal
2026-10-03 09:55:41,F3,66.069,0.839,3.775,41.294,6.278,normal
2026-10-03 09:56:41,F3,67.634,0.911,3.376,51.746,8.9,normal
2026-10-03 09:57:41,F3,69.176,0.822,2.712,59.233,10.438,normal
2026-10-03 09:58:41,F3,69.135,0.594,3.137,55.937,4.934,normal
2026-10-03 09:59:41,F3,76.543,0.674,5.044,46.986,8.725,normal
2026-10-03 10:00:41,F3,73.566,0.759,4.32,39.456,9.886,normal
2026-10-03 10:01:41,F3,67.97,0.719,3.003,58.025,7.65,normal
2026-10-03 10:02:41,F3,69.865,0.48,3.893,42.203,11.018,normal
2026-10-03 10:03:41,F3,56.795,0.464,4.892,50.743,7.935,normal
2026-10-03 10:04:41,F3,73.876,0.544,4.724,56.341,5.782,normal
2026-10-03 10:05:41,F3,65.312,0.661,2.791,47.851,9.284,normal
2026-10-03 10:06:41,F3,77.051,0.371,5.629,29.919,7.862,normal
2026-10-03 10:07:41,F3,71.468,0.885,3.147,62.475,8.188,normal
2026-10-03 10:08:41,F3,67.201,0.956,3.819,47.468,5.92,normal
2026-10-03 10:09:41,F3,66.891,0.767,4.519,40.318,7.594,normal
2026-10-03 10:10:41,F3,72.283,0.66,3.176,38.344,11.142,normal
2026-10-03 10:11:41,F3,80.374,0.707,3.816,54.091,7.979,normal
2026-10-03 10:12:41,F3,81.258,0.59,3.741,40.996,9.154,normal
2026-10-03 10:13:41,F3,80.879,0.732,4.518,47.968,9.209,normal
2026-10-03 10:14:41,F3,63.139,0.834,3.858,44.479,9.799,normal
2026-10-03 10:15:41,F3,80.083,0.433,3.983,50.54,5.8,normal
2026-10-03 10:16:41,F3,59.11,0.842,2.9,41.679,9.372,normal
2026-10-03 10:17:41,F3,63.323,0.863,3.251,50.744,8.384,normal
2026-10-03 10:18:41,F3,62.269,0.821,2.55,45.795,8.182,normal
2026-10-03 10:19:41,F3,75.413,0.439,3.265,52.083,9.497,normal
2026-10-03 10:20:41,F3,55.78,0.512,5.277,57.564,8.022,normal
2026-10-03 10:21:41,F3,68.448,0.388,5.138,39.147,8.95,normal
2026-10-03 10:22:41,F3,62.767,0.971,4.86,56.454,9.329,normal
2026-10-03 10:23:41,F3,57.935,0.741,3.825,65.919,10.917,normal
2026-10-03 10:24:41,F3,62.76,0.69,5.032,45.861,4.24,normal
2026-10-03 10:25:41,F3,70.274,0.82,3.239,46.189,4.56,normal
2026-10-03 10:26:41,F3,63.247,0.179,3.994,51.682,9.746,normal
2026-10-03 10:27:41,F3,60.607,0.619,5.458,45.578,7.128,normal
2026-10-03 10:28:41,F3,74.069,0.514,4.059,37.075,4.538,normal
2026-10-03 10:29:41,F3,67.433,0.53,4.696,50.789,8.241,normal
2026-10-03 10:30:41,F3,74.745,0.524,4.569,54.158,10.23,normal
2026-10-03 10:31:41,F3,66.607,0.864,3.851,48.297,8.07,normal
2026-10-03 10:32:41,F3,72.5,0.522,4.196,55.212,8.724,normal
2026-10-03 10:33:41,F3,77.778,0.632,4.839,53.75,8.299,normal
2026-10-03 10:34:41,F3,57.14,0.749,4.17,41.839,10.886,normal
2026-10-03 10:35:41,F3,72.385,0.882,4.003,43.373,8.145,normal
2026-10-03 10:36:41,F3,76.948,0.786,4.753,36.11,8.155,normal
2026-10-03 10:37:41,F3,66.569,0.468,4.093,48.35,12.635,normal
2026-10-03 10:38:41,F3,60.977,0.778,3.802,57.214,7.391,normal
2026-10-03 10:39:41,F3,66.366,0.363,3.78,47.07,9.389,normal
2026-10-03 10:40:41,F3,61.342,0.726,4.181,48.452,8.571,normal
2026-10-03 10:41:41,F3,67.761,0.833,3.762,61.988,7.574,normal
2026-10-03 10:42:41,F3,58.626,0.369,2.54,41.641,6.585,normal
2026-10-03 10:43:41,F3,84.24,1.011,3.114,46.549,8.468,normal
2026-10-03 10:44:41,F3,66.127,0.762,3.942,50.548,7.141,normal
2026-10-03 10:45:41,F3,70.336,0.937,4.164,45.513,6.269,normal
2026-10-03 10:46:41,F3,80.745,0.4,3.78,46.954,9.827,normal
2026-10-03 10:47:41,F3,68.798,0.283,3.037,48.84,7.843,normal
2026-10-03 10:48:41,F3,63.648,0.672,3.843,37.894,8.252,normal
2026-10-03 10:49:41,F3,62.315,0.437,2.913,36.817,6.869,normal
2026-10-03 10:50:41,F3,77.602,0.722,3.009,40.996,8.241,normal
2026-10-03 10:51:41,F3,54.718,0.799,3.253,59.499,3.538,normal
2026-10-03 10:52:41,F3,91.592,0.536,2.828,56.683,8.949,normal
2026-10-03 10:53:41,F3,62.942,0.904,3.602,38.665,7.201,normal
2026-10-03 10:54:41,F3,78.379,0.391,3.882,37.223,8.445,normal
2026-10-03 10:55:41,F3,63.82,1.097,3.397,47.152,9.544,normal
2026-10-03 10:56:41,F3,57.233,0.587,4.515,44.627,8.275,normal
2026-10-03 10:57:41,F3,77.498,0.776,5.109,44.246,10.185,normal
2026-10-03 10:58:41,F3,59.975,0.554,3.508,45.501,3.004,normal
2026-10-03 10:59:41,F3,67.756,0.441,4.055,44.879,8.202,normal
2026-10-03 11:00:41,F3,75.103,0.715,3.098,46.149,7.477,normal
2026-10-03 11:01:41,F3,74.18,0.611,3.04,50.476,7.197,normal
2026-10-03 11:02:41,F3,74.162,0.684,3.496,60.107,8.809,normal
2026-10-03 11:03:41,F3,73.473,0.598,3.386,41.06,8.535,normal
2026-10-03 11:04:41,F3,72.285,0.3,3.941,44.137,7.94,normal
2026-10-03 11:05:41,F3,70.651,0.785,3.672,53.156,7.638,normal
2026-10-03 11:06:41,F3,57.975,0.859,4.506,46.777,7.961,normal
2026-10-03 11:07:41,F3,70.614,0.648,3.85,50.03,9.196,normal
2026-10-03 11:08:41,F3,67.493,0.09,4.262,40.031,7.624,normal
2026-10-03 11:09:41,F3,69.314,0.769,2.926,51.915,6.67,normal
2026-10-03 11:10:41,F3,57.475,0.887,2.676,42.466,9.151,normal
2026-10-03 11:11:41,F3,76.496,0.849,3.307,47.615,8.361,normal
2026-10-03 11:12:41,F3,50.222,0.585,4.377,48.498,9.825,normal
2026-10-03 11:13:41,F3,70.49,0.175,2.432,52.693,6.645,normal
2026-10-03 11:14:41,F3,74.581,0.704,3.897,47.146,10.287,normal
2026-10-03 11:15:41,F3,66.887,0.94,3.314,55.176,10.443,normal
2026-10-03 11:16:41,F3,73.708,0.53,3.791,54.328,8.449,normal
2026-10-03 11:17:41,F3,63.207,0.621,2.866,52.759,8.698,normal
2026-10-03 11:18:41,F3,65.788,1.007,3.578,43.112,7.313,normal
2026-10-03 11:19:41,F3,85.869,0.472,3.315,42.565,8.963,normal
2026-10-03 11:20:41,F3,72.153,0.591,3.541,41.484,14.778,normal
2026-10-03 11:21:41,F3,62.379,0.667,4.206,35.837,7.336,normal
2026-10-03 11:22:41,F3,64.163,0.58,3.754,56.41,9.605,normal
2026-10-03 11:23:41,F3,62.391,0.599,3.215,42.641,9.286,normal
2026-10-03 11:24:41,F3,50.98,0.706,3.666,53.204,7.201,normal
2026-10-03 11:25:41,F3,70.359,0.851,4.199,47.758,12.254,normal
2026-10-03 11:26:41,F3,59.73,0.128,4.013,45.812,7.092,normal
2026-10-03 11:27:41,F3,62.07,0.96,2.936,38.73,6.482,normal
2026-10-03 11:28:41,F3,57.56,0.383,3.907,55.143,7.527,normal
2026-10-03 11:29:41,F3,68.15,0.866,2.0,48.075,9.82,normal
2026-10-03 11:30:41,F3,63.835,0.698,4.642,45.575,8.415,normal
2026-10-03 11:31:41,F3,78.931,0.417,2.947,64.929,8.592,normal
2026-10-03 11:32:41,F3,62.593,0.704,2.814,51.099,8.434,normal
2026-10-03 11:33:41,F3,47.128,0.5,3.411,55.047,8.631,normal
2026-10-03 11:34:41,F3,66.15,0.479,3.071,50.385,9.038,normal
2026-10-03 11:35:41,F3,83.901,0.68,4.566,55.722,11.075,normal
2026-10-03 11:36:41,F3,62.864,0.595,3.423,57.344,5.653,normal
2026-10-03 11:37:41,F3,67.628,0.51,4.927,58.392,11.162,normal
2026-10-03 11:38:41,F3,68.521,0.637,3.012,51.471,9.482,normal
2026-10-03 11:39:41,F3,75.263,0.754,3.106,60.702,5.912,normal
2026-10-03 11:40:41,F3,81.318,0.806,4.46,50.523,6.949,normal
2026-10-03 11:41:41,F3,72.7,0.809,3.756,36.885,9.7,normal
2026-10-03 11:42:41,F3,82.865,0.9,3.513,45.398,10.729,normal
2026-10-03 11:43:41,F3,48.158,0.571,3.53,45.239,8.377,normal
2026-10-03 11:44:41,F3,63.292,0.679,1.617,48.069,6.536,normal
2026-10-03 11:45:41,F3,54.374,0.87,3.17,45.036,5.44,normal
2026-10-03 11:46:41,F3,67.546,0.261,3.813,47.636,10.297,normal
2026-10-03 11:47:41,F3,85.484,0.544,3.605,36.48,10.507,normal
2026-10-03 11:48:41,F3,54.33,0.64,2.728,44.261,10.156,normal
2026-10-03 11:49:41,F3,66.093,0.0,3.503,49.851,8.17,normal
2026-10-03 11:50:41,F3,63.405,0.183,2.724,46.864,7.557,normal
2026-10-03 11:51:41,F3,82.455,0.386,4.127,44.61,9.387,normal
2026-10-03 11:52:41,F3,73.002,0.511,3.28,50.358,9.026,normal
2026-10-03 11:53:41,F3,63.678,0.652,2.143,46.177,6.293,normal
2026-10-03 11:54:41,F3,89.188,0.767,3.546,47.067,7.712,normal
2026-10-03 11:55:41,F3,64.451,0.475,5.182,58.912,9.321,normal
2026-10-03 11:56:41,F3,55.523,0.496,4.422,41.524,8.154,normal
2026-10-03 11:57:41,F3,75.121,0.676,2.915,44.482,9.097,normal
2026-10-03 11:58:41,F3,70.085,0.294,3.28,43.822,10.601,normal
2026-10-03 11:59:41,F3,65.046,0.219,4.884,41.821,8.83,normal
2026-10-03 12:00:41,F3,72.139,0.143,2.865,49.247,7.994,normal
2026-10-03 12:01:41,F3,66.459,0.644,4.252,47.983,8.791,normal
2026-10-03 12:02:41,F3,62.27,0.597,3.178,55.312,6.174,normal
2026-10-03 12:03:41,F3,73.902,0.548,3.441,47.687,9.966,normal
2026-10-03 12:04:41,F3,48.876,0.588,4.132,50.696,9.772,normal
2026-10-03 12:05:41,F3,70.344,0.368,3.036,57.097,6.028,normal
2026-10-03 12:06:41,F3,69.401,0.57,4.15,50.325,6.605,normal
2026-10-03 12:07:41,F3,51.686,0.493,4.292,51.788,5.651,normal
2026-10-03 12:08:41,F3,69.481,0.394,4.618,47.957,9.787,normal
2026-10-03 12:09:41,F3,68.501,1.002,4.212,38.783,7.437,normal
2026-10-03 12:10:41,F3,61.926,0.634,3.241,44.828,6.831,normal
2026-10-03 12:11:41,F3,79.083,0.664,2.611,37.919,8.999,normal
2026-10-03 12:12:41,F3,81.564,0.492,3.857,53.04,6.853,normal
2026-10-03 12:13:41,F3,72.017,0.466,3.722,50.848,5.8,normal
2026-10-03 12:14:41,F3,54.351,0.622,4.381,51.848,7.425,normal
2026-10-03 12:15:41,F3,76.022,0.639,3.693,43.049,5.683,normal
2026-10-03 12:16:41,F3,66.75,1.007,3.379,50.624,4.965,normal
2026-10-03 12:17:41,F3,58.316,0.748,3.689,38.609,11.627,normal
2026-10-03 12:18:41,F3,63.593,0.737,3.556,52.35,9.53,normal
2026-10-03 12:19:41,F3,68.909,0.304,2.98,53.0,7.312,normal
2026-10-03 12:20:41,F3,59.025,0.444,3.367,38.15,10.568,normal
2026-10-03 12:21:41,F3,72.582,0.866,4.409,57.699,7.827,normal
2026-10-03 12:22:41,F3,65.03,0.475,3.223,38.527,6.955,normal
2026-10-03 12:23:41,F3,58.822,0.572,3.189,53.567,6.556,normal
2026-10-03 12:24:41,F3,63.634,0.514,3.264,45.673,8.516,normal
2026-10-03 12:25:41,F3,55.142,0.308,3.902,39.255,6.514,normal
2026-10-03 12:26:41,F3,67.049,0.111,3.597,47.278,6.526,normal
2026-10-03 12:27:41,F3,73.33,0.56,3.615,40.489,5.81,normal
2026-10-03 12:28:41,F3,80.099,0.229,2.597,50.292,11.866,normal
2026-10-03 12:29:41,F3,76.34,0.39,4.261,45.721,8.358,normal
2026-10-03 12:30:41,F3,81.756,0.266,3.743,44.855,8.801,normal
2026-10-03 12:31:41,F3,74.035,0.156,3.24,54.317,10.743,normal
2026-10-03 12:32:41,F3,63.309,0.387,4.036,63.215,8.56,normal
2026-10-03 12:33:41,F3,50.174,0.48,2.818,51.151,9.362,normal
2026-10-03 12:34:41,F3,80.732,0.374,3.419,38.842,7.811,normal
2026-10-03 12:35:41,F3,69.418,0.604,3.173,47.229,6.678,normal
2026-10-03 12:36:41,F3,73.79,0.358,3.902,43.612,7.81,normal
2026-10-03 12:37:41,F3,56.148,0.421,4.549,36.441,8.005,normal
2026-10-03 12:38:41,F3,67.77,0.41,4.062,42.336,10.023,normal
2026-10-03 12:39:41,F3,74.86,0.357,4.191,47.055,9.919,normal
2026-10-03 12:40:41,F3,66.534,0.331,4.629,62.752,6.451,normal
2026-10-03 12:41:41,F3,65.807,0.688,3.791,62.409,9.84,normal
2026-10-03 12:42:41,F3,79.009,0.048,3.714,59.946,7.494,normal
2026-10-03 12:43:41,F3,79.0,0.608,2.671,47.459,8.967,normal
2026-10-03 12:44:41,F3,73.035,0.322,3.855,41.998,7.292,normal
2026-10-03 12:45:41,F3,67.766,0.509,4.296,49.881,5.992,normal
2026-10-03 12:46:41,F3,65.951,0.258,4.051,58.408,8.291,normal
2026-10-03 12:47:41,F3,64.048,0.59,4.163,50.116,8.182,normal
2026-10-03 12:48:41,F3,61.645,0.469,4.392,62.159,8.241,normal
2026-10-03 12:49:41,F3,69.446,0.365,3.103,39.953,7.598,normal
2026-10-03 12:50:41,F3,74.979,0.609,2.684,48.243,10.94,normal
2026-10-03 12:51:41,F3,84.338,0.436,3.328,58.763,9.569,normal
2026-10-03 12:52:41,F3,64.562,0.657,3.01,52.802,6.971,normal
2026-10-03 12:53:41,F3,55.762,0.442,3.109,46.82,8.158,normal
2026-10-03 12:54:41,F3,88.684,0.565,3.907,44.928,9.167,normal
2026-10-03 12:55:41,F3,66.025,0.26,4.004,54.495,10.118,normal
2026-10-03 12:56:41,F3,66.041,0.536,2.512,53.464,5.978,normal
2026-10-03 12:57:41,F3,58.422,0.421,4.7,48.702,11.66,normal
2026-10-03 12:58:41,F3,75.464,0.207,3.111,56.186,6.185,normal
2026-10-03 12:59:41,F3,43.347,0.067,3.539,55.921,7.561,normal
2026-10-03 13:00:41,F3,56.68,0.245,4.109,60.0,7.94,normal
2026-10-03 13:01:41,F3,69.634,0.334,3.345,48.507,10.492,normal
2026-10-03 13:02:41,F3,78.71,0.598,3.535,40.565,6.186,normal
2026-10-03 13:03:41,F3,68.826,0.435,3.292,41.188,8.594,normal
2026-10-03 13:04:41,F3,61.303,0.863,3.542,44.296,10.064,normal
2026-10-03 13:05:41,F3,47.609,0.284,5.389,54.621,9.317,normal
2026-10-03 13:06:41,F3,54.653,0.499,3.917,51.858,6.886,normal
2026-10-03 13:07:41,F3,79.884,0.311,2.897,46.543,6.041,normal
2026-10-03 13:08:41,F3,74.733,0.189,4.062,48.046,10.766,normal
2026-10-03 13:09:41,F3,64.247,0.488,3.86,55.984,8.758,normal
2026-10-03 13:10:41,F3,66.517,0.388,3.962,32.365,7.308,normal
2026-10-03 13:11:41,F3,65.284,0.44,4.036,44.048,9.103,normal
2026-10-03 13:12:41,F3,66.164,0.437,4.751,50.226,10.264,normal
2026-10-03 13:13:41,F3,76.806,0.267,4.181,21.828,9.047,normal
2026-10-03 13:14:41,F3,55.973,0.625,3.233,47.266,6.417,normal
2026-10-03 13:15:41,F3,71.664,0.289,3.965,56.306,7.885,normal
2026-10-03 13:16:41,F3,55.259,0.348,4.174,44.817,9.494,normal
2026-10-03 13:17:41,F3,87.706,0.635,2.801,50.803,7.849,normal
2026-10-03 13:18:41,F3,81.145,0.632,3.452,36.396,11.956,normal
2026-10-03 13:19:41,F3,70.444,0.584,4.124,44.21,5.621,normal
2026-10-03 13:20:41,F3,56.807,0.392,2.951,48.04,8.388,normal
2026-10-03 13:21:41,F3,79.474,0.607,3.19,45.234,7.22,normal
2026-10-03 13:22:41,F3,84.905,0.441,2.868,55.547,7.725,normal
2026-10-03 13:23:41,F3,71.624,0.396,3.319,36.002,9.872,normal
2026-10-03 13:24:41,F3,67.215,0.702,4.305,42.351,11.003,normal
2026-10-03 13:25:41,F3,67.213,0.503,3.599,50.075,6.775,normal
2026-10-03 13:26:41,F3,62.152,0.542,4.409,53.66,10.264,normal
2026-10-03 13:27:41,F3,73.545,0.44,4.573,44.369,8.506,normal
2026-10-03 13:28:41,F3,69.897,0.545,3.722,54.037,8.692,normal
2026-10-03 13:29:41,F3,76.761,0.232,3.496,37.876,6.332,normal
2026-10-03 13:30:41,F3,58.762,0.726,3.621,33.128,5.33,normal
2026-10-03 13:31:41,F3,56.347,0.342,3.814,54.761,9.386,normal
2026-10-03 13:32:41,F3,68.906,0.239,2.974,51.531,8.527,normal
2026-10-03 13:33:41,F3,68.731,0.506,3.814,36.83,10.23,normal
2026-10-03 13:34:41,F3,63.871,0.683,4.129,33.272,5.537,normal
2026-10-03 13:35:41,F3,59.996,0.624,2.448,26.339,8.203,normal
2026-10-03 13:36:41,F3,62.23,0.322,4.023,47.103,8.89,normal
2026-10-03 13:37:41,F3,70.097,0.478,4.394,45.302,11.216,normal
2026-10-03 13:38:41,F3,62.614,0.226,2.988,65.235,6.596,normal
2026-10-03 13:39:41,F3,66.527,0.215,3.543,50.278,8.233,normal
2026-10-03 13:40:41,F3,67.019,0.614,2.899,47.039,9.698,normal
2026-10-03 13:41:41,F3,63.406,0.216,3.287,39.727,7.907,normal
2026-10-03 13:42:41,F3,63.219,0.461,3.876,37.036,9.824,normal
2026-10-03 13:43:41,F3,61.674,0.292,2.978,45.567,10.469,normal
2026-10-03 13:44:41,F3,70.839,0.281,3.277,49.487,8.676,normal
2026-10-03 13:45:41,F3,68.083,0.23,3.152,49.817,9.546,normal
2026-10-03 13:46:41,F3,67.301,0.541,2.375,50.086,9.932,normal
2026-10-03 13:47:41,F3,65.971,1.209,3.538,48.621,7.435,normal
2026-10-03 13:48:41,F3,85.23,0.859,3.612,44.287,9.101,normal
2026-10-03 13:49:41,F3,76.352,0.268,3.06,49.561,10.61,normal
2026-10-03 13:50:41,F3,69.236,0.52,3.557,51.472,8.87,normal
2026-10-03 13:51:41,F3,64.904,0.428,4.342,42.646,8.574,normal
2026-10-03 13:52:41,F3,70.154,0.559,4.102,47.027,7.777,normal
2026-10-03 13:53:41,F3,70.1,0.465,3.85,55.033,7.552,normal
2026-10-03 13:54:41,F3,71.126,0.421,4.628,49.228,7.881,normal
2026-10-03 13:55:41,F3,71.419,0.704,2.763,39.799,9.124,normal
2026-10-03 13:56:41,F3,73.202,0.0,3.155,52.103,7.794,normal
2026-10-03 13:57:41,F3,72.632,0.486,2.729,39.646,9.802,normal
2026-10-03 13:58:41,F3,59.901,0.0,2.584,46.04,13.034,normal
2026-10-03 13:59:41,F3,70.804,0.407,2.789,52.263,9.398,normal
2026-10-03 14:00:41,F3,64.251,0.272,2.226,48.968,5.997,normal
2026-10-03 14:01:41,F3,45.669,0.204,4.164,51.441,7.494,normal
2026-10-03 14:02:41,F3,64.197,0.313,4.337,57.187,5.385,normal
2026-10-03 14:03:41,F3,80.767,0.031,2.681,50.575,8.443,normal
2026-10-03 14:04:41,F3,72.059,0.53,2.648,53.619,5.534,normal
2026-10-03 14:05:41,F3,59.675,0.289,4.744,55.097,8.096,normal
2026-10-03 14:06:41,F3,69.502,0.636,3.448,42.106,5.594,normal
2026-10-03 14:07:41,F3,63.006,0.04,3.527,40.12,8.287,normal
2026-10-03 14:08:41,F3,72.057,0.0,4.202,41.602,8.154,normal
2026-10-03 14:09:41,F3,54.112,0.741,3.533,49.752,7.86,normal
2026-10-03 14:10:41,F3,60.746,0.05,2.483,48.391,8.724,normal
2026-10-03 14:11:41,F3,69.755,0.948,3.388,43.761,7.457,normal
2026-10-03 14:12:41,F3,74.038,0.291,4.106,44.749,9.602,normal
2026-10-03 14:13:41,F3,69.801,0.531,3.337,45.573,6.559,normal
2026-10-03 14:14:41,F3,77.418,0.254,4.462,42.055,6.587,normal
2026-10-03 14:15:41,F3,69.732,0.423,3.021,44.468,8.902,normal
2026-10-03 14:16:41,F3,71.133,0.556,4.014,53.029,6.613,normal
2026-10-03 14:17:41,F3,72.908,0.605,3.501,44.159,8.037,normal
2026-10-03 14:18:41,F3,65.24,0.228,3.391,44.763,9.402,normal
2026-10-03 14:19:41,F3,77.882,0.566,4.99,43.085,8.4,normal
2026-10-03 14:20:41,F3,51.433,0.18,3.138,60.911,9.537,normal
2026-10-03 14:21:41,F3,65.103,0.615,3.133,42.537,7.717,normal
2026-10-03 14:22:41,F3,71.833,0.513,3.663,49.725,8.6,normal
2026-10-03 14:23:41,F3,80.277,0.274,2.999,35.186,8.344,normal
2026-10-03 14:24:41,F3,69.992,0.409,2.126,49.752,5.572,normal
2026-10-03 14:25:41,F3,74.837,0.419,2.694,56.585,9.957,normal
2026-10-03 14:26:41,F3,68.857,0.413,4.732,49.3,7.399,normal
2026-10-03 14:27:41,F3,73.064,0.334,2.846,58.163,6.923,normal
2026-10-03 14:28:41,F3,74.027,0.442,3.701,45.76,7.125,normal
2026-10-03 14:29:41,F3,71.23,0.132,5.243,57.423,8.016,normal
2026-10-03 14:30:41,F3,80.485,0.373,3.517,53.415,10.402,normal
2026-10-03 14:31:41,F3,82.65,0.341,3.288,46.689,8.908,normal
2026-10-03 14:32:41,F3,65.361,0.51,4.179,48.12,11.103,normal
2026-10-03 14:33:41,F3,61.201,0.251,3.923,52.887,7.555,normal
2026-10-03 14:34:41,F3,76.661,0.499,1.663,46.966,7.848,normal
2026-10-03 14:35:41,F3,76.956,0.647,5.517,45.842,8.055,normal
2026-10-03 14:36:41,F3,65.636,0.373,3.448,52.465,6.978,normal
2026-10-03 14:37:41,F3,64.909,0.346,3.542,44.987,9.589,normal
2026-10-03 14:38:41,F3,62.296,0.469,3.092,57.323,6.9,normal
2026-10-03 14:39:41,F3,60.373,0.429,2.794,42.318,7.627,normal
2026-10-03 14:40:41,F3,79.275,0.566,3.163,37.338,8.879,normal
2026-10-03 14:41:41,F3,70.79,0.265,3.557,52.037,7.273,normal
2026-10-03 14:42:41,F3,82.003,0.108,3.224,48.877,8.133,normal
2026-10-03 14:43:41,F3,71.3,0.281,3.275,49.984,6.964,normal
2026-10-03 14:44:41,F3,60.963,0.504,3.65,56.997,8.191,normal
2026-10-03 14:45:41,F3,75.004,0.706,2.622,56.153,9.204,normal
2026-10-03 14:46:41,F3,74.461,0.348,3.823,58.862,10.848,normal
2026-10-03 14:47:41,F3,73.56,0.0,3.615,57.566,6.474,normal
2026-10-03 14:48:41,F3,70.955,0.54,4.116,53.318,10.13,normal
2026-10-03 14:49:41,F3,62.996,0.575,4.156,41.165,5.796,normal
2026-10-03 14:50:41,F3,73.109,0.0,4.229,52.416,8.697,normal
2026-10-03 14:51:41,F3,55.443,0.414,3.955,56.416,8.533,normal
2026-10-03 14:52:41,F3,63.533,0.058,2.599,56.613,8.267,normal
2026-10-03 14:53:41,F3,75.113,0.543,4.33,55.566,8.343,normal
2026-10-03 14:54:41,F3,64.507,0.326,4.068,44.121,8.086,normal
2026-10-03 14:55:41,F3,66.705,0.267,2.535,54.724,6.237,normal
2026-10-03 14:56:41,F3,64.482,0.207,3.855,38.749,6.076,normal
2026-10-03 14:57:41,F3,47.288,0.257,3.426,49.052,11.259,normal
2026-10-03 14:58:41,F3,62.799,0.313,3.949,38.687,7.695,normal
2026-10-03 14:59:41,F3,66.477,0.129,4.696,47.406,10.671,normal
2026-10-03 15:00:41,F3,74.226,0.136,3.183,45.152,7.567,normal
2026-10-03 15:01:41,F3,83.017,0.0,4.305,48.409,7.75,normal
2026-10-03 15:02:41,F3,70.717,0.182,2.93,40.551,8.274,normal
2026-10-03 15:03:41,F3,58.425,0.172,4.106,33.308,8.957,normal
2026-10-03 15:04:41,F3,56.723,0.675,3.512,39.334,10.814,normal
2026-10-03 15:05:41,F3,71.331,0.451,3.509,52.105,8.771,normal
2026-10-03 15:06:41,F3,66.195,0.0,3.967,48.839,8.523,normal
2026-10-03 15:07:41,F3,65.001,0.575,4.063,38.873,8.582,normal
2026-10-03 15:08:41,F3,66.413,0.284,3.776,45.891,9.909,normal
2026-10-03 15:09:41,F3,80.281,0.384,3.896,60.232,8.421,normal
2026-10-03 15:10:41,F3,70.421,0.321,4.324,55.628,5.419,normal
2026-10-03 15:11:41,F3,70.64,0.345,3.058,42.953,9.867,normal
2026-10-03 15:12:41,F3,68.897,0.241,2.789,51.746,8.434,normal
2026-10-03 15:13:41,F3,72.441,0.342,3.017,52.526,6.585,normal
2026-10-03 15:14:41,F3,73.045,0.197,3.97,51.7,10.592,normal
2026-10-03 15:15:41,F3,63.233,0.315,3.137,48.327,9.601,normal
2026-10-03 15:16:41,F3,70.798,0.528,2.955,53.417,9.174,normal
2026-10-03 15:17:41,F3,70.426,0.336,4.825,48.521,9.017,normal
2026-10-03 15:18:41,F3,64.607,0.343,3.032,39.095,8.451,normal
2026-10-03 15:19:41,F3,71.32,0.355,3.436,49.315,9.534,normal
2026-10-03 15:20:41,F3,67.985,0.393,2.457,36.033,8.858,normal
2026-10-03 15:21:41,F3,57.433,0.217,4.491,49.587,5.795,normal
2026-10-03 15:22:41,F3,63.086,0.009,4.057,45.34,5.382,normal
2026-10-03 15:23:41,F3,69.385,0.283,3.263,49.269,8.007,normal
2026-10-03 15:24:41,F3,75.974,0.262,3.205,63.332,8.008,normal
2026-10-03 15:25:41,F3,59.683,0.439,3.637,52.539,9.523,normal
2026-10-03 15:26:41,F3,67.166,0.714,3.236,34.265,6.24,normal
2026-10-03 15:27:41,F3,73.724,0.229,2.075,49.302,11.665,normal
2026-10-03 15:28:41,F3,63.187,0.611,4.874,44.477,9.174,normal
2026-10-03 15:29:41,F3,61.074,0.521,3.353,50.98,7.34,normal
2026-10-03 15:30:41,F3,59.32,0.05,4.412,54.274,10.005,normal
2026-10-03 15:31:41,F3,66.401,0.166,3.195,57.013,8.034,normal
2026-10-03 15:32:41,F3,65.187,0.218,3.91,30.437,6.994,normal
2026-10-03 15:33:41,F3,70.055,0.0,1.905,48.529,9.59,normal
2026-10-03 15:34:41,F3,57.677,0.102,2.312,51.629,6.908,normal
2026-10-03 15:35:41,F3,66.98,0.171,3.663,42.306,10.123,normal
2026-10-03 15:36:41,F3,66.37,0.126,3.86,47.916,10.265,normal
2026-10-03 15:37:41,F3,56.865,0.649,1.565,65.089,8.251,normal
2026-10-03 15:38:41,F3,69.11,0.424,3.105,42.109,7.213,normal
2026-10-03 15:39:41,F3,71.783,0.39,3.936,47.743,6.753,normal
2026-10-03 15:40:41,F3,65.641,0.342,4.215,49.414,9.99,normal
2026-10-03 15:41:41,F3,69.579,0.123,3.426,53.815,7.119,normal
2026-10-03 15:42:41,F3,61.697,0.555,2.969,50.46,8.939,normal
2026-10-03 15:43:41,F3,64.568,0.162,2.505,52.947,8.778,normal
2026-10-03 15:44:41,F3,68.891,0.661,2.319,47.116,7.506,normal
2026-10-03 15:45:41,F3,76.12,0.138,2.852,34.245,5.956,normal
2026-10-03 15:46:41,F3,74.445,0.234,1.827,46.191,6.252,normal
2026-10-03 15:47:41,F3,73.496,0.516,2.168,47.477,6.387,normal
2026-10-03 15:48:41,F3,55.56,0.22,3.347,55.569,9.883,normal
2026-10-03 15:49:41,F3,75.712,0.559,2.974,44.991,7.135,normal
2026-10-03 15:50:41,F3,75.603,0.453,4.093,53.343,9.947,normal
2026-10-03 15:51:41,F3,66.146,0.26,3.461,45.544,10.283,normal
2026-10-03 15:52:41,F3,65.836,0.497,3.366,48.412,7.481,normal
2026-10-03 15:53:41,F3,83.958,0.09,3.618,33.988,5.472,normal
2026-10-03 15:54:41,F3,55.499,0.578,3.916,41.041,8.387,normal
2026-10-03 15:55:41,F3,67.975,0.43,2.459,48.369,7.414,normal
2026-10-03 15:56:41,F3,67.071,0.471,4.169,41.333,5.704,normal
2026-10-03 15:57:41,F3,70.469,0.609,5.138,61.124,8.698,normal
2026-10-03 15:58:41,F3,78.64,0.0,3.261,55.614,8.951,normal
2026-10-03 15:59:41,F3,72.268,0.0,3.687,49.046,9.631,normal
2026-10-03 16:00:41,F3,80.513,0.0,3.172,43.277,7.494,normal
2026-10-03 16:01:41,F3,73.647,0.061,3.141,37.66,9.166,normal
2026-10-03 16:02:41,F3,61.933,0.261,3.385,47.752,5.705,normal
2026-10-03 16:03:41,F3,68.284,0.314,3.743,54.501,9.772,normal
2026-10-03 16:04:41,F3,59.641,0.38,3.792,43.184,7.375,normal
2026-10-03 16:05:41,F3,65.435,0.496,2.573,66.886,8.422,normal
2026-10-03 16:06:41,F3,64.336,0.35,3.959,51.359,6.936,normal
2026-10-03 16:07:41,F3,72.975,0.122,2.409,55.466,7.737,normal
2026-10-03 16:08:41,F3,84.412,0.595,3.943,45.267,6.37,normal
2026-10-03 16:09:41,F3,64.73,0.486,2.269,41.934,7.324,normal
2026-10-03 16:10:41,F3,59.317,0.606,3.976,46.669,5.667,normal
2026-10-03 16:11:41,F3,76.248,0.0,3.607,47.329,6.854,normal
2026-10-03 16:12:41,F3,78.317,0.468,3.163,50.699,4.88,normal
2026-10-03 16:13:41,F3,64.472,0.524,2.948,39.27,8.818,normal
2026-10-03 16:14:41,F3,64.47,0.088,2.705,44.908,7.31,normal
2026-10-03 16:15:41,F3,63.398,0.185,2.833,54.902,6.702,normal
2026-10-03 16:16:41,F3,67.969,0.456,3.182,43.787,10.07,normal
2026-10-03 16:17:41,F3,54.928,0.147,3.948,44.29,7.192,normal
2026-10-03 16:18:41,F3,69.688,0.191,3.423,52.58,11.254,normal
2026-10-03 16:19:41,F3,67.828,0.313,3.354,51.462,10.641,normal
2026-10-03 16:20:41,F3,61.481,0.014,3.401,44.281,9.628,normal
2026-10-03 16:21:41,F3,64.701,0.047,1.389,60.214,7.941,normal
2026-10-03 16:22:41,F3,71.164,0.282,2.933,46.499,11.396,normal
2026-10-03 16:23:41,F3,64.109,0.063,3.817,49.788,6.086,normal
2026-10-03 16:24:41,F3,82.215,0.252,2.606,34.796,9.862,normal
2026-10-03 16:25:41,F3,63.555,0.414,2.068,42.874,7.626,normal
2026-10-03 16:26:41,F3,77.192,0.288,2.757,33.256,5.935,normal
2026-10-03 16:27:41,F3,66.189,0.594,2.965,53.553,7.26,normal
2026-10-03 16:28:41,F3,65.049,0.1,3.063,50.956,8.733,normal
2026-10-03 16:29:41,F3,84.723,0.327,4.23,47.838,6.602,normal
2026-10-03 16:30:41,F3,62.964,0.017,3.692,50.739,5.572,normal
2026-10-03 16:31:41,F3,78.792,0.122,3.112,41.267,6.704,normal
2026-10-03 16:32:41,F3,68.859,0.0,2.356,55.058,10.758,normal
2026-10-03 16:33:41,F3,60.452,0.551,3.679,37.93,7.163,normal
2026-10-03 16:34:41,F3,60.374,0.283,3.602,47.038,9.99,normal
2026-10-03 16:35:41,F3,65.948,0.294,3.813,53.502,6.959,normal
2026-10-03 16:36:41,F3,66.117,0.15,4.942,42.08,7.615,normal
2026-10-03 16:37:41,F3,71.253,0.158,2.316,41.95,6.852,normal
2026-10-03 16:38:41,F3,78.144,0.271,3.338,44.789,5.717,normal
2026-10-03 16:39:41,F3,81.505,0.245,3.538,56.935,7.161,normal
2026-10-03 16:40:41,F3,62.776,0.054,2.334,54.617,7.286,normal
2026-10-03 16:41:41,F3,84.513,0.401,3.953,52.97,9.545,normal
2026-10-03 16:42:41,F3,58.421,0.246,4.566,53.615,6.61,normal
2026-10-03 16:43:41,F3,57.251,0.187,3.777,47.126,8.498,normal
2026-10-03 16:44:41,F3,62.71,0.021,3.622,44.709,8.169,normal
2026-10-03 16:45:41,F3,73.38,0.077,2.949,45.875,8.091,normal
2026-10-03 16:46:41,F3,69.779,0.228,2.123,46.338,8.58,normal
2026-10-03 16:47:41,F3,63.469,0.0,2.568,50.435,10.984,normal
2026-10-03 16:48:41,F3,84.933,0.149,3.153,51.107,5.45,normal
2026-10-03 16:49:41,F3,60.636,0.373,2.755,48.517,9.359,normal
2026-10-03 16:50:41,F3,75.695,0.365,2.491,47.804,7.587,normal
2026-10-03 16:51:41,F3,80.449,0.684,4.2,62.376,10.968,normal
2026-10-03 16:52:41,F3,69.23,0.134,3.838,45.286,7.69,normal
2026-10-03 16:53:41,F3,76.384,0.719,1.944,44.907,10.96,normal
2026-10-03 16:54:41,F3,67.245,0.17,5.231,57.354,7.572,normal
2026-10-03 16:55:41,F3,63.405,0.369,3.365,55.006,7.95,normal
2026-10-03 16:56:41,F3,62.043,0.256,3.145,41.659,7.153,normal
2026-10-03 16:57:41,F3,81.359,0.369,2.585,49.861,7.289,normal
2026-10-03 16:58:41,F3,60.24,0.181,2.576,52.612,10.445,normal
2026-10-03 16:59:41,F3,82.528,0.418,2.262,39.941,9.954,normal
2026-10-03 17:00:41,F3,68.118,0.538,3.206,53.937,9.014,normal
2026-10-03 17:01:41,F3,69.341,0.155,3.01,54.039,5.057,normal
2026-10-03 17:02:41,F3,71.96,0.256,1.702,65.441,7.338,normal
2026-10-03 17:03:41,F3,76.621,0.0,3.191,48.811,8.179,normal
2026-10-03 17:04:41,F3,73.88,0.268,3.321,66.024,10.617,normal
2026-10-03 17:05:41,F3,61.365,0.01,3.416,42.085,12.397,normal
2026-10-03 17:06:41,F3,71.08,0.0,2.702,43.074,6.571,normal
2026-10-03 17:07:41,F3,65.15,0.213,2.733,42.032,9.88,normal
2026-10-03 17:08:41,F3,63.548,0.136,3.434,55.3,6.256,normal
2026-10-03 17:09:41,F3,49.16,0.26,3.159,55.929,7.411,normal
2026-10-03 17:10:41,F3,67.315,0.384,4.361,59.658,8.31,normal
2026-10-03 17:11:41,F3,75.625,0.0,3.026,57.657,8.222,normal
2026-10-03 17:12:41,F3,68.137,0.008,2.729,52.134,5.281,normal
2026-10-03 17:13:41,F3,74.635,0.33,4.193,44.783,6.243,normal
2026-10-03 17:14:41,F3,66.492,0.295,3.518,50.047,9.198,normal
2026-10-03 17:15:41,F3,63.418,0.162,3.18,55.267,5.598,normal
2026-10-03 17:16:41,F3,47.539,0.002,3.079,41.374,6.108,normal
2026-10-03 17:17:41,F3,73.641,0.477,3.349,51.393,2.293,normal
2026-10-03 17:18:41,F3,70.275,0.195,3.377,48.64,9.978,normal
2026-10-03 17:19:41,F3,55.91,0.0,2.1,40.227,8.486,normal
2026-10-03 17:20:41,F3,54.676,0.206,3.241,44.985,7.56,normal
2026-10-03 17:21:41,F3,56.436,0.143,2.827,64.029,8.577,normal
2026-10-03 17:22:41,F3,63.175,0.414,3.258,28.74,7.281,normal
2026-10-03 17:23:41,F3,65.269,0.17,3.867,44.19,8.231,normal
2026-10-03 17:24:41,F3,74.395,0.11,4.617,40.621,8.415,normal
2026-10-03 17:25:41,F3,62.781,0.251,3.068,34.073,6.524,normal
2026-10-03 17:26:41,F3,64.473,0.276,3.318,36.478,9.05,normal
2026-10-03 17:27:41,F3,63.1,0.0,4.651,40.887,9.897,normal
2026-10-03 17:28:41,F3,78.475,0.177,2.852,58.399,8.02,normal
2026-10-03 17:29:41,F3,56.387,0.242,4.687,48.171,6.158,normal
2026-10-03 17:30:41,F3,64.598,0.112,2.848,48.574,8.944,normal
2026-10-03 17:31:41,F3,72.339,0.0,2.755,57.879,7.392,normal
2026-10-03 17:32:41,F3,65.614,0.054,2.767,53.292,8.08,normal
2026-10-03 17:33:41,F3,71.446,0.0,2.7,53.957,7.372,normal
2026-10-03 17:34:41,F3,81.464,0.0,4.092,46.668,7.955,normal
2026-10-03 17:35:41,F3,53.769,0.585,3.235,43.684,9.059,normal
2026-10-03 17:36:41,F3,38.904,0.46,2.512,36.531,10.381,normal
2026-10-03 17:37:41,F3,74.717,0.206,3.501,37.085,6.734,normal
2026-10-03 17:38:41,F3,73.066,0.0,2.335,50.862,10.297,normal
2026-10-03 17:39:41,F3,77.174,0.044,2.487,45.249,10.471,normal
2026-10-03 17:40:41,F3,77.151,0.264,2.15,45.648,6.975,normal
2026-10-03 17:41:41,F3,64.891,0.0,2.506,55.42,8.15,normal
2026-10-03 17:42:41,F3,59.374,0.0,2.99,43.959,9.615,normal
2026-10-03 17:43:41,F3,58.771,0.13,2.299,61.888,9.486,normal
2026-10-03 17:44:41,F3,68.544,0.165,3.038,55.046,7.147,normal
2026-10-03 17:45:41,F3,66.674,0.262,1.378,41.631,7.448,normal
2026-10-03 17:46:41,F3,62.244,0.371,2.949,45.038,8.998,normal
2026-10-03 17:47:41,F3,65.649,0.072,2.863,47.896,8.648,normal
2026-10-03 17:48:41,F3,71.07,0.0,3.401,46.82,7.489,normal
2026-10-03 17:49:41,F3,70.639,0.394,3.188,44.756,8.821,normal
2026-10-03 17:50:41,F3,66.84,0.079,2.807,42.251,5.911,normal
2026-10-03 17:51:41,F3,54.917,0.196,3.237,47.029,9.874,normal
2026-10-03 17:52:41,F3,79.037,0.0,4.815,53.919,5.218,normal
2026-10-03 17:53:41,F3,78.417,0.0,2.918,51.921,8.507,normal
2026-10-03 17:54:41,F3,59.251,0.003,4.701,50.864,7.814,normal
2026-10-03 17:55:41,F3,68.078,0.076,4.036,37.254,5.529,normal
2026-10-03 17:56:41,F3,67.613,0.12,2.744,48.928,7.617,normal
2026-10-03 17:57:41,F3,78.888,0.0,2.475,38.442,8.257,normal
2026-10-03 17:58:41,F3,46.93,0.381,3.205,47.533,8.76,normal
2026-10-03 17:59:41,F3,66.177,0.0,2.914,54.13,5.176,normal
2026-10-03 18:00:41,F3,64.711,0.192,2.52,52.943,7.41,normal
2026-10-03 18:01:41,F3,68.286,0.026,4.194,40.314,9.258,normal
2026-10-03 18:02:41,F3,67.214,0.435,2.832,58.014,9.082,normal
2026-10-03 18:03:41,F3,78.21,0.0,3.353,42.296,6.283,normal
2026-10-03 18:04:41,F3,67.769,0.307,2.826,49.281,7.822,normal
2026-10-03 18:05:41,F3,70.577,0.0,3.817,45.33,5.246,normal
2026-10-03 18:06:41,F3,63.377,0.148,2.218,38.392,10.174,normal
2026-10-03 18:07:41,F3,59.552,0.0,3.44,49.422,8.328,normal
2026-10-03 18:08:41,F3,68.092,0.0,4.201,40.228,7.738,normal
2026-10-03 18:09:41,F3,72.555,0.013,2.325,55.581,5.014,normal
2026-10-03 18:10:41,F3,70.136,0.039,2.905,47.07,5.697,normal
2026-10-03 18:11:41,F3,73.971,0.393,3.784,50.32,7.043,normal
2026-10-03 18:12:41,F3,54.479,0.149,4.315,45.332,8.244,normal
2026-10-03 18:13:41,F3,71.637,0.22,3.082,49.965,7.918,normal
2026-10-03 18:14:41,F3,64.404,0.224,3.462,34.27,9.868,normal
2026-10-03 18:15:41,F3,71.478,0.276,3.819,53.664,9.364,normal
2026-10-03 18:16:41,F3,61.552,0.0,2.678,52.578,7.574,normal
2026-10-03 18:17:41,F3,70.948,0.088,3.109,48.994,8.239,normal
2026-10-03 18:18:41,F3,69.222,0.289,3.414,41.196,8.931,normal
2026-10-03 18:19:41,F3,66.411,0.0,2.661,50.107,4.494,normal
2026-10-03 18:20:41,F3,72.103,0.0,1.95,49.194,6.981,normal
2026-10-03 18:21:41,F3,72.255,0.203,3.819,53.283,7.018,normal
2026-10-03 18:22:41,F3,65.077,0.009,4.031,45.686,9.461,normal
2026-10-03 18:23:41,F3,58.078,0.126,3.866,48.907,7.392,normal
2026-10-03 18:24:41,F3,73.805,0.231,3.708,51.276,6.194,normal
2026-10-03 18:25:41,F3,73.852,0.0,3.101,46.144,7.04,normal
2026-10-03 18:26:41,F3,68.869,0.0,4.225,43.951,5.55,normal
2026-10-03 18:27:41,F3,76.497,0.0,3.572,55.855,5.677,normal
2026-10-03 18:28:41,F3,53.544,0.113,3.588,42.773,6.501,normal
2026-10-03 18:29:41,F3,54.329,0.0,4.769,44.577,11.49,normal
2026-10-03 18:30:41,F3,64.742,0.011,3.659,38.067,7.734,normal
2026-10-03 18:31:41,F3,57.872,0.165,2.543,52.593,8.766,normal
2026-10-03 18:32:41,F3,69.095,0.068,2.988,50.519,6.152,normal
2026-10-03 18:33:41,F3,59.78,0.0,2.747,42.152,8.778,normal
2026-10-03 18:34:41,F3,56.002,0.048,3.401,43.25,5.547,normal
2026-10-03 18:35:41,F3,71.812,0.499,3.255,44.666,9.528,normal
2026-10-03 18:36:41,F3,75.61,0.227,4.203,54.765,6.254,normal
2026-10-03 18:37:41,F3,64.234,0.0,3.463,41.663,6.771,normal
2026-10-03 18:38:41,F3,64.491,0.0,4.441,59.716,5.405,normal
2026-10-03 18:39:41,F3,64.194,0.215,3.345,42.623,5.019,normal
2026-10-03 18:40:41,F3,61.734,0.0,2.148,38.668,7.723,normal
2026-10-03 18:41:41,F3,67.631,0.0,3.027,48.133,10.817,normal
2026-10-03 18:42:41,F3,59.798,0.102,3.976,53.346,7.832,normal
2026-10-03 18:43:41,F3,63.841,0.0,2.344,51.996,9.087,normal
2026-10-03 18:44:41,F3,67.019,0.294,3.759,44.983,9.331,normal
2026-10-03 18:45:41,F3,70.093,0.024,3.339,37.168,7.046,normal
2026-10-03 18:46:41,F3,63.102,0.015,2.249,44.634,7.245,normal
2026-10-03 18:47:41,F3,71.684,0.069,2.666,52.375,6.024,normal
2026-10-03 18:48:41,F3,59.056,0.0,2.867,53.235,4.67,normal
2026-10-03 18:49:41,F3,54.564,0.0,5.471,42.215,8.147,normal
2026-10-03 18:50:41,F3,69.337,0.426,2.685,65.634,8.87,normal
2026-10-03 18:51:41,F3,66.653,0.116,3.52,44.575,10.348,normal
2026-10-03 18:52:41,F3,67.474,0.0,3.731,53.454,7.836,normal
2026-10-03 18:53:41,F3,53.045,0.251,3.739,44.2,9.395,normal
2026-10-03 18:54:41,F3,59.477,0.362,4.319,54.27,6.884,normal
2026-10-03 18:55:41,F3,61.402,0.121,2.091,52.284,5.794,normal
2026-10-03 18:56:41,F3,70.726,0.056,4.296,47.936,8.67,normal
2026-10-03 18:57:41,F3,83.911,0.0,1.698,45.724,8.118,normal
2026-10-03 18:58:41,F3,57.523,0.063,3.039,48.069,5.835,normal
2026-10-03 18:59:41,F3,55.493,0.091,3.763,38.976,7.76,normal
2026-10-03 19:00:41,F3,80.776,0.006,3.198,46.777,7.848,normal
2026-10-03 19:01:41,F3,61.116,0.097,3.305,45.645,6.822,normal
2026-10-03 19:02:41,F3,74.477,0.0,3.745,31.912,7.381,normal
2026-10-03 19:03:41,F3,73.439,0.0,3.137,49.272,4.39,normal
2026-10-03 19:04:41,F3,60.469,0.0,2.811,47.351,3.358,normal
2026-10-03 19:05:41,F3,62.194,0.127,3.963,45.342,10.21,normal
2026-10-03 19:06:41,F3,56.394,0.0,2.338,62.128,7.408,normal
2026-10-03 19:07:41,F3,52.429,0.182,2.892,53.293,6.931,normal
2026-10-03 19:08:41,F3,58.932,0.235,2.122,47.301,7.955,normal
2026-10-03 19:09:41,F3,57.053,0.332,3.487,60.542,8.827,normal
2026-10-03 19:10:41,F3,73.382,0.0,2.241,44.0,6.701,normal
2026-10-03 19:11:41,F3,71.118,0.178,3.074,53.639,8.589,normal
2026-10-03 19:12:41,F3,69.184,0.0,4.172,53.958,9.339,normal
2026-10-03 19:13:41,F3,64.044,0.14,2.133,70.614,11.409,normal
2026-10-03 19:14:41,F3,68.587,0.0,3.25,40.184,7.249,normal
2026-10-03 19:15:41,F3,67.509,0.236,1.795,40.723,11.983,normal
2026-10-03 19:16:41,F3,53.22,0.0,3.723,56.919,5.584,normal
2026-10-03 19:17:41,F3,70.764,0.0,3.55,53.754,7.638,normal
2026-10-03 19:18:41,F3,64.748,0.0,3.74,63.739,9.919,normal
2026-10-03 19:19:41,F3,73.345,0.31,3.009,54.527,6.391,normal
2026-10-03 19:20:41,F3,67.818,0.0,2.61,52.734,8.609,normal
2026-10-03 19:21:41,F3,60.485,0.286,3.304,42.714,8.79,normal
2026-10-03 19:22:41,F3,75.593,0.0,2.925,55.555,7.48,normal
2026-10-03 19:23:41,F3,55.27,0.0,3.735,41.666,6.403,normal
2026-10-03 19:24:41,F3,62.473,0.107,2.344,51.697,7.45,normal
2026-10-03 19:25:41,F3,58.959,0.599,3.033,42.019,10.685,normal
2026-10-03 19:26:41,F3,65.711,0.215,3.05,59.914,7.594,normal
2026-10-03 19:27:41,F3,53.936,0.11,2.676,49.529,7.294,normal
2026-10-03 19:28:41,F3,60.035,0.0,2.727,53.82,10.287,normal
2026-10-03 19:29:41,F3,72.798,0.0,2.481,55.766,10.344,normal
2026-10-03 19:30:41,F3,65.904,0.646,2.841,41.038,7.226,normal
2026-10-03 19:31:41,F3,76.207,0.202,2.467,51.469,9.82,normal
2026-10-03 19:32:41,F3,62.887,0.0,2.1,34.127,6.307,normal
2026-10-03 19:33:41,F3,72.586,0.216,3.243,44.62,6.122,normal
2026-10-03 19:34:41,F3,64.159,0.0,3.725,43.207,8.561,normal
2026-10-03 19:35:41,F3,69.378,0.028,3.355,56.403,8.937,normal
2026-10-03 19:36:41,F3,50.899,0.0,2.891,51.216,7.868,normal
2026-10-03 19:37:41,F3,76.301,0.0,1.802,43.868,6.38,normal
2026-10-03 19:38:41,F3,57.377,0.02,2.839,46.145,9.622,normal
2026-10-03 19:39:41,F3,74.666,0.0,4.323,38.336,9.694,normal
2026-10-03 19:40:41,F3,75.267,0.0,3.019,52.123,7.089,normal
2026-10-03 19:41:41,F3,65.835,0.081,3.784,37.165,10.755,normal
2026-10-03 19:42:41,F3,70.357,0.024,3.419,51.271,8.369,normal
2026-10-03 19:43:41,F3,71.415,0.412,3.011,48.768,8.289,normal
2026-10-03 19:44:41,F3,69.915,0.272,5.107,45.758,7.208,normal
2026-10-03 19:45:41,F3,45.674,0.0,2.377,51.757,10.128,normal
2026-10-03 19:46:41,F3,76.041,0.0,2.901,49.346,6.496,normal
2026-10-03 19:47:41,F3,73.704,0.127,3.607,47.325,4.147,normal
2026-10-03 19:48:41,F3,56.378,0.002,3.493,54.488,8.828,normal
2026-10-03 19:49:41,F3,70.216,0.0,3.42,57.122,6.341,normal
2026-10-03 19:50:41,F3,66.946,0.0,2.95,35.451,8.612,normal
2026-10-03 19:51:41,F3,66.304,0.0,3.883,30.399,7.569,normal
2026-10-03 19:52:41,F3,62.23,0.248,4.176,48.98,6.657,normal
2026-10-03 19:53:41,F3,67.405,0.0,2.892,43.37,9.878,normal
2026-10-03 19:54:41,F3,61.125,0.0,3.26,36.725,11.097,normal
2026-10-03 19:55:41,F3,62.647,0.0,3.211,27.602,5.13,normal
2026-10-03 19:56:41,F3,66.642,0.114,3.204,46.11,8.642,normal
2026-10-03 19:57:41,F3,65.94,0.0,2.998,52.233,9.439,normal
2026-10-03 19:58:41,F3,79.625,0.0,2.588,51.016,6.414,normal
2026-10-03 19:59:41,F3,70.006,0.0,3.174,48.397,9.318,normal
2026-10-03 20:00:41,F3,63.998,0.0,3.089,52.491,5.177,normal
2026-10-03 20:01:41,F3,79.739,0.0,3.448,50.079,8.054,normal
2026-10-03 20:02:41,F3,75.687,0.0,6.262,41.141,7.057,normal
2026-10-03 20:03:41,F3,64.97,0.133,3.297,46.914,7.504,normal
2026-10-03 20:04:41,F3,72.435,0.083,3.197,46.396,9.726,normal
2026-10-03 20:05:41,F3,73.775,0.0,2.947,47.906,6.323,normal
2026-10-03 20:06:41,F3,76.209,0.153,2.687,45.89,7.184,normal
2026-10-03 20:07:41,F3,64.314,0.325,3.315,36.624,3.831,normal
2026-10-03 20:08:41,F3,63.161,0.179,2.543,48.872,8.998,normal
2026-10-03 20:09:41,F3,59.566,0.079,2.916,39.488,6.917,normal
2026-10-03 20:10:41,F3,61.144,0.0,2.76,47.307,8.128,normal
2026-10-03 20:11:41,F3,70.23,0.0,3.001,45.635,7.634,normal
2026-10-03 20:12:41,F3,70.412,0.0,2.68,42.18,7.459,normal
2026-10-03 20:13:41,F3,72.711,0.0,2.445,57.494,9.946,normal
2026-10-03 20:14:41,F3,55.904,0.046,4.144,58.473,6.851,normal
2026-10-03 20:15:41,F3,63.887,0.068,4.988,39.004,9.257,normal
2026-10-03 20:16:41,F3,63.006,0.012,3.226,48.477,7.377,normal
2026-10-03 20:17:41,F3,70.138,0.0,3.484,46.852,7.155,normal
2026-10-03 20:18:41,F3,63.672,0.0,2.27,37.932,7.151,normal
2026-10-03 20:19:41,F3,61.673,0.225,2.879,53.294,8.077,normal
2026-10-03 20:20:41,F3,71.577,0.0,3.646,59.636,7.604,normal
2026-10-03 20:21:41,F3,56.095,0.0,1.645,53.386,9.979,normal
2026-10-03 20:22:41,F3,64.491,0.0,2.689,49.153,9.726,normal
2026-10-03 20:23:41,F3,65.975,0.0,3.179,41.584,8.788,normal
2026-10-03 20:24:41,F3,76.554,0.0,2.87,55.369,9.083,normal
2026-10-03 20:25:41,F3,69.314,0.0,3.99,56.388,8.443,normal
2026-10-03 20:26:41,F3,76.32,0.006,2.663,44.49,5.591,normal
2026-10-03 20:27:41,F3,65.032,0.02,3.698,51.335,4.897,normal
2026-10-03 20:28:41,F3,66.167,0.126,3.566,41.937,6.133,normal
2026-10-03 20:29:41,F3,69.597,0.03,3.282,42.774,8.93,normal
2026-10-03 20:30:41,F3,69.382,0.077,3.034,43.138,9.091,normal
2026-10-03 20:31:41,F3,80.115,0.032,4.379,38.746,3.492,normal
2026-10-03 20:32:41,F3,63.324,0.041,2.187,50.988,8.262,normal
2026-10-03 20:33:41,F3,74.226,0.0,2.32,59.613,4.804,normal
2026-10-03 20:34:41,F3,60.013,0.0,3.947,55.26,5.424,normal
2026-10-03 20:35:41,F3,67.63,0.0,3.686,53.871,10.903,normal
2026-10-03 20:36:41,F3,66.985,0.0,2.759,51.082,6.35,normal
2026-10-03 20:37:41,F3,58.375,0.0,4.026,43.41,4.992,normal
2026-10-03 20:38:41,F3,76.93,0.043,3.779,45.945,8.344,normal
2026-10-03 20:39:41,F3,72.085,0.0,3.65,47.097,7.507,normal
2026-10-03 20:40:41,F3,54.504,0.0,2.696,48.79,8.24,normal
2026-10-03 20:41:41,F3,79.135,0.0,2.336,39.742,8.052,normal
2026-10-03 20:42:41,F3,68.727,0.066,1.171,39.274,8.745,normal
2026-10-03 20:43:41,F3,67.521,0.0,2.753,40.5,7.536,normal
2026-10-03 20:44:41,F3,60.791,0.003,3.729,50.462,8.63,normal
2026-10-03 20:45:41,F3,73.852,0.0,2.405,57.201,7.358,normal
2026-10-03 20:46:41,F3,70.981,0.0,3.171,44.019,8.779,normal
2026-10-03 20:47:41,F3,68.512,0.0,3.277,38.759,9.053,normal
2026-10-03 20:48:41,F3,63.391,0.0,2.85,45.914,8.636,normal
2026-10-03 20:49:41,F3,75.385,0.0,5.054,56.016,5.07,normal
2026-10-03 20:50:41,F3,55.342,0.0,2.541,57.931,9.945,normal
2026-10-03 20:51:41,F3,61.145,0.0,2.092,29.869,9.771,normal
2026-10-03 20:52:41,F3,67.489,0.126,2.227,52.822,8.309,normal
2026-10-03 20:53:41,F3,59.459,0.0,3.57,57.261,8.723,normal
2026-10-03 20:54:41,F3,63.126,0.269,2.588,32.67,5.895,normal
2026-10-03 20:55:41,F3,71.255,0.0,3.227,53.673,8.596,normal
2026-10-03 20:56:41,F3,67.77,0.0,3.574,46.916,6.818,normal
2026-10-03 20:57:41,F3,51.603,0.207,2.977,47.536,7.775,normal
2026-10-03 20:58:41,F3,72.755,0.0,3.619,54.761,8.07,normal
2026-10-03 20:59:41,F3,67.439,0.0,2.47,52.658,8.256,normal
2026-10-03 21:00:41,F3,62.095,0.0,2.568,49.58,7.983,normal
2026-10-03 21:01:41,F3,67.243,0.0,3.692,41.62,7.754,normal
2026-10-03 21:02:41,F3,65.893,0.0,3.512,43.195,6.063,normal
2026-10-03 21:03:41,F3,79.96,0.0,2.364,61.723,5.595,normal
2026-10-03 21:04:41,F3,58.483,0.0,2.528,51.528,10.318,normal
2026-10-03 21:05:41,F3,77.81,0.077,2.28,52.621,10.625,normal
2026-10-03 21:06:41,F3,63.583,0.0,2.117,40.191,6.623,normal
2026-10-03 21:07:41,F3,62.488,0.0,3.894,36.888,8.45,normal
2026-10-03 21:08:41,F3,50.464,0.0,4.459,44.872,7.188,normal
2026-10-03 21:09:41,F3,77.627,0.0,4.303,46.532,6.481,normal
2026-10-03 21:10:41,F3,56.797,0.227,3.842,43.502,8.213,normal
2026-10-03 21:11:41,F3,75.477,0.0,2.581,50.59,6.498,normal
2026-10-03 21:12:41,F3,72.66,0.0,2.361,49.624,9.145,normal
2026-10-03 21:13:41,F3,79.384,0.0,2.777,48.967,8.011,normal
2026-10-03 21:14:41,F3,65.707,0.013,3.059,56.128,7.439,normal
2026-10-03 21:15:41,F3,63.963,0.0,2.995,42.105,8.559,normal
2026-10-03 21:16:41,F3,59.168,0.0,3.415,46.01,5.532,normal
2026-10-03 21:17:41,F3,70.145,0.0,2.782,51.391,5.544,normal
2026-10-03 21:18:41,F3,72.833,0.0,3.788,46.919,7.764,normal
2026-10-03 21:19:41,F3,73.668,0.012,3.079,36.658,8.989,normal
2026-10-03 21:20:41,F3,78.909,0.0,0.745,51.588,9.494,normal
2026-10-03 21:21:41,F3,63.245,0.275,2.955,42.399,7.732,normal
2026-10-03 21:22:41,F3,60.786,0.187,3.26,55.122,7.639,normal
2026-10-03 21:23:41,F3,59.241,0.0,2.712,50.498,6.44,normal
2026-10-03 21:24:41,F3,55.487,0.0,2.812,51.469,4.79,normal
2026-10-03 21:25:41,F3,67.636,0.161,2.989,50.766,7.524,normal
2026-10-03 21:26:41,F3,71.678,0.0,3.377,41.757,10.181,normal
2026-10-03 21:27:41,F3,80.219,0.0,3.05,49.66,6.975,normal
2026-10-03 21:28:41,F3,64.272,0.0,3.382,50.02,8.344,normal
2026-10-03 21:29:41,F3,66.476,0.0,3.018,41.703,9.0,normal
2026-10-03 21:30:41,F3,68.719,0.0,2.924,44.831,9.472,normal
2026-10-03 21:31:41,F3,74.221,0.0,2.604,52.589,5.193,normal
2026-10-03 21:32:41,F3,70.276,0.0,4.293,43.122,6.482,normal
2026-10-03 21:33:41,F3,69.944,0.0,2.561,51.179,9.025,normal
2026-10-03 21:34:41,F3,72.774,0.172,1.967,41.892,8.673,normal
2026-10-03 21:35:41,F3,73.119,0.0,3.03,46.185,10.031,normal
2026-10-03 21:36:41,F3,61.458,0.0,3.108,45.658,7.079,normal
2026-10-03 21:37:41,F3,57.827,0.0,2.787,51.45,8.946,normal
2026-10-03 21:38:41,F3,64.153,0.0,3.735,46.679,8.017,normal
2026-10-03 21:39:41,F3,67.88,0.129,3.233,35.255,9.671,normal
2026-10-03 21:40:41,F3,75.681,0.0,3.424,50.336,6.729,normal
2026-10-03 21:41:41,F3,61.745,0.0,2.774,46.397,9.923,normal
2026-10-03 21:42:41,F3,63.898,0.0,2.101,47.964,7.6,normal
2026-10-03 21:43:41,F3,72.276,0.0,3.672,52.868,8.288,normal
2026-10-03 21:44:41,F3,64.576,0.0,2.734,45.583,7.818,normal
2026-10-03 21:45:41,F3,65.763,0.175,2.086,47.222,6.133,normal
2026-10-03 21:46:41,F3,65.864,0.043,3.226,43.088,7.992,normal
2026-10-03 21:47:41,F3,73.224,0.0,3.069,36.063,7.108,normal
2026-10-03 21:48:41,F3,74.446,0.0,3.901,42.787,6.866,normal
2026-10-03 21:49:41,F3,68.065,0.0,2.884,42.063,8.836,normal
2026-10-03 21:50:41,F3,71.657,0.0,3.08,55.109,5.18,normal
2026-10-03 21:51:41,F3,61.115,0.0,3.519,49.729,7.775,normal
2026-10-03 21:52:41,F3,72.103,0.0,3.4,38.496,6.246,normal
2026-10-03 21:53:41,F3,52.796,0.191,2.501,41.935,5.324,normal
2026-10-03 21:54:41,F3,76.533,0.0,3.814,48.682,5.022,normal
2026-10-03 21:55:41,F3,64.708,0.0,2.574,45.828,6.298,normal
2026-10-03 21:56:41,F3,62.175,0.158,3.783,40.062,8.745,normal
2026-10-03 21:57:41,F3,78.433,0.23,2.934,51.93,9.493,normal
2026-10-03 21:58:41,F3,60.54,0.0,3.957,45.888,5.552,normal
2026-10-03 21:59:41,F3,79.512,0.295,1.81,53.342,10.853,normal
2026-10-03 22:00:41,F3,70.042,0.0,3.096,40.846,6.103,normal
2026-10-03 22:01:41,F3,57.241,0.0,3.435,52.266,7.205,normal
2026-10-03 22:02:41,F3,67.81,0.012,2.845,20.612,6.833,normal
2026-10-03 22:03:41,F3,65.668,0.0,3.427,56.64,8.045,normal
2026-10-03 22:04:41,F3,79.204,0.0,3.435,46.576,6.265,normal
2026-10-03 22:05:41,F3,76.834,0.075,3.014,50.969,6.206,normal
2026-10-03 22:06:41,F3,60.726,0.0,2.917,45.067,8.655,normal
2026-10-03 22:07:41,F3,65.33,0.147,2.915,46.026,8.241,normal
2026-10-03 22:08:41,F3,89.87,0.0,3.491,44.44,6.156,normal
2026-10-03 22:09:41,F3,74.436,0.129,4.442,44.623,8.063,normal
2026-10-03 22:10:41,F3,73.711,0.0,1.616,37.563,6.107,normal
2026-10-03 22:11:41,F3,58.931,0.0,2.483,54.567,7.697,normal
2026-10-03 22:12:41,F3,66.401,0.004,2.135,36.717,5.92,normal
2026-10-03 22:13:41,F3,64.234,0.0,1.362,52.142,4.55,normal
2026-10-03 22:14:41,F3,80.786,0.0,4.022,48.3,8.049,normal
2026-10-03 22:15:41,F3,61.753,0.0,3.317,37.275,6.784,normal
2026-10-03 22:16:41,F3,56.652,0.339,4.246,62.505,6.067,normal
2026-10-03 22:17:41,F3,67.906,0.0,3.538,29.051,9.377,normal
2026-10-03 22:18:41,F3,46.24,0.0,1.827,43.771,7.245,normal
2026-10-03 22:19:41,F3,78.345,0.0,3.535,37.711,9.402,normal
2026-10-03 22:20:41,F3,56.762,0.0,2.331,37.927,8.091,normal
2026-10-03 22:21:41,F3,58.398,0.0,2.317,52.291,7.38,normal
2026-10-03 22:22:41,F3,61.038,0.0,2.006,46.587,8.171,normal
2026-10-03 22:23:41,F3,75.554,0.0,2.372,41.839,7.313,normal
2026-10-03 22:24:41,F3,63.498,0.0,1.673,58.897,7.692,normal
2026-10-03 22:25:41,F3,53.374,0.0,3.498,51.585,9.485,normal
2026-10-03 22:26:41,F3,64.802,0.0,3.569,47.584,7.765,normal
2026-10-03 22:27:41,F3,51.121,0.0,4.118,49.221,7.215,normal
2026-10-03 22:28:41,F3,85.388,0.0,2.252,38.373,7.881,normal
2026-10-03 22:29:41,F3,57.156,0.0,1.958,43.99,7.669,normal
2026-10-03 22:30:41,F3,71.859,0.0,3.218,35.925,7.592,normal
2026-10-03 22:31:41,F3,88.053,0.0,3.831,53.79,6.793,normal
2026-10-03 22:32:41,F3,69.515,0.0,2.316,39.73,12.203,normal
2026-10-03 22:33:41,F3,69.814,0.066,2.005,30.404,7.966,normal
2026-10-03 22:34:41,F3,69.912,0.0,3.686,46.753,8.372,normal
2026-10-03 22:35:41,F3,59.002,0.0,3.137,59.93,9.506,normal
2026-10-03 22:36:41,F3,56.271,0.0,3.955,52.852,9.783,normal
2026-10-03 22:37:41,F3,76.047,0.0,1.754,38.302,6.631,normal
2026-10-03 22:38:41,F3,70.218,0.054,2.215,43.773,7.351,normal
2026-10-03 22:39:41,F3,74.945,0.086,2.047,46.023,7.751,normal
2026-10-03 22:40:41,F3,64.537,0.056,2.548,47.977,5.426,normal
2026-10-03 22:41:41,F3,58.628,0.0,3.816,41.108,7.409,normal
2026-10-03 22:42:41,F3,70.053,0.0,2.223,37.777,7.298,normal
2026-10-03 22:43:41,F3,51.912,0.0,2.987,41.877,5.466,normal
2026-10-03 22:44:41,F3,56.861,0.0,2.94,44.119,8.864,normal
2026-10-03 22:45:41,F3,64.412,0.0,1.721,41.787,8.67,normal
2026-10-03 22:46:41,F3,64.996,0.0,2.91,46.255,7.441,normal
2026-10-03 22:47:41,F3,64.729,0.0,2.747,52.18,8.846,normal
2026-10-03 22:48:41,F3,62.228,0.0,1.104,45.029,7.401,normal
2026-10-03 22:49:41,F3,57.289,0.0,3.345,34.771,9.879,normal
2026-10-03 22:50:41,F3,70.625,0.0,2.712,38.988,9.61,normal
2026-10-03 22:51:41,F3,68.015,0.0,2.671,49.556,8.992,normal
2026-10-03 22:52:41,F3,71.708,0.0,2.233,42.47,7.345,normal
2026-10-03 22:53:41,F3,81.52,0.074,3.247,46.573,7.627,normal
2026-10-03 22:54:41,F3,66.261,0.0,3.88,48.876,9.433,normal
2026-10-03 22:55:41,F3,68.79,0.0,3.816,46.26,9.108,normal
2026-10-03 22:56:41,F3,64.553,0.0,3.139,37.538,4.957,normal
2026-10-03 22:57:41,F3,71.728,0.0,3.723,53.832,9.44,normal
2026-10-03 22:58:41,F3,55.682,0.0,3.672,43.318,5.526,normal
2026-10-03 22:59:41,F3,73.56,0.0,2.792,54.8,10.501,normal
2026-10-03 23:00:41,F3,60.323,0.0,2.0,51.231,7.649,normal
2026-10-03 23:01:41,F3,69.184,0.0,3.85,34.373,7.462,normal
2026-10-03 23:02:41,F3,63.944,0.0,2.166,51.614,8.91,normal
2026-10-03 23:03:41,F3,69.378,0.05,3.28,55.523,6.708,normal
2026-10-03 23:04:41,F3,64.691,0.0,3.507,51.962,8.009,normal
2026-10-03 23:05:41,F3,68.113,0.0,3.375,43.383,6.845,normal
2026-10-03 23:06:41,F3,65.041,0.0,4.595,60.497,6.354,normal
2026-10-03 23:07:41,F3,56.275,0.0,2.213,43.695,4.721,normal
2026-10-03 23:08:41,F3,80.802,0.324,2.957,41.501,5.491,normal
2026-10-03 23:09:41,F3,80.857,0.0,3.003,43.786,8.613,normal
2026-10-03 23:10:41,F3,72.329,0.068,3.925,46.623,5.448,normal
2026-10-03 23:11:41,F3,78.137,0.0,3.192,48.124,6.736,normal
2026-10-03 23:12:41,F3,71.963,0.0,4.021,36.576,6.827,normal
2026-10-03 23:13:41,F3,55.175,0.0,2.883,50.357,6.986,normal
2026-10-03 23:14:41,F3,55.559,0.0,3.311,49.695,6.013,normal
2026-10-03 23:15:41,F3,71.967,0.0,2.284,51.597,5.469,normal
2026-10-03 23:16:41,F3,64.988,0.0,3.263,49.055,8.901,normal
2026-10-03 23:17:41,F3,67.951,0.0,2.807,52.15,4.133,normal
2026-10-03 23:18:41,F3,78.321,0.0,3.426,43.332,7.797,normal
2026-10-03 23:19:41,F3,61.122,0.0,2.863,49.673,8.264,normal
2026-10-03 23:20:41,F3,79.529,0.0,0.0,51.646,7.587,normal
2026-10-03 23:21:41,F3,63.758,0.0,3.432,49.213,7.873,normal
2026-10-03 23:22:41,F3,73.901,0.0,1.732,39.522,5.732,normal
2026-10-03 23:23:41,F3,80.758,0.0,2.734,53.066,6.92,normal
2026-10-03 23:24:41,F3,47.918,0.0,3.161,45.308,9.028,normal
2026-10-03 23:25:41,F3,85.917,0.0,2.966,75.472,9.63,normal
2026-10-03 23:26:41,F3,60.237,0.0,3.189,49.494,8.592,normal
2026-10-03 23:27:41,F3,59.739,0.0,2.633,56.503,7.67,normal
2026-10-03 23:28:41,F3,54.336,0.0,2.852,42.355,6.055,normal
2026-10-03 23:29:41,F3,68.809,0.0,3.006,43.834,8.028,normal
2026-10-03 23:30:41,F3,72.187,0.0,3.849,42.189,7.534,normal
2026-10-03 23:31:41,F3,76.916,0.0,3.26,32.498,8.846,normal
2026-10-03 23:32:41,F3,67.361,0.0,3.092,48.084,4.418,normal
2026-10-03 23:33:41,F3,68.843,0.0,3.163,53.791,6.785,normal
2026-10-03 23:34:41,F3,77.775,0.012,2.731,44.668,10.796,normal
2026-10-03 23:35:41,F3,67.101,0.005,3.198,42.942,5.984,normal
2026-10-03 23:36:41,F3,65.801,0.0,3.661,42.303,5.665,normal
2026-10-03 23:37:41,F3,80.641,0.0,2.691,47.045,6.953,normal
2026-10-03 23:38:41,F3,66.407,0.0,3.489,46.36,8.85,normal
2026-10-03 23:39:41,F3,75.0,0.0,2.089,40.899,8.856,normal
2026-10-03 23:40:41,F3,69.108,0.0,4.615,50.049,7.49,normal
2026-10-03 23:41:41,F3,77.862,0.0,2.247,50.036,5.676,normal
2026-10-03 23:42:41,F3,67.884,0.013,3.345,49.982,8.542,normal
2026-10-03 23:43:41,F3,64.065,0.0,2.006,57.057,9.197,normal
2026-10-03 23:44:41,F3,71.904,0.0,3.164,44.223,5.224,normal
2026-10-03 23:45:41,F3,65.289,0.039,3.347,50.283,5.319,normal
2026-10-03 23:46:41,F3,60.17,0.0,2.158,48.234,3.798,normal
2026-10-03 23:47:41,F3,60.472,0.185,2.657,53.959,11.831,normal
2026-10-03 23:48:41,F3,75.304,0.0,3.944,51.498,8.753,normal
2026-10-03 23:49:41,F3,67.448,0.0,3.684,51.485,7.108,normal
2026-10-03 23:50:41,F3,80.949,0.0,1.94,42.533,9.546,normal
2026-10-03 23:51:41,F3,57.386,0.0,3.837,48.971,8.693,normal
2026-10-03 23:52:41,F3,63.056,0.191,2.847,52.894,6.102,normal
2026-10-03 23:53:41,F3,69.783,0.042,1.856,39.205,4.004,normal
2026-10-03 23:54:41,F3,49.98,0.0,2.84,36.356,6.138,normal
2026-10-03 23:55:41,F3,65.785,0.0,2.172,60.621,5.732,normal
2026-10-03 23:56:41,F3,77.319,0.056,3.49,49.429,6.562,normal
2026-10-03 23:57:41,F3,76.161,0.0,2.088,38.915,7.998,normal
2026-10-03 23:58:41,F3,72.258,0.0,2.707,43.362,8.235,normal
2026-10-03 23:59:41,F3,91.864,0.0,4.279,52.891,8.039,normal
2026-10-04 00:00:41,F3,69.261,0.0,2.825,56.928,7.672,normal
2026-10-04 00:01:41,F3,62.488,0.0,1.728,52.189,5.62,normal
2026-10-04 00:02:41,F3,45.502,0.0,2.446,49.891,9.73,normal
2026-10-04 00:03:41,F3,62.163,0.0,2.87,44.989,9.2,normal
2026-10-04 00:04:41,F3,58.022,0.0,1.265,48.516,7.235,normal
2026-10-04 00:05:41,F3,69.939,0.0,2.641,45.897,7.902,normal
2026-10-04 00:06:41,F3,74.076,0.0,2.445,42.158,7.268,normal
2026-10-04 00:07:41,F3,50.714,0.0,3.313,50.054,6.582,normal
2026-10-04 00:08:41,F3,72.426,0.0,1.575,49.221,7.809,normal
2026-10-04 00:09:41,F3,70.84,0.0,4.077,38.691,5.614,normal
2026-10-04 00:10:41,F3,59.392,0.0,2.319,40.889,8.242,normal
2026-10-04 00:11:41,F3,61.679,0.0,2.677,33.982,6.085,normal
2026-10-04 00:12:41,F3,66.95,0.0,2.465,42.054,8.963,normal
2026-10-04 00:13:41,F3,72.512,0.0,2.816,40.538,8.1,normal
2026-10-04 00:14:41,F3,66.359,0.0,2.59,40.251,8.863,normal
2026-10-04 00:15:41,F3,62.89,0.0,3.074,49.56,8.789,normal
2026-10-04 00:16:41,F3,58.746,0.093,2.794,34.774,7.306,normal
2026-10-04 00:17:41,F3,83.446,0.113,2.978,56.748,7.554,normal
2026-10-04 00:18:41,F3,67.427,0.0,3.842,38.469,6.65,normal
2026-10-04 00:19:41,F3,56.566,0.0,2.895,49.79,6.323,normal
2026-10-04 00:20:41,F3,79.603,0.0,2.33,57.412,6.272,normal
2026-10-04 00:21:41,F3,45.898,0.0,0.699,48.012,6.672,normal
2026-10-04 00:22:41,F3,68.515,0.0,2.791,46.131,7.434,normal
2026-10-04 00:23:41,F3,77.323,0.0,3.262,39.975,5.551,normal
2026-10-04 00:24:41,F3,47.515,0.0,2.986,40.561,7.899,normal
2026-10-04 00:25:41,F3,83.054,0.0,1.8,37.258,11.096,normal
2026-10-04 00:26:41,F3,75.343,0.0,3.352,41.281,7.755,normal
2026-10-04 00:27:41,F3,61.158,0.0,2.601,50.069,7.955,normal
2026-10-04 00:28:41,F3,66.883,0.0,3.481,55.605,6.145,normal
2026-10-04 00:29:41,F3,58.931,0.0,1.982,48.972,10.666,normal
2026-10-04 00:30:41,F3,75.85,0.029,3.725,43.714,6.077,normal
2026-10-04 00:31:41,F3,75.355,0.0,2.464,39.492,9.448,normal
2026-10-04 00:32:41,F3,75.124,0.0,2.198,41.1,8.415,normal
2026-10-04 00:33:41,F3,72.13,0.0,3.089,44.57,9.16,normal
2026-10-04 00:34:41,F3,74.574,0.0,3.201,47.422,2.796,normal
2026-10-04 00:35:41,F3,75.436,0.106,3.09,52.826,10.109,normal
2026-10-04 00:36:41,F3,60.997,0.028,3.265,51.175,6.776,normal
2026-10-04 00:37:41,F3,64.972,0.0,2.856,47.666,6.853,normal
2026-10-04 00:38:41,F3,55.213,0.0,1.3,44.134,5.258,normal
2026-10-04 00:39:41,F3,70.545,0.0,2.941,39.487,7.504,normal
2026-10-04 00:40:41,F3,59.408,0.0,4.202,47.284,8.611,normal
2026-10-04 00:41:41,F3,61.018,0.0,2.821,53.999,9.959,normal
2026-10-04 00:42:41,F3,60.644,0.0,2.111,55.199,6.293,normal
2026-10-04 00:43:41,F3,68.539,0.047,4.684,50.419,8.462,normal
2026-10-04 00:44:41,F3,63.09,0.0,2.86,63.317,7.077,normal
2026-10-04 00:45:41,F3,85.817,0.0,2.68,42.085,6.822,normal
2026-10-04 00:46:41,F3,46.229,0.0,0.763,48.203,10.408,normal
2026-10-04 00:47:41,F3,67.925,0.0,2.519,41.857,7.987,normal
2026-10-04 00:48:41,F3,75.762,0.0,3.273,46.637,7.065,normal
2026-10-04 00:49:41,F3,66.476,0.0,2.169,62.199,8.796,normal
2026-10-04 00:50:41,F3,62.969,0.0,3.588,47.038,6.445,normal
2026-10-04 00:51:41,F3,72.03,0.0,1.778,48.665,6.988,normal
2026-10-04 00:52:41,F3,60.491,0.0,1.806,55.073,6.943,normal
2026-10-04 00:53:41,F3,67.893,0.0,2.698,43.836,7.269,normal
2026-10-04 00:54:41,F3,63.847,0.0,3.41,39.827,9.177,normal
2026-10-04 00:55:41,F3,80.586,0.0,2.505,42.647,7.271,normal
2026-10-04 00:56:41,F3,63.223,0.0,3.003,60.962,6.435,normal
2026-10-04 00:57:41,F3,65.931,0.0,2.552,43.893,8.749,normal
2026-10-04 00:58:41,F3,73.219,0.0,3.055,44.185,5.555,normal
2026-10-04 00:59:41,F3,51.833,0.0,3.939,44.757,6.177,normal
2026-10-04 01:00:41,F3,61.14,0.007,1.475,46.268,4.401,normal
2026-10-04 01:01:41,F3,61.338,0.0,2.41,39.053,8.666,normal
2026-10-04 01:02:41,F3,59.495,0.28,1.886,49.594,8.414,normal
2026-10-04 01:03:41,F3,71.705,0.0,2.59,38.791,4.443,normal
2026-10-04 01:04:41,F3,64.099,0.0,3.208,37.58,4.753,normal
2026-10-04 01:05:41,F3,82.119,0.176,2.858,44.763,6.46,normal
2026-10-04 01:06:41,F3,88.64,0.0,2.104,51.174,5.738,normal
2026-10-04 01:07:41,F3,62.667,0.0,3.707,53.228,6.329,normal
2026-10-04 01:08:41,F3,79.404,0.0,1.994,41.318,6.597,normal
2026-10-04 01:09:41,F3,58.115,0.0,2.83,39.497,6.082,normal
2026-10-04 01:10:41,F3,80.381,0.0,2.572,47.426,5.888,normal
2026-10-04 01:11:41,F3,77.284,0.0,2.862,54.783,6.164,normal
2026-10-04 01:12:41,F3,66.916,0.0,3.652,61.551,7.701,normal
2026-10-04 01:13:41,F3,70.548,0.0,3.597,46.875,9.498,normal
2026-10-04 01:14:41,F3,60.304,0.0,2.9,40.221,6.337,normal
2026-10-04 01:15:41,F3,57.161,0.0,3.26,43.811,4.443,normal
2026-10-04 01:16:41,F3,60.279,0.0,2.606,47.18,6.655,normal
2026-10-04 01:17:41,F3,72.284,0.0,1.674,50.825,5.729,normal
2026-10-04 01:18:41,F3,81.758,0.0,2.217,47.768,4.705,normal
2026-10-04 01:19:41,F3,68.497,0.0,1.398,52.538,5.726,normal
2026-10-04 01:20:41,F3,66.561,0.0,2.681,52.824,9.88,normal
2026-10-04 01:21:41,F3,79.075,0.0,3.031,40.018,7.649,normal
2026-10-04 01:22:41,F3,58.526,0.0,3.021,41.838,6.259,normal
2026-10-04 01:23:41,F3,52.978,0.0,3.342,53.991,8.213,normal
2026-10-04 01:24:41,F3,61.522,0.038,3.97,39.017,10.143,normal
2026-10-04 01:25:41,F3,51.638,0.0,2.927,50.057,2.963,normal
2026-10-04 01:26:41,F3,54.316,0.0,2.016,49.389,8.325,normal
2026-10-04 01:27:41,F3,65.032,0.0,2.75,44.123,6.448,normal
2026-10-04 01:28:41,F3,63.895,0.0,3.168,53.084,8.878,normal
2026-10-04 01:29:41,F3,76.045,0.0,1.793,48.907,5.243,normal
2026-10-04 01:30:41,F3,66.504,0.0,2.119,45.695,9.071,normal
2026-10-04 01:31:41,F3,62.187,0.0,2.672,42.426,9.724,normal
2026-10-04 01:32:41,F3,86.954,0.0,2.117,40.284,7.76,normal
2026-10-04 01:33:41,F3,58.633,0.0,0.745,42.912,9.786,normal
2026-10-04 01:34:41,F3,68.856,0.0,3.446,43.243,11.043,normal
2026-10-04 01:35:41,F3,65.213,0.0,3.155,47.264,8.718,normal
2026-10-04 01:36:41,F3,73.075,0.0,2.564,54.161,10.507,normal
2026-10-04 01:37:41,F3,61.885,0.0,2.554,36.824,7.167,normal
2026-10-04 01:38:41,F3,72.666,0.0,2.888,51.623,1.485,normal
2026-10-04 01:39:41,F3,74.902,0.0,2.736,48.346,7.41,normal
2026-10-04 01:40:41,F3,69.811,0.0,2.541,48.885,5.708,normal
2026-10-04 01:41:41,F3,66.428,0.0,2.787,41.555,6.319,normal
2026-10-04 01:42:41,F3,63.364,0.0,2.583,45.471,8.427,normal
2026-10-04 01:43:41,F3,77.441,0.052,4.038,40.101,4.992,normal
2026-10-04 01:44:41,F3,63.742,0.0,2.255,50.505,5.561,normal
2026-10-04 01:45:41,F3,46.262,0.0,3.213,52.614,8.059,normal
2026-10-04 01:46:41,F3,83.817,0.0,2.723,51.638,8.218,normal
2026-10-04 01:47:41,F3,54.792,0.0,2.86,52.024,7.505,normal
2026-10-04 01:48:41,F3,55.288,0.0,3.595,38.929,3.426,normal
2026-10-04 01:49:41,F3,75.682,0.0,1.302,50.287,7.316,normal
2026-10-04 01:50:41,F3,60.694,0.0,3.785,51.809,6.572,normal
2026-10-04 01:51:41,F3,60.717,0.0,4.496,46.394,8.889,normal
2026-10-04 01:52:41,F3,72.344,0.637,2.67,51.439,4.137,normal
2026-10-04 01:53:41,F3,74.793,0.0,3.741,44.506,7.687,normal
2026-10-04 01:54:41,F3,75.948,0.0,2.303,43.366,5.397,normal
2026-10-04 01:55:41,F3,74.508,0.0,3.135,49.87,8.328,normal
2026-10-04 01:56:41,F3,58.843,0.0,2.858,54.654,6.398,normal
2026-10-04 01:57:41,F3,56.884,0.142,3.149,42.931,9.287,normal
2026-10-04 01:58:41,F3,73.605,0.0,2.065,40.686,4.234,normal
2026-10-04 01:59:41,F3,51.867,0.0,2.705,49.27,8.774,normal
2026-10-04 02:00:41,F3,54.361,0.0,3.869,53.077,6.695,normal
2026-10-04 02:01:41,F3,74.981,0.077,2.734,60.434,9.494,normal
2026-10-04 02:02:41,F3,70.141,0.0,1.445,45.437,7.884,normal
2026-10-04 02:03:41,F3,62.379,0.0,3.06,47.162,6.112,normal
2026-10-04 02:04:41,F3,65.796,0.0,2.72,39.245,6.415,normal
2026-10-04 02:05:41,F3,71.761,0.069,3.816,47.677,9.691,normal
2026-10-04 02:06:41,F3,35.316,0.0,1.769,51.754,10.924,normal
2026-10-04 02:07:41,F3,53.2,0.0,3.893,51.102,5.157,normal
2026-10-04 02:08:41,F3,57.593,0.0,2.829,47.199,5.196,normal
2026-10-04 02:09:41,F3,57.154,0.0,3.551,101.301,8.561,normal
2026-10-04 02:10:41,F3,62.548,0.0,2.877,40.859,7.338,normal
2026-10-04 02:11:41,F3,56.536,0.0,2.533,43.857,5.274,normal
2026-10-04 02:12:41,F3,77.875,0.104,4.412,45.47,7.737,normal
2026-10-04 02:13:41,F3,62.425,0.0,3.625,37.756,8.843,normal
2026-10-04 02:14:41,F3,58.944,0.0,3.018,29.935,7.225,normal
2026-10-04 02:15:41,F3,79.967,0.0,2.007,48.395,7.869,normal
2026-10-04 02:16:41,F3,67.187,0.0,3.013,51.864,9.241,normal
2026-10-04 02:17:41,F3,64.543,0.0,3.629,53.994,8.728,normal
2026-10-04 02:18:41,F3,67.306,0.0,2.165,50.488,6.078,normal
2026-10-04 02:19:41,F3,65.547,0.0,2.952,54.861,8.736,normal
2026-10-04 02:20:41,F3,63.926,0.0,3.391,55.835,12.45,normal
2026-10-04 02:21:41,F3,64.808,0.0,2.359,49.698,7.081,normal
2026-10-04 02:22:41,F3,76.249,0.0,2.939,50.115,5.457,normal
2026-10-04 02:23:41,F3,71.172,0.0,3.873,45.046,9.665,normal
2026-10-04 02:24:41,F3,58.548,0.0,3.072,44.67,7.64,normal
2026-10-04 02:25:41,F3,62.223,0.0,2.556,37.842,7.104,normal
2026-10-04 02:26:41,F3,84.721,0.0,3.097,48.847,8.127,normal
2026-10-04 02:27:41,F3,65.278,0.0,2.494,44.914,7.39,normal
2026-10-04 02:28:41,F3,67.74,0.0,2.574,56.141,6.069,normal
2026-10-04 02:29:41,F3,56.613,0.0,2.457,39.763,3.471,normal
2026-10-04 02:30:41,F3,57.266,0.0,2.743,50.948,9.484,normal
2026-10-04 02:31:41,F3,63.681,0.0,2.493,51.967,5.885,normal
2026-10-04 02:32:41,F3,53.82,0.0,1.683,39.773,8.366,normal
2026-10-04 02:33:41,F3,67.488,0.0,3.052,44.001,9.069,normal
2026-10-04 02:34:41,F3,74.813,0.0,1.968,55.859,6.892,normal
2026-10-04 02:35:41,F3,68.328,0.0,2.132,45.879,7.732,normal
2026-10-04 02:36:41,F3,60.49,0.097,1.646,46.542,7.742,normal
2026-10-04 02:37:41,F3,73.166,0.0,2.447,33.766,7.628,normal
2026-10-04 02:38:41,F3,82.329,0.0,3.073,42.227,6.614,normal
2026-10-04 02:39:41,F3,62.588,0.0,2.036,46.28,5.947,normal
2026-10-04 02:40:41,F3,71.032,0.0,3.693,40.544,5.738,normal
2026-10-04 02:41:41,F3,76.386,0.0,2.09,54.146,7.645,normal
2026-10-04 02:42:41,F3,66.084,0.0,3.301,50.409,7.812,normal
2026-10-04 02:43:41,F3,74.255,0.0,2.616,43.014,10.048,normal
2026-10-04 02:44:41,F3,61.595,0.0,2.489,43.149,8.159,normal
2026-10-04 02:45:41,F3,52.92,0.0,1.861,45.738,6.643,normal
2026-10-04 02:46:41,F3,65.861,0.0,2.824,42.772,5.257,normal
2026-10-04 02:47:41,F3,68.235,0.0,2.173,47.104,5.449,normal
2026-10-04 02:48:41,F3,71.763,0.0,2.529,54.595,7.828,normal
2026-10-04 02:49:41,F3,60.904,0.0,2.401,44.667,6.972,normal
2026-10-04 02:50:41,F3,70.474,0.0,2.15,47.636,9.553,normal
2026-10-04 02:51:41,F3,71.635,0.0,2.685,56.889,5.693,normal
2026-10-04 02:52:41,F3,75.894,0.0,1.708,42.312,7.715,normal
2026-10-04 02:53:41,F3,64.991,0.0,3.35,53.501,8.387,normal
2026-10-04 02:54:41,F3,58.9,0.0,3.07,35.277,7.859,normal
2026-10-04 02:55:41,F3,62.292,0.0,1.738,52.77,7.517,normal
2026-10-04 02:56:41,F3,60.367,0.0,2.799,54.085,6.283,normal
2026-10-04 02:57:41,F3,77.829,0.0,2.026,47.146,5.241,normal
2026-10-04 02:58:41,F3,74.287,0.0,3.341,48.725,7.272,normal
2026-10-04 02:59:41,F3,66.056,0.0,2.661,52.988,5.521,normal
2026-10-04 03:00:41,F3,65.245,0.0,1.785,47.253,5.492,normal
2026-10-04 03:01:41,F3,69.602,0.0,2.153,46.799,7.298,normal
2026-10-04 03:02:41,F3,62.249,0.0,3.207,35.689,7.376,normal
2026-10-04 03:03:41,F3,58.136,0.0,3.27,47.723,7.809,normal
2026-10-04 03:04:41,F3,77.181,0.0,3.636,37.868,5.901,normal
2026-10-04 03:05:41,F3,55.131,0.0,2.345,50.375,6.934,normal
2026-10-04 03:06:41,F3,68.723,0.0,2.524,38.526,7.015,normal
2026-10-04 03:07:41,F3,79.632,0.0,2.303,47.442,7.499,normal
2026-10-04 03:08:41,F3,75.279,0.0,3.034,52.088,8.232,normal
2026-10-04 03:09:41,F3,64.335,0.0,2.387,45.97,8.548,normal
2026-10-04 03:10:41,F3,59.009,0.0,2.97,51.098,8.484,normal
2026-10-04 03:11:41,F3,60.222,0.0,3.906,46.668,5.755,normal
2026-10-04 03:12:41,F3,57.975,0.0,3.77,49.385,9.716,normal
2026-10-04 03:13:41,F3,51.792,0.0,2.697,36.345,6.657,normal
2026-10-04 03:14:41,F3,62.444,0.0,2.673,40.29,6.197,normal
2026-10-04 03:15:41,F3,77.441,0.0,3.881,45.633,7.586,normal
2026-10-04 03:16:41,F3,77.326,0.0,3.326,40.073,6.437,normal
2026-10-04 03:17:41,F3,78.697,0.0,2.627,59.829,9.022,normal
2026-10-04 03:18:41,F3,52.97,0.0,2.766,58.775,4.581,normal
2026-10-04 03:19:41,F3,77.882,0.0,3.354,44.818,5.535,normal
2026-10-04 03:20:41,F3,76.494,0.0,0.958,42.061,6.411,normal
2026-10-04 03:21:41,F3,64.572,0.0,3.613,42.723,4.818,normal
2026-10-04 03:22:41,F3,67.901,0.0,2.173,47.229,9.852,normal
2026-10-04 03:23:41,F3,70.701,0.0,2.284,45.796,6.971,normal
2026-10-04 03:24:41,F3,64.85,0.0,2.488,49.785,4.764,normal
2026-10-04 03:25:41,F3,78.986,0.0,3.709,63.327,9.425,normal
2026-10-04 03:26:41,F3,75.345,0.0,2.407,46.409,6.695,normal
2026-10-04 03:27:41,F3,66.96,0.0,2.258,48.892,8.237,normal
2026-10-04 03:28:41,F3,69.071,0.0,3.01,43.018,7.007,normal
2026-10-04 03:29:41,F3,50.722,0.0,3.469,49.372,6.274,normal
2026-10-04 03:30:41,F3,63.522,0.0,3.227,37.212,2.547,normal
2026-10-04 03:31:41,F3,52.986,0.0,0.87,43.548,8.386,normal
2026-10-04 03:32:41,F3,78.836,0.0,2.573,39.509,6.555,normal
2026-10-04 03:33:41,F3,79.291,0.0,1.148,51.49,5.701,normal
2026-10-04 03:34:41,F3,62.117,0.0,2.981,44.798,6.024,normal
2026-10-04 03:35:41,F3,65.459,0.0,1.927,49.222,7.648,normal
2026-10-04 03:36:41,F3,68.082,0.0,3.588,42.791,5.285,normal
2026-10-04 03:37:41,F3,66.767,0.0,2.978,35.076,7.153,normal
2026-10-04 03:38:41,F3,52.537,0.0,4.166,49.723,10.222,normal
2026-10-04 03:39:41,F3,81.218,0.0,1.867,42.882,6.461,normal
2026-10-04 03:40:41,F3,61.159,0.0,2.714,47.705,9.439,normal
2026-10-04 03:41:41,F3,66.991,0.0,2.719,48.018,5.443,normal
2026-10-04 03:42:41,F3,80.989,0.0,2.581,50.923,10.398,normal
2026-10-04 03:43:41,F3,58.992,0.0,1.566,51.328,5.62,normal
2026-10-04 03:44:41,F3,58.072,0.0,2.553,49.784,9.477,normal
2026-10-04 03:45:41,F3,68.852,0.0,3.561,38.063,9.487,normal
2026-10-04 03:46:41,F3,66.405,0.0,2.081,35.271,5.436,normal
2026-10-04 03:47:41,F3,69.907,0.0,3.274,40.641,8.865,normal
2026-10-04 03:48:41,F3,76.717,0.0,3.548,46.404,6.156,normal
2026-10-04 03:49:41,F3,75.076,0.0,3.691,57.324,7.757,normal
2026-10-04 03:50:41,F3,71.882,0.0,1.469,65.784,9.289,normal
2026-10-04 03:51:41,F3,66.543,0.0,2.514,48.55,8.923,normal
2026-10-04 03:52:41,F3,76.069,0.0,2.373,46.671,8.38,normal
2026-10-04 03:53:41,F3,72.916,0.0,3.064,54.983,8.209,normal
2026-10-04 03:54:41,F3,72.752,0.0,2.351,46.081,7.684,normal
2026-10-04 03:55:41,F3,67.455,0.0,1.521,55.128,6.504,normal
2026-10-04 03:56:41,F3,68.391,0.0,2.584,34.445,9.62,normal
2026-10-04 03:57:41,F3,53.761,0.0,2.478,34.077,7.484,normal
2026-10-04 03:58:41,F3,69.323,0.0,2.848,50.099,6.013,normal
2026-10-04 03:59:41,F3,74.116,0.0,2.294,54.636,7.125,normal
2026-10-04 04:00:41,F3,70.523,0.0,2.773,47.65,6.483,normal
2026-10-04 04:01:41,F3,70.537,0.0,3.05,52.702,8.721,normal
2026-10-04 04:02:41,F3,75.535,0.0,3.012,34.286,7.383,normal
2026-10-04 04:03:41,F3,61.72,0.0,1.96,45.246,4.521,normal
2026-10-04 04:04:41,F3,63.776,0.0,3.553,43.331,7.83,normal
2026-10-04 04:05:41,F3,60.273,0.0,3.367,40.601,10.948,normal
2026-10-04 04:06:41,F3,72.602,0.0,2.891,54.455,6.908,normal
2026-10-04 04:07:41,F3,72.84,0.05,4.403,47.503,6.329,normal
2026-10-04 04:08:41,F3,57.099,0.0,2.191,45.951,9.144,normal
2026-10-04 04:09:41,F3,66.266,0.0,3.13,53.979,5.584,normal
2026-10-04 04:10:41,F3,79.567,0.0,2.458,42.047,5.402,normal
2026-10-04 04:11:41,F3,70.402,0.0,2.534,59.023,7.933,normal
2026-10-04 04:12:41,F3,45.381,0.0,3.879,35.472,6.535,normal
2026-10-04 04:13:41,F3,75.192,0.0,2.607,42.698,4.083,normal
2026-10-04 04:14:41,F3,76.055,0.0,2.912,56.351,7.886,normal
2026-10-04 04:15:41,F3,54.35,0.0,3.339,51.608,7.973,normal
2026-10-04 04:16:41,F3,85.5,0.0,2.51,55.371,7.867,normal
2026-10-04 04:17:41,F3,77.062,0.0,2.392,48.186,10.349,normal
2026-10-04 04:18:41,F3,55.646,0.0,2.25,41.526,6.305,normal
2026-10-04 04:19:41,F3,74.344,0.0,4.466,37.372,7.648,normal
2026-10-04 04:20:41,F3,65.682,0.0,1.76,51.24,8.576,normal
2026-10-04 04:21:41,F3,68.661,0.0,2.329,55.033,10.348,normal
2026-10-04 04:22:41,F3,68.674,0.0,3.158,37.929,6.993,normal
2026-10-04 04:23:41,F3,65.917,0.0,1.859,49.574,8.058,normal
2026-10-04 04:24:41,F3,56.255,0.0,2.807,46.38,7.583,normal
2026-10-04 04:25:41,F3,82.927,0.0,2.184,54.707,8.891,normal
2026-10-04 04:26:41,F3,68.131,0.0,3.458,45.522,8.331,normal
2026-10-04 04:27:41,F3,75.43,0.0,2.246,46.019,7.066,normal
2026-10-04 04:28:41,F3,62.448,0.0,0.473,44.286,7.676,normal
2026-10-04 04:29:41,F3,66.241,0.0,2.509,38.928,11.931,normal
2026-10-04 04:30:41,F3,78.374,0.0,2.351,48.778,7.862,normal
2026-10-04 04:31:41,F3,72.999,0.0,3.735,47.628,8.227,normal
2026-10-04 04:32:41,F3,70.306,0.0,2.086,56.649,2.193,normal
2026-10-04 04:33:41,F3,65.29,0.0,2.807,39.612,7.442,normal
2026-10-04 04:34:41,F3,58.573,0.0,2.667,63.622,6.832,normal
2026-10-04 04:35:41,F3,69.128,0.0,3.469,56.989,5.022,normal
2026-10-04 04:36:41,F3,75.121,0.0,3.467,44.977,8.34,normal
2026-10-04 04:37:41,F3,60.329,0.146,2.273,53.727,4.354,normal
2026-10-04 04:38:41,F3,61.938,0.0,2.817,55.581,5.402,normal
2026-10-04 04:39:41,F3,63.133,0.0,1.975,29.674,4.788,normal
2026-10-04 04:40:41,F3,58.182,0.0,1.738,43.996,8.816,normal
2026-10-04 04:41:41,F3,74.19,0.0,2.675,43.23,9.207,normal
2026-10-04 04:42:41,F3,64.188,0.0,2.81,51.095,5.995,normal
2026-10-04 04:43:41,F3,80.638,0.0,3.323,52.352,9.132,normal
2026-10-04 04:44:41,F3,71.059,0.0,1.919,41.752,4.628,normal
2026-10-04 04:45:41,F3,65.6,0.0,2.737,53.103,7.873,normal
2026-10-04 04:46:41,F3,74.958,0.0,2.681,47.573,7.029,normal
2026-10-04 04:47:41,F3,65.159,0.0,2.84,42.527,7.211,normal
2026-10-04 04:48:41,F3,59.917,0.0,2.746,56.295,8.023,normal
2026-10-04 04:49:41,F3,60.37,0.0,1.845,40.119,7.067,normal
2026-10-04 04:50:41,F3,63.278,0.0,2.319,52.119,8.155,normal
2026-10-04 04:51:41,F3,58.287,0.0,2.966,45.952,6.983,normal
2026-10-04 04:52:41,F3,64.807,0.0,2.418,42.303,7.167,normal
2026-10-04 04:53:41,F3,66.292,0.0,3.388,41.541,9.116,normal
2026-10-04 04:54:41,F3,69.122,0.0,2.802,38.957,7.879,normal
2026-10-04 04:55:41,F3,61.841,0.0,1.674,52.723,8.715,normal
2026-10-04 04:56:41,F3,59.868,0.0,1.22,43.04,5.19,normal
2026-10-04 04:57:41,F3,84.868,0.0,3.502,42.32,7.67,normal
2026-10-04 04:58:41,F3,62.687,0.0,2.601,29.66,7.196,normal
2026-10-04 04:59:41,F3,78.19,0.0,3.447,43.611,8.094,normal
2026-10-04 05:00:41,F3,66.765,0.0,2.366,51.393,6.253,normal
2026-10-04 05:01:41,F3,73.749,0.0,2.943,49.115,8.042,normal
2026-10-04 05:02:41,F3,62.121,0.0,2.092,46.161,8.146,normal
2026-10-04 05:03:41,F3,66.958,0.0,2.653,50.153,5.995,normal
2026-10-04 05:04:41,F3,76.221,0.0,1.316,57.503,9.835,normal
2026-10-04 05:05:41,F3,61.958,0.0,2.072,47.191,8.953,normal
2026-10-04 05:06:41,F3,70.93,0.0,2.547,39.598,11.141,normal
2026-10-04 05:07:41,F3,69.528,0.0,2.955,54.327,8.951,normal
2026-10-04 05:08:41,F3,60.279,0.0,3.287,50.802,6.84,normal
2026-10-04 05:09:41,F3,68.126,0.0,2.055,44.934,4.447,normal
2026-10-04 05:10:41,F3,74.228,0.0,1.417,47.272,8.335,normal
2026-10-04 05:11:41,F3,49.664,0.0,2.517,55.775,9.461,normal
2026-10-04 05:12:41,F3,63.222,0.0,1.68,36.466,8.595,normal
2026-10-04 05:13:41,F3,77.694,0.0,3.036,45.231,6.386,normal
2026-10-04 05:14:41,F3,69.523,0.0,3.704,45.482,6.611,normal
2026-10-04 05:15:41,F3,74.036,0.0,1.763,41.519,10.344,normal
2026-10-04 05:16:41,F3,72.977,0.0,2.931,53.707,7.478,normal
2026-10-04 05:17:41,F3,77.853,0.0,1.64,35.356,9.062,normal
2026-10-04 05:18:41,F3,69.062,0.0,3.673,32.206,6.442,normal
2026-10-04 05:19:41,F3,68.063,0.0,2.212,43.589,7.135,normal
2026-10-04 05:20:41,F3,58.086,0.0,3.342,39.343,6.929,normal
2026-10-04 05:21:41,F3,61.08,0.0,2.009,38.66,7.275,normal
2026-10-04 05:22:41,F3,64.007,0.0,2.194,46.272,11.649,normal
2026-10-04 05:23:41,F3,84.414,0.0,3.628,37.342,5.185,normal
2026-10-04 05:24:41,F3,63.713,0.0,3.145,52.802,6.773,normal
2026-10-04 05:25:41,F3,72.186,0.0,3.603,54.897,6.084,normal
2026-10-04 05:26:41,F3,57.578,0.0,2.72,45.222,6.175,normal
2026-10-04 05:27:41,F3,85.859,0.0,3.522,35.998,8.358,normal
2026-10-04 05:28:41,F3,65.644,0.0,1.792,58.101,8.023,normal
2026-10-04 05:29:41,F3,69.668,0.0,2.047,51.366,3.785,normal
2026-10-04 05:30:41,F3,77.049,0.0,3.03,55.604,10.964,normal
2026-10-04 05:31:41,F3,62.804,0.0,3.742,54.661,5.54,normal
2026-10-04 05:32:41,F3,67.194,0.0,2.3,41.389,8.507,normal
2026-10-04 05:33:41,F3,72.07,0.0,3.886,49.984,6.093,normal
2026-10-04 05:34:41,F3,65.502,0.0,2.706,47.291,6.196,normal
2026-10-04 05:35:41,F3,62.047,0.0,0.513,42.554,6.045,normal
2026-10-04 05:36:41,F3,71.31,0.0,3.611,41.456,7.754,normal
2026-10-04 05:37:41,F3,65.558,0.0,3.027,46.604,7.274,normal
2026-10-04 05:38:41,F3,64.308,0.0,3.825,40.961,11.648,normal
2026-10-04 05:39:41,F3,67.326,0.0,2.154,57.408,8.558,normal
2026-10-04 05:40:41,F3,78.025,0.0,4.008,52.948,8.451,normal
2026-10-04 05:41:41,F3,63.507,0.0,3.02,39.288,4.782,normal
2026-10-04 05:42:41,F3,77.817,0.0,2.193,45.937,8.243,normal
2026-10-04 05:43:41,F3,64.089,0.0,2.037,45.389,9.24,normal
2026-10-04 05:44:41,F3,65.883,0.0,2.188,38.669,10.041,normal
2026-10-04 05:45:41,F3,62.342,0.0,3.496,42.253,6.865,normal
2026-10-04 05:46:41,F3,62.723,0.0,2.881,46.516,8.445,normal
2026-10-04 05:47:41,F3,70.536,0.0,2.273,49.136,5.293,normal
2026-10-04 05:48:41,F3,56.946,0.0,2.673,54.791,4.332,normal
2026-10-04 05:49:41,F3,63.822,0.0,3.103,47.411,8.562,normal
2026-10-04 05:50:41,F3,61.707,0.0,2.464,41.276,4.208,normal
2026-10-04 05:51:41,F3,65.783,0.0,2.97,58.63,10.843,normal
2026-10-04 05:52:41,F3,65.982,0.0,2.83,54.635,5.475,normal
2026-10-04 05:53:41,F3,69.074,0.0,1.984,51.753,4.561,normal
2026-10-04 05:54:41,F3,69.963,0.0,1.078,47.711,8.339,normal
2026-10-04 05:55:41,F3,66.66,0.0,3.333,38.516,8.727,normal
2026-10-04 05:56:41,F3,64.599,0.0,1.981,42.503,6.101,normal
2026-10-04 05:57:41,F3,72.731,0.0,3.317,40.881,8.044,normal
2026-10-04 05:58:41,F3,63.111,0.0,2.852,48.153,11.41,normal
2026-10-04 05:59:41,F3,63.223,0.0,1.872,48.41,7.371,normal
2026-10-04 06:00:41,F3,77.571,0.0,4.207,28.212,8.546,normal
2026-10-04 06:01:41,F3,56.265,0.0,2.516,35.516,7.184,normal
2026-10-04 06:02:41,F3,86.618,0.0,2.871,45.741,7.949,normal
2026-10-04 06:03:41,F3,80.376,0.0,1.765,54.06,7.138,normal
2026-10-04 06:04:41,F3,72.591,0.0,2.46,55.784,5.726,normal
2026-10-04 06:05:41,F3,68.628,0.0,2.689,47.109,7.152,normal
2026-10-04 06:06:41,F3,72.095,0.0,3.389,44.287,9.281,normal
2026-10-04 06:07:41,F3,55.107,0.0,1.921,52.558,11.138,normal
2026-10-04 06:08:41,F3,66.714,0.0,2.745,47.84,8.732,normal
2026-10-04 06:09:41,F3,67.371,0.0,2.941,41.256,8.534,normal
2026-10-04 06:10:41,F3,57.315,0.0,4.5,46.762,7.733,normal
2026-10-04 06:11:41,F3,69.799,0.0,3.731,52.083,5.219,normal
2026-10-04 06:12:41,F3,60.579,0.0,2.541,48.37,5.652,normal
2026-10-04 06:13:41,F3,48.397,0.0,2.373,43.66,7.833,normal
2026-10-04 06:14:41,F3,73.276,0.0,2.535,34.706,6.352,normal
2026-10-04 06:15:41,F3,67.337,0.0,3.693,47.515,7.515,normal
2026-10-04 06:16:41,F3,67.304,0.0,2.125,37.858,9.602,normal
2026-10-04 06:17:41,F3,71.604,0.0,3.934,49.275,9.113,normal
2026-10-04 06:18:41,F3,46.94,0.0,1.382,44.778,8.248,normal
2026-10-04 06:19:41,F3,75.427,0.0,1.77,66.005,7.825,normal
2026-10-04 06:20:41,F3,65.977,0.0,3.83,41.271,9.918,normal
2026-10-04 06:21:41,F3,88.333,0.0,1.733,44.264,6.943,normal
2026-10-04 06:22:41,F3,64.851,0.0,4.539,46.11,5.168,normal
2026-10-04 06:23:41,F3,81.658,0.0,2.194,63.857,8.732,normal
2026-10-04 06:24:41,F3,69.842,0.0,2.707,44.617,4.886,normal
2026-10-04 06:25:41,F3,71.523,0.0,3.029,44.635,6.691,normal
2026-10-04 06:26:41,F3,63.036,0.0,2.47,48.369,8.281,normal
2026-10-04 06:27:41,F3,73.203,0.0,3.466,46.076,9.38,normal
2026-10-04 06:28:41,F3,54.078,0.0,2.486,44.179,7.196,normal
2026-10-04 06:29:41,F3,66.952,0.0,1.978,46.352,5.579,normal
2026-10-04 06:30:41,F3,55.007,0.0,2.005,41.841,4.871,normal
2026-10-04 06:31:41,F3,72.231,0.0,2.86,41.45,4.767,normal
2026-10-04 06:32:41,F3,59.12,0.0,2.421,49.813,6.257,normal
2026-10-04 06:33:41,F3,61.167,0.0,0.751,43.866,3.599,normal
2026-10-04 06:34:41,F3,65.698,0.0,3.254,38.572,7.812,normal
2026-10-04 06:35:41,F3,62.715,0.0,2.342,41.237,8.085,normal
2026-10-04 06:36:41,F3,58.765,0.0,2.058,56.645,8.136,normal
2026-10-04 06:37:41,F3,60.306,0.134,1.95,56.313,5.066,normal
2026-10-04 06:38:41,F3,68.817,0.0,3.538,32.756,8.248,normal
2026-10-04 06:39:41,F3,82.707,0.0,1.553,55.511,5.918,normal
2026-10-04 06:40:41,F3,64.963,0.0,2.485,44.006,6.583,normal
2026-10-04 06:41:41,F3,50.855,0.0,1.095,43.075,10.98,normal
2026-10-04 06:42:41,F3,66.122,0.0,0.0,51.913,5.75,normal
2026-10-04 06:43:41,F3,82.752,0.0,3.965,49.895,6.725,normal
2026-10-04 06:44:41,F3,78.752,0.0,2.451,57.133,7.433,normal
2026-10-04 06:45:41,F3,80.463,0.0,2.028,34.377,9.241,normal
2026-10-04 06:46:41,F3,57.263,0.0,3.032,43.039,6.769,normal
2026-10-04 06:47:41,F3,70.375,0.0,2.838,60.964,7.333,normal
2026-10-04 06:48:41,F3,70.039,0.0,1.981,42.903,6.579,normal
2026-10-04 06:49:41,F3,74.063,0.0,2.749,60.74,6.968,normal
2026-10-04 06:50:41,F3,64.418,0.0,3.216,51.412,5.024,normal
2026-10-04 06:51:41,F3,80.837,0.0,2.926,43.702,7.866,normal
2026-10-04 06:52:41,F3,59.811,0.0,2.158,44.723,9.251,normal
2026-10-04 06:53:41,F3,61.699,0.0,2.993,53.399,5.511,normal
2026-10-04 06:54:41,F3,72.919,0.0,3.211,55.547,5.797,normal
2026-10-04 06:55:41,F3,60.122,0.0,2.532,43.722,8.713,normal
2026-10-04 06:56:41,F3,80.157,0.0,1.715,42.91,3.992,normal
2026-10-04 06:57:41,F3,69.189,0.0,2.671,64.966,5.336,normal
2026-10-04 06:58:41,F3,62.094,0.0,3.046,45.615,8.817,normal
2026-10-04 06:59:41,F3,64.291,0.0,3.567,48.194,7.012,normal
2026-10-04 07:00:41,F3,66.094,0.0,3.403,34.036,6.406,normal
2026-10-04 07:01:41,F3,65.023,0.0,1.981,55.366,6.949,normal
2026-10-04 07:02:41,F3,59.857,0.0,4.248,43.74,8.066,normal
2026-10-04 07:03:41,F3,64.643,0.0,2.589,41.088,10.594,normal
2026-10-04 07:04:41,F3,81.38,0.0,3.115,48.87,10.327,normal
2026-10-04 07:05:41,F3,71.303,0.0,0.973,40.704,7.475,normal
2026-10-04 07:06:41,F3,54.452,0.0,3.832,58.706,7.934,normal
2026-10-04 07:07:41,F3,67.988,0.0,2.065,41.778,6.468,normal
2026-10-04 07:08:41,F3,68.538,0.0,2.864,47.59,12.049,normal
2026-10-04 07:09:41,F3,58.214,0.0,2.7,41.501,5.123,normal
2026-10-04 07:10:41,F3,70.853,0.0,2.432,49.139,16.066,normal
2026-10-04 07:11:41,F3,62.344,0.0,1.407,35.039,10.142,normal
2026-10-04 07:12:41,F3,72.23,0.0,4.062,50.757,7.898,normal
2026-10-04 07:13:41,F3,67.04,0.0,2.421,49.384,9.594,normal
2026-10-04 07:14:41,F3,71.234,0.0,2.637,34.748,6.225,normal
2026-10-04 07:15:41,F3,74.81,0.0,2.343,50.649,9.115,normal
2026-10-04 07:16:41,F3,80.182,0.0,2.572,48.102,4.753,normal
2026-10-04 07:17:41,F3,74.501,0.0,2.079,47.415,4.669,normal
2026-10-04 07:18:41,F3,76.545,0.0,2.461,49.084,8.899,normal
2026-10-04 07:19:41,F3,70.729,0.0,2.269,56.472,7.302,normal
2026-10-04 07:20:41,F3,72.861,0.0,2.167,33.782,9.728,normal
2026-10-04 07:21:41,F3,78.395,0.0,3.077,39.811,8.58,normal
2026-10-04 07:22:41,F3,59.598,0.0,2.536,54.584,4.913,normal
2026-10-04 07:23:41,F3,74.303,0.0,2.949,54.105,6.449,normal
2026-10-04 07:24:41,F3,73.209,0.0,1.682,41.309,5.674,normal
2026-10-04 07:25:41,F3,70.4,0.0,3.672,49.506,6.121,normal
2026-10-04 07:26:41,F3,75.368,0.0,2.64,52.484,8.603,normal
2026-10-04 07:27:41,F3,68.097,0.0,3.62,48.102,6.545,normal
2026-10-04 07:28:41,F3,56.897,0.0,3.078,56.689,8.363,normal
2026-10-04 07:29:41,F3,58.869,0.0,1.777,46.486,8.689,normal
2026-10-04 07:30:41,F3,60.337,0.0,2.422,56.995,6.245,normal
2026-10-04 07:31:41,F3,68.995,0.0,3.384,45.514,9.607,normal
2026-10-04 07:32:41,F3,72.689,0.0,2.928,37.007,7.104,normal
2026-10-04 07:33:41,F3,63.353,0.0,2.417,50.24,7.83,normal
2026-10-04 07:34:41,F3,73.125,0.0,2.581,41.224,7.912,normal
2026-10-04 07:35:41,F3,73.749,0.0,4.189,43.152,6.551,normal
2026-10-04 07:36:41,F3,68.792,0.0,1.387,37.469,7.312,normal
2026-10-04 07:37:41,F3,69.203,0.0,2.72,35.088,9.784,normal
2026-10-04 07:38:41,F3,68.865,0.0,2.91,53.555,5.747,normal
2026-10-04 07:39:41,F3,72.191,0.0,1.871,36.892,6.438,normal
2026-10-04 07:40:41,F3,61.964,0.0,2.299,33.995,3.596,normal
2026-10-04 07:41:41,F3,68.033,0.0,2.797,39.601,13.083,normal
2026-10-04 07:42:41,F3,73.306,0.0,1.12,44.902,9.373,normal
2026-10-04 07:43:41,F3,71.268,0.0,3.185,58.288,5.766,normal
2026-10-04 07:44:41,F3,63.145,0.0,3.315,61.816,8.0,normal
2026-10-04 07:45:41,F3,70.28,0.0,2.78,37.242,7.472,normal
2026-10-04 07:46:41,F3,69.33,0.0,3.302,30.395,10.082,normal
2026-10-04 07:47:41,F3,69.666,0.0,4.09,36.22,9.208,normal
2026-10-04 07:48:41,F3,65.417,0.0,2.863,45.305,7.51,normal
2026-10-04 07:49:41,F3,89.202,0.0,1.749,40.503,11.219,normal
2026-10-04 07:50:41,F3,72.243,0.0,3.021,49.087,6.977,normal
2026-10-04 07:51:41,F3,56.406,0.0,2.573,41.603,7.082,normal
2026-10-04 07:52:41,F3,67.822,0.0,1.764,46.767,5.736,normal
2026-10-04 07:53:41,F3,60.941,0.0,1.543,54.7,7.906,normal
2026-10-04 07:54:41,F3,70.359,0.0,2.3,54.263,6.71,normal
2026-10-04 07:55:41,F3,62.809,0.0,2.251,53.968,6.257,normal
2026-10-04 07:56:41,F3,56.237,0.0,1.864,42.175,8.485,normal
2026-10-04 07:57:41,F3,63.147,0.0,1.939,43.399,9.988,normal
2026-10-04 07:58:41,F3,50.797,0.0,2.774,46.113,7.007,normal
2026-10-04 07:59:41,F3,68.139,0.0,2.883,44.622,5.523,normal
2026-10-04 08:00:41,F3,64.739,0.0,2.674,42.468,5.207,normal
2026-10-04 08:01:41,F3,56.641,0.0,2.711,42.251,8.817,normal
2026-10-04 08:02:41,F3,58.753,0.0,2.552,35.029,8.878,normal
2026-10-04 08:03:41,F3,67.288,0.0,1.765,40.479,8.02,normal
2026-10-04 08:04:41,F3,54.425,0.0,2.704,50.327,10.287,normal
2026-10-04 08:05:41,F3,71.312,0.0,2.07,51.567,6.466,normal
2026-10-04 08:06:41,F3,83.094,0.0,3.438,45.205,7.772,normal
2026-10-04 08:07:41,F3,68.718,0.0,3.204,46.398,6.514,normal
2026-10-04 08:08:41,F3,70.744,0.0,2.82,56.39,7.012,normal
2026-10-04 08:09:41,F3,62.396,0.0,2.589,51.581,3.871,normal
2026-10-04 08:10:41,F3,55.112,0.0,3.02,32.529,8.442,normal
2026-10-04 08:11:41,F3,79.145,0.0,2.971,53.295,8.796,normal
2026-10-04 08:12:41,F3,75.569,0.0,2.127,32.562,5.413,normal
2026-10-04 08:13:41,F3,81.114,0.0,3.163,42.591,8.736,normal
2026-10-04 08:14:41,F3,72.356,0.0,2.059,47.23,5.989,normal
2026-10-04 08:15:41,F3,50.58,0.0,2.263,38.557,7.035,normal
2026-10-04 08:16:41,F3,66.185,0.0,2.441,39.231,7.147,normal
2026-10-04 08:17:41,F3,55.965,0.0,1.997,39.195,7.517,normal
2026-10-04 08:18:41,F3,57.617,0.0,2.624,41.71,7.658,normal
2026-10-04 08:19:41,F3,69.219,0.0,3.831,47.222,6.139,normal
2026-10-04 08:20:41,F3,58.017,0.0,1.911,21.967,5.815,normal
2026-10-04 08:21:41,F3,69.275,0.0,2.774,50.446,6.135,normal
2026-10-04 08:22:41,F3,79.834,0.0,3.292,53.677,6.507,normal
2026-10-04 08:23:41,F3,74.662,0.0,3.327,49.101,7.811,normal
2026-10-04 08:24:41,F3,67.751,0.0,2.433,62.011,8.655,normal
2026-10-04 08:25:41,F3,63.525,0.0,2.215,40.912,8.577,normal
2026-10-04 08:26:41,F3,58.423,0.0,2.241,55.356,6.934,normal
2026-10-04 08:27:41,F3,74.373,0.0,1.193,45.968,5.168,normal
2026-10-04 08:28:41,F3,69.367,0.0,2.511,59.587,8.535,normal
2026-10-04 08:29:41,F3,70.767,0.0,2.022,34.253,6.191,normal
2026-10-04 08:30:41,F3,65.634,0.0,2.636,41.41,4.796,normal
2026-10-04 08:31:41,F3,74.392,0.0,2.178,35.963,7.879,normal
2026-10-04 08:32:41,F3,74.906,0.0,2.763,41.526,7.249,normal
2026-10-04 08:33:41,F3,63.852,0.0,3.84,48.353,8.294,normal
2026-10-04 08:34:41,F3,57.337,0.0,2.083,50.612,6.262,normal
2026-10-04 08:35:41,F3,70.394,0.0,2.844,56.776,6.05,normal
2026-10-04 08:36:41,F3,72.732,0.0,2.887,49.897,8.011,normal
2026-10-04 08:37:41,F3,55.946,0.0,2.761,51.08,7.226,normal
2026-10-04 08:38:41,F3,65.588,0.0,4.148,40.394,5.866,normal
2026-10-04 08:39:41,F3,66.626,0.0,1.753,54.615,5.074,normal
2026-10-04 08:40:41,F3,63.956,0.0,2.915,38.111,10.692,normal
2026-10-04 08:41:41,F3,81.36,0.0,2.699,46.831,8.358,normal
2026-10-04 08:42:41,F3,60.144,0.0,2.158,42.603,7.252,normal
2026-10-04 08:43:41,F3,71.086,0.0,2.479,44.52,6.584,normal
2026-10-04 08:44:41,F3,64.949,0.0,2.837,50.122,6.791,normal
2026-10-04 08:45:41,F3,70.461,0.0,3.01,53.291,6.869,normal
2026-10-04 08:46:41,F3,61.222,0.0,2.358,34.665,5.243,normal
2026-10-04 08:47:41,F3,60.991,0.0,1.607,31.04,9.48,normal
2026-10-04 08:48:41,F3,63.75,0.0,3.01,52.874,9.631,normal
2026-10-04 08:49:41,F3,60.875,0.0,1.483,47.02,6.196,normal
2026-10-04 08:50:41,F3,58.046,0.0,2.513,51.108,7.506,normal
2026-10-04 08:51:41,F3,72.754,0.0,1.655,42.953,6.99,normal
2026-10-04 08:52:41,F3,68.752,0.0,2.042,45.712,10.437,normal
2026-10-04 08:53:41,F3,65.413,0.0,2.173,45.51,8.972,normal
2026-10-04 08:54:41,F3,57.851,0.0,2.328,48.583,9.695,normal
2026-10-04 08:55:41,F3,68.882,0.0,2.394,40.143,8.275,normal
2026-10-04 08:56:41,F3,62.47,0.0,2.558,41.659,2.604,normal
2026-10-04 08:57:41,F3,59.034,0.0,3.459,39.156,5.49,normal
2026-10-04 08:58:41,F3,73.217,0.0,2.51,48.333,5.94,normal
2026-10-04 08:59:41,F3,75.158,0.0,4.074,44.566,8.55,normal
2026-10-04 09:00:41,F3,65.907,0.0,2.112,49.63,4.771,normal
2026-10-04 09:01:41,F3,68.538,0.0,2.36,38.504,12.084,normal
2026-10-04 09:02:41,F3,65.174,0.0,3.041,39.444,8.121,normal
2026-10-04 09:03:41,F3,44.731,0.0,2.032,45.538,3.341,normal
2026-10-04 09:04:41,F3,50.812,0.0,2.529,36.386,7.235,normal
2026-10-04 09:05:41,F3,66.087,0.0,3.098,34.07,5.555,normal
2026-10-04 09:06:41,F3,57.896,0.0,1.919,52.805,7.131,normal
2026-10-04 09:07:41,F3,68.945,0.0,1.427,41.977,6.125,normal
2026-10-04 09:08:41,F3,75.04,0.0,2.633,48.89,5.652,normal
2026-10-04 09:09:41,F3,72.238,0.0,2.165,41.612,7.265,normal
2026-10-04 09:10:41,F3,63.157,0.0,2.588,41.305,4.406,normal
2026-10-04 09:11:41,F3,77.053,0.0,1.576,50.201,10.264,normal
2026-10-04 09:12:41,F3,65.312,0.0,2.239,53.043,7.383,normal
2026-10-04 09:13:41,F3,63.618,0.0,2.418,38.584,6.931,normal
2026-10-04 09:14:41,F3,54.284,0.0,2.314,51.805,6.232,normal
2026-10-04 09:15:41,F3,62.43,0.0,2.524,51.823,7.179,normal
2026-10-04 09:16:41,F3,53.797,0.0,2.483,51.848,8.209,normal
2026-10-04 09:17:41,F3,63.514,0.0,3.076,49.904,11.177,normal
2026-10-04 09:18:41,F3,75.022,0.0,4.055,46.51,9.92,normal
2026-10-04 09:19:41,F3,73.844,0.0,3.313,47.383,5.1,normal
2026-10-04 09:20:41,F3,67.822,0.0,2.922,50.386,7.802,normal
2026-10-04 09:21:41,F3,79.053,0.0,2.201,43.133,8.944,normal
2026-10-04 09:22:41,F3,83.047,0.0,2.711,46.881,5.579,normal
2026-10-04 09:23:41,F3,58.905,0.0,4.59,62.241,7.74,normal
2026-10-04 09:24:41,F3,64.134,0.0,2.648,47.457,7.442,normal
2026-10-04 09:25:41,F3,76.595,0.0,1.179,45.493,8.736,normal
2026-10-04 09:26:41,F3,79.115,0.0,2.685,55.051,5.646,normal
2026-10-04 09:27:41,F3,64.436,0.0,1.475,51.042,6.773,normal
2026-10-04 09:28:41,F3,101.384,0.0,2.026,48.525,6.835,normal
2026-10-04 09:29:41,F3,78.557,0.0,2.717,59.997,7.266,normal
2026-10-04 09:30:41,F3,75.959,0.0,0.948,51.13,6.086,normal
2026-10-04 09:31:41,F3,60.943,0.0,2.242,59.721,7.818,normal
2026-10-04 09:32:41,F3,62.952,0.0,2.438,34.177,9.242,normal
2026-10-04 09:33:41,F3,61.096,0.0,3.555,37.514,6.174,normal
2026-10-04 09:34:41,F3,52.927,0.0,2.984,42.698,6.233,normal
2026-10-04 09:35:41,F3,74.536,0.0,3.378,44.573,5.413,normal
2026-10-04 09:36:41,F3,59.351,0.0,2.938,46.19,8.475,normal
2026-10-04 09:37:41,F3,67.101,0.0,4.493,39.639,10.04,normal
2026-10-04 09:38:41,F3,68.118,0.0,2.756,56.062,5.891,normal
2026-10-04 09:39:41,F3,66.559,0.0,1.713,38.063,4.469,normal
2026-10-04 09:40:41,F3,67.843,0.0,3.674,45.173,7.289,normal
2026-10-04 09:41:41,F3,67.29,0.0,2.081,36.919,10.116,normal
2026-10-04 09:42:41,F3,69.222,0.0,2.526,48.617,5.34,normal
2026-10-04 09:43:41,F3,71.37,0.0,2.798,45.233,6.229,normal
2026-10-04 09:44:41,F3,66.957,0.0,3.196,51.5,7.005,normal
2026-10-04 09:45:41,F3,59.702,0.0,2.311,70.415,7.194,normal
2026-10-04 09:46:41,F3,78.885,0.0,2.945,50.678,9.885,normal
2026-10-04 09:47:41,F3,59.44,0.0,1.863,55.02,9.572,normal
2026-10-04 09:48:41,F3,57.308,0.0,2.449,41.99,5.801,normal
2026-10-04 09:49:41,F3,76.417,0.0,1.726,52.5,9.289,normal
2026-10-04 09:50:41,F3,56.526,0.0,3.513,48.613,8.251,normal
2026-10-04 09:51:41,F3,68.538,0.0,3.425,39.728,7.801,normal
2026-10-04 09:52:41,F3,74.037,0.0,2.837,47.943,3.694,normal
2026-10-04 09:53:41,F3,68.859,0.0,2.99,43.777,8.22,normal
2026-10-04 09:54:41,F3,70.989,0.0,1.88,48.785,8.262,normal
2026-10-04 09:55:41,F3,66.82,0.0,2.471,34.646,8.758,normal
2026-10-04 09:56:41,F3,57.989,0.0,0.429,54.481,9.104,normal
2026-10-04 09:57:41,F3,60.257,0.0,2.225,42.75,6.391,normal
2026-10-04 09:58:41,F3,61.17,0.0,2.539,52.846,8.421,normal
2026-10-04 09:59:41,F3,61.912,0.0,2.526,37.144,5.586,normal
2026-10-04 10:00:41,F3,70.073,0.0,2.295,41.534,10.521,normal
2026-10-04 10:01:41,F3,45.384,0.0,1.911,65.225,4.982,normal
2026-10-04 10:02:41,F3,71.161,0.0,3.718,49.15,7.76,normal
2026-10-04 10:03:41,F3,66.972,0.0,3.046,50.058,10.375,normal
2026-10-04 10:04:41,F3,73.562,0.0,3.343,46.178,8.179,normal
2026-10-04 10:05:41,F3,68.035,0.0,3.3,31.59,8.265,normal
2026-10-04 10:06:41,F3,51.674,0.0,3.374,39.838,4.845,normal
2026-10-04 10:07:41,F3,66.7,0.0,1.881,39.266,6.699,normal
2026-10-04 10:08:41,F3,68.839,0.0,2.324,52.48,9.046,normal
2026-10-04 10:09:41,F3,69.75,0.0,1.063,35.568,10.292,normal
2026-10-04 10:10:41,F3,58.342,0.0,2.87,52.974,9.583,normal
2026-10-04 10:11:41,F3,62.036,0.0,2.885,52.637,4.441,normal
2026-10-04 10:12:41,F3,52.509,0.0,1.456,38.204,7.887,normal
2026-10-04 10:13:41,F3,53.867,0.0,1.485,44.051,6.98,normal
2026-10-04 10:14:41,F3,73.028,0.0,2.499,38.797,9.399,normal
2026-10-04 10:15:41,F3,63.723,0.0,1.921,48.633,3.678,normal
2026-10-04 10:16:41,F3,72.154,0.0,2.446,41.893,5.83,normal
2026-10-04 10:17:41,F3,65.204,0.0,2.181,36.899,7.931,normal
2026-10-04 10:18:41,F3,61.48,0.0,3.539,39.404,6.498,normal
2026-10-04 10:19:41,F3,60.095,0.0,3.694,43.385,7.82,normal
2026-10-04 10:20:41,F3,63.339,0.0,2.641,54.323,7.433,normal
2026-10-04 10:21:41,F3,72.906,0.0,3.218,47.016,5.357,normal
2026-10-04 10:22:41,F3,78.725,0.0,1.302,41.533,8.93,normal
2026-10-04 10:23:41,F3,58.831,0.0,2.94,59.563,7.25,normal
2026-10-04 10:24:41,F3,64.176,0.0,2.262,49.46,7.415,normal
2026-10-04 10:25:41,F3,71.686,0.0,3.184,42.829,6.288,normal
2026-10-04 10:26:41,F3,73.55,0.0,1.917,43.714,9.845,normal
2026-10-04 10:27:41,F3,60.094,0.0,1.391,34.469,7.033,normal
2026-10-04 10:28:41,F3,67.275,0.0,4.558,54.559,7.212,normal
2026-10-04 10:29:41,F3,67.87,0.0,2.121,51.051,4.987,normal
2026-10-04 10:30:41,F3,43.921,0.0,2.32,50.494,6.063,normal
2026-10-04 10:31:41,F3,74.446,0.0,1.767,46.152,6.296,normal
2026-10-04 10:32:41,F3,60.646,0.0,2.502,52.172,8.501,normal
2026-10-04 10:33:41,F3,71.949,0.0,2.655,42.088,9.758,normal
2026-10-04 10:34:41,F3,73.993,0.0,2.354,40.696,8.597,normal
2026-10-04 10:35:41,F3,71.225,0.0,3.681,52.531,7.252,normal
2026-10-04 10:36:41,F3,61.388,0.0,0.913,40.901,7.538,normal
2026-10-04 10:37:41,F3,85.441,0.0,1.836,57.088,8.292,normal
2026-10-04 10:38:41,F3,53.376,0.0,2.082,43.123,10.847,normal
2026-10-04 10:39:41,F3,63.278,0.0,3.416,60.358,8.003,normal
2026-10-04 10:40:41,F3,69.039,0.0,3.117,46.168,7.843,normal
2026-10-04 10:41:41,F3,64.085,0.0,3.134,49.82,5.437,normal
2026-10-04 10:42:41,F3,65.958,0.0,2.115,50.688,9.808,normal
2026-10-04 10:43:41,F3,56.087,0.0,3.018,46.363,8.959,normal
2026-10-04 10:44:41,F3,78.647,0.0,1.996,55.761,5.931,normal
2026-10-04 10:45:41,F3,60.404,0.0,1.851,37.476,4.145,normal
2026-10-04 10:46:41,F3,57.474,0.0,2.031,38.225,4.671,normal
2026-10-04 10:47:41,F3,55.903,0.0,2.709,47.885,7.747,normal
2026-10-04 10:48:41,F3,73.264,0.0,3.33,43.187,8.663,normal
2026-10-04 10:49:41,F3,66.648,0.0,2.767,50.646,9.387,normal
2026-10-04 10:50:41,F3,64.539,0.0,1.873,49.803,8.584,normal
2026-10-04 10:51:41,F3,59.766,0.0,3.213,38.487,8.805,normal
2026-10-04 10:52:41,F3,55.452,0.0,3.342,40.485,6.922,normal
2026-10-04 10:53:41,F3,62.523,0.0,1.373,48.809,11.9,normal
2026-10-04 10:54:41,F3,65.671,0.0,1.533,35.511,7.428,normal
2026-10-04 10:55:41,F3,62.884,0.0,1.623,53.913,6.298,normal
2026-10-04 10:56:41,F3,52.836,0.0,0.707,45.872,7.324,normal
2026-10-04 10:57:41,F3,76.614,0.0,2.122,37.481,6.261,normal
2026-10-04 10:58:41,F3,79.261,0.0,2.942,44.23,6.395,normal
2026-10-04 10:59:41,F3,66.764,0.0,1.419,33.848,9.824,normal
2026-10-04 11:00:41,F3,73.356,0.0,3.193,43.395,6.589,normal
2026-10-04 11:01:41,F3,77.521,0.0,2.413,55.391,7.754,normal
2026-10-04 11:02:41,F3,76.203,0.0,3.044,46.957,9.994,normal
2026-10-04 11:03:41,F3,83.576,0.0,2.286,48.773,10.087,normal
2026-10-04 11:04:41,F3,67.773,0.0,2.799,48.362,6.816,normal
2026-10-04 11:05:41,F3,60.491,0.0,2.022,41.708,8.77,normal
2026-10-04 11:06:41,F3,75.842,0.0,3.841,59.451,6.261,normal
2026-10-04 11:07:41,F3,54.602,0.0,2.463,52.214,9.921,normal
2026-10-04 11:08:41,F3,65.032,0.0,1.434,55.407,6.31,normal
2026-10-04 11:09:41,F3,72.361,0.0,2.873,48.302,6.553,normal
2026-10-04 11:10:41,F3,73.587,0.0,3.287,63.085,7.194,normal
2026-10-04 11:11:41,F3,76.538,0.0,3.206,51.363,6.61,normal
2026-10-04 11:12:41,F3,67.149,0.0,1.873,53.198,9.295,normal
2026-10-04 11:13:41,F3,69.944,0.0,1.295,47.175,5.149,normal
2026-10-04 11:14:41,F3,68.989,0.0,1.799,46.823,5.442,normal
2026-10-04 11:15:41,F3,57.446,0.0,2.845,46.504,9.372,normal
2026-10-04 11:16:41,F3,68.718,0.0,3.171,39.614,8.08,normal
2026-10-04 11:17:41,F3,51.965,0.0,2.223,57.021,9.453,normal
2026-10-04 11:18:41,F3,61.887,0.0,2.619,44.228,9.998,normal
2026-10-04 11:19:41,F3,60.168,0.0,2.715,44.211,5.177,normal
2026-10-04 11:20:41,F3,63.743,0.0,3.115,45.231,7.324,normal
2026-10-04 11:21:41,F3,75.794,0.0,3.17,46.671,6.885,normal
2026-10-04 11:22:41,F3,64.91,0.0,2.004,55.481,9.356,normal
2026-10-04 11:23:41,F3,66.518,0.0,1.303,47.519,8.024,normal
2026-10-04 11:24:41,F3,66.373,0.0,2.286,48.688,6.218,normal
2026-10-04 11:25:41,F3,73.362,0.0,2.931,55.733,6.315,normal
2026-10-04 11:26:41,F3,57.321,0.0,2.856,47.862,6.057,normal
2026-10-04 11:27:41,F3,66.227,0.0,2.294,40.314,5.052,normal
2026-10-04 11:28:41,F3,65.152,0.0,2.525,33.734,9.761,normal
2026-10-04 11:29:41,F3,71.171,0.0,0.715,42.937,7.061,normal
2026-10-04 11:30:41,F3,70.308,0.0,2.571,52.728,5.503,normal
2026-10-04 11:31:41,F3,68.188,0.0,1.091,37.587,6.025,normal
2026-10-04 11:32:41,F3,85.868,0.0,2.277,62.225,5.714,normal
2026-10-04 11:33:41,F3,62.054,0.0,1.732,49.172,7.84,normal
2026-10-04 11:34:41,F3,79.113,0.0,2.352,55.246,5.614,normal
2026-10-04 11:35:41,F3,74.161,0.0,2.276,46.758,8.034,normal
2026-10-04 11:36:41,F3,72.317,0.0,3.594,51.502,7.269,normal
2026-10-04 11:37:41,F3,53.117,0.0,3.074,33.799,5.061,normal
2026-10-04 11:38:41,F3,53.843,0.0,3.328,49.025,4.232,normal
2026-10-04 11:39:41,F3,60.631,0.0,1.898,54.838,6.901,normal
2026-10-04 11:40:41,F3,66.294,0.0,2.237,37.986,6.157,normal
2026-10-04 11:41:41,F3,67.604,0.0,1.142,48.059,5.977,normal
2026-10-04 11:42:41,F3,65.601,0.0,3.082,33.328,8.248,normal
2026-10-04 11:43:41,F3,87.075,0.0,3.204,45.335,2.515,normal
2026-10-04 11:44:41,F3,67.836,0.0,1.021,52.448,7.261,normal
2026-10-04 11:45:41,F3,67.167,0.0,1.721,42.111,6.617,normal
2026-10-04 11:46:41,F3,59.479,0.0,2.261,42.943,6.083,normal
2026-10-04 11:47:41,F3,68.709,0.0,3.912,36.142,6.662,normal
2026-10-04 11:48:41,F3,58.663,0.0,3.213,49.252,4.892,normal
2026-10-04 11:49:41,F3,62.716,0.0,3.125,40.941,7.585,normal
2026-10-04 11:50:41,F3,63.497,0.0,2.276,54.049,7.797,normal
2026-10-04 11:51:41,F3,67.514,0.0,2.103,37.365,9.709,normal
2026-10-04 11:52:41,F3,84.135,0.0,3.882,50.195,5.146,normal
2026-10-04 11:53:41,F3,71.321,0.0,3.879,30.021,6.127,normal
2026-10-04 11:54:41,F3,72.463,0.0,3.342,32.898,7.171,normal
2026-10-04 11:55:41,F3,77.744,0.0,2.667,47.83,6.12,normal
2026-10-04 11:56:41,F3,58.48,0.0,0.219,44.538,7.18,normal
2026-10-04 11:57:41,F3,63.254,0.0,2.247,44.445,6.935,normal
2026-10-04 11:58:41,F3,57.889,0.0,1.911,39.634,10.768,normal
2026-10-04 11:59:41,F3,59.75,0.0,1.941,47.637,9.123,normal
2026-10-04 12:00:41,F3,60.739,0.0,3.513,51.659,6.406,normal
2026-10-04 12:01:41,F3,69.392,0.0,1.48,44.408,5.479,normal
2026-10-04 12:02:41,F3,66.478,0.0,1.868,54.056,10.266,normal
2026-10-04 12:03:41,F3,46.575,0.0,3.538,43.162,5.068,normal
2026-10-04 12:04:41,F3,57.255,0.0,2.871,44.102,5.601,normal
2026-10-04 12:05:41,F3,72.557,0.0,2.179,39.098,6.428,normal
2026-10-04 12:06:41,F3,63.491,0.0,2.873,44.281,5.936,normal
2026-10-04 12:07:41,F3,69.067,0.0,3.15,44.904,5.799,normal
2026-10-04 12:08:41,F3,68.829,0.0,1.466,55.136,8.612,normal
2026-10-04 12:09:41,F3,61.684,0.0,1.383,43.565,9.03,normal
2026-10-04 12:10:41,F3,63.793,0.0,1.133,45.767,9.995,normal
2026-10-04 12:11:41,F3,59.95,0.0,1.35,51.094,8.168,normal
2026-10-04 12:12:41,F3,54.803,0.0,1.881,45.371,5.78,normal
2026-10-04 12:13:41,F3,68.534,0.0,2.033,33.37,8.624,normal
2026-10-04 12:14:41,F3,72.315,0.0,2.466,43.866,9.053,normal
2026-10-04 12:15:41,F3,60.426,0.0,1.947,55.012,7.585,normal
2026-10-04 12:16:41,F3,66.754,0.0,4.165,39.439,9.406,normal
2026-10-04 12:17:41,F3,60.386,0.0,2.249,51.996,8.948,normal
2026-10-04 12:18:41,F3,57.533,0.0,1.534,37.18,8.091,normal
2026-10-04 12:19:41,F3,65.831,0.0,2.767,44.878,8.35,normal
2026-10-04 12:20:41,F3,59.027,0.0,3.561,48.198,8.653,normal
2026-10-04 12:21:41,F3,60.48,0.0,2.889,48.061,5.253,normal
2026-10-04 12:22:41,F3,69.677,0.0,4.131,54.321,6.398,normal
2026-10-04 12:23:41,F3,68.416,0.0,3.563,44.958,4.233,normal
2026-10-04 12:24:41,F3,77.305,0.0,2.957,45.177,8.452,normal
2026-10-04 12:25:41,F3,54.67,0.0,3.913,58.645,8.475,normal
2026-10-04 12:26:41,F3,59.839,0.0,3.089,39.408,4.784,normal
2026-10-04 12:27:41,F3,81.907,0.0,3.234,50.537,6.601,normal
2026-10-04 12:28:41,F3,65.684,0.0,2.933,56.029,10.161,normal
2026-10-04 12:29:41,F3,58.945,0.0,2.414,53.805,4.87,normal
2026-10-04 12:30:41,F3,61.328,0.0,2.62,56.784,7.694,normal
2026-10-04 12:31:41,F3,54.474,0.0,3.245,33.974,8.486,normal
2026-10-04 12:32:41,F3,69.289,0.0,1.755,37.957,7.679,normal
2026-10-04 12:33:41,F3,56.225,0.0,3.44,57.871,8.956,normal
2026-10-04 12:34:41,F3,73.821,0.0,4.142,38.012,7.385,normal
2026-10-04 12:35:41,F3,52.546,0.0,1.789,39.858,8.232,normal
2026-10-04 12:36:41,F3,79.39,0.0,2.5,47.554,5.779,normal
2026-10-04 12:37:41,F3,61.211,0.0,2.882,36.484,6.138,normal
2026-10-04 12:38:41,F3,67.336,0.0,0.97,48.179,6.727,normal
2026-10-04 12:39:41,F3,67.404,0.0,2.733,54.671,8.182,normal
2026-10-04 12:40:41,F3,78.992,0.0,2.905,51.45,8.169,normal
2026-10-04 12:41:41,F3,68.196,0.0,2.008,48.283,6.41,normal
2026-10-04 12:42:41,F3,72.904,0.0,3.962,54.966,6.456,normal
2026-10-04 12:43:41,F3,82.457,0.0,2.684,62.028,3.45,normal
2026-10-04 12:44:41,F3,68.262,0.0,1.978,45.27,5.842,normal
2026-10-04 12:45:41,F3,61.502,0.0,1.96,41.22,8.831,normal
2026-10-04 12:46:41,F3,67.99,0.0,3.214,49.781,8.476,normal
2026-10-04 12:47:41,F3,70.48,0.0,2.867,53.901,7.784,normal
2026-10-04 12:48:41,F3,57.87,0.0,3.058,29.867,11.351,normal
2026-10-04 12:49:41,F3,61.807,0.0,1.326,52.149,9.827,normal
2026-10-04 12:50:41,F3,65.848,0.0,2.08,39.546,5.924,normal
2026-10-04 12:51:41,F3,57.45,0.0,2.771,54.108,4.626,normal
2026-10-04 12:52:41,F3,68.692,0.0,2.054,37.87,10.709,normal
2026-10-04 12:53:41,F3,61.575,0.0,2.577,54.773,6.565,normal
2026-10-04 12:54:41,F3,71.795,0.0,2.426,57.451,5.989,normal
2026-10-04 12:55:41,F3,71.495,0.0,2.365,55.168,7.491,normal
2026-10-04 12:56:41,F3,64.362,0.0,2.378,37.089,4.434,normal
2026-10-04 12:57:41,F3,63.2,0.0,3.547,41.253,4.138,normal
2026-10-04 12:58:41,F3,67.088,0.0,3.358,57.393,6.38,normal
2026-10-04 12:59:41,F3,55.905,0.0,1.576,53.638,9.797,normal
2026-10-04 13:00:41,F3,61.325,0.0,2.571,39.714,4.926,normal
2026-10-04 13:01:41,F3,61.854,0.0,2.523,45.233,7.107,normal
2026-10-04 13:02:41,F3,61.913,0.0,3.327,50.063,7.309,normal
2026-10-04 13:03:41,F3,86.815,0.0,1.868,51.099,7.602,normal
2026-10-04 13:04:41,F3,64.251,0.0,3.452,46.875,9.42,normal
2026-10-04 13:05:41,F3,64.198,0.0,2.161,44.004,4.759,normal
2026-10-04 13:06:41,F3,58.785,0.0,2.752,40.365,8.367,normal
2026-10-04 13:07:41,F3,47.199,0.0,3.107,45.336,7.497,normal
2026-10-04 13:08:41,F3,62.563,0.0,2.109,40.423,6.06,normal
2026-10-04 13:09:41,F3,56.062,0.0,2.392,54.034,6.426,normal
2026-10-04 13:10:41,F3,59.725,0.0,3.147,35.219,9.086,normal
2026-10-04 13:11:41,F3,75.31,0.0,2.42,41.431,5.165,normal
2026-10-04 13:12:41,F3,72.842,0.0,2.512,55.613,7.196,normal
2026-10-04 13:13:41,F3,65.03,0.0,0.286,37.647,7.805,normal
2026-10-04 13:14:41,F3,77.703,0.0,3.517,37.853,10.304,normal
2026-10-04 13:15:41,F3,66.938,0.0,2.126,47.126,7.605,normal
2026-10-04 13:16:41,F3,60.366,0.0,3.218,42.258,7.833,normal
2026-10-04 13:17:41,F3,59.22,0.0,2.984,37.342,6.554,normal
2026-10-04 13:18:41,F3,61.725,0.0,3.331,50.388,7.467,normal
2026-10-04 13:19:41,F3,50.282,0.0,2.772,52.589,9.253,normal
2026-10-04 13:20:41,F3,73.949,0.0,3.194,54.931,7.895,normal
2026-10-04 13:21:41,F3,79.036,0.0,3.53,32.975,8.042,normal
2026-10-04 13:22:41,F3,74.551,0.0,2.564,47.326,8.112,normal
2026-10-04 13:23:41,F3,55.513,0.0,3.58,52.243,6.503,normal
2026-10-04 13:24:41,F3,60.107,0.0,2.466,42.731,8.161,normal
2026-10-04 13:25:41,F3,73.54,0.0,2.147,43.167,6.719,normal
2026-10-04 13:26:41,F3,70.152,0.0,1.357,49.804,7.167,normal
2026-10-04 13:27:41,F3,64.873,0.004,2.531,37.069,11.057,normal
2026-10-04 13:28:41,F3,65.812,0.0,2.361,56.96,6.192,normal
2026-10-04 13:29:41,F3,83.504,0.0,2.398,59.856,6.625,normal
2026-10-04 13:30:41,F3,78.578,0.0,1.734,56.543,8.908,normal
2026-10-04 13:31:41,F3,73.163,0.0,3.667,32.124,7.751,normal
2026-10-04 13:32:41,F3,70.49,0.0,2.729,45.559,4.655,normal
2026-10-04 13:33:41,F3,70.896,0.0,3.199,53.06,5.818,normal
2026-10-04 13:34:41,F3,55.182,0.0,3.036,51.272,9.648,normal
2026-10-04 13:35:41,F3,60.133,0.0,1.917,43.886,6.128,normal
2026-10-04 13:36:41,F3,67.977,0.0,3.02,61.972,8.423,normal
2026-10-04 13:37:41,F3,69.419,0.0,2.688,35.078,6.573,normal
2026-10-04 13:38:41,F3,71.498,0.0,1.95,39.943,8.47,normal
2026-10-04 13:39:41,F3,56.027,0.0,3.328,48.853,7.121,normal
2026-10-04 13:40:41,F3,63.754,0.0,2.85,53.997,7.165,normal
2026-10-04 13:41:41,F3,66.066,0.0,2.553,42.057,8.231,normal
2026-10-04 13:42:41,F3,71.11,0.0,3.87,52.721,5.924,normal
2026-10-04 13:43:41,F3,46.422,0.0,2.305,56.789,7.021,normal
2026-10-04 13:44:41,F3,68.461,0.0,1.674,56.53,8.756,normal
2026-10-04 13:45:41,F3,77.666,0.0,2.062,38.029,10.812,normal
2026-10-04 13:46:41,F3,76.667,0.0,4.565,56.147,8.39,normal
2026-10-04 13:47:41,F3,77.091,0.0,2.268,42.697,7.43,normal
2026-10-04 13:48:41,F3,71.658,0.0,1.868,44.745,5.613,normal
2026-10-04 13:49:41,F3,68.208,0.0,3.309,48.381,6.471,normal
2026-10-04 13:50:41,F3,78.041,0.0,3.366,43.27,4.121,normal
2026-10-04 13:51:41,F3,53.211,0.0,2.011,54.027,6.297,normal
2026-10-04 13:52:41,F3,74.279,0.0,4.017,56.164,5.265,normal
2026-10-04 13:53:41,F3,70.148,0.0,2.623,59.832,8.861,normal
2026-10-04 13:54:41,F3,65.437,0.0,2.439,47.295,6.672,normal
2026-10-04 13:55:41,F3,80.054,0.0,1.924,36.768,7.699,normal
2026-10-04 13:56:41,F3,71.639,0.0,3.916,62.12,8.683,normal
2026-10-04 13:57:41,F3,61.835,0.0,2.502,52.984,6.643,normal
2026-10-04 13:58:41,F3,70.407,0.0,2.301,55.794,7.118,normal
2026-10-04 13:59:41,F3,80.014,0.0,3.174,54.403,7.091,normal
2026-10-04 14:00:41,F3,66.515,0.0,2.051,50.348,6.044,normal
2026-10-04 14:01:41,F3,60.31,0.0,2.432,48.678,6.5,normal
2026-10-04 14:02:41,F3,75.079,0.0,2.694,38.644,8.241,normal
2026-10-04 14:03:41,F3,72.191,0.0,2.104,42.898,8.504,normal
2026-10-04 14:04:41,F3,79.349,0.0,1.435,46.766,6.281,normal
2026-10-04 14:05:41,F3,55.34,0.0,2.457,33.298,6.395,normal
2026-10-04 14:06:41,F3,56.713,0.0,2.374,43.581,8.632,normal
2026-10-04 14:07:41,F3,70.111,0.0,3.838,51.273,7.802,normal
2026-10-04 14:08:41,F3,71.835,0.0,2.08,45.7,10.425,normal
2026-10-04 14:09:41,F3,63.815,0.0,3.608,53.674,6.881,normal
2026-10-04 14:10:41,F3,61.853,0.0,3.764,51.106,11.642,normal
2026-10-04 14:11:41,F3,58.633,0.0,2.681,37.278,9.773,normal
2026-10-04 14:12:41,F3,69.803,0.0,3.098,46.741,9.892,normal
2026-10-04 14:13:41,F3,62.451,0.0,3.998,49.177,9.054,normal
2026-10-04 14:14:41,F3,62.196,0.0,2.201,41.938,6.957,normal
2026-10-04 14:15:41,F3,60.283,0.0,2.016,42.965,9.965,normal
2026-10-04 14:16:41,F3,80.969,0.0,4.224,42.474,6.078,normal
2026-10-04 14:17:41,F3,68.098,0.0,3.396,45.669,9.187,normal
2026-10-04 14:18:41,F3,63.829,0.0,3.603,35.276,8.758,normal
2026-10-04 14:19:41,F3,75.427,0.0,2.547,59.781,3.277,normal
2026-10-04 14:20:41,F3,50.17,0.0,4.418,51.744,5.071,normal
2026-10-04 14:21:41,F3,61.664,0.0,1.268,49.738,6.568,normal
2026-10-04 14:22:41,F3,43.688,0.0,3.725,51.687,6.718,normal
2026-10-04 14:23:41,F3,59.088,0.0,4.466,55.599,6.793,normal
2026-10-04 14:24:41,F3,68.855,0.0,2.368,37.821,5.856,normal
2026-10-04 14:25:41,F3,72.149,0.0,1.308,35.637,8.308,normal
2026-10-04 14:26:41,F3,61.958,0.0,4.1,41.229,8.703,normal
2026-10-04 14:27:41,F3,58.557,0.0,2.257,45.475,7.13,normal
2026-10-04 14:28:41,F3,74.756,0.0,3.23,52.713,8.055,normal
2026-10-04 14:29:41,F3,55.789,0.0,3.888,54.774,6.704,normal
2026-10-04 14:30:41,F3,80.848,0.0,0.802,42.708,5.147,normal
2026-10-04 14:31:41,F3,71.685,0.0,2.508,49.468,7.548,normal
2026-10-04 14:32:41,F3,64.972,0.0,2.652,39.024,9.892,normal
2026-10-04 14:33:41,F3,58.724,0.0,2.073,44.526,6.07,normal
2026-10-04 14:34:41,F3,52.858,0.0,2.392,31.077,5.539,normal
2026-10-04 14:35:41,F3,64.559,0.0,2.909,31.196,9.533,normal
2026-10-04 14:36:41,F3,66.424,0.0,2.013,52.986,8.409,normal
2026-10-04 14:37:41,F3,58.506,0.0,2.59,41.488,4.089,normal
2026-10-04 14:38:41,F3,64.364,0.0,4.01,34.688,4.525,normal
2026-10-04 14:39:41,F3,64.944,0.0,2.798,45.953,7.001,normal
2026-10-04 14:40:41,F3,67.619,0.0,3.016,52.097,6.1,normal
2026-10-04 14:41:41,F3,62.51,0.0,2.566,48.874,5.939,normal
2026-10-04 14:42:41,F3,69.429,0.0,4.524,38.058,11.412,normal
2026-10-04 14:43:41,F3,68.791,0.0,2.927,47.345,6.307,normal
2026-10-04 14:44:41,F3,74.582,0.0,3.417,52.809,7.462,normal
2026-10-04 14:45:41,F3,66.401,0.0,2.102,49.991,6.165,normal
2026-10-04 14:46:41,F3,63.222,0.0,2.603,41.974,7.404,normal
2026-10-04 14:47:41,F3,71.471,0.0,1.79,45.236,9.409,normal
2026-10-04 14:48:41,F3,68.567,0.0,2.807,53.848,7.343,normal
2026-10-04 14:49:41,F3,75.147,0.0,1.286,40.116,7.991,normal
2026-10-04 14:50:41,F3,67.14,0.0,3.033,49.887,5.863,normal
2026-10-04 14:51:41,F3,72.183,0.0,0.888,47.409,8.592,normal
2026-10-04 14:52:41,F3,61.251,0.0,1.925,57.372,6.397,normal
2026-10-04 14:53:41,F3,63.269,0.0,3.481,48.145,7.028,normal
2026-10-04 14:54:41,F3,75.526,0.0,3.165,36.507,6.735,normal
2026-10-04 14:55:41,F3,57.2,0.0,3.894,44.597,7.759,normal
2026-10-04 14:56:41,F3,77.532,0.0,1.818,40.742,5.965,normal
2026-10-04 14:57:41,F3,68.16,0.0,2.477,52.016,9.82,normal
2026-10-04 14:58:41,F3,71.272,0.0,1.744,35.727,6.102,normal
2026-10-04 14:59:41,F3,71.13,0.0,1.473,49.205,8.506,normal
2026-10-04 15:00:41,F3,54.263,0.0,2.146,43.72,6.017,normal
2026-10-04 15:01:41,F3,70.518,0.164,2.355,52.113,6.356,normal
2026-10-04 15:02:41,F3,76.264,0.0,3.627,92.749,8.887,normal
2026-10-04 15:03:41,F3,69.096,0.0,4.43,44.637,7.204,normal
2026-10-04 15:04:41,F3,64.411,0.0,2.566,41.022,5.809,normal
2026-10-04 15:05:41,F3,68.877,0.0,3.123,34.938,6.823,normal
2026-10-04 15:06:41,F3,61.366,0.0,3.043,41.588,5.727,normal
2026-10-04 15:07:41,F3,63.009,0.0,3.852,47.289,11.679,normal
2026-10-04 15:08:41,F3,66.601,0.0,3.275,40.218,5.28,normal
2026-10-04 15:09:41,F3,66.094,0.0,2.942,47.138,10.531,normal
2026-10-04 15:10:41,F3,92.372,0.0,2.52,42.488,11.202,normal
2026-10-04 15:11:41,F3,57.881,0.0,2.306,39.102,7.764,normal
2026-10-04 15:12:41,F3,72.924,0.0,1.187,44.792,7.153,normal
2026-10-04 15:13:41,F3,75.339,0.0,2.331,41.441,7.682,normal
2026-10-04 15:14:41,F3,63.548,0.0,3.541,53.683,8.521,normal
2026-10-04 15:15:41,F3,59.581,0.0,4.298,49.673,5.172,normal
2026-10-04 15:16:41,F3,77.036,0.0,2.617,50.379,7.295,normal
2026-10-04 15:17:41,F3,55.119,0.0,3.353,47.74,8.938,normal
2026-10-04 15:18:41,F3,74.801,0.0,3.264,45.012,7.415,normal
2026-10-04 15:19:41,F3,59.832,0.0,2.49,57.286,3.777,normal
2026-10-04 15:20:41,F3,50.031,0.0,3.758,39.522,5.564,normal
2026-10-04 15:21:41,F3,63.729,0.0,3.027,51.05,7.078,normal
2026-10-04 15:22:41,F3,69.622,0.0,3.666,35.291,4.159,normal
2026-10-04 15:23:41,F3,68.202,0.0,3.068,29.108,9.196,normal
2026-10-04 15:24:41,F3,60.792,0.0,3.485,55.254,6.985,normal
2026-10-04 15:25:41,F3,67.121,0.0,2.055,34.822,8.568,normal
2026-10-04 15:26:41,F3,87.836,0.066,1.9,49.253,7.461,normal
2026-10-04 15:27:41,F3,73.765,0.0,3.112,44.834,6.988,normal
2026-10-04 15:28:41,F3,66.74,0.0,1.779,51.811,9.061,normal
2026-10-04 15:29:41,F3,61.044,0.0,2.793,48.602,6.627,normal
2026-10-04 15:30:41,F3,69.421,0.0,3.607,37.11,7.303,normal
2026-10-04 15:31:41,F3,63.09,0.0,2.794,49.315,6.607,normal
2026-10-04 15:32:41,F3,52.448,0.0,1.432,46.154,9.442,normal
2026-10-04 15:33:41,F3,61.919,0.0,3.373,46.326,7.364,normal
2026-10-04 15:34:41,F3,71.563,0.0,3.473,44.212,6.268,normal
2026-10-04 15:35:41,F3,69.675,0.0,3.073,42.57,5.979,normal
2026-10-04 15:36:41,F3,58.821,0.0,2.774,57.839,7.196,normal
2026-10-04 15:37:41,F3,80.541,0.0,3.054,52.794,5.617,normal
2026-10-04 15:38:41,F3,70.016,0.0,2.418,49.603,7.131,normal
2026-10-04 15:39:41,F3,79.072,0.0,3.014,36.629,5.601,normal
2026-10-04 15:40:41,F3,56.047,0.0,2.852,46.076,9.321,normal
2026-10-04 15:41:41,F3,60.039,0.0,3.056,48.437,5.685,normal
2026-10-04 15:42:41,F3,78.772,0.0,3.702,54.466,9.2,normal
2026-10-04 15:43:41,F3,66.065,0.0,2.509,41.008,6.369,normal
2026-10-04 15:44:41,F3,71.905,0.0,3.309,55.843,7.641,normal
2026-10-04 15:45:41,F3,65.65,0.0,1.66,48.819,6.369,normal
2026-10-04 15:46:41,F3,73.064,0.0,2.82,39.623,6.813,normal
2026-10-04 15:47:41,F3,61.106,0.0,2.672,40.74,8.114,normal
2026-10-04 15:48:41,F3,71.071,0.0,1.822,51.154,3.405,normal
2026-10-04 15:49:41,F3,54.367,0.0,2.613,51.173,10.472,normal
2026-10-04 15:50:41,F3,66.074,0.0,3.102,44.921,8.12,normal
2026-10-04 15:51:41,F3,63.956,0.0,3.509,58.192,6.619,normal
2026-10-04 15:52:41,F3,67.104,0.0,2.286,46.595,7.551,normal
2026-10-04 15:53:41,F3,64.94,0.0,3.001,44.39,3.852,normal
2026-10-04 15:54:41,F3,64.334,0.0,3.11,60.335,5.057,normal
2026-10-04 15:55:41,F3,69.044,0.0,2.936,41.516,5.578,normal
2026-10-04 15:56:41,F3,63.2,0.0,3.252,54.701,6.9,normal
2026-10-04 15:57:41,F3,73.195,0.0,3.267,46.966,9.931,normal
2026-10-04 15:58:41,F3,62.209,0.0,2.555,38.957,7.311,normal
2026-10-04 15:59:41,F3,56.314,0.0,3.617,38.826,5.629,normal
2026-10-04 16:00:41,F3,56.535,0.0,3.572,46.136,6.197,normal
2026-10-04 16:01:41,F3,84.45,0.0,3.116,45.857,7.028,normal
2026-10-04 16:02:41,F3,75.966,0.0,1.907,45.878,7.72,normal
2026-10-04 16:03:41,F3,66.115,0.0,3.486,47.165,6.594,normal
2026-10-04 16:04:41,F3,60.448,0.0,2.601,48.3,7.425,normal
2026-10-04 16:05:41,F3,72.943,0.0,2.774,46.288,6.465,normal
2026-10-04 16:06:41,F3,57.681,0.0,2.571,52.563,9.27,normal
2026-10-04 16:07:41,F3,59.979,0.0,2.564,59.889,5.527,normal
2026-10-04 16:08:41,F3,62.157,0.0,3.44,49.883,6.403,normal
2026-10-04 16:09:41,F3,77.861,0.0,1.531,52.181,5.669,normal
2026-10-04 16:10:41,F3,66.952,0.0,1.381,53.651,4.449,normal
2026-10-04 16:11:41,F3,69.282,0.0,2.342,35.099,4.376,normal
2026-10-04 16:12:41,F3,63.716,0.0,2.312,44.773,6.773,normal
2026-10-04 16:13:41,F3,55.645,0.0,2.51,39.056,8.441,normal
2026-10-04 16:14:41,F3,63.554,0.0,2.656,39.922,6.495,normal
2026-10-04 16:15:41,F3,64.611,0.0,3.718,44.61,8.137,normal
2026-10-04 16:16:41,F3,57.991,0.0,1.366,49.793,6.98,normal
2026-10-04 16:17:41,F3,71.345,0.0,2.41,64.562,3.689,normal
2026-10-04 16:18:41,F3,63.575,0.0,1.487,52.406,6.553,normal
2026-10-04 16:19:41,F3,70.13,0.0,4.096,46.326,9.27,normal
2026-10-04 16:20:41,F3,74.228,0.0,2.199,56.085,7.034,normal
2026-10-04 16:21:41,F3,73.887,0.0,2.402,52.13,4.545,normal
2026-10-04 16:22:41,F3,69.178,0.0,2.452,58.903,6.967,normal
2026-10-04 16:23:41,F3,73.779,0.0,4.188,49.865,8.419,normal
2026-10-04 16:24:41,F3,66.333,0.0,3.409,52.802,8.265,normal
2026-10-04 16:25:41,F3,62.904,0.0,2.748,38.026,5.541,normal
2026-10-04 16:26:41,F3,64.832,0.0,2.459,35.135,5.021,normal
2026-10-04 16:27:41,F3,82.036,0.0,2.971,60.321,7.916,normal
2026-10-04 16:28:41,F3,60.665,0.0,2.673,53.47,7.568,normal
2026-10-04 16:29:41,F3,62.564,0.0,1.505,51.472,8.341,normal
2026-10-04 16:30:41,F3,55.898,0.0,2.785,46.072,8.986,normal
2026-10-04 16:31:41,F3,80.229,0.0,1.941,63.533,7.172,normal
2026-10-04 16:32:41,F3,62.053,0.0,4.093,52.282,10.237,normal
2026-10-04 16:33:41,F3,67.341,0.0,3.801,39.052,8.758,normal
2026-10-04 16:34:41,F3,61.429,0.0,2.559,35.545,5.123,normal
2026-10-04 16:35:41,F3,69.501,0.0,2.922,48.191,5.728,normal
2026-10-04 16:36:41,F3,60.689,0.0,4.229,44.362,8.093,normal
2026-10-04 16:37:41,F3,67.559,0.0,2.469,47.183,7.17,normal
2026-10-04 16:38:41,F3,81.508,0.0,3.254,48.507,6.454,normal
2026-10-04 16:39:41,F3,61.377,0.0,4.175,51.243,6.17,normal
2026-10-04 16:40:41,F3,74.823,0.0,2.257,46.161,8.382,normal
2026-10-04 16:41:41,F3,89.543,0.0,3.199,48.518,10.626,normal
2026-10-04 16:42:41,F3,61.676,0.0,2.697,51.384,8.004,normal
2026-10-04 16:43:41,F3,71.282,0.0,2.107,38.212,7.743,normal
2026-10-04 16:44:41,F3,60.36,0.0,2.195,55.399,7.403,normal
2026-10-04 16:45:41,F3,66.589,0.0,3.53,59.477,4.651,normal
2026-10-04 16:46:41,F3,58.556,0.0,2.845,62.629,10.175,normal
2026-10-04 16:47:41,F3,64.145,0.0,2.236,40.293,6.235,normal
2026-10-04 16:48:41,F3,64.904,0.0,1.446,39.911,9.59,normal
2026-10-04 16:49:41,F3,74.469,0.0,2.307,44.777,4.88,normal
2026-10-04 16:50:41,F3,56.181,0.0,2.62,44.322,8.264,normal
2026-10-04 16:51:41,F3,61.808,0.0,2.725,57.027,6.589,normal
2026-10-04 16:52:41,F3,55.292,0.0,3.151,45.635,9.846,normal
2026-10-04 16:53:41,F3,67.266,0.0,2.576,47.735,8.329,normal
2026-10-04 16:54:41,F3,55.565,0.0,2.974,51.268,5.555,normal
2026-10-04 16:55:41,F3,64.026,0.0,3.241,43.931,8.484,normal
2026-10-04 16:56:41,F3,49.71,0.0,1.641,53.369,6.059,normal
2026-10-04 16:57:41,F3,76.245,0.0,2.35,37.365,9.026,normal
2026-10-04 16:58:41,F3,67.745,0.0,3.623,45.539,10.176,normal
2026-10-04 16:59:41,F3,75.751,0.0,3.018,48.754,8.661,normal
2026-10-04 17:00:41,F3,67.185,0.0,3.256,35.545,7.921,normal
2026-10-04 17:01:41,F3,71.575,0.0,1.295,50.408,5.564,normal
2026-10-04 17:02:41,F3,61.251,0.0,2.029,43.556,8.057,normal
2026-10-04 17:03:41,F3,69.049,0.0,3.738,46.459,6.764,normal
2026-10-04 17:04:41,F3,71.808,0.0,3.734,51.772,6.765,normal
2026-10-04 17:05:41,F3,74.304,0.0,2.494,33.18,5.58,normal
2026-10-04 17:06:41,F3,65.938,0.0,2.521,47.329,7.759,normal
2026-10-04 17:07:41,F3,59.261,0.0,3.177,44.718,4.08,normal
2026-10-04 17:08:41,F3,60.298,0.005,2.423,49.554,9.234,normal
2026-10-04 17:09:41,F3,76.586,0.0,2.837,28.228,5.249,normal
2026-10-04 17:10:41,F3,59.133,0.0,2.487,43.073,6.742,normal
2026-10-04 17:11:41,F3,73.919,0.025,1.453,40.123,7.46,normal
2026-10-04 17:12:41,F3,51.302,0.0,2.783,45.362,6.191,normal
2026-10-04 17:13:41,F3,63.921,0.0,3.682,49.172,4.421,normal
2026-10-04 17:14:41,F3,65.156,0.0,3.138,54.214,7.387,normal
2026-10-04 17:15:41,F3,68.13,0.0,2.097,42.21,9.128,normal
2026-10-04 17:16:41,F3,74.417,0.0,1.632,47.4,6.65,normal
2026-10-04 17:17:41,F3,61.386,0.0,2.858,44.454,7.499,normal
2026-10-04 17:18:41,F3,66.978,0.0,2.094,46.053,7.002,normal
2026-10-04 17:19:41,F3,61.224,0.0,3.276,46.419,8.192,normal
2026-10-04 17:20:41,F3,50.523,0.0,1.82,44.274,7.86,normal
2026-10-04 17:21:41,F3,69.317,0.0,3.429,55.27,5.948,normal
2026-10-04 17:22:41,F3,74.78,0.0,2.825,56.46,9.095,normal
2026-10-04 17:23:41,F3,73.96,0.0,1.969,45.597,7.918,normal
2026-10-04 17:24:41,F3,73.49,0.0,2.676,39.097,5.833,normal
2026-10-04 17:25:41,F3,45.553,0.0,2.903,44.363,6.218,normal
2026-10-04 17:26:41,F3,62.282,0.0,3.239,46.942,6.958,normal
2026-10-04 17:27:41,F3,63.029,0.0,1.092,50.133,7.397,normal
2026-10-04 17:28:41,F3,60.679,0.0,3.067,53.591,8.642,normal
2026-10-04 17:29:41,F3,66.19,0.0,3.139,51.293,6.796,normal
2026-10-04 17:30:41,F3,64.203,0.0,1.74,58.814,9.858,normal
2026-10-04 17:31:41,F3,74.004,0.0,1.833,43.691,9.545,normal
2026-10-04 17:32:41,F3,67.363,0.0,2.359,51.712,7.734,normal
2026-10-04 17:33:41,F3,71.914,0.034,1.63,38.345,7.9,normal
2026-10-04 17:34:41,F3,56.242,0.0,2.794,46.979,6.872,normal
2026-10-04 17:35:41,F3,54.118,0.0,2.686,51.309,8.24,normal
2026-10-04 17:36:41,F3,76.015,0.0,3.361,47.516,6.223,normal
2026-10-04 17:37:41,F3,62.498,0.0,2.449,43.288,5.083,normal
2026-10-04 17:38:41,F3,65.652,0.0,3.276,44.363,6.667,normal
2026-10-04 17:39:41,F3,64.161,0.0,1.988,60.506,4.312,normal
2026-10-04 17:40:41,F3,65.318,0.0,4.179,34.382,6.783,normal
2026-10-04 17:41:41,F3,67.814,0.0,3.388,52.861,5.962,normal
2026-10-04 17:42:41,F3,59.341,0.0,2.1,45.036,5.926,normal
2026-10-04 17:43:41,F3,68.276,0.0,2.46,34.416,8.554,normal
2026-10-04 17:44:41,F3,70.852,0.0,1.428,48.026,8.826,normal
2026-10-04 17:45:41,F3,66.447,0.0,2.162,35.018,7.161,normal
2026-10-04 17:46:41,F3,63.614,0.0,3.087,47.804,8.27,normal
2026-10-04 17:47:41,F3,70.703,0.0,3.362,46.589,7.261,normal
2026-10-04 17:48:41,F3,52.44,0.0,3.696,49.791,6.007,normal
2026-10-04 17:49:41,F3,53.413,0.0,3.398,44.81,9.045,normal
2026-10-04 17:50:41,F3,64.739,0.0,2.742,42.256,8.056,normal
2026-10-04 17:51:41,F3,66.8,0.0,3.478,43.142,5.692,normal
2026-10-04 17:52:41,F3,81.644,0.0,2.933,61.011,8.25,normal
2026-10-04 17:53:41,F3,84.309,0.0,3.218,39.506,7.878,normal
2026-10-04 17:54:41,F3,69.453,0.0,3.119,45.026,4.854,normal
2026-10-04 17:55:41,F3,73.438,0.0,1.726,59.839,7.616,normal
2026-10-04 17:56:41,F3,76.788,0.0,4.399,55.912,7.337,normal
2026-10-04 17:57:41,F3,63.845,0.0,2.017,56.061,6.678,normal
2026-10-04 17:58:41,F3,77.334,0.0,2.698,56.865,6.785,normal
2026-10-04 17:59:41,F3,67.692,0.0,2.131,58.932,8.34,normal
2026-10-04 18:00:41,F3,67.832,0.0,2.278,47.876,6.187,normal
2026-10-04 18:01:41,F3,63.745,0.0,4.235,32.879,9.399,normal
2026-10-04 18:02:41,F3,58.126,0.0,4.253,43.88,8.981,normal
2026-10-04 18:03:41,F3,78.259,0.0,2.834,47.309,6.931,normal
2026-10-04 18:04:41,F3,72.238,0.0,3.08,50.0,9.044,normal
2026-10-04 18:05:41,F3,67.83,0.0,2.653,57.382,5.08,normal
2026-10-04 18:06:41,F3,63.403,0.0,2.078,44.448,9.335,normal
2026-10-04 18:07:41,F3,67.499,0.0,2.871,58.833,6.859,normal
2026-10-04 18:08:41,F3,61.492,0.0,2.307,30.826,5.714,normal
2026-10-04 18:09:41,F3,49.993,0.0,2.206,48.322,7.605,normal
2026-10-04 18:10:41,F3,49.262,0.0,0.431,48.429,7.203,normal
2026-10-04 18:11:41,F3,71.957,0.0,2.981,46.824,7.153,normal
2026-10-04 18:12:41,F3,70.195,0.0,2.254,39.501,10.351,normal
2026-10-04 18:13:41,F3,77.497,0.0,1.249,70.283,10.22,normal
2026-10-04 18:14:41,F3,63.027,0.0,2.353,41.448,6.877,normal
2026-10-04 18:15:41,F3,78.783,0.0,2.984,32.599,5.347,normal
2026-10-04 18:16:41,F3,70.664,0.0,3.23,52.332,6.729,normal
2026-10-04 18:17:41,F3,63.777,0.0,2.81,42.632,5.292,normal
2026-10-04 18:18:41,F3,56.934,0.609,3.678,54.523,5.45,normal
2026-10-04 18:19:41,F3,63.908,0.164,3.441,45.124,6.651,normal
2026-10-04 18:20:41,F3,79.047,0.0,2.425,51.548,7.285,normal
2026-10-04 18:21:41,F3,58.949,0.0,2.893,57.821,3.924,normal
2026-10-04 18:22:41,F3,56.271,0.0,3.749,47.563,6.333,normal
2026-10-04 18:23:41,F3,68.068,0.0,3.595,57.305,6.892,normal
2026-10-04 18:24:41,F3,59.04,0.0,2.335,43.516,8.194,normal
2026-10-04 18:25:41,F3,57.292,0.0,3.198,54.293,7.611,normal
2026-10-04 18:26:41,F3,78.359,0.0,2.424,50.462,8.898,normal
2026-10-04 18:27:41,F3,74.589,0.0,1.249,50.629,6.608,normal
2026-10-04 18:28:41,F3,67.355,0.0,2.501,47.207,8.262,normal
2026-10-04 18:29:41,F3,75.99,0.0,2.883,51.135,8.784,normal
2026-10-04 18:30:41,F3,58.564,0.0,4.543,43.919,8.395,normal
2026-10-04 18:31:41,F3,70.111,0.0,4.519,37.332,7.373,normal
2026-10-04 18:32:41,F3,69.996,0.0,1.349,46.554,5.318,normal
2026-10-04 18:33:41,F3,66.567,0.0,3.297,42.688,6.624,normal
2026-10-04 18:34:41,F3,66.503,0.0,2.449,43.659,5.986,normal
2026-10-04 18:35:41,F3,56.19,0.113,2.981,44.429,7.438,normal
2026-10-04 18:36:41,F3,66.902,0.0,3.526,42.217,6.813,normal
2026-10-04 18:37:41,F3,62.424,0.004,1.908,38.281,6.129,normal
2026-10-04 18:38:41,F3,55.251,0.0,2.129,49.07,7.725,normal
2026-10-04 18:39:41,F3,73.488,0.0,2.596,49.307,7.469,normal
2026-10-04 18:40:41,F3,58.888,0.0,5.011,32.569,10.18,normal
2026-10-04 18:41:41,F3,69.286,0.0,2.055,53.537,7.604,normal
2026-10-04 18:42:41,F3,61.212,0.122,2.235,43.564,9.004,normal
2026-10-04 18:43:41,F3,65.906,0.0,3.044,47.513,7.332,normal
2026-10-04 18:44:41,F3,73.861,0.0,3.004,48.416,6.843,normal
2026-10-04 18:45:41,F3,66.971,0.0,3.64,51.574,5.623,normal
2026-10-04 18:46:41,F3,73.9,0.0,3.151,48.268,2.609,normal
2026-10-04 18:47:41,F3,64.686,0.0,2.957,47.765,9.943,normal
2026-10-04 18:48:41,F3,76.555,0.0,2.652,47.876,6.968,normal
2026-10-04 18:49:41,F3,60.428,0.0,1.676,58.532,5.919,normal
2026-10-04 18:50:41,F3,72.843,0.0,2.42,33.791,6.584,normal
2026-10-04 18:51:41,F3,62.712,0.0,2.442,35.258,5.243,normal
2026-10-04 18:52:41,F3,74.504,0.0,2.451,33.064,7.24,normal
2026-10-04 18:53:41,F3,49.379,0.0,3.202,39.89,10.064,normal
2026-10-04 18:54:41,F3,63.899,0.0,1.377,42.341,10.066,normal
2026-10-04 18:55:41,F3,69.552,0.0,2.944,47.656,8.628,normal
2026-10-04 18:56:41,F3,70.767,0.0,2.402,44.907,8.118,normal
2026-10-04 18:57:41,F3,70.994,0.0,2.707,55.51,6.854,normal
2026-10-04 18:58:41,F3,73.338,0.0,4.198,44.472,6.888,normal
2026-10-04 18:59:41,F3,85.136,0.0,2.024,43.53,7.445,normal
2026-10-04 19:00:41,F3,64.277,0.0,2.862,38.381,6.356,normal
2026-10-04 19:01:41,F3,72.403,0.0,2.052,45.494,7.97,normal
2026-10-04 19:02:41,F3,66.874,0.0,2.987,35.551,7.805,normal
2026-10-04 19:03:41,F3,57.782,0.0,3.5,43.83,7.059,normal
2026-10-04 19:04:41,F3,72.994,0.0,1.88,38.305,7.867,normal
2026-10-04 19:05:41,F3,70.715,0.0,3.147,42.379,7.246,normal
2026-10-04 19:06:41,F3,69.601,0.0,2.345,52.078,6.685,normal
2026-10-04 19:07:41,F3,71.414,0.0,2.975,53.961,11.505,normal
2026-10-04 19:08:41,F3,57.042,0.061,2.553,38.668,6.937,normal
2026-10-04 19:09:41,F3,72.224,0.0,2.366,41.182,8.761,normal
2026-10-04 19:10:41,F3,48.103,0.0,3.511,58.037,9.741,normal
2026-10-04 19:11:41,F3,63.178,0.0,3.095,32.265,9.11,normal
2026-10-04 19:12:41,F3,68.947,0.0,4.031,42.538,4.791,normal
2026-10-04 19:13:41,F3,71.943,0.0,2.324,57.921,4.359,normal
2026-10-04 19:14:41,F3,72.67,0.0,1.994,42.487,9.125,normal
2026-10-04 19:15:41,F3,54.768,0.0,2.991,34.416,8.494,normal
2026-10-04 19:16:41,F3,63.595,0.068,2.104,46.7,6.536,normal
2026-10-04 19:17:41,F3,63.056,0.0,1.981,54.219,5.432,normal
2026-10-04 19:18:41,F3,58.672,0.0,1.603,41.729,6.903,normal
2026-10-04 19:19:41,F3,57.997,0.0,2.523,34.739,7.358,normal
2026-10-04 19:20:41,F3,56.79,0.0,1.38,52.797,6.505,normal
2026-10-04 19:21:41,F3,65.194,0.0,2.074,59.525,6.259,normal
2026-10-04 19:22:41,F3,74.861,0.0,1.982,60.17,7.757,normal
2026-10-04 19:23:41,F3,69.472,0.0,3.471,61.26,7.805,normal
2026-10-04 19:24:41,F3,55.344,0.0,3.068,43.905,8.694,normal
2026-10-04 19:25:41,F3,57.48,0.126,2.672,60.241,8.122,normal
2026-10-04 19:26:41,F3,69.916,0.0,3.445,51.127,8.684,normal
2026-10-04 19:27:41,F3,59.278,0.0,4.101,40.62,7.476,normal
2026-10-04 19:28:41,F3,49.015,0.0,2.026,52.587,6.212,normal
2026-10-04 19:29:41,F3,56.135,0.0,3.637,54.871,7.941,normal
2026-10-04 19:30:41,F3,62.127,0.0,1.772,28.92,7.06,normal
2026-10-04 19:31:41,F3,71.603,0.0,2.739,44.619,3.552,normal
2026-10-04 19:32:41,F3,72.857,0.0,1.938,51.84,7.091,normal
2026-10-04 19:33:41,F3,61.395,0.0,2.275,62.525,8.464,normal
2026-10-04 19:34:41,F3,57.923,0.0,3.263,46.646,6.058,normal
2026-10-04 19:35:41,F3,74.585,0.0,3.145,56.965,8.571,normal
2026-10-04 19:36:41,F3,73.304,0.0,3.275,39.748,9.892,normal
2026-10-04 19:37:41,F3,71.47,0.0,3.403,49.119,8.549,normal
2026-10-04 19:38:41,F3,71.282,0.0,3.002,40.052,9.183,normal
2026-10-04 19:39:41,F3,63.511,0.0,2.346,47.65,6.666,normal
2026-10-04 19:40:41,F3,62.998,0.0,3.3,55.721,8.327,normal
2026-10-04 19:41:41,F3,64.446,0.0,3.463,41.634,6.676,normal
2026-10-04 19:42:41,F3,65.467,0.0,3.25,57.986,5.829,normal
2026-10-04 19:43:41,F3,68.037,0.0,2.885,42.714,6.19,normal
2026-10-04 19:44:41,F3,62.216,0.0,4.22,45.551,10.049,normal
2026-10-04 19:45:41,F3,80.111,0.0,3.254,60.542,9.064,normal
2026-10-04 19:46:41,F3,67.516,0.0,2.639,49.865,9.821,normal
2026-10-04 19:47:41,F3,62.222,0.0,2.583,59.245,6.556,normal
2026-10-04 19:48:41,F3,71.518,0.0,2.385,37.565,9.939,normal
2026-10-04 19:49:41,F3,78.586,0.0,2.367,42.311,7.856,normal
2026-10-04 19:50:41,F3,76.455,0.037,2.483,52.681,8.401,normal
2026-10-04 19:51:41,F3,57.881,0.0,3.275,56.88,6.947,normal
2026-10-04 19:52:41,F3,76.95,0.0,4.333,42.288,8.247,normal
2026-10-04 19:53:41,F3,56.988,0.0,2.968,59.521,6.658,normal
2026-10-04 19:54:41,F3,64.53,0.0,3.198,47.579,8.756,normal
2026-10-04 19:55:41,F3,65.929,0.0,3.46,44.967,6.953,normal
2026-10-04 19:56:41,F3,67.764,0.0,2.404,42.374,8.948,normal
2026-10-04 19:57:41,F3,64.468,0.0,3.821,48.988,8.001,normal
2026-10-04 19:58:41,F3,75.301,0.0,2.705,43.535,8.898,normal
2026-10-04 19:59:41,F3,72.056,0.0,3.359,38.809,4.573,normal
2026-10-04 20:00:41,F3,72.745,0.0,3.147,55.28,6.541,normal
2026-10-04 20:01:41,F3,68.712,0.0,3.86,37.4,5.152,normal
2026-10-04 20:02:41,F3,59.401,0.0,3.295,38.168,6.155,normal
2026-10-04 20:03:41,F3,63.419,0.228,2.017,44.278,11.816,normal
2026-10-04 20:04:41,F3,80.8,0.0,3.506,48.188,6.754,normal
2026-10-04 20:05:41,F3,76.331,0.0,1.511,25.568,7.277,normal
2026-10-04 20:06:41,F3,70.033,0.0,3.88,51.234,8.158,normal
2026-10-04 20:07:41,F3,62.3,0.032,3.431,55.797,8.049,normal
2026-10-04 20:08:41,F3,69.168,0.0,3.851,53.666,7.19,normal
2026-10-04 20:09:41,F3,74.556,0.0,2.745,37.795,9.242,normal
2026-10-04 20:10:41,F3,63.343,0.0,2.326,54.609,7.452,normal
2026-10-04 20:11:41,F3,78.51,0.0,2.62,41.462,4.177,normal
2026-10-04 20:12:41,F3,69.178,0.0,3.088,43.066,8.543,normal
2026-10-04 20:13:41,F3,84.831,0.0,1.939,53.287,6.624,normal
2026-10-04 20:14:41,F3,70.844,0.0,3.861,52.642,10.668,normal
2026-10-04 20:15:41,F3,76.512,0.198,3.542,59.674,5.417,normal
2026-10-04 20:16:41,F3,60.279,0.0,2.829,61.035,8.959,normal
2026-10-04 20:17:41,F3,66.184,0.046,3.509,41.807,9.612,normal
2026-10-04 20:18:41,F3,68.279,0.0,3.031,36.165,11.444,normal
2026-10-04 20:19:41,F3,65.441,0.028,2.798,57.337,4.433,normal
2026-10-04 20:20:41,F3,69.218,0.0,2.585,60.878,6.618,normal
2026-10-04 20:21:41,F3,71.2,0.0,2.736,42.234,9.414,normal
2026-10-04 20:22:41,F3,62.632,0.0,2.926,56.554,9.609,normal
2026-10-04 20:23:41,F3,57.126,0.0,3.036,56.734,8.149,normal
2026-10-04 20:24:41,F3,62.4,0.005,2.737,37.93,3.735,normal
2026-10-04 20:25:41,F3,74.072,0.121,2.137,46.935,8.695,normal
2026-10-04 20:26:41,F3,65.703,0.0,2.654,44.361,7.644,normal
2026-10-04 20:27:41,F3,70.505,0.0,1.873,44.141,6.521,normal
2026-10-04 20:28:41,F3,61.653,0.0,3.011,50.734,9.476,normal
2026-10-04 20:29:41,F3,82.873,0.0,2.373,39.901,7.321,normal
2026-10-04 20:30:41,F3,64.548,0.0,2.701,49.994,7.047,normal
2026-10-04 20:31:41,F3,47.664,0.0,1.591,41.721,7.516,normal
2026-10-04 20:32:41,F3,100.203,0.0,2.336,47.854,8.601,normal
2026-10-04 20:33:41,F3,67.635,0.0,3.805,42.731,7.083,normal
2026-10-04 20:34:41,F3,64.853,0.0,3.887,46.166,7.353,normal
2026-10-04 20:35:41,F3,69.808,0.0,2.344,33.409,9.039,normal
2026-10-04 20:36:41,F3,62.477,0.0,3.122,48.589,6.098,normal
2026-10-04 20:37:41,F3,69.38,0.0,2.773,53.269,7.889,normal
2026-10-04 20:38:41,F3,77.277,0.0,1.959,46.084,10.523,normal
2026-10-04 20:39:41,F3,73.959,0.0,3.395,62.272,9.256,normal
2026-10-04 20:40:41,F3,64.057,0.0,3.44,52.261,7.718,normal
2026-10-04 20:41:41,F3,74.513,0.0,2.695,47.644,9.097,normal
2026-10-04 20:42:41,F3,67.411,0.0,2.846,50.189,10.19,normal
2026-10-04 20:43:41,F3,71.241,0.0,3.028,44.829,8.332,normal
2026-10-04 20:44:41,F3,73.79,0.001,3.668,47.733,8.764,normal
2026-10-04 20:45:41,F3,57.524,0.046,1.737,42.337,5.635,normal
2026-10-04 20:46:41,F3,73.755,0.0,2.005,42.813,7.817,normal
2026-10-04 20:47:41,F3,76.565,0.0,1.842,42.477,9.343,normal
2026-10-04 20:48:41,F3,72.564,0.342,3.0,53.584,7.743,normal
2026-10-04 20:49:41,F3,58.187,0.0,2.783,57.294,8.293,normal
2026-10-04 20:50:41,F3,80.526,0.0,2.338,46.655,9.571,normal
2026-10-04 20:51:41,F3,81.674,0.0,3.422,54.56,7.598,normal
2026-10-04 20:52:41,F3,77.157,0.0,3.312,39.088,8.103,normal
2026-10-04 20:53:41,F3,67.918,0.0,3.251,52.689,7.461,normal
2026-10-04 20:54:41,F3,49.196,0.0,4.187,42.642,5.771,normal
2026-10-04 20:55:41,F3,67.662,0.0,2.495,57.579,6.201,normal
2026-10-04 20:56:41,F3,66.534,0.0,3.366,45.73,7.032,normal
2026-10-04 20:57:41,F3,42.128,0.0,4.602,60.707,6.469,normal
2026-10-04 20:58:41,F3,71.799,0.0,1.981,46.245,8.963,normal
2026-10-04 20:59:41,F3,61.266,0.0,3.375,43.685,6.668,normal
2026-10-04 21:00:41,F3,73.774,0.0,2.014,58.034,4.655,normal
2026-10-04 21:01:41,F3,94.441,0.0,2.546,50.862,10.99,normal
2026-10-04 21:02:41,F3,49.604,0.0,3.526,45.04,5.884,normal
2026-10-04 21:03:41,F3,50.355,0.0,2.808,34.089,7.903,normal
2026-10-04 21:04:41,F3,69.648,0.09,3.02,41.82,6.966,normal
2026-10-04 21:05:41,F3,82.813,0.0,3.056,44.245,7.49,normal
2026-10-04 21:06:41,F3,70.186,0.0,2.2,52.15,8.856,normal
2026-10-04 21:07:41,F3,70.4,0.153,2.313,38.895,9.07,normal
2026-10-04 21:08:41,F3,67.981,0.0,3.642,36.615,7.147,normal
2026-10-04 21:09:41,F3,42.225,0.0,2.483,35.806,6.603,normal
2026-10-04 21:10:41,F3,64.198,0.0,2.873,54.167,10.884,normal
2026-10-04 21:11:41,F3,64.674,0.0,3.001,45.802,6.32,normal
2026-10-04 21:12:41,F3,65.6,0.0,2.447,30.99,4.526,normal
2026-10-04 21:13:41,F3,71.396,0.0,2.249,52.566,8.706,normal
2026-10-04 21:14:41,F3,78.701,0.0,3.897,55.855,8.878,normal
2026-10-04 21:15:41,F3,55.143,0.0,3.201,52.04,5.711,normal
2026-10-04 21:16:41,F3,74.48,0.0,2.906,48.392,7.362,normal
2026-10-04 21:17:41,F3,68.83,0.005,1.957,53.123,11.332,normal
2026-10-04 21:18:41,F3,70.581,0.0,2.733,44.7,7.955,normal
2026-10-04 21:19:41,F3,72.797,0.142,2.139,58.12,7.116,normal
2026-10-04 21:20:41,F3,75.938,0.0,2.039,40.739,12.324,normal
2026-10-04 21:21:41,F3,72.5,0.064,2.436,60.437,5.129,normal
2026-10-04 21:22:41,F3,58.001,0.0,1.488,53.865,8.409,normal
2026-10-04 21:23:41,F3,66.915,0.0,2.932,43.777,6.54,normal
2026-10-04 21:24:41,F3,71.991,0.0,2.913,48.119,6.073,normal
2026-10-04 21:25:41,F3,77.78,0.0,2.343,51.095,7.04,normal
2026-10-04 21:26:41,F3,63.065,0.0,2.02,43.855,9.46,normal
2026-10-04 21:27:41,F3,65.581,0.041,2.187,53.262,5.304,normal
2026-10-04 21:28:41,F3,69.642,0.014,3.306,55.256,9.542,normal
2026-10-04 21:29:41,F3,72.107,0.0,2.991,45.948,4.599,normal
2026-10-04 21:30:41,F3,47.289,0.0,2.355,42.396,8.168,normal
2026-10-04 21:31:41,F3,63.037,0.0,2.488,58.429,7.127,normal
2026-10-04 21:32:41,F3,86.082,0.0,2.921,56.785,7.116,normal
2026-10-04 21:33:41,F3,63.925,0.052,4.846,48.509,7.718,normal
2026-10-04 21:34:41,F3,64.95,0.0,1.945,54.337,4.654,normal
2026-10-04 21:35:41,F3,55.292,0.0,4.06,61.672,8.605,normal
2026-10-04 21:36:41,F3,61.416,0.0,2.266,50.415,9.253,normal
2026-10-04 21:37:41,F3,66.023,0.0,3.213,46.771,5.966,normal
2026-10-04 21:38:41,F3,67.765,0.0,2.774,47.211,6.191,normal
2026-10-04 21:39:41,F3,76.9,0.172,2.412,42.377,7.344,normal
2026-10-04 21:40:41,F3,60.419,0.046,2.641,51.52,7.691,normal
2026-10-04 21:41:41,F3,60.027,0.022,3.002,40.148,4.366,normal
2026-10-04 21:42:41,F3,47.806,0.0,2.419,57.304,5.836,normal
2026-10-04 21:43:41,F3,86.391,0.0,1.992,51.073,6.906,normal
2026-10-04 21:44:41,F3,53.648,0.0,2.599,65.578,7.249,normal
2026-10-04 21:45:41,F3,59.394,0.09,3.441,48.926,8.013,normal
2026-10-04 21:46:41,F3,68.188,0.0,1.397,50.889,6.429,normal
2026-10-04 21:47:41,F3,64.664,0.108,3.78,44.918,8.829,normal
2026-10-04 21:48:41,F3,65.423,0.01,2.717,52.151,7.07,normal
2026-10-04 21:49:41,F3,59.06,0.0,2.837,36.134,10.13,normal
2026-10-04 21:50:41,F3,69.895,0.164,2.574,65.01,9.674,normal
2026-10-04 21:51:41,F3,64.555,0.289,3.545,45.986,6.224,normal
2026-10-04 21:52:41,F3,77.236,0.0,3.598,50.046,8.652,normal
2026-10-04 21:53:41,F3,71.806,0.0,2.343,57.611,6.714,normal
2026-10-04 21:54:41,F3,55.099,0.0,3.83,46.309,7.491,normal
2026-10-04 21:55:41,F3,85.318,0.0,3.164,49.942,6.103,normal
2026-10-04 21:56:41,F3,75.106,0.0,4.02,34.528,8.124,normal
2026-10-04 21:57:41,F3,48.686,0.25,3.443,42.897,7.766,normal
2026-10-04 21:58:41,F3,64.027,0.0,3.407,57.674,9.075,normal
2026-10-04 21:59:41,F3,61.36,0.0,1.99,48.21,8.66,normal
2026-10-04 22:00:41,F3,62.109,0.0,3.637,50.558,9.386,normal
2026-10-04 22:01:41,F3,74.167,0.394,2.951,37.854,7.729,normal
2026-10-04 22:02:41,F3,75.086,0.0,2.635,40.536,4.986,normal
2026-10-04 22:03:41,F3,61.08,0.0,2.838,57.92,7.18,normal
2026-10-04 22:04:41,F3,67.152,0.169,3.319,46.011,8.76,normal
2026-10-04 22:05:41,F3,60.798,0.0,4.132,49.817,9.056,normal
2026-10-04 22:06:41,F3,66.384,0.0,3.023,42.256,9.713,normal
2026-10-04 22:07:41,F3,69.805,0.0,2.094,49.811,5.101,normal
2026-10-04 22:08:41,F3,60.085,0.0,2.741,53.348,6.1,normal
2026-10-04 22:09:41,F3,77.443,0.0,2.611,38.219,5.323,normal
2026-10-04 22:10:41,F3,56.623,0.211,3.417,55.794,7.568,normal
2026-10-04 22:11:41,F3,77.347,0.0,3.301,49.586,5.247,normal
2026-10-04 22:12:41,F3,72.531,0.184,2.484,49.942,6.937,normal
2026-10-04 22:13:41,F3,78.504,0.14,3.209,50.786,8.297,normal
2026-10-04 22:14:41,F3,65.753,0.0,4.488,46.014,9.629,normal
2026-10-04 22:15:41,F3,65.245,0.0,3.246,39.935,10.623,normal
2026-10-04 22:16:41,F3,76.862,0.0,2.513,37.252,10.249,normal
2026-10-04 22:17:41,F3,75.436,0.0,2.794,53.933,5.632,normal
2026-10-04 22:18:41,F3,55.061,0.0,1.743,48.648,8.118,normal
2026-10-04 22:19:41,F3,61.801,0.0,2.422,43.549,7.991,normal
2026-10-04 22:20:41,F3,65.775,0.0,2.495,50.902,6.888,normal
2026-10-04 22:21:41,F3,70.429,0.0,3.405,56.589,9.661,normal
2026-10-04 22:22:41,F3,58.178,0.0,2.488,56.144,7.922,normal
2026-10-04 22:23:41,F3,63.959,0.234,1.903,53.033,5.183,normal
2026-10-04 22:24:41,F3,75.185,0.0,3.51,46.703,5.237,normal
2026-10-04 22:25:41,F3,68.438,0.0,2.65,31.242,5.18,normal
2026-10-04 22:26:41,F3,66.555,0.0,3.091,42.535,7.256,normal
2026-10-04 22:27:41,F3,62.471,0.039,3.266,48.711,9.86,normal
2026-10-04 22:28:41,F3,69.131,0.458,2.109,57.711,5.834,normal
2026-10-04 22:29:41,F3,61.013,0.0,2.846,37.453,4.061,normal
2026-10-04 22:30:41,F3,53.915,0.0,3.578,57.014,8.283,normal
2026-10-04 22:31:41,F3,70.506,0.06,3.755,53.476,7.997,normal
2026-10-04 22:32:41,F3,64.408,0.0,3.127,47.132,5.221,normal
2026-10-04 22:33:41,F3,79.941,0.0,3.745,41.519,7.602,normal
2026-10-04 22:34:41,F3,62.258,0.0,2.319,39.526,6.191,normal
2026-10-04 22:35:41,F3,61.278,0.0,3.612,49.913,8.646,normal
2026-10-04 22:36:41,F3,62.569,0.0,2.621,42.428,8.853,normal
2026-10-04 22:37:41,F3,60.796,0.043,3.375,44.766,4.492,normal
2026-10-04 22:38:41,F3,65.17,0.0,5.155,48.199,5.913,normal
2026-10-04 22:39:41,F3,65.699,0.0,3.496,37.877,5.191,normal
2026-10-04 22:40:41,F3,57.113,0.0,2.255,49.867,8.112,normal
2026-10-04 22:41:41,F3,58.158,0.0,3.57,44.245,6.46,normal
2026-10-04 22:42:41,F3,52.608,0.0,4.688,46.043,6.245,normal
2026-10-04 22:43:41,F3,63.525,0.132,3.943,53.893,6.994,normal
2026-10-04 22:44:41,F3,74.349,0.072,2.868,52.106,4.32,normal
2026-10-04 22:45:41,F3,76.132,0.038,3.762,38.195,7.877,normal
2026-10-04 22:46:41,F3,91.345,0.017,4.109,45.052,7.596,normal
2026-10-04 22:47:41,F3,64.89,0.0,3.445,54.036,5.973,normal
2026-10-04 22:48:41,F3,71.694,0.22,2.801,54.807,5.002,normal
2026-10-04 22:49:41,F3,83.732,0.102,2.297,48.071,9.796,normal
2026-10-04 22:50:41,F3,58.467,0.0,3.761,50.978,5.828,normal
2026-10-04 22:51:41,F3,61.179,0.0,2.653,42.53,8.064,normal
2026-10-04 22:52:41,F3,65.952,0.0,3.081,59.798,10.05,normal
2026-10-04 22:53:41,F3,58.877,0.257,2.415,51.674,8.442,normal
2026-10-04 22:54:41,F3,66.177,0.13,3.318,48.03,8.345,normal
2026-10-04 22:55:41,F3,67.1,0.281,3.534,64.217,6.677,normal
2026-10-04 22:56:41,F3,46.584,0.0,4.314,48.496,7.877,normal
2026-10-04 22:57:41,F3,64.014,0.177,2.183,57.535,6.859,normal
2026-10-04 22:58:41,F3,63.073,0.0,3.061,47.107,6.825,normal
2026-10-04 22:59:41,F3,75.333,0.0,3.108,52.164,8.047,normal
2026-10-04 23:00:41,F3,68.088,0.085,3.486,51.776,5.665,normal
2026-10-04 23:01:41,F3,70.159,0.0,1.992,47.802,7.197,normal
2026-10-04 23:02:41,F3,80.294,0.0,3.218,43.463,10.026,normal
2026-10-04 23:03:41,F3,72.163,0.0,4.04,57.218,7.679,normal
2026-10-04 23:04:41,F3,59.38,0.203,3.484,52.735,8.908,normal
2026-10-04 23:05:41,F3,60.712,0.377,2.851,39.665,10.249,normal
2026-10-04 23:06:41,F3,77.922,0.0,3.198,43.342,6.86,normal
2026-10-04 23:07:41,F3,68.683,0.26,3.033,46.419,6.752,normal
2026-10-04 23:08:41,F3,73.541,0.0,3.102,47.9,5.821,normal
2026-10-04 23:09:41,F3,67.98,0.0,2.994,43.25,5.991,normal
2026-10-04 23:10:41,F3,62.324,0.111,4.665,43.781,6.376,normal
2026-10-04 23:11:41,F3,67.785,0.0,2.101,43.548,7.24,normal
2026-10-04 23:12:41,F3,59.998,0.028,2.228,54.246,7.007,normal
2026-10-04 23:13:41,F3,56.322,0.067,3.695,47.482,6.163,normal
2026-10-04 23:14:41,F3,69.85,0.0,2.029,40.453,7.565,normal
2026-10-04 23:15:41,F3,43.996,0.0,3.784,38.293,7.03,normal
2026-10-04 23:16:41,F3,64.509,0.0,3.257,51.363,10.685,normal
2026-10-04 23:17:41,F3,59.192,0.0,3.716,52.435,9.178,normal
2026-10-04 23:18:41,F3,61.523,0.0,4.329,56.009,7.466,normal
2026-10-04 23:19:41,F3,55.399,0.0,2.008,45.366,7.519,normal
2026-10-04 23:20:41,F3,67.63,0.063,4.179,53.922,8.12,normal
2026-10-04 23:21:41,F3,74.46,0.0,3.72,50.631,6.835,normal
2026-10-04 23:22:41,F3,52.015,0.0,3.0,49.627,5.493,normal
2026-10-04 23:23:41,F3,75.532,0.0,2.525,47.569,12.298,normal
2026-10-04 23:24:41,F3,73.421,0.0,3.708,54.972,6.848,normal
2026-10-04 23:25:41,F3,67.831,0.074,1.929,46.332,6.181,normal
2026-10-04 23:26:41,F3,69.666,0.205,2.753,45.572,6.991,normal
2026-10-04 23:27:41,F3,68.927,0.046,4.215,54.713,5.824,normal
2026-10-04 23:28:41,F3,58.618,0.0,3.467,41.06,8.692,normal
2026-10-04 23:29:41,F3,72.899,0.062,2.813,31.37,6.856,normal
2026-10-04 23:30:41,F3,64.615,0.35,4.062,48.202,7.657,normal
2026-10-04 23:31:41,F3,66.351,0.163,3.206,56.065,7.796,normal
2026-10-04 23:32:41,F3,61.032,0.033,3.281,52.111,9.173,normal
2026-10-04 23:33:41,F3,66.961,0.114,2.938,54.543,10.098,normal
2026-10-04 23:34:41,F3,71.256,0.362,3.457,34.717,7.212,normal
2026-10-04 23:35:41,F3,59.312,0.0,3.015,44.718,8.989,normal
2026-10-04 23:36:41,F3,69.464,0.0,2.988,52.034,9.235,normal
2026-10-04 23:37:41,F3,74.362,0.118,3.455,50.423,8.549,normal
2026-10-04 23:38:41,F3,65.792,0.0,2.361,52.936,7.469,normal
2026-10-04 23:39:41,F3,60.045,0.0,2.749,51.839,7.175,normal
2026-10-04 23:40:41,F3,72.87,0.0,3.464,33.833,7.548,normal
2026-10-04 23:41:41,F3,72.012,0.224,3.088,58.43,10.307,normal
2026-10-04 23:42:41,F3,65.154,0.0,3.79,39.976,6.08,normal
2026-10-04 23:43:41,F3,71.647,0.0,2.103,47.449,7.679,normal
2026-10-04 23:44:41,F3,69.648,0.0,2.717,44.335,7.941,normal
2026-10-04 23:45:41,F3,60.33,0.0,3.042,53.115,10.002,normal
2026-10-04 23:46:41,F3,68.906,0.007,3.629,50.172,8.983,normal
2026-10-04 23:47:41,F3,60.164,0.17,5.043,30.609,5.68,normal
2026-10-04 23:48:41,F3,74.886,0.141,3.005,55.459,8.597,normal
2026-10-04 23:49:41,F3,71.577,0.141,1.761,41.914,5.758,normal
2026-10-04 23:50:41,F3,56.769,0.14,4.864,42.93,8.728,normal
2026-10-04 23:51:41,F3,58.174,0.184,3.046,58.683,6.177,normal
2026-10-04 23:52:41,F3,74.106,0.121,2.967,31.419,9.472,normal
2026-10-04 23:53:41,F3,65.034,0.0,2.972,36.09,9.57,normal
2026-10-04 23:54:41,F3,57.508,0.0,3.157,40.456,8.202,normal
2026-10-04 23:55:41,F3,61.126,0.003,3.503,44.391,5.824,normal
2026-10-04 23:56:41,F3,71.31,0.0,1.951,50.044,9.014,normal
2026-10-04 23:57:41,F3,65.795,0.075,3.038,50.937,6.96,normal
2026-10-04 23:58:41,F3,62.344,0.0,3.832,36.049,7.347,normal
2026-10-04 23:59:41,F3,77.915,0.095,2.623,43.41,8.105,normal
2026-10-05 00:00:41,F3,66.662,0.133,1.818,45.543,6.864,normal
2026-10-05 00:01:41,F3,60.771,0.061,2.243,35.994,5.126,normal
2026-10-05 00:02:41,F3,55.78,0.334,4.013,41.771,8.727,normal
2026-10-05 00:03:41,F3,64.534,0.0,3.038,51.047,7.406,normal
2026-10-05 00:04:41,F3,65.674,0.0,2.823,46.924,8.364,normal
2026-10-05 00:05:41,F3,79.508,0.0,2.911,41.765,6.288,normal
2026-10-05 00:06:41,F3,62.803,0.0,1.176,52.61,3.947,normal
2026-10-05 00:07:41,F3,67.183,0.041,2.426,58.917,5.485,normal
2026-10-05 00:08:41,F3,74.983,0.118,4.33,52.098,9.29,normal
2026-10-05 00:09:41,F3,64.012,0.0,2.353,47.789,8.727,normal
2026-10-05 00:10:41,F3,56.519,0.053,2.754,43.738,11.197,normal
2026-10-05 00:11:41,F3,56.106,0.014,3.886,48.518,7.788,normal
2026-10-05 00:12:41,F3,71.261,0.162,3.402,48.049,7.25,normal
2026-10-05 00:13:41,F3,52.724,0.046,4.592,56.785,6.017,normal
2026-10-05 00:14:41,F3,68.984,0.0,3.703,40.089,9.949,normal
2026-10-05 00:15:41,F3,56.216,0.189,2.508,55.612,6.488,normal
2026-10-05 00:16:41,F3,76.125,0.016,3.926,49.431,10.09,normal
2026-10-05 00:17:41,F3,61.773,0.0,4.104,41.493,9.795,normal
2026-10-05 00:18:41,F3,67.879,0.0,2.854,49.018,7.624,normal
2026-10-05 00:19:41,F3,67.337,0.138,3.623,50.491,5.675,normal
2026-10-05 00:20:41,F3,62.624,0.0,2.892,56.392,3.784,normal
2026-10-05 00:21:41,F3,71.117,0.0,2.579,52.295,8.367,normal
2026-10-05 00:22:41,F3,65.91,0.197,3.547,48.188,6.374,normal
2026-10-05 00:23:41,F3,69.043,0.231,3.208,43.527,9.096,normal
2026-10-05 00:24:41,F3,80.59,0.245,3.692,61.78,7.416,normal
2026-10-05 00:25:41,F3,76.382,0.054,2.548,61.049,6.931,normal
2026-10-05 00:26:41,F3,64.959,0.0,3.273,40.613,7.951,normal
2026-10-05 00:27:41,F3,57.141,0.073,3.387,51.019,8.988,normal
2026-10-05 00:28:41,F3,64.004,0.099,2.16,71.73,7.02,normal
2026-10-05 00:29:41,F3,64.682,0.076,3.668,37.391,8.929,normal
2026-10-05 00:30:41,F3,85.572,0.05,2.692,25.065,8.397,normal
2026-10-05 00:31:41,F3,73.919,0.122,2.085,50.463,8.396,normal
2026-10-05 00:32:41,F3,76.56,0.019,4.348,33.329,7.019,normal
2026-10-05 00:33:41,F3,60.781,0.112,3.517,34.965,6.466,normal
2026-10-05 00:34:41,F3,77.974,0.0,3.944,35.942,1.968,normal
2026-10-05 00:35:41,F3,72.262,0.052,2.354,41.615,7.57,normal
2026-10-05 00:36:41,F3,49.409,0.022,3.84,44.727,8.045,normal
2026-10-05 00:37:41,F3,62.589,0.124,4.611,50.051,6.446,normal
2026-10-05 00:38:41,F3,67.715,0.0,3.619,53.251,6.147,normal
2026-10-05 00:39:41,F3,76.279,0.225,3.198,46.796,7.475,normal
2026-10-05 00:40:41,F3,69.091,0.0,4.718,41.584,8.067,normal
2026-10-05 00:41:41,F3,62.894,0.096,3.389,44.517,6.459,normal
2026-10-05 00:42:41,F3,56.157,0.0,3.335,55.68,8.809,normal
2026-10-05 00:43:41,F3,46.191,0.132,2.705,51.535,6.808,normal
2026-10-05 00:44:41,F3,69.612,0.121,3.265,33.07,9.801,normal
2026-10-05 00:45:41,F3,63.378,0.02,1.327,47.401,7.983,normal
2026-10-05 00:46:41,F3,80.948,0.0,4.37,58.681,7.405,normal
2026-10-05 00:47:41,F3,78.253,0.322,2.662,33.752,6.88,normal
2026-10-05 00:48:41,F3,65.788,0.151,2.609,56.488,6.746,normal
2026-10-05 00:49:41,F3,73.938,0.448,3.042,46.844,6.901,normal
2026-10-05 00:50:41,F3,68.52,0.334,3.803,36.392,7.417,normal
2026-10-05 00:51:41,F3,48.999,0.0,2.975,46.032,9.728,normal
2026-10-05 00:52:41,F3,74.152,0.218,2.925,51.002,7.602,normal
2026-10-05 00:53:41,F3,75.648,0.151,4.346,41.574,8.528,normal
2026-10-05 00:54:41,F3,69.751,0.0,2.677,41.767,7.807,normal
2026-10-05 00:55:41,F3,82.58,0.331,2.179,49.722,6.567,normal
2026-10-05 00:56:41,F3,65.163,0.172,3.307,42.52,8.962,normal
2026-10-05 00:57:41,F3,71.539,0.161,3.82,46.362,9.783,normal
2026-10-05 00:58:41,F3,63.715,0.0,2.183,52.512,9.197,normal
2026-10-05 00:59:41,F3,62.262,0.114,3.521,45.77,7.319,normal
2026-10-05 01:00:41,F3,58.656,0.0,3.458,32.91,9.481,normal
2026-10-05 01:01:41,F3,64.03,0.0,3.804,47.618,8.12,normal
2026-10-05 01:02:41,F3,72.804,0.074,2.952,57.422,11.003,normal
2026-10-05 01:03:41,F3,67.353,0.305,2.793,38.525,4.398,normal
2026-10-05 01:04:41,F3,85.382,0.0,2.625,50.584,4.009,normal
2026-10-05 01:05:41,F3,67.029,0.0,2.219,37.175,6.449,normal
2026-10-05 01:06:41,F3,87.67,0.0,3.442,50.319,8.033,normal
2026-10-05 01:07:41,F3,71.666,0.0,2.911,51.615,10.342,normal
2026-10-05 01:08:41,F3,75.383,0.086,3.178,60.626,10.29,normal
2026-10-05 01:09:41,F3,70.862,0.0,2.157,66.029,10.375,normal
2026-10-05 01:10:41,F3,72.519,0.291,3.388,50.757,8.729,normal
2026-10-05 01:11:41,F3,77.066,0.0,2.334,43.346,6.942,normal
2026-10-05 01:12:41,F3,63.608,0.164,5.229,54.78,6.912,normal
2026-10-05 01:13:41,F3,59.622,0.224,2.661,49.319,6.838,normal
2026-10-05 01:14:41,F3,67.817,0.125,3.786,54.64,5.31,normal
2026-10-05 01:15:41,F3,60.683,0.0,3.485,29.637,7.153,normal
2026-10-05 01:16:41,F3,67.382,0.154,5.175,67.475,10.48,normal
2026-10-05 01:17:41,F3,59.404,0.104,1.887,55.035,9.022,normal
2026-10-05 01:18:41,F3,92.802,0.0,2.274,39.809,8.066,normal
2026-10-05 01:19:41,F3,70.938,0.0,3.703,45.374,7.528,normal
2026-10-05 01:20:41,F3,59.697,0.49,1.316,43.456,7.709,normal
2026-10-05 01:21:41,F3,62.459,0.0,2.755,16.974,8.532,normal
2026-10-05 01:22:41,F3,74.853,0.395,4.27,46.38,6.514,normal
2026-10-05 01:23:41,F3,63.586,0.148,2.125,53.174,4.722,normal
2026-10-05 01:24:41,F3,76.766,0.373,1.618,57.572,7.965,normal
2026-10-05 01:25:41,F3,73.591,0.477,2.711,47.268,6.779,normal
2026-10-05 01:26:41,F3,70.12,0.0,2.847,50.093,4.578,normal
2026-10-05 01:27:41,F3,61.228,0.504,4.209,43.464,8.696,normal
2026-10-05 01:28:41,F3,65.136,0.143,3.069,44.848,6.083,normal
2026-10-05 01:29:41,F3,73.776,0.0,1.973,47.812,8.534,normal
2026-10-05 01:30:41,F3,74.271,0.0,3.709,45.435,8.016,normal
2026-10-05 01:31:41,F3,77.254,0.0,3.531,46.815,9.287,normal
2026-10-05 01:32:41,F3,80.446,0.0,3.282,51.784,9.023,normal
2026-10-05 01:33:41,F3,65.319,0.068,3.399,44.126,7.694,normal
2026-10-05 01:34:41,F3,68.228,0.166,4.071,48.785,6.53,normal
2026-10-05 01:35:41,F3,71.052,0.0,3.732,58.813,9.933,normal
2026-10-05 01:36:41,F3,62.828,0.038,2.239,46.975,8.619,normal
2026-10-05 01:37:41,F3,63.765,0.106,3.731,48.911,5.788,normal
2026-10-05 01:38:41,F3,68.327,0.187,3.327,45.642,11.071,normal
2026-10-05 01:39:41,F3,74.417,0.0,3.284,48.236,7.373,normal
2026-10-05 01:40:41,F3,64.549,0.021,4.289,51.056,10.365,normal
2026-10-05 01:41:41,F3,60.43,0.0,3.396,53.431,6.371,normal
2026-10-05 01:42:41,F3,71.122,0.328,2.679,38.474,9.056,normal
2026-10-05 01:43:41,F3,61.422,0.43,3.294,53.204,6.491,normal
2026-10-05 01:44:41,F3,78.687,0.0,3.468,57.789,6.17,normal
2026-10-05 01:45:41,F3,69.959,0.0,3.815,42.396,6.537,normal
2026-10-05 01:46:41,F3,76.177,0.0,3.762,47.78,7.466,normal
2026-10-05 01:47:41,F3,51.896,0.0,3.435,50.15,7.331,normal
2026-10-05 01:48:41,F3,62.49,0.41,3.463,34.62,7.975,normal
2026-10-05 01:49:41,F3,73.333,0.136,3.579,40.326,5.903,normal
2026-10-05 01:50:41,F3,74.678,0.446,2.562,38.322,7.122,normal
2026-10-05 01:51:41,F3,69.887,0.0,3.702,38.591,7.239,normal
2026-10-05 01:52:41,F3,63.262,0.386,3.242,52.904,5.949,normal
2026-10-05 01:53:41,F3,61.482,0.319,3.748,52.2,8.363,normal
2026-10-05 01:54:41,F3,72.721,0.112,3.295,41.51,8.991,normal
2026-10-05 01:55:41,F3,52.366,0.0,4.148,46.263,7.535,normal
2026-10-05 01:56:41,F3,78.781,0.112,3.018,38.504,11.169,normal
2026-10-05 01:57:41,F3,81.463,0.0,2.982,47.403,8.34,normal
2026-10-05 01:58:41,F3,71.236,0.0,2.875,51.731,9.69,normal
2026-10-05 01:59:41,F3,64.691,0.189,3.329,49.602,10.139,normal
2026-10-05 02:00:41,F3,69.617,0.095,2.031,47.231,7.422,normal
2026-10-05 02:01:41,F3,62.279,0.181,3.413,41.493,6.587,normal
2026-10-05 02:02:41,F3,70.243,0.26,2.516,50.401,10.768,normal
2026-10-05 02:03:41,F3,63.688,0.31,2.206,41.321,7.732,normal
2026-10-05 02:04:41,F3,60.615,0.347,2.789,46.953,10.153,normal
2026-10-05 02:05:41,F3,57.703,0.079,3.789,41.004,7.466,normal
2026-10-05 02:06:41,F3,86.362,0.0,3.276,56.891,7.887,normal
2026-10-05 02:07:41,F3,55.683,0.347,2.577,43.258,10.051,normal
2026-10-05 02:08:41,F3,75.227,0.454,4.601,32.209,6.994,normal
2026-10-05 02:09:41,F3,86.591,0.891,3.137,46.759,6.336,normal
2026-10-05 02:10:41,F3,58.979,0.401,3.34,40.405,7.118,normal
2026-10-05 02:11:41,F3,81.052,0.0,3.474,45.78,10.68,normal
2026-10-05 02:12:41,F3,48.578,0.066,3.277,43.595,7.482,normal
2026-10-05 02:13:41,F3,74.769,0.0,3.101,40.931,10.335,normal
2026-10-05 02:14:41,F3,65.325,0.608,2.815,49.349,6.491,normal
2026-10-05 02:15:41,F3,57.907,0.081,2.428,48.729,9.294,normal
2026-10-05 02:16:41,F3,64.363,0.163,4.017,61.738,8.322,normal
2026-10-05 02:17:41,F3,59.405,0.236,3.208,49.131,8.051,normal
2026-10-05 02:18:41,F3,71.948,0.38,2.699,44.443,9.041,normal
2026-10-05 02:19:41,F3,72.971,0.383,3.495,67.857,7.289,normal
2026-10-05 02:20:41,F3,84.7,0.295,4.349,46.978,9.111,normal
2026-10-05 02:21:41,F3,55.908,0.236,3.138,46.102,8.378,normal
2026-10-05 02:22:41,F3,56.587,0.231,3.948,54.181,9.864,normal
2026-10-05 02:23:41,F3,57.491,0.302,1.701,49.438,10.385,normal
2026-10-05 02:24:41,F3,73.318,0.596,3.549,46.118,8.025,normal
2026-10-05 02:25:41,F3,67.265,0.0,3.964,37.426,9.206,normal
2026-10-05 02:26:41,F3,78.129,0.048,4.329,43.491,9.63,normal
2026-10-05 02:27:41,F3,67.528,0.223,2.521,40.044,8.479,normal
2026-10-05 02:28:41,F3,63.338,0.0,3.33,43.146,8.342,normal
2026-10-05 02:29:41,F3,70.029,0.254,2.327,49.241,5.72,normal
2026-10-05 02:30:41,F3,55.258,0.387,2.576,49.222,8.694,normal
2026-10-05 02:31:41,F3,66.781,0.067,2.591,43.605,7.219,normal
2026-10-05 02:32:41,F3,69.791,0.686,2.97,37.574,10.484,normal
2026-10-05 02:33:41,F3,67.124,0.178,3.569,46.758,7.165,normal
2026-10-05 02:34:41,F3,77.254,0.0,3.525,28.659,8.035,normal
2026-10-05 02:35:41,F3,86.431,0.0,3.586,59.394,7.709,normal
2026-10-05 02:36:41,F3,66.755,0.19,3.794,49.624,9.738,normal
2026-10-05 02:37:41,F3,72.662,0.554,3.545,44.577,6.544,normal
2026-10-05 02:38:41,F3,56.476,0.0,3.179,37.121,11.195,normal
2026-10-05 02:39:41,F3,72.919,0.0,2.985,60.714,10.445,normal
2026-10-05 02:40:41,F3,54.213,0.002,1.892,59.672,6.35,normal
2026-10-05 02:41:41,F3,57.119,0.412,2.932,53.313,9.019,normal
2026-10-05 02:42:41,F3,60.315,0.505,3.385,53.299,8.653,normal
2026-10-05 02:43:41,F3,63.516,0.021,2.577,57.898,4.175,normal
2026-10-05 02:44:41,F3,66.951,0.112,2.379,44.466,3.701,normal
2026-10-05 02:45:41,F3,85.118,0.09,2.686,51.827,9.729,normal
2026-10-05 02:46:41,F3,71.587,0.039,3.152,46.379,8.407,normal
2026-10-05 02:47:41,F3,55.952,0.291,2.344,37.594,4.904,normal
2026-10-05 02:48:41,F3,77.749,0.289,2.837,36.358,9.122,normal
2026-10-05 02:49:41,F3,61.284,0.045,3.22,38.172,7.182,normal
2026-10-05 02:50:41,F3,61.142,0.0,2.645,34.387,6.164,normal
2026-10-05 02:51:41,F3,58.209,0.057,3.052,67.838,8.014,normal
2026-10-05 02:52:41,F3,62.681,0.226,3.169,38.073,7.386,normal
2026-10-05 02:53:41,F3,77.931,0.294,2.743,58.835,5.076,normal
2026-10-05 02:54:41,F3,68.37,0.28,1.718,43.985,8.665,normal
2026-10-05 02:55:41,F3,61.246,0.266,3.164,60.492,7.714,normal
2026-10-05 02:56:41,F3,68.189,0.023,2.376,41.607,8.265,normal
2026-10-05 02:57:41,F3,78.873,0.425,4.416,3.896,10.21,normal
2026-10-05 02:58:41,F3,62.762,0.034,3.233,44.762,7.566,normal
2026-10-05 02:59:41,F3,74.695,0.179,3.092,43.945,7.294,normal
2026-10-05 03:00:41,F3,82.783,0.015,3.599,46.663,5.715,normal
2026-10-05 03:01:41,F3,65.903,0.535,3.037,56.647,5.696,normal
2026-10-05 03:02:41,F3,82.956,0.141,3.283,50.516,5.521,normal
2026-10-05 03:03:41,F3,58.981,0.0,4.236,48.702,8.564,normal
2026-10-05 03:04:41,F3,55.755,0.408,2.267,32.035,9.158,normal
2026-10-05 03:05:41,F3,74.68,0.702,3.572,46.357,8.738,normal
2026-10-05 03:06:41,F3,64.421,0.197,2.574,39.973,5.8,normal
2026-10-05 03:07:41,F3,51.698,0.299,3.889,45.982,9.854,normal
2026-10-05 03:08:41,F3,75.895,0.146,2.384,45.786,8.058,normal
2026-10-05 03:09:41,F3,53.79,0.182,2.787,46.045,8.187,normal
2026-10-05 03:10:41,F3,59.73,0.266,4.512,43.541,7.426,normal
2026-10-05 03:11:41,F3,69.635,0.117,3.781,51.394,7.593,normal
2026-10-05 03:12:41,F3,73.397,0.124,3.527,46.2,11.081,normal
2026-10-05 03:13:41,F3,70.016,0.594,3.31,47.202,8.198,normal
2026-10-05 03:14:41,F3,78.912,0.39,3.852,31.619,6.354,normal
2026-10-05 03:15:41,F3,55.165,0.337,2.988,52.797,10.077,normal
2026-10-05 03:16:41,F3,63.36,0.416,2.95,33.875,10.358,normal
2026-10-05 03:17:41,F3,73.621,0.218,3.049,47.955,6.597,normal
2026-10-05 03:18:41,F3,70.609,0.02,3.941,36.93,8.195,normal
2026-10-05 03:19:41,F3,72.414,0.0,4.185,54.462,8.448,normal
2026-10-05 03:20:41,F3,68.743,0.366,2.059,39.523,6.666,normal
2026-10-05 03:21:41,F3,70.836,0.209,3.473,48.425,5.981,normal
2026-10-05 03:22:41,F3,60.363,0.178,3.169,41.962,5.536,normal
2026-10-05 03:23:41,F3,38.125,0.0,3.063,46.949,8.626,normal
2026-10-05 03:24:41,F3,63.164,0.231,2.164,47.936,10.254,normal
2026-10-05 03:25:41,F3,76.21,0.372,3.148,45.126,5.852,normal
2026-10-05 03:26:41,F3,49.755,0.043,3.024,43.152,6.596,normal
2026-10-05 03:27:41,F3,57.33,0.467,2.451,45.479,5.051,normal
2026-10-05 03:28:41,F3,68.967,0.268,2.429,46.699,7.575,normal
2026-10-05 03:29:41,F3,62.781,0.443,3.637,42.309,6.914,normal
2026-10-05 03:30:41,F3,71.717,0.59,2.564,49.971,8.27,normal
2026-10-05 03:31:41,F3,58.327,0.354,3.228,42.169,5.784,normal
2026-10-05 03:32:41,F3,61.18,0.249,2.914,47.892,9.623,normal
2026-10-05 03:33:41,F3,68.876,0.0,3.482,48.373,11.631,normal
2026-10-05 03:34:41,F3,58.882,0.458,2.853,37.576,8.62,normal
2026-10-05 03:35:41,F3,71.317,0.403,3.824,43.938,8.566,normal
2026-10-05 03:36:41,F3,65.76,0.167,2.73,55.142,7.888,normal
2026-10-05 03:37:41,F3,62.859,0.114,3.829,37.986,7.35,normal
2026-10-05 03:38:41,F3,59.251,0.183,3.87,50.932,9.31,normal
2026-10-05 03:39:41,F3,60.106,0.0,3.599,46.28,7.84,normal
2026-10-05 03:40:41,F3,64.437,0.148,1.746,51.534,6.791,normal
2026-10-05 03:41:41,F3,73.216,0.398,2.277,45.011,8.779,normal
2026-10-05 03:42:41,F3,73.39,0.265,3.617,52.24,8.084,normal
2026-10-05 03:43:41,F3,73.833,0.221,1.714,38.909,8.979,normal
2026-10-05 03:44:41,F3,64.057,0.238,3.653,39.392,9.069,normal
2026-10-05 03:45:41,F3,59.935,0.165,3.028,46.009,8.128,normal
2026-10-05 03:46:41,F3,68.19,0.019,2.957,62.565,7.451,normal
2026-10-05 03:47:41,F3,67.24,0.262,3.193,50.075,9.626,normal
2026-10-05 03:48:41,F3,76.272,0.18,3.245,49.849,8.945,normal
2026-10-05 03:49:41,F3,69.809,0.126,2.338,61.252,6.86,normal
2026-10-05 03:50:41,F3,69.381,0.25,3.485,51.414,8.658,normal
2026-10-05 03:51:41,F3,76.247,0.486,2.305,54.085,7.226,normal
2026-10-05 03:52:41,F3,76.27,0.171,4.697,42.806,9.374,normal
2026-10-05 03:53:41,F3,59.831,0.403,3.178,42.963,6.125,normal
2026-10-05 03:54:41,F3,72.452,0.396,2.698,42.282,9.193,normal
2026-10-05 03:55:41,F3,71.523,0.486,4.561,59.782,9.431,normal
2026-10-05 03:56:41,F3,61.327,0.048,2.936,60.612,5.211,normal
2026-10-05 03:57:41,F3,72.914,0.286,2.278,48.266,8.87,normal
2026-10-05 03:58:41,F3,74.458,0.441,3.278,43.395,7.822,normal
2026-10-05 03:59:41,F3,61.114,0.192,3.168,51.468,8.546,normal
2026-10-05 04:00:41,F3,79.543,0.088,2.716,45.588,6.469,normal
2026-10-05 04:01:41,F3,73.143,0.281,2.415,49.865,7.674,normal
2026-10-05 04:02:41,F3,63.508,0.547,4.514,82.902,7.887,normal
2026-10-05 04:03:41,F3,68.585,0.372,3.392,62.339,10.338,normal
2026-10-05 04:04:41,F3,73.818,0.412,3.654,54.456,9.107,normal
2026-10-05 04:05:41,F3,70.071,0.123,3.804,63.33,8.679,normal
2026-10-05 04:06:41,F3,74.939,0.692,2.771,49.327,7.9,normal
2026-10-05 04:07:41,F3,70.775,0.497,3.621,35.296,8.269,normal
2026-10-05 04:08:41,F3,54.411,0.09,4.114,37.637,9.614,normal
2026-10-05 04:09:41,F3,67.086,0.223,3.518,57.297,8.323,normal
2026-10-05 04:10:41,F3,66.575,0.42,3.39,38.293,6.541,normal
2026-10-05 04:11:41,F3,74.335,0.142,2.439,49.839,9.749,normal
2026-10-05 04:12:41,F3,66.261,0.387,3.37,41.963,8.399,normal
2026-10-05 04:13:41,F3,67.278,0.216,4.387,43.109,7.869,normal
2026-10-05 04:14:41,F3,64.548,0.103,3.877,58.469,12.506,normal
2026-10-05 04:15:41,F3,67.916,0.156,3.169,43.436,8.025,normal
2026-10-05 04:16:41,F3,62.06,0.066,3.442,45.846,8.8,normal
2026-10-05 04:17:41,F3,65.246,0.32,3.475,41.252,8.284,normal
2026-10-05 04:18:41,F3,68.571,0.499,4.246,43.416,9.509,normal
2026-10-05 04:19:41,F3,63.977,0.387,4.973,43.709,5.709,normal
2026-10-05 04:20:41,F3,69.472,0.29,4.703,49.678,6.007,normal
2026-10-05 04:21:41,F3,71.148,0.0,3.929,53.288,9.297,normal
2026-10-05 04:22:41,F3,61.091,0.329,3.029,39.474,8.066,normal
2026-10-05 04:23:41,F3,61.002,0.282,2.534,51.805,8.986,normal
2026-10-05 04:24:41,F3,66.208,0.32,4.096,64.937,7.999,normal
2026-10-05 04:25:41,F3,65.786,0.0,3.165,44.098,6.305,normal
2026-10-05 04:26:41,F3,68.491,0.189,3.329,42.394,10.744,normal
2026-10-05 04:27:41,F3,67.227,0.428,4.73,52.72,8.249,normal
2026-10-05 04:28:41,F3,55.263,0.237,3.062,44.184,11.21,normal
2026-10-05 04:29:41,F3,57.761,0.498,4.484,37.256,7.448,normal
2026-10-05 04:30:41,F3,65.816,0.497,3.444,39.601,7.448,normal
2026-10-05 04:31:41,F3,59.337,0.407,3.8,46.4,8.609,normal
2026-10-05 04:32:41,F3,83.249,0.267,2.215,53.06,8.102,normal
2026-10-05 04:33:41,F3,59.717,0.38,3.12,44.04,7.679,normal
2026-10-05 04:34:41,F3,57.284,0.011,3.798,45.465,6.538,normal
2026-10-05 04:35:41,F3,67.009,0.278,4.144,40.08,9.562,normal
2026-10-05 04:36:41,F3,69.465,0.461,5.562,56.793,10.726,normal
2026-10-05 04:37:41,F3,79.888,0.433,4.025,39.579,7.585,normal
2026-10-05 04:38:41,F3,72.871,0.147,2.981,39.48,8.126,normal
2026-10-05 04:39:41,F3,62.65,0.095,2.306,54.88,7.326,normal
2026-10-05 04:40:41,F3,47.247,0.049,3.958,46.307,7.759,normal
2026-10-05 04:41:41,F3,64.159,0.0,1.845,57.891,8.294,normal
2026-10-05 04:42:41,F3,73.962,0.467,3.729,43.377,6.437,normal
2026-10-05 04:43:41,F3,69.34,0.661,4.252,52.528,5.815,normal
2026-10-05 04:44:41,F3,55.271,0.1,3.947,38.466,10.52,normal
2026-10-05 04:45:41,F3,57.704,0.339,3.947,50.826,4.694,normal
2026-10-05 04:46:41,F3,69.124,0.302,4.645,48.343,10.942,normal
2026-10-05 04:47:41,F3,47.104,0.377,3.664,61.709,7.618,normal
2026-10-05 04:48:41,F3,48.042,0.64,2.746,48.125,7.017,normal
2026-10-05 04:49:41,F3,70.896,0.648,4.769,37.134,7.962,normal
2026-10-05 04:50:41,F3,72.169,0.238,3.255,49.264,8.498,normal
2026-10-05 04:51:41,F3,75.864,0.457,2.409,50.962,6.467,normal
2026-10-05 04:52:41,F3,61.965,0.509,3.948,51.935,7.254,normal
2026-10-05 04:53:41,F3,58.668,0.154,3.417,55.12,6.317,normal
2026-10-05 04:54:41,F3,63.079,0.232,3.726,49.88,8.772,normal
2026-10-05 04:55:41,F3,61.706,0.378,2.53,47.804,5.481,normal
2026-10-05 04:56:41,F3,59.936,0.381,4.173,60.806,8.705,normal
2026-10-05 04:57:41,F3,67.752,0.273,3.828,46.124,6.623,normal
2026-10-05 04:58:41,F3,66.507,0.0,3.112,45.021,5.779,normal
2026-10-05 04:59:41,F3,70.975,0.434,2.652,48.353,7.487,normal
2026-10-05 05:00:41,F3,60.765,0.575,3.561,39.533,7.882,normal
2026-10-05 05:01:41,F3,65.642,0.404,4.262,54.486,4.716,normal
2026-10-05 05:02:41,F3,76.821,0.187,3.113,51.205,7.139,normal
2026-10-05 05:03:41,F3,75.339,0.539,2.103,43.838,9.703,normal
2026-10-05 05:04:41,F3,61.5,0.618,2.733,57.649,7.996,normal
2026-10-05 05:05:41,F3,86.198,0.464,2.42,49.91,10.659,normal
2026-10-05 05:06:41,F3,64.873,0.0,3.747,48.637,8.107,normal
2026-10-05 05:07:41,F3,68.564,0.461,3.583,50.869,7.922,normal
2026-10-05 05:08:41,F3,70.543,0.569,3.32,53.547,8.573,normal
2026-10-05 05:09:41,F3,56.22,0.081,3.403,48.755,9.046,normal
2026-10-05 05:10:41,F3,72.297,0.182,2.492,52.229,8.475,normal
2026-10-05 05:11:41,F3,63.869,0.729,4.078,45.795,7.078,normal
2026-10-05 05:12:41,F3,65.811,0.471,4.21,43.909,6.994,normal
2026-10-05 05:13:41,F3,72.444,0.242,3.45,68.93,8.992,normal
2026-10-05 05:14:41,F3,57.147,0.707,3.638,50.89,8.808,normal
2026-10-05 05:15:41,F3,60.679,0.197,2.352,47.149,6.923,normal
2026-10-05 05:16:41,F3,73.72,0.308,3.991,43.813,9.367,normal
2026-10-05 05:17:41,F3,66.126,0.514,3.939,47.4,6.936,normal
2026-10-05 05:18:41,F3,66.513,0.476,1.723,56.166,4.931,normal
2026-10-05 05:19:41,F3,72.399,0.228,3.271,44.953,8.424,normal
2026-10-05 05:20:41,F3,69.823,0.365,3.306,57.329,8.819,normal
2026-10-05 05:21:41,F3,76.675,0.16,2.491,49.762,8.829,normal
2026-10-05 05:22:41,F3,73.239,0.746,2.589,49.184,8.788,normal
2026-10-05 05:23:41,F3,75.13,0.555,2.98,49.774,9.281,normal
2026-10-05 05:24:41,F3,73.145,0.392,3.087,44.617,8.477,normal
2026-10-05 05:25:41,F3,57.997,0.505,2.502,51.858,9.238,normal
2026-10-05 05:26:41,F3,73.725,0.255,4.201,53.01,4.491,normal
2026-10-05 05:27:41,F3,74.902,0.231,3.178,37.661,7.566,normal
2026-10-05 05:28:41,F3,65.503,0.358,3.158,53.416,6.006,normal
2026-10-05 05:29:41,F3,49.749,0.676,3.004,56.659,5.639,normal
2026-10-05 05:30:41,F3,64.695,0.378,3.997,45.392,10.319,normal
2026-10-05 05:31:41,F3,63.82,0.378,3.537,47.798,9.189,normal
2026-10-05 05:32:41,F3,75.201,0.04,3.162,51.853,7.23,normal
2026-10-05 05:33:41,F3,64.335,0.45,3.5,63.991,10.001,normal
2026-10-05 05:34:41,F3,64.061,0.121,3.55,61.14,8.608,normal
2026-10-05 05:35:41,F3,78.883,0.549,3.374,58.013,9.355,normal
2026-10-05 05:36:41,F3,58.508,0.128,3.408,52.031,9.695,normal
2026-10-05 05:37:41,F3,70.289,0.513,2.994,49.513,4.629,normal
2026-10-05 05:38:41,F3,80.338,0.37,3.982,42.6,7.526,normal
2026-10-05 05:39:41,F3,79.674,0.407,3.289,47.2,8.748,normal
2026-10-05 05:40:41,F3,63.272,0.24,4.258,44.732,8.833,normal
2026-10-05 05:41:41,F3,81.482,0.505,4.158,42.772,9.1,normal
2026-10-05 05:42:41,F3,79.856,0.504,3.598,53.833,7.414,normal
2026-10-05 05:43:41,F3,58.065,0.095,2.874,42.974,9.254,normal
2026-10-05 05:44:41,F3,61.18,0.379,2.906,37.552,8.712,normal
2026-10-05 05:45:41,F3,68.242,0.467,3.032,44.912,11.673,normal
2026-10-05 05:46:41,F3,77.171,0.541,3.254,40.594,8.519,normal
2026-10-05 05:47:41,F3,68.731,0.469,4.133,62.005,8.298,normal
2026-10-05 05:48:41,F3,75.812,0.355,2.922,43.001,6.189,normal
2026-10-05 05:49:41,F3,69.052,0.616,4.626,54.46,6.618,normal
2026-10-05 05:50:41,F3,47.759,0.493,3.831,56.073,12.206,normal
2026-10-05 05:51:41,F3,68.083,0.272,3.407,54.227,8.232,normal
2026-10-05 05:52:41,F3,59.705,1.012,3.534,43.295,8.231,normal
2026-10-05 05:53:41,F3,50.459,0.597,2.582,41.019,10.061,normal
2026-10-05 05:54:41,F3,59.571,0.33,3.505,50.365,10.156,normal
2026-10-05 05:55:41,F3,73.792,0.48,4.48,44.897,7.564,normal
2026-10-05 05:56:41,F3,68.734,0.36,4.717,47.472,5.841,normal
2026-10-05 05:57:41,F3,56.348,0.232,3.885,42.585,10.312,normal
2026-10-05 05:58:41,F3,55.009,0.788,3.079,46.249,8.368,normal
2026-10-05 05:59:41,F3,73.088,0.402,3.511,49.82,9.782,normal
2026-10-05 06:00:41,F3,62.683,0.337,3.511,36.474,10.522,normal
2026-10-05 06:01:41,F3,66.608,0.094,3.925,44.989,10.557,normal
2026-10-05 06:02:41,F3,62.708,0.54,3.387,51.558,6.794,normal
2026-10-05 06:03:41,F3,82.438,0.417,2.455,57.377,6.971,normal
2026-10-05 06:04:41,F3,67.536,0.297,3.675,46.765,6.603,normal
2026-10-05 06:05:41,F3,66.356,0.633,3.316,53.474,12.64,normal
2026-10-05 06:06:41,F3,73.557,0.699,3.827,50.611,9.612,normal
2026-10-05 06:07:41,F3,58.42,0.438,3.29,51.633,8.482,normal
2026-10-05 06:08:41,F3,64.269,0.266,4.152,67.504,8.087,normal
2026-10-05 06:09:41,F3,75.3,0.175,3.553,43.902,10.003,normal
2026-10-05 06:10:41,F3,54.346,0.118,3.864,47.514,9.859,normal
2026-10-05 06:11:41,F3,72.111,0.33,3.232,48.964,10.375,normal
2026-10-05 06:12:41,F3,55.373,0.506,3.777,40.943,8.469,normal
2026-10-05 06:13:41,F3,62.842,0.317,3.392,52.077,7.966,normal
2026-10-05 06:14:41,F3,74.289,0.325,3.497,43.616,9.22,normal
2026-10-05 06:15:41,F3,59.336,0.554,3.215,40.82,8.162,normal
2026-10-05 06:16:41,F3,68.671,0.42,2.853,48.759,7.669,normal
2026-10-05 06:17:41,F3,75.183,0.471,3.551,44.664,9.136,normal
2026-10-05 06:18:41,F3,58.116,0.474,3.675,53.944,6.093,normal
2026-10-05 06:19:41,F3,63.776,0.253,4.81,50.887,10.36,normal
2026-10-05 06:20:41,F3,78.058,0.424,3.566,51.426,11.726,normal
2026-10-05 06:21:41,F3,77.883,0.522,4.734,48.475,7.336,normal
2026-10-05 06:22:41,F3,60.276,0.676,4.743,41.529,9.978,normal
2026-10-05 06:23:41,F3,92.768,0.712,3.37,36.697,10.565,normal
2026-10-05 06:24:41,F3,66.506,0.478,4.219,48.479,10.221,normal
2026-10-05 06:25:41,F3,65.907,0.466,3.48,50.706,9.927,normal
2026-10-05 06:26:41,F3,68.238,0.492,3.271,50.84,7.48,normal
2026-10-05 06:27:41,F3,71.737,0.198,4.599,57.175,8.728,normal
2026-10-05 06:28:41,F3,70.843,0.421,2.577,52.283,10.218,normal
2026-10-05 06:29:41,F3,89.972,0.0,3.974,51.692,7.168,normal
2026-10-05 06:30:41,F3,74.193,0.383,3.209,51.938,9.97,normal
2026-10-05 06:31:41,F3,64.859,0.533,4.341,43.042,7.448,normal
2026-10-05 06:32:41,F3,53.108,0.71,3.329,46.091,5.53,normal
2026-10-05 06:33:41,F3,61.784,0.081,4.937,51.127,7.053,normal
2026-10-05 06:34:41,F3,63.813,0.642,3.45,55.979,10.286,normal
2026-10-05 06:35:41,F3,70.723,0.816,2.599,37.724,9.384,normal
2026-10-05 06:36:41,F3,54.259,0.452,2.972,43.746,9.853,normal
2026-10-05 06:37:41,F3,61.615,0.128,3.021,58.053,7.763,normal
2026-10-05 06:38:41,F3,80.924,0.716,3.203,48.39,8.897,normal
2026-10-05 06:39:41,F3,51.265,0.366,2.946,60.231,8.618,normal
2026-10-05 06:40:41,F3,71.835,0.802,3.673,49.965,8.192,normal
2026-10-05 06:41:41,F3,74.826,0.736,2.619,40.139,10.187,normal
2026-10-05 06:42:41,F3,62.113,0.349,4.172,46.499,7.191,normal
2026-10-05 06:43:41,F3,73.409,0.533,4.13,56.576,10.076,normal
2026-10-05 06:44:41,F3,67.882,0.154,2.916,48.073,5.974,normal
2026-10-05 06:45:41,F3,76.839,0.563,2.909,41.167,7.249,normal
2026-10-05 06:46:41,F3,70.716,0.872,1.865,61.035,4.428,normal
2026-10-05 06:47:41,F3,59.187,0.632,2.57,44.512,6.318,normal
2026-10-05 06:48:41,F3,72.505,0.671,3.485,40.726,8.154,normal
2026-10-05 06:49:41,F3,85.885,0.319,2.46,58.429,9.32,normal
2026-10-05 06:50:41,F3,71.021,0.412,4.299,44.12,6.001,normal
2026-10-05 06:51:41,F3,64.243,0.326,4.822,52.693,8.41,normal
2026-10-05 06:52:41,F3,72.48,0.933,3.219,53.41,9.51,normal
2026-10-05 06:53:41,F3,69.352,0.818,4.936,53.785,7.058,normal
2026-10-05 06:54:41,F3,75.203,0.654,3.33,43.863,8.42,normal
2026-10-05 06:55:41,F3,66.735,0.284,4.675,45.953,9.38,normal
2026-10-05 06:56:41,F3,56.106,0.66,3.743,43.059,7.791,normal
2026-10-05 06:57:41,F3,53.627,0.522,3.716,39.699,11.061,normal
2026-10-05 06:58:41,F3,72.536,0.26,2.621,54.831,8.231,normal
2026-10-05 06:59:41,F3,69.896,1.029,2.607,45.988,10.636,normal
2026-10-05 07:00:41,F3,56.6,0.203,4.303,51.937,8.014,normal
2026-10-05 07:01:41,F3,64.637,0.543,3.341,47.613,7.787,normal
2026-10-05 07:02:41,F3,73.489,0.506,4.058,51.299,10.708,normal
2026-10-05 07:03:41,F3,61.213,0.794,3.45,50.82,9.634,normal
2026-10-05 07:04:41,F3,80.382,0.349,5.374,45.649,8.297,normal
2026-10-05 07:05:41,F3,65.822,0.74,3.125,40.744,9.423,normal
2026-10-05 07:06:41,F3,73.525,0.6,2.876,46.592,8.511,normal
2026-10-05 07:07:41,F3,84.41,0.493,3.906,50.448,7.181,normal
2026-10-05 07:08:41,F3,60.766,0.681,3.994,41.745,7.543,normal
2026-10-05 07:09:41,F3,72.63,0.682,3.638,51.864,9.403,normal
2026-10-05 07:10:41,F3,86.253,0.437,3.049,50.018,6.235,normal
2026-10-05 07:11:41,F3,65.423,0.427,5.225,56.41,6.568,normal
2026-10-05 07:12:41,F3,57.202,0.524,4.604,44.42,6.92,normal
2026-10-05 07:13:41,F3,66.927,0.514,3.278,43.912,9.078,normal
2026-10-05 07:14:41,F3,77.328,0.552,2.894,46.039,8.57,normal
2026-10-05 07:15:41,F3,71.451,0.794,2.231,42.99,11.192,normal
2026-10-05 07:16:41,F3,71.667,0.0,4.002,41.526,4.902,normal
2026-10-05 07:17:41,F3,70.334,0.842,3.311,62.768,9.538,normal
2026-10-05 07:18:41,F3,63.956,0.446,3.794,46.418,7.547,normal
2026-10-05 07:19:41,F3,66.417,0.328,4.323,45.151,6.301,normal
2026-10-05 07:20:41,F3,65.417,0.788,3.523,44.345,5.994,normal
2026-10-05 07:21:41,F3,71.39,0.0,3.102,36.702,8.388,normal
2026-10-05 07:22:41,F3,71.119,0.583,3.438,46.594,8.967,normal
2026-10-05 07:23:41,F3,54.748,0.312,4.238,50.882,8.472,normal
2026-10-05 07:24:41,F3,67.923,0.497,3.78,34.592,9.731,normal
2026-10-05 07:25:41,F3,54.589,0.615,3.088,33.06,9.211,normal
2026-10-05 07:26:41,F3,80.427,0.308,5.055,51.081,8.316,normal
2026-10-05 07:27:41,F3,60.244,0.568,2.646,43.52,9.224,normal
2026-10-05 07:28:41,F3,61.56,0.588,3.91,53.819,7.885,normal
2026-10-05 07:29:41,F3,70.541,0.374,2.853,44.461,6.585,normal
2026-10-05 07:30:41,F3,91.818,0.415,3.038,50.678,8.543,normal
2026-10-05 07:31:41,F3,55.933,0.398,2.687,48.77,6.862,normal
2026-10-05 07:32:41,F3,59.392,0.213,2.575,42.807,7.067,normal
2026-10-05 07:33:41,F3,78.564,0.475,3.056,35.341,8.711,normal
2026-10-05 07:34:41,F3,68.825,1.044,3.766,44.577,9.48,normal
2026-10-05 07:35:41,F3,70.449,0.591,3.821,67.673,8.533,normal
2026-10-05 07:36:41,F3,65.609,0.463,3.697,52.906,8.763,normal
2026-10-05 07:37:41,F3,55.042,0.915,3.776,54.968,10.79,normal
2026-10-05 07:38:41,F3,67.63,0.488,3.572,47.89,7.14,normal
2026-10-05 07:39:41,F3,58.455,0.923,4.075,48.298,7.603,normal
2026-10-05 07:40:41,F3,67.401,0.634,3.429,55.77,8.811,normal
2026-10-05 07:41:41,F3,67.3,0.359,2.72,46.197,6.919,normal
2026-10-05 07:42:41,F3,68.795,0.298,2.949,48.509,8.597,normal
2026-10-05 07:43:41,F3,57.047,0.458,4.37,54.147,5.657,normal
2026-10-05 07:44:41,F3,61.53,0.547,3.791,52.76,6.042,normal
2026-10-05 07:45:41,F3,62.637,0.604,2.999,48.706,9.406,normal
2026-10-05 07:46:41,F3,64.69,0.664,2.02,35.471,8.973,normal
2026-10-05 07:47:41,F3,72.623,0.268,4.294,52.15,9.092,normal
2026-10-05 07:48:41,F3,64.895,0.536,2.385,29.042,8.77,normal
2026-10-05 07:49:41,F3,68.951,0.588,3.338,41.236,10.316,normal
2026-10-05 07:50:41,F3,60.756,0.563,2.872,27.559,7.631,normal
2026-10-05 07:51:41,F3,66.155,0.312,3.563,45.152,3.783,normal
2026-10-05 07:52:41,F3,82.638,0.138,4.082,46.595,8.352,normal
2026-10-05 07:53:41,F3,80.266,0.75,4.51,49.372,8.788,normal
2026-10-05 07:54:41,F3,78.481,0.458,4.244,58.887,9.407,normal
2026-10-05 07:55:41,F3,65.827,0.225,3.281,43.262,8.65,normal
2026-10-05 07:56:41,F3,65.197,0.836,3.376,48.955,9.801,normal
2026-10-05 07:57:41,F3,67.438,0.454,3.652,55.015,10.269,normal
2026-10-05 07:58:41,F3,62.751,0.285,2.604,45.964,8.623,normal
2026-10-05 07:59:41,F3,65.456,0.462,3.749,44.631,8.735,normal
2026-10-05 08:00:41,F3,46.646,0.65,3.767,44.487,6.261,normal
2026-10-05 08:01:41,F3,70.96,0.974,3.791,46.062,7.565,normal
2026-10-05 08:02:41,F3,61.986,0.411,2.496,47.252,7.919,normal
2026-10-05 08:03:41,F3,67.489,0.062,3.184,42.937,7.667,normal
2026-10-05 08:04:41,F3,57.317,0.63,3.4,49.699,6.393,normal
2026-10-05 08:05:41,F3,71.905,0.811,3.149,42.626,8.397,normal
2026-10-05 08:06:41,F3,74.535,0.927,3.104,57.4,7.588,normal
2026-10-05 08:07:41,F3,74.048,0.543,3.545,61.137,9.054,normal
2026-10-05 08:08:41,F3,75.557,0.46,4.162,54.765,13.396,normal
2026-10-05 08:09:41,F3,72.594,0.846,3.727,49.786,8.051,normal
2026-10-05 08:10:41,F3,59.237,0.759,3.731,50.602,9.253,normal
2026-10-05 08:11:41,F3,60.984,0.542,3.178,51.246,11.954,normal
2026-10-05 08:12:41,F3,75.189,0.414,1.985,39.065,7.095,normal
2026-10-05 08:13:41,F3,74.263,0.056,2.949,44.471,6.832,normal
2026-10-05 08:14:41,F3,55.962,0.555,2.962,38.783,7.5,normal
2026-10-05 08:15:41,F3,73.826,0.505,4.048,46.43,7.934,normal
2026-10-05 08:16:41,F3,66.1,0.461,2.281,51.715,8.281,normal
2026-10-05 08:17:41,F3,76.565,0.375,5.178,42.24,8.659,normal
2026-10-05 08:18:41,F3,54.251,0.508,3.94,57.692,10.471,normal
2026-10-05 08:19:41,F3,61.369,0.182,4.143,44.627,10.115,normal
2026-10-05 08:20:41,F3,67.087,0.588,3.768,52.044,7.43,normal
2026-10-05 08:21:41,F3,69.03,0.794,3.583,39.118,6.064,normal
2026-10-05 08:22:41,F3,66.655,0.507,3.215,55.041,10.241,normal
2026-10-05 08:23:41,F3,62.654,0.075,2.886,53.261,9.029,normal
2026-10-05 08:24:41,F3,43.908,0.919,3.196,43.707,8.211,normal
2026-10-05 08:25:41,F3,78.074,0.686,3.706,41.258,8.02,normal
2026-10-05 08:26:41,F3,73.968,0.544,4.301,36.683,9.977,normal
2026-10-05 08:27:41,F3,73.523,0.72,2.597,41.181,10.167,normal
2026-10-05 08:28:41,F3,69.987,0.642,5.075,50.176,9.343,normal
2026-10-05 08:29:41,F3,60.436,0.721,3.516,59.664,9.934,normal
2026-10-05 08:30:41,F3,77.74,0.679,4.005,46.494,9.029,normal
2026-10-05 08:31:41,F3,75.312,0.902,3.73,51.996,7.75,normal
2026-10-05 08:32:41,F3,77.062,0.858,2.08,52.91,10.28,normal
2026-10-05 08:33:41,F3,59.5,0.47,3.243,41.57,10.34,normal
2026-10-05 08:34:41,F3,83.195,0.453,4.936,46.11,10.244,normal
2026-10-05 08:35:41,F3,60.203,0.521,3.589,49.691,9.581,normal
2026-10-05 08:36:41,F3,54.073,0.751,3.404,40.725,8.408,normal
2026-10-05 08:37:41,F3,75.359,0.602,3.856,36.337,10.247,normal
2026-10-05 08:38:41,F3,76.15,1.063,1.597,57.183,3.241,normal
2026-10-05 08:39:41,F3,62.132,0.62,5.095,51.828,10.277,normal
2026-10-05 08:40:41,F3,77.875,0.591,4.417,35.386,7.857,normal
2026-10-05 08:41:41,F3,70.881,1.104,4.067,37.685,6.265,normal
2026-10-05 08:42:41,F3,78.722,0.659,5.186,53.5,9.448,normal
2026-10-05 08:43:41,F3,69.877,0.268,3.375,52.51,9.164,normal
2026-10-05 08:44:41,F3,66.429,0.484,4.095,38.659,7.792,normal
2026-10-05 08:45:41,F3,52.438,0.57,2.494,57.808,8.69,normal
2026-10-05 08:46:41,F3,62.951,0.821,5.09,55.965,9.305,normal
2026-10-05 08:47:41,F3,68.253,0.696,2.622,54.008,8.469,normal
2026-10-05 08:48:41,F3,68.349,0.414,4.051,53.28,8.182,normal
2026-10-05 08:49:41,F3,70.453,0.818,3.438,49.304,9.211,normal
2026-10-05 08:50:41,F3,60.194,0.732,4.128,53.28,7.632,normal
2026-10-05 08:51:41,F3,64.366,0.65,3.869,37.895,7.659,normal
2026-10-05 08:52:41,F3,70.831,0.666,3.464,45.6,10.223,normal
2026-10-05 08:53:41,F3,71.493,0.738,4.481,53.579,12.678,normal
2026-10-05 08:54:41,F3,70.041,0.951,3.183,42.791,4.895,normal
2026-10-05 08:55:41,F3,77.754,0.3,2.21,63.061,10.239,normal
2026-10-05 08:56:41,F3,62.356,0.473,4.282,46.847,8.809,normal
2026-10-05 08:57:41,F3,63.048,0.604,3.822,44.981,11.853,normal
2026-10-05 08:58:41,F3,70.039,0.334,3.839,40.583,6.023,normal
2026-10-05 08:59:41,F3,57.39,1.129,2.825,54.464,8.787,normal
2026-10-05 09:00:41,F3,67.313,0.49,1.159,43.29,7.946,normal
2026-10-05 09:01:41,F3,80.343,0.511,4.816,46.036,8.764,normal
2026-10-05 09:02:41,F3,61.836,0.834,4.014,58.848,7.64,normal
2026-10-05 09:03:41,F3,61.256,0.677,3.881,56.98,11.714,normal
2026-10-05 09:04:41,F3,63.789,0.777,3.482,43.474,7.068,normal
2026-10-05 09:05:41,F3,75.901,0.644,3.53,46.889,8.298,normal
2026-10-05 09:06:41,F3,62.267,0.59,2.851,40.398,8.647,normal
2026-10-05 09:07:41,F3,67.62,1.313,3.669,42.457,10.388,normal
2026-10-05 09:08:41,F3,63.65,1.131,3.134,41.265,4.414,normal
2026-10-05 09:09:41,F3,64.468,0.819,4.405,46.637,10.34,normal
2026-10-05 09:10:41,F3,67.605,0.631,4.188,58.854,6.889,normal
2026-10-05 09:11:41,F3,66.245,0.886,4.353,45.885,10.033,normal
2026-10-05 09:12:41,F3,65.537,0.638,4.273,47.104,11.078,normal
2026-10-05 09:13:41,F3,74.352,0.642,5.388,48.424,10.844,normal
2026-10-05 09:14:41,F3,82.878,0.672,3.683,63.853,7.051,normal
2026-10-05 09:15:41,F3,58.589,0.985,4.541,38.045,8.715,normal
2026-10-05 09:16:41,F3,58.186,0.799,2.541,47.985,10.383,normal
2026-10-05 09:17:41,F3,57.358,0.881,3.542,49.051,6.354,normal
2026-10-05 09:18:41,F3,57.561,0.625,3.024,54.049,8.234,normal
2026-10-05 09:19:41,F3,65.244,0.419,3.107,39.935,6.819,normal
2026-10-05 09:20:41,F3,61.418,0.814,3.826,46.089,5.742,normal
2026-10-05 09:21:41,F3,70.396,0.932,4.662,53.589,9.347,normal
2026-10-05 09:22:41,F3,58.474,0.39,4.283,44.926,8.527,normal
2026-10-05 09:23:41,F3,72.317,0.902,3.079,53.217,5.949,normal
2026-10-05 09:24:41,F3,59.439,0.86,4.304,36.823,10.775,normal
2026-10-05 09:25:41,F3,61.468,0.737,3.616,50.002,11.745,normal
2026-10-05 09:26:41,F3,66.455,0.769,3.256,44.785,10.435,normal
2026-10-05 09:27:41,F3,71.249,0.688,4.915,61.066,8.249,normal
2026-10-05 09:28:41,F3,58.51,0.632,5.22,44.801,8.479,normal
2026-10-05 09:29:41,F3,72.299,0.57,4.16,49.709,6.114,normal
2026-10-05 09:30:41,F3,75.403,0.713,6.419,52.239,9.995,normal
2026-10-05 09:31:41,F3,59.822,0.907,3.613,53.548,8.106,normal
2026-10-05 09:32:41,F3,57.836,0.702,3.587,53.165,9.684,normal
2026-10-05 09:33:41,F3,66.682,0.983,3.69,48.511,10.078,normal
2026-10-05 09:34:41,F3,58.992,0.883,3.59,46.209,6.155,normal
2026-10-05 09:35:41,F3,69.446,1.123,4.811,59.841,6.864,normal
2026-10-05 09:36:41,F3,67.376,1.155,2.496,50.644,7.854,normal
2026-10-05 09:37:41,F3,73.331,0.673,2.592,51.564,8.751,normal
2026-10-05 09:38:41,F3,74.757,0.764,5.593,44.983,7.49,normal
2026-10-05 09:39:41,F3,74.479,0.83,3.408,49.297,7.555,normal
2026-10-05 09:40:41,F3,62.83,0.228,3.223,41.719,9.104,normal
2026-10-05 09:41:41,F3,71.684,0.583,4.275,44.112,7.968,normal
2026-10-05 09:42:41,F3,82.516,0.832,3.555,44.259,11.336,normal
2026-10-05 09:43:41,F3,77.14,1.056,3.003,54.811,9.362,normal
2026-10-05 09:44:41,F3,71.795,0.376,4.233,40.768,7.883,normal
2026-10-05 09:45:41,F3,65.207,0.693,2.654,43.563,9.138,normal
2026-10-05 09:46:41,F3,71.65,0.967,4.585,47.787,5.462,normal
2026-10-05 09:47:41,F3,80.101,0.668,4.038,49.234,10.495,normal
2026-10-05 09:48:41,F3,67.315,1.064,4.04,53.439,9.711,normal
2026-10-05 09:49:41,F3,70.471,0.608,5.052,62.539,8.492,normal
2026-10-05 09:50:41,F3,63.553,0.8,4.003,54.885,7.759,normal
2026-10-05 09:51:41,F3,64.458,0.206,2.9,56.014,12.742,normal
2026-10-05 09:52:41,F3,60.467,0.768,3.079,36.866,10.215,normal
2026-10-05 09:53:41,F3,74.429,0.73,3.248,41.511,7.214,normal
2026-10-05 09:54:41,F3,68.185,0.825,3.884,40.027,9.31,normal
2026-10-05 09:55:41,F3,66.487,0.411,4.188,59.056,6.228,normal
2026-10-05 09:56:41,F3,63.842,0.861,3.611,39.954,6.043,normal
2026-10-05 09:57:41,F3,64.968,0.64,3.499,40.923,4.079,normal
2026-10-05 09:58:41,F3,63.538,0.702,4.453,45.808,9.914,normal
2026-10-05 09:59:41,F3,71.307,0.81,3.831,46.66,8.415,normal
2026-10-05 10:00:41,F3,82.431,0.762,3.455,31.266,7.906,normal
2026-10-05 10:01:41,F3,70.843,0.67,3.546,45.782,8.999,normal
2026-10-05 10:02:41,F3,70.201,0.531,2.645,52.185,7.71,normal
2026-10-05 10:03:41,F3,70.655,0.58,3.483,42.484,9.932,normal
2026-10-05 10:04:41,F3,63.748,0.758,3.408,57.328,7.893,normal
2026-10-05 10:05:41,F3,75.186,0.609,2.969,46.259,9.124,normal
2026-10-05 10:06:41,F3,63.921,0.552,4.552,46.296,10.611,normal
2026-10-05 10:07:41,F3,76.203,0.925,4.658,50.843,7.592,normal
2026-10-05 10:08:41,F3,72.095,0.877,3.792,42.498,7.789,normal
2026-10-05 10:09:41,F3,76.275,0.538,3.084,62.725,7.925,normal
2026-10-05 10:10:41,F3,60.851,0.926,2.651,42.244,9.757,normal
2026-10-05 10:11:41,F3,68.626,0.713,3.887,38.201,8.202,normal
2026-10-05 10:12:41,F3,71.555,0.876,4.956,50.704,8.586,normal
2026-10-05 10:13:41,F3,64.059,0.828,4.442,56.362,7.069,normal
2026-10-05 10:14:41,F3,68.309,1.006,4.215,55.221,7.637,normal
2026-10-05 10:15:41,F3,60.409,0.884,4.66,53.855,10.93,normal
2026-10-05 10:16:41,F3,65.578,0.52,3.761,50.534,4.885,normal
2026-10-05 10:17:41,F3,81.744,0.924,3.62,49.774,11.172,normal
2026-10-05 10:18:41,F3,69.788,0.82,4.239,57.061,6.301,normal
2026-10-05 10:19:41,F3,40.254,0.592,4.138,66.529,6.544,normal
2026-10-05 10:20:41,F3,69.906,0.643,3.987,41.9,9.684,normal
2026-10-05 10:21:41,F3,81.56,1.415,3.226,45.796,9.263,normal
2026-10-05 10:22:41,F3,72.013,0.864,3.988,49.925,9.109,normal
2026-10-05 10:23:41,F3,63.166,0.655,3.793,45.984,9.498,normal
2026-10-05 10:24:41,F3,71.741,0.953,4.5,42.966,6.3,normal
2026-10-05 10:25:41,F3,67.392,0.702,3.409,43.209,9.936,normal
2026-10-05 10:26:41,F3,75.775,0.923,1.727,49.108,9.664,normal
2026-10-05 10:27:41,F3,57.187,0.674,3.283,46.078,5.492,normal
2026-10-05 10:28:41,F3,78.764,1.249,3.984,42.625,7.095,normal
2026-10-05 10:29:41,F3,76.274,0.795,4.666,55.1,10.489,normal
2026-10-05 10:30:41,F3,66.664,0.743,3.601,38.485,7.927,normal
2026-10-05 10:31:41,F3,76.509,0.815,3.967,52.164,8.058,normal
2026-10-05 10:32:41,F3,52.311,1.142,3.514,41.295,7.094,normal
2026-10-05 10:33:41,F3,67.723,0.775,2.903,56.782,8.08,normal
2026-10-05 10:34:41,F3,65.346,0.722,4.741,43.279,9.744,normal
2026-10-05 10:35:41,F3,57.459,0.916,4.252,48.202,11.984,normal
2026-10-05 10:36:41,F3,60.072,0.765,4.226,45.583,8.814,normal
2026-10-05 10:37:41,F3,77.45,0.5,3.44,39.662,9.972,normal
2026-10-05 10:38:41,F3,63.772,0.964,3.678,41.282,9.116,normal
2026-10-05 10:39:41,F3,61.723,0.583,3.828,52.791,10.039,normal
2026-10-05 10:40:41,F3,70.005,0.706,3.822,48.623,8.843,normal
2026-10-05 10:41:41,F3,73.322,0.814,3.667,49.748,8.608,normal
2026-10-05 10:42:41,F3,67.968,0.865,4.314,43.515,8.531,normal
2026-10-05 10:43:41,F3,72.206,0.694,3.691,54.344,14.331,normal
2026-10-05 10:44:41,F3,70.385,0.71,4.406,51.902,9.782,normal
2026-10-05 10:45:41,F3,61.07,0.86,3.226,48.293,7.713,normal
2026-10-05 10:46:41,F3,78.482,0.566,3.637,54.71,8.627,normal
2026-10-05 10:47:41,F3,60.666,0.73,3.625,59.828,7.262,normal
2026-10-05 10:48:41,F3,85.483,0.562,2.856,51.948,9.276,normal
2026-10-05 10:49:41,F3,77.562,0.451,4.349,45.955,9.404,normal
2026-10-05 10:50:41,F3,79.442,0.874,4.289,41.71,8.069,normal
2026-10-05 10:51:41,F3,55.004,1.267,3.4,41.574,7.396,normal
2026-10-05 10:52:41,F3,58.858,0.7,4.506,45.612,7.496,normal
2026-10-05 10:53:41,F3,73.276,0.805,3.28,48.719,9.169,normal
2026-10-05 10:54:41,F3,63.232,0.468,3.716,44.593,10.038,normal
2026-10-05 10:55:41,F3,69.145,0.708,2.874,53.14,7.481,normal
2026-10-05 10:56:41,F3,70.583,0.7,3.966,33.901,8.522,normal
2026-10-05 10:57:41,F3,70.497,0.412,4.354,50.441,7.606,normal
2026-10-05 10:58:41,F3,63.929,0.717,2.675,44.44,6.907,normal
2026-10-05 10:59:41,F3,76.223,1.085,3.584,53.364,11.207,normal
2026-10-05 11:00:41,F3,73.834,1.027,4.853,51.54,8.053,normal
2026-10-05 11:01:41,F3,67.464,1.005,4.109,42.799,9.883,normal
2026-10-05 11:02:41,F3,63.22,0.587,3.442,46.853,9.631,normal
2026-10-05 11:03:41,F3,58.159,0.843,3.798,46.226,10.172,normal
2026-10-05 11:04:41,F3,64.648,0.585,4.289,41.583,10.086,normal
2026-10-05 11:05:41,F3,78.612,0.927,3.06,44.28,8.553,normal
2026-10-05 11:06:41,F3,72.92,0.862,3.853,41.614,5.319,normal
2026-10-05 11:07:41,F3,79.524,0.634,3.599,48.15,7.383,normal
2026-10-05 11:08:41,F3,74.828,0.687,5.269,57.999,9.093,normal
2026-10-05 11:09:41,F3,59.908,1.141,4.079,42.029,5.93,normal
2026-10-05 11:10:41,F3,74.629,0.829,4.824,57.671,9.467,normal
2026-10-05 11:11:41,F3,62.042,1.053,4.293,57.112,5.588,normal
2026-10-05 11:12:41,F3,64.85,0.715,4.443,61.634,8.981,normal
2026-10-05 11:13:41,F3,72.545,1.228,3.514,58.618,8.388,normal
2026-10-05 11:14:41,F3,64.168,0.881,5.105,47.727,7.838,normal
2026-10-05 11:15:41,F3,77.501,0.721,3.103,58.047,11.261,normal
2026-10-05 11:16:41,F3,65.547,0.958,3.902,60.486,10.632,normal
2026-10-05 11:17:41,F3,69.298,0.334,4.36,43.565,8.298,normal
2026-10-05 11:18:41,F3,75.663,0.885,4.006,40.396,6.959,normal
2026-10-05 11:19:41,F3,73.191,0.937,4.969,61.949,8.235,normal
2026-10-05 11:20:41,F3,70.52,0.949,4.783,51.064,11.636,normal
2026-10-05 11:21:41,F3,71.1,0.648,2.792,54.162,9.455,normal
2026-10-05 11:22:41,F3,71.568,0.838,4.13,53.062,12.206,normal
2026-10-05 11:23:41,F3,71.053,0.65,4.473,46.569,8.358,normal
2026-10-05 11:24:41,F3,65.196,1.016,3.847,51.524,8.154,normal
2026-10-05 11:25:41,F3,64.956,1.065,3.228,55.545,4.526,normal
2026-10-05 11:26:41,F3,79.364,0.754,3.964,34.129,8.065,normal
2026-10-05 11:27:41,F3,71.639,1.184,4.899,59.41,6.513,normal
2026-10-05 11:28:41,F3,68.659,0.852,4.703,39.46,9.613,normal
2026-10-05 11:29:41,F3,59.471,0.932,4.038,45.066,5.82,normal
2026-10-05 11:30:41,F3,63.259,0.824,3.115,55.936,10.979,normal
2026-10-05 11:31:41,F3,63.596,0.894,4.134,55.257,8.511,normal
2026-10-05 11:32:41,F3,77.403,0.936,4.262,62.53,7.701,normal
2026-10-05 11:33:41,F3,60.145,1.03,4.142,40.901,7.534,normal
2026-10-05 11:34:41,F3,60.263,0.864,4.048,47.084,9.115,normal
2026-10-05 11:35:41,F3,68.506,0.771,3.869,49.186,6.047,normal
2026-10-05 11:36:41,F3,77.27,1.252,4.198,55.535,7.463,normal
2026-10-05 11:37:41,F3,76.991,0.988,3.971,41.544,8.898,normal
2026-10-05 11:38:41,F3,75.178,0.9,4.283,32.278,9.463,normal
2026-10-05 11:39:41,F3,60.321,0.923,2.727,48.799,8.182,normal
2026-10-05 11:40:41,F3,71.679,1.053,4.902,51.513,9.997,normal
2026-10-05 11:41:41,F3,63.391,0.702,2.587,34.268,10.716,normal
2026-10-05 11:42:41,F3,74.027,0.861,3.564,45.693,9.167,normal
2026-10-05 11:43:41,F3,87.522,0.681,2.823,40.41,10.633,normal
2026-10-05 11:44:41,F3,63.246,0.78,3.84,48.27,7.745,normal
2026-10-05 11:45:41,F3,66.256,0.791,3.952,66.007,8.015,normal
2026-10-05 11:46:41,F3,70.426,0.845,3.956,54.245,8.687,normal
2026-10-05 11:47:41,F3,74.277,1.018,4.095,47.745,8.827,normal
2026-10-05 11:48:41,F3,64.51,0.832,3.47,45.427,11.175,normal
2026-10-05 11:49:41,F3,73.244,0.932,4.314,50.432,10.511,normal
2026-10-05 11:50:41,F3,55.706,0.85,4.088,50.082,9.165,normal
2026-10-05 11:51:41,F3,58.989,0.94,5.126,51.714,8.459,normal
2026-10-05 11:52:41,F3,63.207,1.14,4.199,46.986,5.414,normal
2026-10-05 11:53:41,F3,67.07,0.408,4.01,57.428,8.889,normal
2026-10-05 11:54:41,F3,63.695,1.197,4.328,50.606,7.18,normal
2026-10-05 11:55:41,F3,66.441,0.632,4.015,40.584,8.655,normal
2026-10-05 11:56:41,F3,54.006,1.067,3.985,39.004,8.724,normal
2026-10-05 11:57:41,F3,74.427,0.838,3.303,32.989,7.177,normal
2026-10-05 11:58:41,F3,84.191,0.855,3.782,39.872,7.092,normal
2026-10-05 11:59:41,F3,58.451,0.96,2.244,48.952,10.983,normal
2026-10-05 12:00:41,F3,68.875,0.658,4.407,45.925,8.646,normal
2026-10-05 12:01:41,F3,54.977,0.809,3.2,40.591,10.701,normal
2026-10-05 12:02:41,F3,67.991,0.821,3.549,46.246,9.18,normal
2026-10-05 12:03:41,F3,71.466,0.86,4.781,44.6,8.008,normal
2026-10-05 12:04:41,F3,62.075,0.808,4.462,49.891,7.346,normal
2026-10-05 12:05:41,F3,62.504,0.788,4.902,39.216,6.375,normal
2026-10-05 12:06:41,F3,77.559,1.056,3.203,36.523,9.857,normal
2026-10-05 12:07:41,F3,63.432,0.526,5.225,57.476,9.99,normal
2026-10-05 12:08:41,F3,66.38,0.676,3.178,56.545,8.257,normal
2026-10-05 12:09:41,F3,61.773,0.549,2.978,41.766,8.41,normal
2026-10-05 12:10:41,F3,71.077,1.09,4.448,40.647,9.629,normal
2026-10-05 12:11:41,F3,75.495,0.911,3.96,46.53,9.538,normal
2026-10-05 12:12:41,F3,65.171,1.111,4.322,39.015,9.338,normal
2026-10-05 12:13:41,F3,75.598,0.694,3.969,37.491,11.84,normal
2026-10-05 12:14:41,F3,67.844,1.009,3.272,46.893,8.646,normal
2026-10-05 12:15:41,F3,63.744,0.808,4.005,58.096,10.668,normal
2026-10-05 12:16:41,F3,77.359,0.709,3.524,55.396,8.5,normal
2026-10-05 12:17:41,F3,67.221,1.197,4.621,41.078,8.694,normal
2026-10-05 12:18:41,F3,65.683,1.099,3.913,58.481,11.416,normal
2026-10-05 12:19:41,F3,62.081,1.17,3.414,42.582,8.404,normal
2026-10-05 12:20:41,F3,71.172,1.23,3.594,49.131,9.738,normal
2026-10-05 12:21:41,F3,60.512,1.197,4.648,50.874,11.572,normal
2026-10-05 12:22:41,F3,62.64,1.424,4.174,49.238,12.04,normal
2026-10-05 12:23:41,F3,67.303,1.111,4.678,48.461,9.136,normal
2026-10-05 12:24:41,F3,68.051,0.639,3.975,50.45,9.174,normal
2026-10-05 12:25:41,F3,71.268,1.336,4.318,48.251,9.475,normal
2026-10-05 12:26:41,F3,64.651,1.344,4.828,41.936,10.777,normal
2026-10-05 12:27:41,F3,64.347,1.401,3.154,53.957,6.893,normal
2026-10-05 12:28:41,F3,63.75,0.823,3.076,54.244,7.933,normal
2026-10-05 12:29:41,F3,71.619,1.0,3.929,55.666,5.478,normal
2026-10-05 12:30:41,F3,66.821,0.714,3.051,33.402,8.998,normal
2026-10-05 12:31:41,F3,70.426,1.137,4.812,43.679,11.273,normal
2026-10-05 12:32:41,F3,78.083,1.249,3.92,48.307,8.742,normal
2026-10-05 12:33:41,F3,54.07,0.697,5.169,48.613,11.844,normal
2026-10-05 12:34:41,F3,51.19,1.015,4.886,43.477,8.785,normal
2026-10-05 12:35:41,F3,60.598,0.776,4.689,56.395,9.851,normal
2026-10-05 12:36:41,F3,65.601,1.274,4.559,45.614,11.069,normal
2026-10-05 12:37:41,F3,56.71,1.059,4.114,52.737,6.65,normal
2026-10-05 12:38:41,F3,58.112,0.973,4.097,44.76,9.828,normal
2026-10-05 12:39:41,F3,65.284,0.79,3.001,45.278,7.962,normal
2026-10-05 12:40:41,F3,51.827,0.442,3.558,56.181,9.734,normal
2026-10-05 12:41:41,F3,65.94,0.776,2.878,51.239,8.364,normal
2026-10-05 12:42:41,F3,57.576,0.894,4.199,61.127,13.969,normal
2026-10-05 12:43:41,F3,65.994,0.708,3.876,44.633,6.574,normal
2026-10-05 12:44:41,F3,82.339,1.087,4.269,58.206,10.75,normal
2026-10-05 12:45:41,F3,80.257,0.907,3.377,46.361,10.52,normal
2026-10-05 12:46:41,F3,64.922,0.899,4.614,50.414,10.716,normal
2026-10-05 12:47:41,F3,65.951,1.056,3.186,52.508,6.833,normal
2026-10-05 12:48:41,F3,69.597,1.181,3.875,49.245,9.658,normal
2026-10-05 12:49:41,F3,71.281,0.983,3.864,43.326,8.132,normal
2026-10-05 12:50:41,F3,65.326,1.026,4.605,35.924,8.324,normal
2026-10-05 12:51:41,F3,50.639,1.013,3.475,47.452,6.553,normal
2026-10-05 12:52:41,F3,67.235,1.03,4.376,47.276,7.876,normal
2026-10-05 12:53:41,F3,68.657,1.14,3.393,51.815,10.16,normal
2026-10-05 12:54:41,F3,80.784,0.62,4.227,45.945,5.86,normal
2026-10-05 12:55:41,F3,66.602,0.817,4.063,49.482,11.411,normal
2026-10-05 12:56:41,F3,66.899,1.114,3.945,41.876,8.412,normal
2026-10-05 12:57:41,F3,62.911,0.676,3.92,54.866,9.669,normal
2026-10-05 12:58:41,F3,68.551,1.196,4.38,57.763,7.63,normal
2026-10-05 12:59:41,F3,64.261,0.785,3.992,47.151,6.063,normal
2026-10-05 13:00:41,F3,59.553,0.984,3.891,38.642,6.97,normal
2026-10-05 13:01:41,F3,84.185,0.687,5.154,41.257,10.9,normal
2026-10-05 13:02:41,F3,76.532,1.026,4.034,45.846,10.806,normal
2026-10-05 13:03:41,F3,59.293,1.236,4.971,47.608,5.489,normal
2026-10-05 13:04:41,F3,68.468,0.951,4.022,55.466,10.438,normal
2026-10-05 13:05:41,F3,69.683,0.962,4.247,56.375,8.123,normal
2026-10-05 13:06:41,F3,73.005,0.679,4.234,36.616,8.165,normal
2026-10-05 13:07:41,F3,68.598,0.928,4.232,48.27,8.42,normal
2026-10-05 13:08:41,F3,75.848,1.08,3.505,55.214,8.214,normal
2026-10-05 13:09:41,F3,66.577,1.001,4.335,49.835,8.692,normal
2026-10-05 13:10:41,F3,59.842,1.194,5.106,35.417,6.638,normal
2026-10-05 13:11:41,F3,53.117,1.132,4.043,43.637,9.713,normal
2026-10-05 13:12:41,F3,62.874,1.12,4.29,46.945,11.147,normal
2026-10-05 13:13:41,F3,63.495,0.893,4.385,53.043,9.334,normal
2026-10-05 13:14:41,F3,62.566,1.089,4.208,59.311,6.378,normal
2026-10-05 13:15:41,F3,68.259,0.579,5.03,45.667,7.587,normal
2026-10-05 13:16:41,F3,67.064,0.976,3.123,41.658,10.811,normal
2026-10-05 13:17:41,F3,69.691,1.249,5.0,51.605,10.62,normal
2026-10-05 13:18:41,F3,68.592,0.8,4.489,50.893,9.904,normal
2026-10-05 13:19:41,F3,74.756,1.107,5.117,47.283,8.368,normal
2026-10-05 13:20:41,F3,51.444,1.0,4.801,48.66,7.88,normal
2026-10-05 13:21:41,F3,70.771,1.145,4.127,39.676,7.743,normal
2026-10-05 13:22:41,F3,70.6,1.049,5.412,52.064,9.174,normal
2026-10-05 13:23:41,F3,58.65,0.879,4.484,47.307,7.66,normal
2026-10-05 13:24:41,F3,67.495,1.125,4.048,46.654,9.773,normal
2026-10-05 13:25:41,F3,75.624,0.956,4.512,45.659,8.437,normal
2026-10-05 13:26:41,F3,71.224,1.01,4.654,47.516,7.753,normal
2026-10-05 13:27:41,F3,62.886,0.8,3.483,46.352,9.176,normal
2026-10-05 13:28:41,F3,62.657,1.317,5.014,46.944,8.468,normal
2026-10-05 13:29:41,F3,71.199,0.88,5.305,63.452,8.401,normal
2026-10-05 13:30:41,F3,57.587,1.087,3.841,46.584,7.776,normal
2026-10-05 13:31:41,F3,74.276,1.239,4.797,43.372,11.265,normal
2026-10-05 13:32:41,F3,67.239,1.162,2.969,48.998,7.407,normal
2026-10-05 13:33:41,F3,66.998,0.998,3.691,52.897,7.893,normal
2026-10-05 13:34:41,F3,63.974,1.261,3.782,40.134,7.056,normal
2026-10-05 13:35:41,F3,53.845,0.822,3.806,45.035,9.191,normal
2026-10-05 13:36:41,F3,60.254,1.134,4.061,42.851,7.722,normal
2026-10-05 13:37:41,F3,70.396,0.814,4.186,41.567,10.383,normal
2026-10-05 13:38:41,F3,71.904,0.931,3.966,44.807,6.741,normal
2026-10-05 13:39:41,F3,62.983,0.971,4.197,53.405,9.365,normal
2026-10-05 13:40:41,F3,79.611,1.305,3.848,46.177,8.33,normal
2026-10-05 13:41:41,F3,81.136,1.143,4.844,54.043,6.503,failure
2026-10-05 13:42:41,F3,56.071,0.633,3.81,54.057,9.559,normal
2026-10-05 13:43:41,F3,83.678,1.531,5.109,41.199,9.552,normal
2026-10-05 13:44:41,F3,60.75,0.869,4.453,40.545,10.809,normal
2026-10-05 13:45:41,F3,74.522,1.19,4.823,49.784,11.099,normal
2026-10-05 13:46:41,F3,69.744,1.376,3.831,64.302,8.652,normal
2026-10-05 13:47:41,F3,48.948,0.948,4.138,57.313,8.909,normal
2026-10-05 13:48:41,F3,65.326,0.814,5.091,46.23,6.168,normal
2026-10-05 13:49:41,F3,66.552,0.825,4.825,41.196,8.307,normal
2026-10-05 13:50:41,F3,78.377,0.889,2.705,44.323,8.357,normal
2026-10-05 13:51:41,F3,71.117,0.913,4.712,48.441,11.226,normal
2026-10-05 13:52:41,F3,68.122,1.031,2.481,53.781,9.49,normal
2026-10-05 13:53:41,F3,59.67,1.223,4.645,49.405,8.055,normal
2026-10-05 13:54:41,F3,63.961,0.766,3.644,56.538,14.342,normal
2026-10-05 13:55:41,F3,54.663,0.944,2.585,52.356,10.42,normal
2026-10-05 13:56:41,F3,60.004,0.808,3.513,47.909,10.299,normal
2026-10-05 13:57:41,F3,72.65,0.74,4.794,55.925,10.399,normal
2026-10-05 13:58:41,F3,78.604,1.295,3.136,30.328,7.618,normal
2026-10-05 13:59:41,F3,89.302,0.473,4.687,51.578,12.069,normal
2026-10-05 14:00:41,F3,71.21,1.095,4.018,43.962,9.795,normal
2026-10-05 14:01:41,F3,67.511,0.972,3.652,37.559,9.869,normal
2026-10-05 14:02:41,F3,66.943,1.081,6.127,39.455,8.773,normal
2026-10-05 14:03:41,F3,61.254,1.101,3.574,53.655,10.457,normal
2026-10-05 14:04:41,F3,71.0,1.257,3.609,55.014,11.929,normal
2026-10-05 14:05:41,F3,67.882,1.204,5.237,62.566,8.227,normal
2026-10-05 14:06:41,F3,72.135,0.918,3.107,37.069,8.797,normal
2026-10-05 14:07:41,F3,66.741,1.01,5.249,51.063,9.834,normal
2026-10-05 14:08:41,F3,72.008,0.543,3.197,45.546,8.302,normal
2026-10-05 14:09:41,F3,67.4,1.198,4.468,61.524,11.099,normal
2026-10-05 14:10:41,F3,71.49,0.973,3.604,53.932,8.443,normal
2026-10-05 14:11:41,F3,78.31,1.321,4.813,42.98,8.347,normal
2026-10-05 14:12:41,F3,80.804,0.951,3.158,36.347,8.665,normal
2026-10-05 14:13:41,F3,62.087,1.534,4.895,52.662,10.022,normal
2026-10-05 14:14:41,F3,64.436,1.374,4.143,50.085,7.008,normal
2026-10-05 14:15:41,F3,72.156,1.432,3.129,52.325,9.041,normal
2026-10-05 14:16:41,F3,78.617,1.099,4.183,57.875,8.345,normal
2026-10-05 14:17:41,F3,74.606,1.001,4.905,41.433,9.721,normal
2026-10-05 14:18:41,F3,59.389,1.333,3.705,48.815,8.851,normal
2026-10-05 14:19:41,F3,65.043,0.96,4.347,54.16,10.419,normal
2026-10-05 14:20:41,F3,63.654,0.886,4.678,43.137,10.892,normal
2026-10-05 14:21:41,F3,59.4,1.189,4.365,51.789,7.842,normal
2026-10-05 14:22:41,F3,70.196,1.165,3.797,45.405,5.265,normal
2026-10-05 14:23:41,F3,62.578,0.903,4.462,53.922,10.141,normal
2026-10-05 14:24:41,F3,74.801,1.226,4.339,50.951,8.217,normal
2026-10-05 14:25:41,F3,48.529,1.251,4.484,43.961,7.744,normal
2026-10-05 14:26:41,F3,70.949,1.134,4.791,47.547,10.815,normal
2026-10-05 14:27:41,F3,74.616,1.509,3.677,50.325,7.676,normal
2026-10-05 14:28:41,F3,70.991,1.064,3.997,46.418,6.865,normal
2026-10-05 14:29:41,F3,65.477,0.807,4.728,62.17,9.335,normal
2026-10-05 14:30:41,F3,71.115,1.078,6.258,54.477,11.091,normal
2026-10-05 14:31:41,F3,61.076,1.138,4.642,51.524,8.382,normal
2026-10-05 14:32:41,F3,63.093,0.854,4.745,40.447,6.719,normal
2026-10-05 14:33:41,F3,64.473,1.373,4.824,53.537,9.762,normal
2026-10-05 14:34:41,F3,73.404,1.226,4.356,53.825,8.839,normal
2026-10-05 14:35:41,F3,64.594,1.236,3.808,44.24,10.457,normal
2026-10-05 14:36:41,F3,71.84,0.997,2.792,45.58,7.383,normal
2026-10-05 14:37:41,F3,60.9,1.139,3.15,52.951,10.852,normal
2026-10-05 14:38:41,F3,73.256,0.926,5.393,40.822,9.763,normal
2026-10-05 14:39:41,F3,68.998,1.329,3.876,46.152,7.072,normal
2026-10-05 14:40:41,F3,60.98,0.975,4.545,38.945,2.356,normal
2026-10-05 14:41:41,F3,66.657,1.468,4.534,57.074,8.454,normal
2026-10-05 14:42:41,F3,67.289,1.112,5.364,37.897,9.011,normal
2026-10-05 14:43:41,F3,65.056,0.939,5.484,54.005,6.829,normal
2026-10-05 14:44:41,F3,54.768,0.921,4.575,49.685,9.641,normal
2026-10-05 14:45:41,F3,75.418,1.15,4.646,59.303,11.066,normal
2026-10-05 14:46:41,F3,68.621,0.704,4.483,43.253,10.125,normal
2026-10-05 14:47:41,F3,68.341,0.915,3.814,42.989,13.45,normal
2026-10-05 14:48:41,F3,70.064,1.003,3.582,43.78,8.033,normal
2026-10-05 14:49:41,F3,61.428,0.96,4.315,54.7,7.274,normal
2026-10-05 14:50:41,F3,59.824,1.194,3.968,42.673,8.764,normal
2026-10-05 14:51:41,F3,74.164,1.054,4.977,49.636,10.77,normal
2026-10-05 14:52:41,F3,70.729,1.074,3.391,44.058,9.418,normal
2026-10-05 14:53:41,F3,69.515,0.938,2.495,47.507,8.869,normal
2026-10-05 14:54:41,F3,64.081,0.907,3.653,47.724,8.644,normal
2026-10-05 14:55:41,F3,61.914,1.014,4.779,58.584,7.082,normal
2026-10-05 14:56:41,F3,54.869,1.148,5.338,62.559,7.812,normal
2026-10-05 14:57:41,F3,77.724,1.081,4.076,50.086,7.304,normal
2026-10-05 14:58:41,F3,68.637,1.389,3.895,48.154,7.656,normal
2026-10-05 14:59:41,F3,71.362,0.988,4.897,34.967,9.81,normal
2026-10-05 15:00:41,F3,66.804,1.08,4.607,35.024,9.922,normal
2026-10-05 15:01:41,F3,71.55,0.977,4.001,52.994,9.664,normal
2026-10-05 15:02:41,F3,70.768,1.005,3.202,36.089,8.288,normal
2026-10-05 15:03:41,F3,63.506,1.336,4.348,42.267,10.982,normal
2026-10-05 15:04:41,F3,79.658,0.917,3.112,47.171,6.054,normal
2026-10-05 15:05:41,F3,75.423,1.018,3.607,55.643,10.537,normal
2026-10-05 15:06:41,F3,51.62,0.525,4.732,51.705,8.824,normal
2026-10-05 15:07:41,F3,61.65,1.223,5.629,54.444,9.794,normal
2026-10-05 15:08:41,F3,75.937,1.217,3.941,41.658,7.322,normal
2026-10-05 15:09:41,F3,63.05,1.287,4.362,47.088,7.851,normal
2026-10-05 15:10:41,F3,59.335,1.076,3.847,57.79,6.89,normal
2026-10-05 15:11:41,F3,83.308,1.238,2.596,49.23,7.366,normal
2026-10-05 15:12:41,F3,62.223,0.943,4.158,46.386,9.884,normal
2026-10-05 15:13:41,F3,66.255,1.112,4.627,53.119,7.435,normal
2026-10-05 15:14:41,F3,67.463,1.282,4.753,61.235,5.606,normal
2026-10-05 15:15:41,F3,60.921,1.012,5.48,48.344,7.536,normal
2026-10-05 15:16:41,F3,77.322,1.253,4.448,44.566,8.065,normal
2026-10-05 15:17:41,F3,60.925,0.722,5.098,40.044,8.709,normal
2026-10-05 15:18:41,F3,71.152,0.974,3.647,48.333,9.963,normal
2026-10-05 15:19:41,F3,61.985,0.886,3.815,54.75,7.258,normal
2026-10-05 15:20:41,F3,74.238,1.46,2.78,56.867,9.411,normal
2026-10-05 15:21:41,F3,56.338,0.886,3.486,55.667,8.695,normal
2026-10-05 15:22:41,F3,65.319,1.0,4.604,43.146,11.248,normal
2026-10-05 15:23:41,F3,77.0,1.102,5.473,49.247,9.057,normal
2026-10-05 15:24:41,F3,69.911,1.371,4.06,36.837,7.706,normal
2026-10-05 15:25:41,F3,67.647,1.57,3.7,54.266,10.012,normal
2026-10-05 15:26:41,F3,71.374,1.292,4.475,54.722,8.56,normal
2026-10-05 15:27:41,F3,52.881,1.004,4.526,43.94,11.263,normal
2026-10-05 15:28:41,F3,72.865,1.448,4.386,49.194,5.778,normal
2026-10-05 15:29:41,F3,63.22,1.065,3.44,46.199,11.059,normal
2026-10-05 15:30:41,F3,59.788,1.321,4.094,49.922,9.535,normal
2026-10-05 15:31:41,F3,62.518,1.209,5.092,48.198,9.023,normal
2026-10-05 15:32:41,F3,70.561,1.283,4.904,44.082,9.803,normal
2026-10-05 15:33:41,F3,83.753,0.831,4.743,46.573,10.037,normal
2026-10-05 15:34:41,F3,71.185,1.109,4.943,51.143,9.63,normal
2026-10-05 15:35:41,F3,68.198,1.415,4.388,51.458,7.985,normal
2026-10-05 15:36:41,F3,73.335,1.046,4.748,46.912,7.709,normal
2026-10-05 15:37:41,F3,63.675,1.564,4.745,57.354,5.012,normal
2026-10-05 15:38:41,F3,75.381,1.24,5.299,46.884,10.225,normal
2026-10-05 15:39:41,F3,70.25,1.528,4.473,55.252,8.96,normal
2026-10-05 15:40:41,F3,65.638,1.118,4.393,41.595,7.732,normal
2026-10-05 15:41:41,F3,77.124,1.056,4.53,39.961,6.763,normal
2026-10-05 15:42:41,F3,72.696,1.368,4.091,46.138,8.185,normal
2026-10-05 15:43:41,F3,61.731,1.314,3.186,46.512,11.246,normal
2026-10-05 15:44:41,F3,87.056,1.248,3.188,55.331,7.781,normal
2026-10-05 15:45:41,F3,72.122,1.676,6.476,48.959,9.062,failure
2026-10-05 15:46:41,F3,66.57,1.222,3.699,52.165,7.867,normal
2026-10-05 15:47:41,F3,72.843,1.237,4.263,64.433,7.534,normal
2026-10-05 15:48:41,F3,68.657,1.206,4.183,38.942,10.433,normal
2026-10-05 15:49:41,F3,63.903,1.315,3.956,57.858,6.828,normal
2026-10-05 15:50:41,F3,64.163,1.247,3.531,31.212,7.654,normal
2026-10-05 15:51:41,F3,73.609,1.381,4.231,38.864,10.24,normal
2026-10-05 15:52:41,F3,69.389,1.227,4.914,62.23,9.719,normal
2026-10-05 15:53:41,F3,65.1,1.267,4.328,44.482,9.373,normal
2026-10-05 15:54:41,F3,64.116,1.441,4.863,42.367,7.185,normal
2026-10-05 15:55:41,F3,73.889,1.42,5.388,48.429,10.395,normal
2026-10-05 15:56:41,F3,60.019,1.218,4.149,50.028,9.76,normal
2026-10-05 15:57:41,F3,70.205,1.144,4.481,35.56,7.703,normal
2026-10-05 15:58:41,F3,62.358,1.162,5.216,47.832,9.226,normal
2026-10-05 15:59:41,F3,70.415,1.623,3.791,47.267,6.146,normal
2026-10-05 16:00:41,F3,65.641,1.229,4.369,47.537,10.917,normal
2026-10-05 16:01:41,F3,60.802,1.164,4.105,45.201,10.055,normal
2026-10-05 16:02:41,F3,53.621,0.991,4.558,41.372,7.133,normal
2026-10-05 16:03:41,F3,70.151,1.164,3.804,36.831,8.908,normal
2026-10-05 16:04:41,F3,63.185,1.139,4.438,51.072,9.435,normal
2026-10-05 16:05:41,F3,60.995,1.253,4.145,55.35,9.68,normal
2026-10-05 16:06:41,F3,61.015,1.15,5.231,51.919,10.302,normal
2026-10-05 16:07:41,F3,59.343,1.084,5.0,55.01,9.602,normal
2026-10-05 16:08:41,F3,73.349,1.225,4.355,54.458,8.822,normal
2026-10-05 16:09:41,F3,64.162,0.935,4.451,36.332,9.145,normal
2026-10-05 16:10:41,F3,54.543,1.254,5.149,50.504,8.217,normal
2026-10-05 16:11:41,F3,53.602,1.168,3.864,40.856,7.588,normal
2026-10-05 16:12:41,F3,64.335,1.103,4.764,51.767,7.672,normal
2026-10-05 16:13:41,F3,59.054,1.234,5.504,47.677,12.098,normal
2026-10-05 16:14:41,F3,72.377,0.939,5.56,44.066,10.735,normal
2026-10-05 16:15:41,F3,56.841,1.021,4.715,38.024,10.523,normal
2026-10-05 16:16:41,F3,56.72,0.956,3.596,46.437,9.807,normal
2026-10-05 16:17:41,F3,78.509,1.172,3.906,44.744,6.81,normal
2026-10-05 16:18:41,F3,68.607,1.233,4.977,48.757,7.37,normal
2026-10-05 16:19:41,F3,67.038,1.383,4.635,57.88,7.891,normal
2026-10-05 16:20:41,F3,60.149,1.386,5.4,46.179,9.678,normal
2026-10-05 16:21:41,F3,70.811,1.497,3.187,54.8,8.69,normal
2026-10-05 16:22:41,F3,73.727,1.378,4.116,53.257,11.354,normal
2026-10-05 16:23:41,F3,68.602,1.083,4.72,59.088,9.326,normal
2026-10-05 16:24:41,F3,74.517,1.247,5.163,43.242,11.097,normal
2026-10-05 16:25:41,F3,53.989,1.784,4.813,42.418,7.883,normal
2026-10-05 16:26:41,F3,69.776,1.241,4.177,49.833,7.35,normal
2026-10-05 16:27:41,F3,81.297,1.139,4.504,60.976,8.886,normal
2026-10-05 16:28:41,F3,64.389,1.29,3.956,59.967,7.968,normal
2026-10-05 16:29:41,F3,52.241,1.462,4.315,41.036,13.259,normal
2026-10-05 16:30:41,F3,65.856,1.146,4.501,46.939,7.577,normal
2026-10-05 16:31:41,F3,79.592,1.235,3.285,45.606,8.413,normal
2026-10-05 16:32:41,F3,58.298,1.349,3.882,46.344,9.202,normal
2026-10-05 16:33:41,F3,82.442,1.3,3.789,46.078,9.363,normal
2026-10-05 16:34:41,F3,61.34,1.241,5.62,39.476,8.098,normal
2026-10-05 16:35:41,F3,63.791,1.091,4.156,42.0,8.688,normal
2026-10-05 16:36:41,F3,73.849,1.314,3.232,53.113,10.456,normal
2026-10-05 16:37:41,F3,85.953,1.121,3.865,55.223,9.655,normal
2026-10-05 16:38:41,F3,66.289,1.578,3.806,39.705,9.318,normal
2026-10-05 16:39:41,F3,66.979,1.091,3.533,45.327,7.304,normal
2026-10-05 16:40:41,F3,70.212,1.117,3.684,57.582,6.313,normal
2026-10-05 16:41:41,F3,62.542,1.275,5.77,48.717,11.544,normal
2026-10-05 16:42:41,F3,64.03,1.11,4.654,44.696,9.487,normal
2026-10-05 16:43:41,F3,70.715,1.104,5.895,49.755,5.527,normal
2026-10-05 16:44:41,F3,66.949,1.068,3.615,45.003,9.296,normal
2026-10-05 16:45:41,F3,65.821,1.2,4.304,43.297,7.613,normal
2026-10-05 16:46:41,F3,76.196,0.874,4.293,49.611,7.932,normal
2026-10-05 16:47:41,F3,71.014,1.221,3.839,41.23,9.271,normal
2026-10-05 16:48:41,F3,67.432,1.362,4.45,41.002,9.457,normal
2026-10-05 16:49:41,F3,67.102,1.111,3.102,49.387,11.089,normal
2026-10-05 16:50:41,F3,66.992,1.095,3.354,44.297,5.623,normal
2026-10-05 16:51:41,F3,65.757,1.192,2.879,33.141,7.889,normal
2026-10-05 16:52:41,F3,67.202,1.7,4.31,51.565,8.605,normal
2026-10-05 16:53:41,F3,66.844,0.883,4.358,38.801,7.678,normal
2026-10-05 16:54:41,F3,63.261,1.319,2.605,53.998,9.447,normal
2026-10-05 16:55:41,F3,69.422,1.088,4.154,53.264,7.592,normal
2026-10-05 16:56:41,F3,55.811,1.331,3.794,55.474,5.678,normal
2026-10-05 16:57:41,F3,67.483,1.245,4.571,44.455,7.9,normal
2026-10-05 16:58:41,F3,64.531,1.235,4.478,51.018,9.584,normal
2026-10-05 16:59:41,F3,72.484,1.395,3.94,63.596,9.772,normal
2026-10-05 17:00:41,F3,78.947,1.632,4.468,49.594,6.319,normal
2026-10-05 17:01:41,F3,55.791,0.934,4.221,44.807,9.852,normal
2026-10-05 17:02:41,F3,85.895,1.167,3.69,50.65,8.909,normal
2026-10-05 17:03:41,F3,58.046,1.753,3.933,46.249,9.982,normal
2026-10-05 17:04:41,F3,71.774,1.735,5.17,53.486,11.034,normal
2026-10-05 17:05:41,F3,60.462,0.954,4.013,54.329,11.967,normal
2026-10-05 17:06:41,F3,68.598,1.448,4.001,45.391,10.922,normal
2026-10-05 17:07:41,F3,69.719,1.294,4.615,39.359,8.115,normal
2026-10-05 17:08:41,F3,57.868,1.385,4.718,50.186,6.415,normal
2026-10-05 17:09:41,F3,64.085,1.502,4.756,64.777,7.641,normal
2026-10-05 17:10:41,F3,73.358,1.082,4.564,58.466,7.181,normal
2026-10-05 17:11:41,F3,63.934,1.065,4.467,54.827,9.998,normal
2026-10-05 17:12:41,F3,59.223,1.276,3.289,47.847,10.62,normal
2026-10-05 17:13:41,F3,67.239,1.341,4.982,50.898,8.434,normal
2026-10-05 17:14:41,F3,69.786,1.098,5.639,54.755,7.363,normal
2026-10-05 17:15:41,F3,65.229,1.457,4.018,43.465,11.296,normal
2026-10-05 17:16:41,F3,79.814,1.448,4.615,48.924,5.872,normal
2026-10-05 17:17:41,F3,67.92,1.308,3.765,48.857,7.003,normal
2026-10-05 17:18:41,F3,68.987,0.959,3.985,59.433,8.925,normal
2026-10-05 17:19:41,F3,78.704,1.595,4.289,42.207,10.344,normal
2026-10-05 17:20:41,F3,64.297,1.061,4.445,44.311,9.6,normal
2026-10-05 17:21:41,F3,70.804,1.487,3.545,44.516,10.245,normal
2026-10-05 17:22:41,F3,74.393,1.533,3.948,50.437,8.694,normal
2026-10-05 17:23:41,F3,68.356,1.381,3.562,45.577,9.138,normal
2026-10-05 17:24:41,F3,75.617,1.646,4.812,47.833,11.273,normal
2026-10-05 17:25:41,F3,57.929,1.501,4.227,52.387,11.33,normal
2026-10-05 17:26:41,F3,65.648,1.391,4.956,48.253,10.177,normal
2026-10-05 17:27:41,F3,76.394,1.448,2.899,53.894,8.267,normal
2026-10-05 17:28:41,F3,69.888,1.218,5.442,59.182,9.895,normal
2026-10-05 17:29:41,F3,60.624,1.134,3.627,42.098,7.804,normal
2026-10-05 17:30:41,F3,60.67,1.272,5.2,45.586,10.081,normal
2026-10-05 17:31:41,F3,61.888,1.316,8.453,38.487,7.121,normal
2026-10-05 17:32:41,F3,69.027,1.366,4.269,48.266,10.644,normal
2026-10-05 17:33:41,F3,64.809,1.237,5.236,48.878,8.654,normal
2026-10-05 17:34:41,F3,74.281,1.397,4.587,39.056,9.407,normal
2026-10-05 17:35:41,F3,60.685,1.143,4.412,46.64,10.211,normal
2026-10-05 17:36:41,F3,61.003,1.426,3.913,47.903,10.468,normal
2026-10-05 17:37:41,F3,72.784,1.186,4.775,53.832,9.252,normal
2026-10-05 17:38:41,F3,71.825,1.568,5.324,54.973,9.537,normal
2026-10-05 17:39:41,F3,62.896,1.607,5.458,40.098,7.853,failure
2026-10-05 17:40:41,F3,83.516,1.156,4.909,50.243,9.37,normal
2026-10-05 17:41:41,F3,51.103,1.123,4.11,40.618,11.171,normal
2026-10-05 17:42:41,F3,68.6,1.163,4.633,48.636,8.565,normal
2026-10-05 17:43:41,F3,70.986,1.32,4.234,60.446,9.78,normal
2026-10-05 17:44:41,F3,61.228,1.212,5.95,48.302,11.512,normal
2026-10-05 17:45:41,F3,73.94,1.317,4.161,47.021,7.262,normal
2026-10-05 17:46:41,F3,64.142,1.116,4.36,57.179,9.674,normal
2026-10-05 17:47:41,F3,63.893,1.014,4.186,45.873,11.933,normal
2026-10-05 17:48:41,F3,58.141,1.667,3.401,46.433,10.27,normal
2026-10-05 17:49:41,F3,69.722,1.216,4.99,42.333,8.246,normal
2026-10-05 17:50:41,F3,79.839,1.577,4.361,49.941,7.854,normal
2026-10-05 17:51:41,F3,73.001,1.391,4.685,50.606,9.723,normal
2026-10-05 17:52:41,F3,71.638,0.973,4.452,36.403,9.235,normal
2026-10-05 17:53:41,F3,59.755,1.197,3.723,52.954,9.388,normal
2026-10-05 17:54:41,F3,68.904,1.243,5.121,50.845,8.138,normal
2026-10-05 17:55:41,F3,78.796,1.07,3.852,55.519,11.814,normal
2026-10-05 17:56:41,F3,49.99,1.468,4.812,54.174,12.009,normal
2026-10-05 17:57:41,F3,72.028,1.62,3.986,58.78,8.921,normal
2026-10-05 17:58:41,F3,78.749,1.626,4.121,52.635,7.507,normal
2026-10-05 17:59:41,F3,63.701,0.922,3.933,54.456,9.098,normal
2026-10-05 18:00:41,F3,64.224,1.269,4.442,35.191,9.149,normal
2026-10-05 18:01:41,F3,61.353,1.285,5.147,31.906,8.478,normal
2026-10-05 18:02:41,F3,66.934,1.111,3.992,36.293,11.594,normal
2026-10-05 18:03:41,F3,88.852,1.291,5.334,52.706,8.826,normal
2026-10-05 18:04:41,F3,82.774,1.468,4.264,49.709,7.189,normal
2026-10-05 18:05:41,F3,72.134,1.103,4.425,49.578,11.3,normal
2026-10-05 18:06:41,F3,81.323,1.353,5.178,50.36,7.938,normal
2026-10-05 18:07:41,F3,76.402,1.542,4.96,46.237,8.164,normal
2026-10-05 18:08:41,F3,62.936,1.055,3.318,45.536,8.809,normal
2026-10-05 18:09:41,F3,59.932,1.054,3.951,51.154,8.433,normal
2026-10-05 18:10:41,F3,71.757,1.348,3.636,41.969,11.854,normal
2026-10-05 18:11:41,F3,64.471,1.436,5.186,51.469,10.018,normal
2026-10-05 18:12:41,F3,80.133,1.259,4.982,47.577,9.643,normal
2026-10-05 18:13:41,F3,74.182,1.72,6.058,27.605,9.083,normal
2026-10-05 18:14:41,F3,56.385,1.459,4.282,41.549,10.237,normal
2026-10-05 18:15:41,F3,66.471,1.516,5.75,41.217,8.357,normal
2026-10-05 18:16:41,F3,68.887,0.915,4.062,46.911,8.167,normal
2026-10-05 18:17:41,F3,64.168,1.389,5.587,53.969,6.862,normal
2026-10-05 18:18:41,F3,72.225,1.332,4.591,35.799,8.495,normal
2026-10-05 18:19:41,F3,75.558,1.346,4.692,54.543,5.831,normal
2026-10-05 18:20:41,F3,92.909,1.574,4.132,53.685,8.41,normal
2026-10-05 18:21:41,F3,74.199,1.857,4.603,54.247,8.333,normal
2026-10-05 18:22:41,F3,69.881,1.527,4.048,50.319,12.85,normal
2026-10-05 18:23:41,F3,66.813,1.658,3.306,55.661,9.029,normal
2026-10-05 18:24:41,F3,70.245,1.272,4.758,56.408,7.062,normal
2026-10-05 18:25:41,F3,71.805,1.59,4.631,54.664,11.353,normal
2026-10-05 18:26:41,F3,59.472,1.614,4.844,50.682,8.5,normal
2026-10-05 18:27:41,F3,73.46,1.341,4.018,56.217,7.998,normal
2026-10-05 18:28:41,F3,84.781,1.372,4.594,50.274,10.243,failure
2026-10-05 18:29:41,F3,65.044,1.414,4.889,54.426,7.672,normal
2026-10-05 18:30:41,F3,83.81,1.175,5.122,53.014,7.262,normal
2026-10-05 18:31:41,F3,63.685,1.362,3.941,44.99,7.848,normal
2026-10-05 18:32:41,F3,77.887,1.546,4.615,51.528,7.839,normal
2026-10-05 18:33:41,F3,81.316,1.535,4.414,41.968,11.171,normal
2026-10-05 18:34:41,F3,71.594,1.478,4.707,48.312,8.749,normal
2026-10-05 18:35:41,F3,77.429,1.683,3.831,57.353,9.779,normal
2026-10-05 18:36:41,F3,67.094,1.554,5.375,60.442,7.865,normal
2026-10-05 18:37:41,F3,61.828,1.463,4.261,49.168,11.39,normal
2026-10-05 18:38:41,F3,66.711,1.349,5.176,39.558,11.201,normal
2026-10-05 18:39:41,F3,66.828,1.86,3.356,43.694,9.033,normal
2026-10-05 18:40:41,F3,73.391,1.397,4.597,44.556,10.376,normal
2026-10-05 18:41:41,F3,55.969,1.169,5.649,48.956,8.649,normal
2026-10-05 18:42:41,F3,79.572,1.269,4.626,63.621,9.327,normal
2026-10-05 18:43:41,F3,67.355,1.692,3.652,52.61,10.958,normal
2026-10-05 18:44:41,F3,85.477,1.243,4.309,43.167,6.897,normal
2026-10-05 18:45:41,F3,60.776,1.38,4.639,56.213,10.019,normal
2026-10-05 18:46:41,F3,60.471,1.049,4.317,41.477,9.078,normal
2026-10-05 18:47:41,F3,74.145,1.634,3.002,49.306,10.107,normal
2026-10-05 18:48:41,F3,80.567,1.405,4.244,50.146,10.253,normal
2026-10-05 18:49:41,F3,66.128,1.241,5.301,45.338,11.012,normal
2026-10-05 18:50:41,F3,82.873,1.357,4.844,61.442,11.515,failure
2026-10-05 18:51:41,F3,78.743,1.756,5.651,55.408,11.275,normal
2026-10-05 18:52:41,F3,59.119,1.357,3.083,48.053,13.628,normal
2026-10-05 18:53:41,F3,64.851,1.669,4.795,51.576,12.843,normal
2026-10-05 18:54:41,F3,64.592,1.59,4.639,37.862,6.142,normal
2026-10-05 18:55:41,F3,74.173,1.346,4.364,56.47,12.364,normal
2026-10-05 18:56:41,F3,62.151,1.453,1.18,42.88,7.219,normal
2026-10-05 18:57:41,F3,81.805,1.508,4.018,41.712,10.939,normal
2026-10-05 18:58:41,F3,53.145,1.465,3.338,53.067,8.123,normal
2026-10-05 18:59:41,F3,69.183,1.127,4.062,35.813,9.428,normal
2026-10-05 19:00:41,F3,57.131,1.54,4.205,54.32,9.977,normal
2026-10-05 19:01:41,F3,81.874,1.347,4.025,47.402,6.906,normal
2026-10-05 19:02:41,F3,80.521,1.35,3.6,46.449,10.385,normal
2026-10-05 19:03:41,F3,93.681,1.65,4.157,49.611,7.374,failure
2026-10-05 19:04:41,F3,67.398,1.804,4.09,30.973,9.202,normal
2026-10-05 19:05:41,F3,51.854,1.258,4.667,53.512,9.259,normal
2026-10-05 19:06:41,F3,69.44,1.564,4.883,44.451,7.621,normal
2026-10-05 19:07:41,F3,75.14,1.498,2.499,57.167,9.263,normal
2026-10-05 19:08:41,F3,81.545,1.527,4.64,46.346,8.223,normal
2026-10-05 19:09:41,F3,76.125,1.765,6.543,55.152,8.67,normal
2026-10-05 19:10:41,F3,55.87,1.541,4.7,37.101,12.835,normal
2026-10-05 19:11:41,F3,75.433,1.419,4.53,50.072,10.569,failure
2026-10-05 19:12:41,F3,77.744,1.409,5.336,52.443,11.004,failure
2026-10-05 19:13:41,F3,71.586,1.737,4.497,42.821,7.883,normal
2026-10-05 19:14:41,F3,62.802,1.374,4.346,55.199,9.526,normal
2026-10-05 19:15:41,F3,76.786,1.544,5.333,58.245,11.298,failure
2026-10-05 19:16:41,F3,65.173,1.299,4.391,38.968,6.151,normal
2026-10-05 19:17:41,F3,62.126,1.311,4.439,48.07,7.667,normal
2026-10-05 19:18:41,F3,51.575,1.615,3.95,42.32,10.738,normal
2026-10-05 19:19:41,F3,85.483,1.534,5.748,52.378,8.74,normal
2026-10-05 19:20:41,F3,74.055,1.765,5.336,52.694,9.932,normal
2026-10-05 19:21:41,F3,61.152,1.381,3.113,53.564,10.152,normal
2026-10-05 19:22:41,F3,66.801,1.457,4.142,47.31,8.885,normal
2026-10-05 19:23:41,F3,82.462,1.632,4.26,37.031,8.529,normal
2026-10-05 19:24:41,F3,53.666,1.038,3.963,48.81,8.757,normal
2026-10-05 19:25:41,F3,57.249,1.702,4.51,47.967,7.599,normal
2026-10-05 19:26:41,F3,66.322,1.515,5.034,51.939,7.536,normal
2026-10-05 19:27:41,F3,75.541,1.388,4.772,52.17,9.989,normal
2026-10-05 19:28:41,F3,68.758,1.453,4.304,48.229,9.047,normal
2026-10-05 19:29:41,F3,72.59,1.153,3.154,33.493,12.198,normal
2026-10-05 19:30:41,F3,46.71,1.358,4.019,40.954,11.559,normal
2026-10-05 19:31:41,F3,78.383,1.586,4.973,54.694,8.036,normal
2026-10-05 19:32:41,F3,70.011,1.567,4.17,49.144,9.554,normal
2026-10-05 19:33:41,F3,77.5,1.219,5.251,56.414,11.052,normal
2026-10-05 19:34:41,F3,67.752,1.152,3.603,48.526,9.354,normal
2026-10-05 19:35:41,F3,82.278,1.623,6.12,53.987,8.679,normal
2026-10-05 19:36:41,F3,62.875,1.476,4.187,44.292,10.914,normal
2026-10-05 19:37:41,F3,68.426,1.341,4.079,49.185,9.83,normal
2026-10-05 19:38:41,F3,65.564,1.454,4.805,59.697,8.953,normal
2026-10-05 19:39:41,F3,83.369,1.235,5.033,58.518,3.751,normal
2026-10-05 19:40:41,F3,70.381,1.345,3.468,45.339,9.467,normal
2026-10-05 19:41:41,F3,56.664,1.24,4.841,41.574,9.158,normal
2026-10-05 19:42:41,F3,57.863,1.788,5.057,37.024,9.865,failure
2026-10-05 19:43:41,F3,76.253,1.675,5.24,55.883,9.961,normal
2026-10-05 19:44:41,F3,72.659,1.045,4.935,54.521,9.479,normal
2026-10-05 19:45:41,F3,77.442,1.737,5.213,26.645,10.192,normal
2026-10-05 19:46:41,F3,71.944,1.427,6.582,49.892,7.289,normal
2026-10-05 19:47:41,F3,74.234,1.405,5.136,41.389,9.295,normal
2026-10-05 19:48:41,F3,68.921,1.763,4.518,66.366,9.959,normal
2026-10-05 19:49:41,F3,75.373,1.164,5.406,41.349,9.286,failure
2026-10-05 19:50:41,F3,67.611,1.524,5.139,41.487,9.4,normal
2026-10-05 19:51:41,F3,57.27,1.319,4.863,49.269,9.844,normal
2026-10-05 19:52:41,F3,71.597,1.427,4.819,54.577,6.952,normal
2026-10-05 19:53:41,F3,76.488,1.301,3.598,52.427,8.421,normal
2026-10-05 19:54:41,F3,63.856,1.702,3.831,60.812,8.487,normal
2026-10-05 19:55:41,F3,79.14,1.979,6.256,53.487,9.787,failure
2026-10-05 19:56:41,F3,69.684,1.733,5.066,46.129,8.099,normal
2026-10-05 19:57:41,F3,64.122,1.338,4.556,51.153,7.891,normal
2026-10-05 19:58:41,F3,68.961,1.479,3.74,50.869,10.983,normal
2026-10-05 19:59:41,F3,59.301,1.787,4.523,46.253,10.897,normal
2026-10-05 20:00:41,F3,65.893,1.609,5.854,56.043,9.842,normal
2026-10-05 20:01:41,F3,64.865,1.622,4.052,52.513,11.052,normal
2026-10-05 20:02:41,F3,59.404,1.726,4.971,42.487,8.455,normal
2026-10-05 20:03:41,F3,64.227,1.563,4.293,53.778,8.138,normal
2026-10-05 20:04:41,F3,58.493,1.697,4.681,52.501,9.126,normal
2026-10-05 20:05:41,F3,80.161,1.502,4.199,52.678,6.599,normal
2026-10-05 20:06:41,F3,72.291,1.711,4.47,46.301,10.297,normal
2026-10-05 20:07:41,F3,80.951,1.814,4.409,47.9,10.682,failure
2026-10-05 20:08:41,F3,79.542,1.625,5.22,50.836,8.318,normal
2026-10-05 20:09:41,F3,68.013,1.342,4.198,37.792,10.145,normal
2026-10-05 20:10:41,F3,54.641,1.501,5.272,47.449,10.215,normal
2026-10-05 20:11:41,F3,73.112,1.778,4.597,31.767,9.265,failure
2026-10-05 20:12:41,F3,58.953,1.426,5.397,50.776,11.45,normal
2026-10-05 20:13:41,F3,67.183,1.52,5.348,41.35,8.412,normal
2026-10-05 20:14:41,F3,46.868,1.642,4.641,48.016,9.853,normal
2026-10-05 20:15:41,F3,67.83,1.488,4.844,46.094,6.855,normal
2026-10-05 20:16:41,F3,50.816,1.693,4.488,43.332,7.488,normal
2026-10-05 20:17:41,F3,68.272,1.446,4.927,50.606,10.618,normal
2026-10-05 20:18:41,F3,59.921,0.897,5.896,44.651,7.024,normal
2026-10-05 20:19:41,F3,70.887,1.501,5.394,54.212,10.304,normal
2026-10-05 20:20:41,F3,74.012,1.439,4.617,44.435,10.182,normal
2026-10-05 20:21:41,F3,74.315,1.022,4.636,48.658,9.889,normal
2026-10-05 20:22:41,F3,71.203,1.503,4.775,45.271,9.201,normal
2026-10-05 20:23:41,F3,78.623,1.565,3.763,50.506,7.474,normal
2026-10-05 20:24:41,F3,72.207,1.445,3.385,42.488,9.543,normal
2026-10-05 20:25:41,F3,75.279,1.734,4.521,45.892,8.754,normal
2026-10-05 20:26:41,F3,65.164,1.496,4.553,56.59,7.385,normal
2026-10-05 20:27:41,F3,67.747,1.541,3.647,44.812,10.677,normal
2026-10-05 20:28:41,F3,59.037,1.528,4.459,50.826,8.084,normal
2026-10-05 20:29:41,F3,68.865,1.03,5.587,48.615,8.318,normal
2026-10-05 20:30:41,F3,59.014,1.44,5.695,56.441,8.185,normal
2026-10-05 20:31:41,F3,70.278,1.632,5.181,33.188,7.929,normal
2026-10-05 20:32:41,F3,67.399,1.259,5.482,47.35,12.206,normal
2026-10-05 20:33:41,F3,69.743,1.678,3.754,37.534,9.029,normal
2026-10-05 20:34:41,F3,61.478,1.319,4.906,57.318,10.019,normal
2026-10-05 20:35:41,F3,73.886,1.548,6.214,55.908,11.994,failure
2026-10-05 20:36:41,F3,57.787,1.404,4.109,39.163,11.098,normal
2026-10-05 20:37:41,F3,75.216,1.599,4.729,58.622,9.046,normal
2026-10-05 20:38:41,F3,60.191,1.565,4.161,34.604,6.711,normal
2026-10-05 20:39:41,F3,73.313,1.444,3.686,58.044,9.634,normal
2026-10-05 20:40:41,F3,73.804,1.518,5.103,52.239,11.474,normal
2026-10-05 20:41:41,F3,51.607,1.474,4.621,47.018,12.402,normal
2026-10-05 20:42:41,F3,62.091,1.714,5.147,47.426,9.168,normal
2026-10-05 20:43:41,F3,70.174,1.482,5.552,41.073,8.877,normal
2026-10-05 20:44:41,F3,67.649,1.448,5.138,48.122,11.041,failure
2026-10-05 20:45:41,F3,59.181,1.659,4.728,50.638,8.829,normal
2026-10-05 20:46:41,F3,89.914,1.4,3.839,45.133,9.24,normal
2026-10-05 20:47:41,F3,57.036,1.855,5.656,40.654,9.472,normal
2026-10-05 20:48:41,F3,53.94,1.919,4.368,54.471,10.297,normal
2026-10-05 20:49:41,F3,74.03,1.436,4.984,37.361,9.801,normal
2026-10-05 20:50:41,F3,72.209,1.609,4.998,50.204,11.241,normal
2026-10-05 20:51:41,F3,66.595,1.688,4.738,52.454,8.587,normal
2026-10-05 20:52:41,F3,72.984,1.291,4.432,48.638,10.026,normal
2026-10-05 20:53:41,F3,79.213,1.759,4.026,48.503,10.37,normal
2026-10-05 20:54:41,F3,63.114,1.613,3.863,52.394,9.381,normal
2026-10-05 20:55:41,F3,78.254,1.585,3.188,31.456,5.929,normal
2026-10-05 20:56:41,F3,76.517,1.804,4.52,44.853,9.164,normal
2026-10-05 20:57:41,F3,57.853,1.589,4.201,58.614,8.502,normal
2026-10-05 20:58:41,F3,74.015,1.43,4.799,61.277,9.862,normal
2026-10-05 20:59:41,F3,74.983,1.777,4.809,32.982,9.639,normal
2026-10-05 21:00:41,F3,65.038,1.484,5.363,44.502,12.171,normal
2026-10-05 21:01:41,F3,63.922,1.524,5.105,51.227,9.601,normal
2026-10-05 21:02:41,F3,75.075,1.357,4.197,47.993,10.448,normal
2026-10-05 21:03:41,F3,63.897,1.607,5.333,53.628,8.484,normal
2026-10-05 21:04:41,F3,65.067,1.32,5.107,43.835,10.706,normal
2026-10-05 21:05:41,F3,66.739,1.311,3.763,41.027,8.791,normal
2026-10-05 21:06:41,F3,75.121,1.663,4.578,43.168,8.367,normal
2026-10-05 21:07:41,F3,64.038,1.653,4.546,47.9,7.695,normal
2026-10-05 21:08:41,F3,91.245,1.765,4.797,51.918,12.491,failure
2026-10-05 21:09:41,F3,58.53,1.629,4.459,35.547,8.284,normal
2026-10-05 21:10:41,F3,62.995,1.346,3.843,57.437,9.472,normal
2026-10-05 21:11:41,F3,55.857,1.928,3.223,49.652,7.584,normal
2026-10-05 21:12:41,F3,79.43,1.676,4.788,47.854,8.465,normal
2026-10-05 21:13:41,F3,66.737,1.312,3.652,45.059,11.35,normal
2026-10-05 21:14:41,F3,86.323,1.248,4.445,48.119,9.95,normal
2026-10-05 21:15:41,F3,62.432,1.913,4.195,52.7,9.27,normal
2026-10-05 21:16:41,F3,72.227,1.541,4.952,50.294,6.918,normal
2026-10-05 21:17:41,F3,62.431,1.705,5.349,48.866,8.681,normal
2026-10-05 21:18:41,F3,58.848,1.576,4.811,49.262,11.002,failure
2026-10-05 21:19:41,F3,72.962,1.396,4.353,47.395,9.828,normal
2026-10-05 21:20:41,F3,72.425,1.337,5.111,45.671,14.303,normal
2026-10-05 21:21:41,F3,67.294,1.415,4.443,42.651,5.967,normal
2026-10-05 21:22:41,F3,64.621,1.845,3.934,56.505,7.295,normal
2026-10-05 21:23:41,F3,68.254,1.214,4.886,40.748,8.75,normal
2026-10-05 21:24:41,F3,60.528,1.51,2.568,48.725,8.48,normal
2026-10-05 21:25:41,F3,73.313,1.473,4.412,48.765,11.6,normal
2026-10-05 21:26:41,F3,68.378,1.306,4.784,42.33,10.163,normal
2026-10-05 21:27:41,F3,74.022,1.785,4.797,56.875,8.602,normal
2026-10-05 21:28:41,F3,70.881,1.527,4.787,44.637,9.123,normal
2026-10-05 21:29:41,F3,58.974,2.068,5.134,42.802,10.109,failure
2026-10-05 21:30:41,F3,75.231,1.454,5.225,48.85,10.572,normal
2026-10-05 21:31:41,F3,74.082,1.539,4.204,43.437,9.847,normal
2026-10-05 21:32:41,F3,68.609,1.577,4.415,34.003,9.654,normal
2026-10-05 21:33:41,F3,56.466,1.481,4.261,51.939,10.732,normal
2026-10-05 21:34:41,F3,58.524,1.536,4.185,45.703,11.295,normal
2026-10-05 21:35:41,F3,69.761,1.709,5.235,54.573,9.928,normal
2026-10-05 21:36:41,F3,80.618,1.593,5.021,46.618,9.123,normal
2026-10-05 21:37:41,F3,71.522,1.514,5.919,40.142,9.218,normal
2026-10-05 21:38:41,F3,66.972,1.468,5.827,49.245,10.832,normal
2026-10-05 21:39:41,F3,74.745,1.602,4.039,52.463,11.452,normal
2026-10-05 21:40:41,F3,69.202,1.819,2.903,57.577,9.371,failure
2026-10-05 21:41:41,F3,64.001,1.549,4.24,59.76,12.2,normal
2026-10-05 21:42:41,F3,69.833,1.663,4.948,56.85,12.079,normal
2026-10-05 21:43:41,F3,64.952,1.516,4.476,47.233,12.125,normal
2026-10-05 21:44:41,F3,62.941,2.213,4.601,48.61,9.728,failure
2026-10-05 21:45:41,F3,77.63,1.447,4.325,46.153,10.086,normal
2026-10-05 21:46:41,F3,62.439,2.016,2.613,49.591,9.176,normal
2026-10-05 21:47:41,F3,70.523,1.698,4.617,43.281,8.069,normal
2026-10-05 21:48:41,F3,78.024,1.325,4.378,57.67,10.684,normal
2026-10-05 21:49:41,F3,60.443,1.751,4.932,43.683,10.255,normal
2026-10-05 21:50:41,F3,66.22,1.501,4.538,45.293,8.569,normal
2026-10-05 21:51:41,F3,60.102,1.663,4.488,51.938,9.796,normal
2026-10-05 21:52:41,F3,78.823,1.375,3.154,51.835,10.505,normal
2026-10-05 21:53:41,F3,66.251,1.421,3.462,41.166,7.151,normal
2026-10-05 21:54:41,F3,59.244,1.486,4.429,54.432,9.034,normal
2026-10-05 21:55:41,F3,50.289,1.617,5.77,57.963,11.526,normal
2026-10-05 21:56:41,F3,79.986,1.613,3.512,55.643,7.052,normal
2026-10-05 21:57:41,F3,63.984,1.353,3.337,57.646,9.028,normal
2026-10-05 21:58:41,F3,65.733,1.626,4.761,46.096,7.779,normal
2026-10-05 21:59:41,F3,75.366,1.778,4.4,42.045,10.028,normal
2026-10-05 22:00:41,F3,80.245,1.473,4.944,36.199,10.031,normal
2026-10-05 22:01:41,F3,65.877,1.496,4.981,38.77,9.739,normal
2026-10-05 22:02:41,F3,77.091,1.192,5.755,42.061,11.161,normal
2026-10-05 22:03:41,F3,62.122,1.734,4.13,41.398,10.455,normal
2026-10-05 22:04:41,F3,86.475,1.59,4.032,44.332,8.859,normal
2026-10-05 22:05:41,F3,71.788,1.589,4.487,44.769,12.454,normal
2026-10-05 22:06:41,F3,60.853,1.725,4.598,49.106,8.201,normal
2026-10-05 22:07:41,F3,82.82,1.708,4.382,53.294,8.463,normal
2026-10-05 22:08:41,F3,59.489,2.088,5.052,59.577,12.358,normal
2026-10-05 22:09:41,F3,85.843,1.822,4.804,54.589,9.69,failure
2026-10-05 22:10:41,F3,68.791,1.322,3.86,46.699,8.354,normal
2026-10-05 22:11:41,F3,72.384,1.553,4.201,57.432,9.809,normal
2026-10-05 22:12:41,F3,65.43,1.107,4.127,61.362,11.14,normal
2026-10-05 22:13:41,F3,80.407,1.445,4.811,53.934,9.827,normal
2026-10-05 22:14:41,F3,67.835,1.232,6.259,50.745,11.829,normal
2026-10-05 22:15:41,F3,55.491,1.359,4.576,45.393,10.535,normal
2026-10-05 22:16:41,F3,74.639,1.361,3.892,51.873,11.79,normal
2026-10-05 22:17:41,F3,72.668,1.568,4.455,64.422,9.986,normal
2026-10-05 22:18:41,F3,73.755,1.684,5.459,46.767,11.467,normal
2026-10-05 22:19:41,F3,69.274,1.696,5.682,53.181,10.243,normal
2026-10-05 22:20:41,F3,74.051,1.712,4.528,37.539,11.414,failure
2026-10-05 22:21:41,F3,15.077,1.769,4.647,43.345,9.106,normal
2026-10-05 22:22:41,F3,82.904,1.535,3.968,45.606,10.05,failure
2026-10-05 22:23:41,F3,68.713,1.58,5.109,41.983,6.959,normal
2026-10-05 22:24:41,F3,62.93,1.594,4.892,55.368,11.448,normal
2026-10-05 22:25:41,F3,70.833,1.83,4.403,41.291,10.052,normal
2026-10-05 22:26:41,F3,72.377,1.773,5.178,57.463,8.353,normal
2026-10-05 22:27:41,F3,67.082,1.599,3.293,56.898,9.546,normal
2026-10-05 22:28:41,F3,58.483,1.788,3.889,44.016,9.823,normal
2026-10-05 22:29:41,F3,64.494,1.728,4.549,35.25,9.363,normal
2026-10-05 22:30:41,F3,62.633,1.44,3.708,43.311,8.182,normal
2026-10-05 22:31:41,F3,52.443,1.683,4.819,47.49,9.403,normal
2026-10-05 22:32:41,F3,79.669,1.549,4.191,48.727,7.587,normal
2026-10-05 22:33:41,F3,74.407,1.747,5.112,56.599,7.418,normal
2026-10-05 22:34:41,F3,67.177,1.75,3.844,40.974,7.992,normal
2026-10-05 22:35:41,F3,86.673,1.637,4.726,46.816,8.177,failure
2026-10-05 22:36:41,F3,54.218,1.521,4.102,41.816,11.787,normal
2026-10-05 22:37:41,F3,73.368,1.37,5.239,39.787,10.76,normal
2026-10-05 22:38:41,F3,76.496,1.342,4.947,57.514,8.116,normal
2026-10-05 22:39:41,F3,76.602,1.745,5.092,55.443,7.942,normal
2026-10-05 22:40:41,F3,65.386,1.701,5.837,49.017,8.875,normal
2026-10-05 22:41:41,F3,75.881,1.824,4.383,51.457,6.46,normal
2026-10-05 22:42:41,F3,69.686,1.615,5.318,58.088,9.966,normal
2026-10-05 22:43:41,F3,66.774,1.773,4.987,38.09,8.327,normal
2026-10-05 22:44:41,F3,71.518,1.638,4.47,48.472,9.618,normal
2026-10-05 22:45:41,F3,79.462,1.426,4.611,55.426,7.805,normal
2026-10-05 22:46:41,F3,60.308,1.945,5.4,40.781,9.304,normal
2026-10-05 22:47:41,F3,68.029,1.338,5.42,47.74,11.334,normal
2026-10-05 22:48:41,F3,61.223,1.699,5.768,37.684,11.114,normal
2026-10-05 22:49:41,F3,73.728,2.06,5.435,41.309,7.051,normal
2026-10-05 22:50:41,F3,38.82,1.645,5.433,43.646,7.172,normal
2026-10-05 22:51:41,F3,63.234,1.807,4.577,47.973,11.727,normal
2026-10-05 22:52:41,F3,74.434,1.762,4.876,52.557,9.682,failure
2026-10-05 22:53:41,F3,70.966,1.61,4.076,35.728,9.004,normal
2026-10-05 22:54:41,F3,76.725,1.389,5.532,46.073,7.918,normal
2026-10-05 22:55:41,F3,75.424,1.335,4.496,66.959,9.884,normal
2026-10-05 22:56:41,F3,67.714,1.4,5.135,51.326,9.07,normal
2026-10-05 22:57:41,F3,61.36,1.459,5.223,41.07,7.027,normal
2026-10-05 22:58:41,F3,49.836,1.642,3.881,53.642,11.85,normal
2026-10-05 22:59:41,F3,62.768,1.743,4.858,36.753,12.142,failure
2026-10-05 23:00:41,F3,66.478,1.813,4.074,39.597,11.476,normal
2026-10-05 23:01:41,F3,68.725,1.589,4.617,41.89,7.075,normal
2026-10-05 23:02:41,F3,67.862,1.375,4.57,47.724,8.358,normal
2026-10-05 23:03:41,F3,63.179,1.849,4.721,40.941,10.893,failure
2026-10-05 23:04:41,F3,54.463,1.993,4.919,39.377,8.55,failure
2026-10-05 23:05:41,F3,65.424,1.846,4.652,56.608,9.454,normal
2026-10-05 23:06:41,F3,78.489,1.456,4.407,60.009,6.899,normal
2026-10-05 23:07:41,F3,80.127,1.707,5.309,52.367,12.392,normal
2026-10-05 23:08:41,F3,70.017,1.545,4.616,39.366,7.861,normal
2026-10-05 23:09:41,F3,55.019,1.771,4.58,50.53,7.495,normal
2026-10-05 23:10:41,F3,71.719,1.548,5.848,46.153,9.927,normal
2026-10-05 23:11:41,F3,74.787,1.758,4.803,60.94,8.166,failure
2026-10-05 23:12:41,F3,72.901,1.912,5.12,50.014,12.705,normal
2026-10-05 23:13:41,F3,65.064,1.757,4.224,58.069,9.092,normal
2026-10-05 23:14:41,F3,61.582,1.868,4.576,57.981,7.641,normal
2026-10-05 23:15:41,F3,75.702,1.875,4.206,48.576,6.062,normal
2026-10-05 23:16:41,F3,72.203,1.651,3.459,43.936,10.12,normal
2026-10-05 23:17:41,F3,55.47,1.896,5.343,35.795,8.336,normal
2026-10-05 23:18:41,F3,70.452,1.867,4.938,48.467,7.709,normal
2026-10-05 23:19:41,F3,66.73,1.7,2.909,43.843,9.46,normal
2026-10-05 23:20:41,F3,81.377,1.882,5.101,54.972,8.663,failure
2026-10-05 23:21:41,F3,60.787,1.23,5.059,56.678,6.271,normal
2026-10-05 23:22:41,F3,70.026,1.558,5.649,46.027,7.169,failure
2026-10-05 23:23:41,F3,61.479,1.636,5.511,35.111,10.821,normal
2026-10-05 23:24:41,F3,77.792,1.92,4.425,50.334,10.318,normal
2026-10-05 23:25:41,F3,73.347,1.654,5.318,41.22,11.807,normal
2026-10-05 23:26:41,F3,66.545,1.616,4.781,38.2,14.946,normal
2026-10-05 23:27:41,F3,64.638,1.513,5.221,45.163,7.332,normal
2026-10-05 23:28:41,F3,66.925,1.899,5.636,56.231,12.452,failure
2026-10-05 23:29:41,F3,75.167,2.003,5.21,43.812,10.825,normal
2026-10-05 23:30:41,F3,74.021,1.489,3.876,40.3,11.621,normal
2026-10-05 23:31:41,F3,72.997,1.701,5.781,45.512,8.733,normal
2026-10-05 23:32:41,F3,72.469,2.014,4.415,65.121,8.349,normal
2026-10-05 23:33:41,F3,67.278,1.549,4.826,64.989,11.177,normal
2026-10-05 23:34:41,F3,75.009,1.82,4.198,38.941,12.314,failure
2026-10-05 23:35:41,F3,70.732,1.35,4.431,47.422,10.479,normal
2026-10-05 23:36:41,F3,77.05,1.783,4.552,50.636,8.056,failure
2026-10-05 23:37:41,F3,67.139,1.38,5.685,46.125,10.645,normal
2026-10-05 23:38:41,F3,72.559,1.921,5.118,50.178,9.987,normal
2026-10-05 23:39:41,F3,54.724,2.079,4.2,48.99,12.244,normal
2026-10-05 23:40:41,F3,50.246,1.657,5.045,43.216,9.795,normal
2026-10-05 23:41:41,F3,74.585,2.057,5.226,46.439,9.485,failure
2026-10-05 23:42:41,F3,75.416,1.741,4.28,50.812,9.149,normal
2026-10-05 23:43:41,F3,54.485,1.784,4.997,55.971,8.089,normal
2026-10-05 23:44:41,F3,61.088,1.582,6.279,52.863,10.374,normal
2026-10-05 23:45:41,F3,56.928,1.298,3.525,54.752,9.66,normal
2026-10-05 23:46:41,F3,57.006,1.744,5.88,56.382,13.096,normal
2026-10-05 23:47:41,F3,57.989,1.679,3.673,42.272,9.556,normal
2026-10-05 23:48:41,F3,66.259,1.24,5.478,55.227,9.416,normal
2026-10-05 23:49:41,F3,59.586,2.182,4.593,43.184,11.765,failure
2026-10-05 23:50:41,F3,70.626,2.016,4.35,51.105,12.945,normal
2026-10-05 23:51:41,F3,64.969,1.641,4.532,48.206,12.044,normal
2026-10-05 23:52:41,F3,66.901,1.903,3.337,30.779,7.957,normal
2026-10-05 23:53:41,F3,61.725,1.918,5.737,47.011,11.219,failure
2026-10-05 23:54:41,F3,71.973,1.716,4.711,38.082,8.019,normal
2026-10-05 23:55:41,F3,77.931,1.687,5.162,47.251,9.759,failure
2026-10-05 23:56:41,F3,71.777,1.821,3.683,50.069,9.32,failure
2026-10-05 23:57:41,F3,51.705,1.845,3.461,47.102,12.045,normal
2026-10-05 23:58:41,F3,67.88,2.023,4.404,49.368,10.579,normal
2026-10-05 23:59:41,F3,68.611,1.507,5.769,45.839,9.47,failure
2026-10-06 00:00:41,F3,78.865,1.615,3.185,40.202,7.21,normal
2026-10-06 00:01:41,F3,77.304,1.779,5.617,46.124,12.579,normal
2026-10-06 00:02:41,F3,66.568,1.901,4.562,50.609,10.284,normal
2026-10-06 00:03:41,F3,69.221,1.694,4.531,49.361,12.063,normal
2026-10-06 00:04:41,F3,55.47,1.597,4.993,45.12,10.308,normal
2026-10-06 00:05:41,F3,75.803,1.858,5.218,45.511,9.563,normal
2026-10-06 00:06:41,F3,79.563,1.724,3.918,55.742,10.521,normal
2026-10-06 00:07:41,F3,62.266,1.786,4.908,47.784,7.164,failure
2026-10-06 00:08:41,F3,62.183,1.596,4.875,39.082,6.19,normal
2026-10-06 00:09:41,F3,68.369,1.535,5.434,49.866,11.177,normal
2026-10-06 00:10:41,F3,65.716,2.087,4.885,41.201,13.134,normal
2026-10-06 00:11:41,F3,58.032,1.713,5.547,48.269,9.541,normal
2026-10-06 00:12:41,F3,72.925,1.662,4.719,61.845,9.918,failure
2026-10-06 00:13:41,F3,68.572,1.71,4.746,52.612,7.856,normal
2026-10-06 00:14:41,F3,67.946,1.668,6.043,45.922,7.982,normal
2026-10-06 00:15:41,F3,59.841,1.811,4.956,43.621,9.342,failure
2026-10-06 00:16:41,F3,75.484,1.232,4.47,60.559,9.904,normal
2026-10-06 00:17:41,F3,86.804,1.953,4.53,59.15,7.136,normal
2026-10-06 00:18:41,F3,75.66,1.611,5.544,45.424,8.314,normal
2026-10-06 00:19:41,F3,64.514,1.741,4.935,51.669,9.433,normal
2026-10-06 00:20:41,F3,61.339,1.537,3.625,55.542,9.501,normal
2026-10-06 00:21:41,F3,65.076,1.531,4.292,41.005,11.615,normal
2026-10-06 00:22:41,F3,74.036,1.792,4.5,45.273,8.506,failure
2026-10-06 00:23:41,F3,68.179,1.877,5.502,52.72,8.107,normal
2026-10-06 00:24:41,F3,73.341,1.332,4.674,52.12,8.612,normal
2026-10-06 00:25:41,F3,76.594,1.726,3.989,41.57,11.729,failure
2026-10-06 00:26:41,F3,74.108,1.566,4.82,49.05,7.151,normal
2026-10-06 00:27:41,F3,67.352,1.766,5.673,50.035,8.433,normal
2026-10-06 00:28:41,F3,63.025,1.602,3.945,60.505,9.031,normal
2026-10-06 00:29:41,F3,70.731,1.362,4.179,45.896,7.866,normal
2026-10-06 00:30:41,F3,66.346,1.586,6.003,52.395,11.233,normal
2026-10-06 00:31:41,F3,71.886,1.69,6.075,50.44,8.112,failure
2026-10-06 00:32:41,F3,83.388,1.883,4.898,57.879,6.212,normal
2026-10-06 00:33:41,F3,65.917,1.904,5.312,45.227,8.909,normal
2026-10-06 00:34:41,F3,68.506,1.848,5.396,56.715,8.326,failure
2026-10-06 00:35:41,F3,62.593,1.907,4.564,57.171,9.538,normal
2026-10-06 00:36:41,F3,62.363,1.534,5.43,53.205,10.725,normal
2026-10-06 00:37:41,F3,80.611,1.261,5.651,42.436,9.101,normal
2026-10-06 00:38:41,F3,78.475,1.6,4.819,51.249,10.863,normal
2026-10-06 00:39:41,F3,65.333,1.895,4.316,41.929,9.517,failure
2026-10-06 00:40:41,F3,69.257,1.429,4.522,56.934,9.204,normal
2026-10-06 00:41:41,F3,59.978,1.729,4.315,47.572,8.567,normal
2026-10-06 00:42:41,F3,69.862,1.504,6.164,45.925,12.999,normal
2026-10-06 00:43:41,F3,87.096,1.749,4.308,47.168,6.971,normal
2026-10-06 00:44:41,F3,72.77,1.888,6.267,53.752,12.082,failure
2026-10-06 00:45:41,F3,78.321,1.828,4.642,40.283,12.083,normal
2026-10-06 00:46:41,F3,55.722,1.562,4.096,51.559,9.929,normal
2026-10-06 00:47:41,F3,77.972,1.666,5.615,47.773,10.846,failure
2026-10-06 00:48:41,F3,71.836,2.077,5.279,47.326,11.508,failure
2026-10-06 00:49:41,F3,68.447,1.692,4.283,46.446,10.76,normal
2026-10-06 00:50:41,F3,79.559,1.595,4.417,40.226,8.484,normal
2026-10-06 00:51:41,F3,70.998,1.898,4.051,41.011,8.133,normal
2026-10-06 00:52:41,F3,83.033,1.672,5.053,40.397,7.904,normal
2026-10-06 00:53:41,F3,68.839,1.36,4.389,41.058,10.423,normal
2026-10-06 00:54:41,F3,56.945,1.953,5.08,51.026,10.111,normal
2026-10-06 00:55:41,F3,39.834,1.671,5.073,50.05,8.379,normal
2026-10-06 00:56:41,F3,64.074,1.765,4.359,47.101,10.282,failure
2026-10-06 00:57:41,F3,79.724,1.697,5.702,52.809,18.659,normal
2026-10-06 00:58:41,F3,82.255,1.955,5.289,49.866,11.34,failure
2026-10-06 00:59:41,F3,76.205,1.598,4.651,64.127,7.374,normal
2026-10-06 01:00:41,F3,53.428,1.435,4.976,57.746,10.824,normal
2026-10-06 01:01:41,F3,79.699,1.737,5.214,39.758,9.556,normal
2026-10-06 01:02:41,F3,76.107,1.841,4.721,46.0,10.716,normal
2026-10-06 01:03:41,F3,68.832,1.91,4.982,57.867,7.011,normal
2026-10-06 01:04:41,F3,77.151,1.733,4.981,47.673,7.976,normal
2026-10-06 01:05:41,F3,78.059,1.605,4.595,49.106,8.242,normal
2026-10-06 01:06:41,F3,60.113,1.545,4.584,57.102,8.729,normal
2026-10-06 01:07:41,F3,62.479,1.634,4.136,51.046,7.55,normal
2026-10-06 01:08:41,F3,74.137,2.127,4.687,64.457,10.092,failure
2026-10-06 01:09:41,F3,63.531,1.454,5.377,49.087,12.03,normal
2026-10-06 01:10:41,F3,57.783,1.469,5.013,48.682,13.954,normal
2026-10-06 01:11:41,F3,67.243,1.922,5.321,47.232,10.595,failure
2026-10-06 01:12:41,F3,59.705,2.165,6.076,43.39,3.31,failure
2026-10-06 01:13:41,F3,63.645,1.573,5.356,36.99,8.708,normal
2026-10-06 01:14:41,F3,67.133,1.75,4.7,52.527,7.989,normal
2026-10-06 01:15:41,F3,57.593,1.85,5.063,44.122,10.098,normal
2026-10-06 01:16:41,F3,65.567,1.886,4.984,47.278,9.182,normal
2026-10-06 01:17:41,F3,70.801,1.62,5.91,53.706,10.075,normal
2026-10-06 01:18:41,F3,77.095,1.836,4.772,49.166,12.02,normal
2026-10-06 01:19:41,F3,66.498,1.954,4.891,44.279,10.657,normal
2026-10-06 01:20:41,F3,68.63,1.765,4.309,39.412,9.738,failure
2026-10-06 01:21:41,F3,77.506,1.415,5.302,59.043,11.085,normal
2026-10-06 01:22:41,F3,58.51,2.878,4.855,43.137,6.961,normal
2026-10-06 01:23:41,F3,57.957,1.509,4.418,58.147,9.357,normal
2026-10-06 01:24:41,F3,62.514,1.754,4.076,41.414,9.168,normal
2026-10-06 01:25:41,F3,66.671,1.669,5.661,51.428,8.568,normal
2026-10-06 01:26:41,F3,65.626,1.897,4.805,52.314,9.525,normal
2026-10-06 01:27:41,F3,69.894,1.48,5.403,47.576,9.737,normal
2026-10-06 01:28:41,F3,85.024,1.665,5.365,46.621,11.403,failure
2026-10-06 01:29:41,F3,68.912,1.497,5.685,49.405,9.775,normal
2026-10-06 01:30:41,F3,83.51,1.649,4.354,51.448,9.314,normal
2026-10-06 01:31:41,F3,62.184,1.815,4.353,35.487,9.053,normal
2026-10-06 01:32:41,F3,63.016,1.557,5.791,55.527,9.064,normal
2026-10-06 01:33:41,F3,57.001,1.244,5.464,54.104,8.845,normal
2026-10-06 01:34:41,F3,90.133,1.632,5.136,54.889,11.139,failure
2026-10-06 01:35:41,F3,71.223,1.814,4.386,44.265,7.462,normal
2026-10-06 01:36:41,F3,87.137,1.916,6.067,53.517,7.07,failure
2026-10-06 01:37:41,F3,62.117,1.858,3.868,50.1,12.853,normal
2026-10-06 01:38:41,F3,66.069,1.919,4.556,37.464,11.195,normal
2026-10-06 01:39:41,F3,63.961,1.882,4.897,53.067,8.306,normal
2026-10-06 01:40:41,F3,84.987,1.492,4.311,53.136,11.021,normal
2026-10-06 01:41:41,F3,75.602,1.803,6.249,35.244,7.547,failure
2026-10-06 01:42:41,F3,67.989,1.594,3.475,48.852,9.007,normal
2026-10-06 01:43:41,F3,62.968,1.68,5.541,35.708,8.198,normal
2026-10-06 01:44:41,F3,89.518,1.516,4.574,31.542,7.279,normal
2026-10-06 01:45:41,F3,75.508,1.627,5.609,35.527,14.856,normal
2026-10-06 01:46:41,F3,77.982,1.788,4.208,37.255,9.041,normal
2026-10-06 01:47:41,F3,68.285,1.612,4.041,53.544,9.375,normal
2026-10-06 01:48:41,F3,78.609,1.772,6.043,49.261,10.149,failure
2026-10-06 01:49:41,F3,70.56,2.044,5.298,47.917,9.999,normal
2026-10-06 01:50:41,F3,79.921,2.002,5.735,48.51,12.045,failure
2026-10-06 01:51:41,F3,68.069,1.989,4.288,47.369,6.945,normal
2026-10-06 01:52:41,F3,58.941,1.908,5.104,44.86,11.239,normal
2026-10-06 01:53:41,F3,66.204,1.657,5.905,45.259,11.292,normal
2026-10-06 01:54:41,F3,67.57,1.959,4.772,51.708,8.935,normal
2026-10-06 01:55:41,F3,77.975,1.905,4.749,51.523,11.192,normal
2026-10-06 01:56:41,F3,62.762,1.957,4.937,54.515,9.528,normal
2026-10-06 01:57:41,F3,78.885,2.331,4.353,50.345,10.224,failure
2026-10-06 01:58:41,F3,60.77,1.695,4.767,38.171,12.444,normal
2026-10-06 01:59:41,F3,62.449,1.969,4.684,55.496,7.812,normal
2026-10-06 02:00:41,F3,56.913,1.725,3.294,49.255,12.591,normal
2026-10-06 02:01:41,F3,66.231,1.812,4.087,38.964,10.442,normal
2026-10-06 02:02:41,F3,68.571,2.019,4.354,44.119,10.843,normal
2026-10-06 02:03:41,F3,72.807,1.763,5.062,47.092,6.146,normal
2026-10-06 02:04:41,F3,76.694,1.758,4.481,47.409,8.847,normal
2026-10-06 02:05:41,F3,66.081,1.719,3.945,38.105,10.967,normal
2026-10-06 02:06:41,F3,72.953,2.137,3.663,51.529,9.152,normal
2026-10-06 02:07:41,F3,63.839,1.827,4.952,54.012,9.209,normal
2026-10-06 02:08:41,F3,74.449,1.903,4.929,45.802,8.525,failure
2026-10-06 02:09:41,F3,65.525,1.889,4.621,45.304,13.775,failure
2026-10-06 02:10:41,F3,74.618,2.047,4.388,58.3,7.792,normal
2026-10-06 02:11:41,F3,66.364,1.98,6.558,45.536,8.067,failure
2026-10-06 02:12:41,F3,68.128,1.927,4.199,47.789,9.875,normal
2026-10-06 02:13:41,F3,71.594,1.893,5.827,47.13,9.948,failure
2026-10-06 02:14:41,F3,62.256,1.773,4.881,45.605,10.876,normal
2026-10-06 02:15:41,F3,89.311,1.535,3.308,44.118,10.752,normal
2026-10-06 02:16:41,F3,80.51,1.517,5.317,62.019,8.768,normal
2026-10-06 02:17:41,F3,87.803,1.987,5.232,46.395,9.78,failure
2026-10-06 02:18:41,F3,76.519,1.823,4.548,46.235,7.165,normal
2026-10-06 02:19:41,F3,75.009,1.424,4.393,51.474,11.854,failure
2026-10-06 02:20:41,F3,52.42,1.761,5.836,43.521,9.568,normal
2026-10-06 02:21:41,F3,71.448,1.807,4.76,49.251,8.694,normal
2026-10-06 02:22:41,F3,65.705,1.674,4.518,52.354,8.743,normal
2026-10-06 02:23:41,F3,74.821,1.718,5.041,33.368,9.435,normal
2026-10-06 02:24:41,F3,66.09,1.996,5.722,51.688,9.954,normal
2026-10-06 02:25:41,F3,75.247,2.241,4.404,43.673,7.424,normal
2026-10-06 02:26:41,F3,76.509,1.675,4.002,47.328,10.967,normal
2026-10-06 02:27:41,F3,76.039,1.805,5.668,67.998,8.789,failure
2026-10-06 02:28:41,F3,64.511,1.494,3.77,39.652,8.022,normal
2026-10-06 02:29:41,F3,65.94,1.859,5.196,64.158,8.447,normal
2026-10-06 02:30:41,F3,74.033,1.686,4.804,41.906,8.463,normal
2026-10-06 02:31:41,F3,69.889,1.85,4.612,43.564,9.373,normal
2026-10-06 02:32:41,F3,68.488,1.794,5.185,42.588,10.441,normal
2026-10-06 02:33:41,F3,61.716,1.763,5.778,50.552,11.64,normal
2026-10-06 02:34:41,F3,75.881,1.272,5.672,49.958,9.605,normal
2026-10-06 02:35:41,F3,68.984,1.657,4.082,46.537,6.785,normal
2026-10-06 02:36:41,F3,76.509,2.019,4.597,56.103,7.935,failure
2026-10-06 02:37:41,F3,68.236,1.571,5.504,46.362,11.784,normal
2026-10-06 02:38:41,F3,61.476,1.771,6.297,43.129,10.389,normal
2026-10-06 02:39:41,F3,66.172,2.207,5.202,53.198,11.781,failure
2026-10-06 02:40:41,F3,72.995,1.546,4.065,42.87,9.244,normal
2026-10-06 02:41:41,F3,79.258,1.849,5.739,42.509,11.075,normal
2026-10-06 02:42:41,F3,73.048,1.889,5.513,46.423,11.318,failure
2026-10-06 02:43:41,F3,73.595,1.521,5.61,50.71,7.755,normal
2026-10-06 02:44:41,F3,72.917,1.534,5.94,43.658,14.716,normal
2026-10-06 02:45:41,F3,64.446,2.133,5.018,46.621,12.749,normal
2026-10-06 02:46:41,F3,78.773,1.651,3.769,56.275,7.767,failure
2026-10-06 02:47:41,F3,67.195,1.867,5.253,47.02,9.059,normal
2026-10-06 02:48:41,F3,62.701,1.52,4.807,53.68,9.722,normal
2026-10-06 02:49:41,F3,55.07,1.886,5.714,41.272,8.221,normal
2026-10-06 02:50:41,F3,70.347,1.989,4.694,61.162,10.7,normal
2026-10-06 02:51:41,F3,77.19,1.909,5.265,53.594,9.311,failure
2026-10-06 02:52:41,F3,61.631,1.959,5.207,49.834,10.217,normal
2026-10-06 02:53:41,F3,65.705,1.85,5.111,49.162,6.442,normal
2026-10-06 02:54:41,F3,68.53,1.568,5.475,43.043,10.037,normal
2026-10-06 02:55:41,F3,64.334,2.111,5.64,48.729,8.903,failure
2026-10-06 02:56:41,F3,60.546,1.676,3.635,50.674,9.994,normal
2026-10-06 02:57:41,F3,72.48,1.957,4.704,37.937,11.368,failure
2026-10-06 02:58:41,F3,63.01,1.648,5.713,50.993,11.083,normal
2026-10-06 02:59:41,F3,71.963,1.787,4.61,35.081,8.367,normal
2026-10-06 03:00:41,F3,69.792,1.755,4.704,51.312,8.12,normal
2026-10-06 03:01:41,F3,59.409,1.453,4.707,51.587,11.278,normal
2026-10-06 03:02:41,F3,65.303,2.055,5.269,55.263,9.304,failure
2026-10-06 03:03:41,F3,79.487,2.262,3.912,46.589,6.408,normal
2026-10-06 03:04:41,F3,77.324,1.873,5.165,43.096,8.868,failure
2026-10-06 03:05:41,F3,45.45,1.873,4.435,41.523,9.519,normal
2026-10-06 03:06:41,F3,76.68,1.879,5.073,43.133,7.976,failure
2026-10-06 03:07:41,F3,78.964,1.635,3.209,51.37,10.021,normal
2026-10-06 03:08:41,F3,68.344,1.648,5.174,42.862,9.449,normal
2026-10-06 03:09:41,F3,58.624,1.986,5.107,60.965,9.711,normal
2026-10-06 03:10:41,F3,72.41,1.504,5.862,52.743,9.991,normal
2026-10-06 03:11:41,F3,64.897,1.85,5.155,50.865,7.537,normal
2026-10-06 03:12:41,F3,69.895,2.003,6.125,45.776,7.92,failure
2026-10-06 03:13:41,F3,75.053,1.664,4.551,35.987,10.877,normal
2026-10-06 03:14:41,F3,74.509,1.558,4.784,42.638,13.664,normal
2026-10-06 03:15:41,F3,71.908,1.657,4.597,47.362,8.958,normal
2026-10-06 03:16:41,F3,69.857,2.081,6.169,36.82,8.032,failure
2026-10-06 03:17:41,F3,61.335,1.775,4.593,43.021,8.281,normal
2026-10-06 03:18:41,F3,91.009,1.843,3.722,47.669,10.492,failure
2026-10-06 03:19:41,F3,69.241,1.936,5.283,49.621,9.323,failure
2026-10-06 03:20:41,F3,79.316,2.047,4.979,58.247,10.247,normal
2026-10-06 03:21:41,F3,81.717,1.863,5.246,44.125,7.265,failure
2026-10-06 03:22:41,F3,83.637,1.693,4.639,54.898,10.524,normal
2026-10-06 03:23:41,F3,57.022,1.826,4.149,50.686,9.805,normal
2026-10-06 03:24:41,F3,65.575,1.843,4.853,51.773,10.652,normal
2026-10-06 03:25:41,F3,65.535,1.719,4.7,35.411,10.683,failure
2026-10-06 03:26:41,F3,69.201,2.259,6.099,55.392,6.688,normal
2026-10-06 03:27:41,F3,62.856,1.662,5.02,51.627,8.724,normal
2026-10-06 03:28:41,F3,70.581,1.581,6.198,41.993,9.382,failure
2026-10-06 03:29:41,F3,51.172,1.777,4.175,43.704,9.957,normal
2026-10-06 03:30:41,F3,63.263,1.777,6.417,41.954,11.541,normal
2026-10-06 03:31:41,F3,78.407,1.916,4.97,55.999,9.756,normal
2026-10-06 03:32:41,F3,78.921,1.626,5.73,61.972,11.449,normal
2026-10-06 03:33:41,F3,73.779,1.936,4.461,44.459,10.645,failure
2026-10-06 03:34:41,F3,69.706,1.819,5.024,43.705,10.024,normal
2026-10-06 03:35:41,F3,57.717,1.926,4.664,57.513,10.441,failure
2026-10-06 03:36:41,F3,65.813,1.996,4.363,44.661,10.351,failure
2026-10-06 03:37:41,F3,73.505,1.987,4.235,55.731,7.209,normal
2026-10-06 03:38:41,F3,70.651,1.894,4.462,56.251,9.245,normal
2026-10-06 03:39:41,F3,71.253,1.882,5.935,48.43,10.7,failure
2026-10-06 03:40:41,F3,64.751,1.978,5.373,48.343,8.88,normal
2026-10-06 03:41:41,F3,76.831,1.76,5.192,64.678,12.436,normal
2026-10-06 03:42:41,F3,65.425,1.771,4.807,46.533,10.534,normal
2026-10-06 03:43:41,F3,65.763,1.798,4.639,58.598,7.843,normal
2026-10-06 03:44:41,F3,71.97,1.672,5.406,37.544,8.912,normal
2026-10-06 03:45:41,F3,72.864,1.502,4.995,50.69,11.158,normal
2026-10-06 03:46:41,F3,61.047,1.672,3.931,54.522,12.77,normal
2026-10-06 03:47:41,F3,66.922,1.929,5.225,47.747,8.149,normal
2026-10-06 03:48:41,F3,63.199,1.618,4.663,38.262,5.957,normal
2026-10-06 03:49:41,F3,82.719,1.956,6.209,62.778,8.18,normal
2026-10-06 03:50:41,F3,54.141,2.197,4.34,42.467,8.164,normal
2026-10-06 03:51:41,F3,77.12,1.82,3.821,38.949,10.148,normal
2026-10-06 03:52:41,F3,61.285,1.984,4.13,43.47,9.99,normal
2026-10-06 03:53:41,F3,68.567,2.122,5.138,49.685,9.314,normal
2026-10-06 03:54:41,F3,73.495,2.006,4.951,43.745,8.423,failure
2026-10-06 03:55:41,F3,68.237,1.967,3.963,55.195,9.832,normal
2026-10-06 03:56:41,F3,70.025,2.049,6.038,54.264,7.109,failure
2026-10-06 03:57:41,F3,72.821,2.025,5.548,58.962,10.84,failure
2026-10-06 03:58:41,F3,74.253,1.651,3.634,55.826,10.543,normal
2026-10-06 03:59:41,F3,79.934,1.938,5.511,51.024,13.289,failure
2026-10-06 04:00:41,F3,75.424,1.755,5.327,35.264,9.888,normal
2026-10-06 04:01:41,F3,66.256,1.858,6.294,43.596,11.181,normal
2026-10-06 04:02:41,F3,74.643,1.555,4.814,48.507,9.053,normal
2026-10-06 04:03:41,F3,62.319,1.845,5.038,39.646,8.576,normal
2026-10-06 04:04:41,F3,71.601,1.517,5.886,48.117,9.316,normal
2026-10-06 04:05:41,F3,74.839,1.856,4.318,51.611,9.396,normal
2026-10-06 04:06:41,F3,75.487,1.818,4.868,41.299,9.276,normal
2026-10-06 04:07:41,F3,76.733,2.102,5.957,50.43,9.099,failure
2026-10-06 04:08:41,F3,66.465,1.606,4.465,44.732,9.031,normal
2026-10-06 04:09:41,F3,82.362,1.893,5.348,39.136,8.026,failure
2026-10-06 04:10:41,F3,67.107,2.022,5.139,42.341,9.926,failure
2026-10-06 04:11:41,F3,64.612,1.799,4.296,55.134,6.972,normal
2026-10-06 04:12:41,F3,57.437,2.152,4.617,46.405,10.572,normal
2026-10-06 04:13:41,F3,72.85,1.662,5.405,48.632,10.404,normal
2026-10-06 04:14:41,F3,81.309,2.226,4.386,45.595,9.995,normal
2026-10-06 04:15:41,F3,69.034,2.944,4.775,59.125,9.15,normal
2026-10-06 04:16:41,F3,79.618,1.6,4.518,51.34,8.07,normal
2026-10-06 04:17:41,F3,78.045,1.868,5.134,49.024,10.095,failure
2026-10-06 04:18:41,F3,72.261,1.691,6.007,51.041,7.225,normal
2026-10-06 04:19:41,F3,68.044,1.542,3.829,59.121,9.666,normal
2026-10-06 04:20:41,F3,76.646,1.549,5.506,38.044,12.988,failure
2026-10-06 04:21:41,F3,67.429,1.875,5.844,45.176,9.507,normal
2026-10-06 04:22:41,F3,74.104,1.514,4.643,53.572,9.999,normal
2026-10-06 04:23:41,F3,72.272,1.787,5.37,46.708,9.264,normal
2026-10-06 04:24:41,F3,54.685,2.08,4.987,56.632,9.22,normal
2026-10-06 04:25:41,F3,77.248,2.021,5.633,45.407,10.856,failure
2026-10-06 04:26:41,F3,60.349,1.528,5.019,29.863,8.857,normal
2026-10-06 04:27:41,F3,68.302,1.746,5.905,39.119,14.804,failure
2026-10-06 04:28:41,F3,70.152,1.834,0.799,40.013,12.171,failure
2026-10-06 04:29:41,F3,74.954,2.032,5.421,44.055,8.963,failure
2026-10-06 04:30:41,F3,41.824,1.798,5.681,35.41,10.595,normal
2026-10-06 04:31:41,F3,79.652,1.956,5.335,63.3,11.412,failure
2026-10-06 04:32:41,F3,59.994,2.103,5.011,38.554,9.986,normal
2026-10-06 04:33:41,F3,60.507,1.882,5.607,51.215,10.105,normal
2026-10-06 04:34:41,F3,56.851,1.959,4.336,52.862,7.121,normal
2026-10-06 04:35:41,F3,73.713,1.618,4.156,41.783,13.108,normal
2026-10-06 04:36:41,F3,74.54,1.778,3.823,52.559,9.303,normal
2026-10-06 04:37:41,F3,77.956,1.82,4.799,47.011,9.451,normal
2026-10-06 04:38:41,F3,69.83,2.126,5.771,44.865,9.979,normal
2026-10-06 04:39:41,F3,68.043,1.764,5.065,58.85,12.001,normal
2026-10-06 04:40:41,F3,67.469,1.398,5.136,57.342,7.932,normal
2026-10-06 04:41:41,F3,78.1,1.618,4.225,45.192,11.593,normal
2026-10-06 04:42:41,F3,69.844,1.595,4.418,33.825,10.003,normal
2026-10-06 04:43:41,F3,80.302,1.855,4.608,49.669,9.142,normal
2026-10-06 04:44:41,F3,68.462,1.755,5.603,41.993,8.317,failure
2026-10-06 04:45:41,F3,58.328,0.878,6.368,52.065,8.242,normal
2026-10-06 04:46:41,F3,93.43,1.943,5.801,48.947,9.066,failure
2026-10-06 04:47:41,F3,67.963,1.469,5.327,59.804,8.259,normal
2026-10-06 04:48:41,F3,70.665,1.91,3.824,50.553,7.521,failure
2026-10-06 04:49:41,F3,61.262,1.842,4.258,46.31,9.464,normal
2026-10-06 04:50:41,F3,62.229,2.04,5.0,41.065,10.315,normal
2026-10-06 04:51:41,F3,68.189,1.491,4.138,53.696,6.74,normal
2026-10-06 04:52:41,F3,58.242,2.32,5.074,38.707,10.426,failure
2026-10-06 04:53:41,F3,65.73,1.977,4.75,50.992,6.537,normal
2026-10-06 04:54:41,F3,68.407,2.039,5.399,49.545,11.039,failure
2026-10-06 04:55:41,F3,75.719,2.336,4.416,50.676,10.201,failure
2026-10-06 04:56:41,F3,74.228,1.723,4.997,59.484,10.09,failure
2026-10-06 04:57:41,F3,47.061,1.946,4.939,43.787,10.955,normal
2026-10-06 04:58:41,F3,68.443,1.838,5.108,34.614,11.583,normal
2026-10-06 04:59:41,F3,65.004,1.852,3.956,56.345,9.685,normal
2026-10-06 05:00:41,F3,80.578,2.34,4.613,53.53,11.004,failure
2026-10-06 05:01:41,F3,69.778,1.687,4.716,56.563,10.256,normal
2026-10-06 05:02:41,F3,65.39,1.69,4.189,40.902,10.502,normal
2026-10-06 05:03:41,F3,70.692,1.75,4.715,47.697,9.837,normal
2026-10-06 05:04:41,F3,60.385,1.599,4.393,50.116,11.623,normal
2026-10-06 05:05:41,F3,64.707,2.001,5.002,49.419,8.508,normal
2026-10-06 05:06:41,F3,80.972,1.725,5.868,48.607,10.781,normal
2026-10-06 05:07:41,F3,52.659,1.587,3.591,52.124,8.954,normal
2026-10-06 05:08:41,F3,81.381,1.75,3.664,55.664,6.18,normal
2026-10-06 05:09:41,F3,75.756,2.13,4.875,55.747,13.437,failure
2026-10-06 05:10:41,F3,81.977,1.925,5.603,49.007,9.119,failure
2026-10-06 05:11:41,F3,74.594,1.757,4.567,53.817,11.516,failure
2026-10-06 05:12:41,F3,66.626,2.076,5.489,33.899,7.761,normal
2026-10-06 05:13:41,F3,76.435,1.847,3.425,43.16,7.879,normal
2026-10-06 05:14:41,F3,62.814,1.715,3.694,51.422,11.93,normal
2026-10-06 05:15:41,F3,66.685,1.792,4.994,48.889,8.055,normal
2026-10-06 05:16:41,F3,69.187,1.973,3.84,47.022,7.875,normal
2026-10-06 05:17:41,F3,76.016,1.547,5.328,50.329,7.708,normal
2026-10-06 05:18:41,F3,70.554,1.656,3.866,47.459,9.704,normal
2026-10-06 05:19:41,F3,71.779,1.949,6.224,28.998,10.633,normal
2026-10-06 05:20:41,F3,69.382,2.019,5.163,41.912,10.35,failure
2026-10-06 05:21:41,F3,64.777,1.808,4.79,42.939,7.807,normal
2026-10-06 05:22:41,F3,70.05,1.83,4.864,41.853,8.217,normal
2026-10-06 05:23:41,F3,78.038,2.326,5.295,43.131,9.044,failure
2026-10-06 05:24:41,F3,75.148,1.707,5.385,46.76,12.713,normal
2026-10-06 05:25:41,F3,60.573,2.125,5.61,50.576,12.91,failure
2026-10-06 05:26:41,F3,82.062,1.931,4.694,62.643,7.73,normal
2026-10-06 05:27:41,F3,68.7,1.943,4.891,55.008,10.13,normal
2026-10-06 05:28:41,F3,70.742,1.742,5.818,41.442,9.994,normal
2026-10-06 05:29:41,F3,57.222,2.039,4.467,54.179,10.261,normal
2026-10-06 05:30:41,F3,96.12,1.647,4.721,59.356,13.179,failure
2026-10-06 05:31:41,F3,62.781,1.723,4.153,39.239,10.13,normal
2026-10-06 05:32:41,F3,79.33,2.164,5.59,49.867,11.214,failure
2026-10-06 05:33:41,F3,65.096,2.054,4.837,41.476,10.28,normal
2026-10-06 05:34:41,F3,80.902,2.053,5.042,57.234,7.566,failure
2026-10-06 05:35:41,F3,62.307,1.713,4.648,32.671,10.703,normal
2026-10-06 05:36:41,F3,81.805,1.594,5.268,56.271,9.604,normal
2026-10-06 05:37:41,F3,66.92,1.925,5.329,61.443,11.765,normal
2026-10-06 05:38:41,F3,76.104,1.74,4.308,46.022,11.414,normal
2026-10-06 05:39:41,F3,75.743,1.347,5.469,51.763,6.886,normal
2026-10-06 05:40:41,F3,77.031,1.833,5.823,42.693,10.122,normal
2026-10-06 05:41:41,F3,65.645,2.027,5.367,36.51,8.779,normal
2026-10-06 05:42:41,F3,63.889,1.929,4.697,51.89,9.155,normal
2026-10-06 05:43:41,F3,68.898,2.148,6.871,45.534,13.319,normal
2026-10-06 05:44:41,F3,60.987,1.809,3.505,53.38,8.399,normal
2026-10-06 05:45:41,F3,70.071,1.784,6.363,41.515,9.303,normal
2026-10-06 05:46:41,F3,75.481,1.703,4.824,52.217,9.031,normal
2026-10-06 05:47:41,F3,57.914,1.947,4.236,45.123,7.555,normal
2026-10-06 05:48:41,F3,70.954,2.009,4.047,52.96,10.669,failure
2026-10-06 05:49:41,F3,71.452,2.241,5.003,47.191,9.472,failure
2026-10-06 05:50:41,F3,68.342,1.761,5.271,51.117,9.69,normal
2026-10-06 05:51:41,F3,66.519,1.84,5.29,37.726,5.683,failure
2026-10-06 05:52:41,F3,58.393,2.084,5.278,55.559,9.568,normal
2026-10-06 05:53:41,F3,82.177,1.694,5.888,49.258,10.601,normal
2026-10-06 05:54:41,F3,73.221,1.724,4.092,42.879,8.357,normal
2026-10-06 05:55:41,F3,69.237,1.774,3.672,46.975,10.69,failure
2026-10-06 05:56:41,F3,62.753,1.885,5.73,49.098,10.561,normal
2026-10-06 05:57:41,F3,65.011,2.038,4.733,47.068,8.56,normal
2026-10-06 05:58:41,F3,60.051,2.043,4.55,47.551,9.892,normal
2026-10-06 05:59:41,F3,48.385,2.152,5.746,53.672,8.881,failure
2026-10-06 06:00:41,F3,66.887,1.685,4.856,34.585,9.635,normal
2026-10-06 06:01:41,F3,69.965,1.834,4.22,47.653,9.228,normal
2026-10-06 06:02:41,F3,65.255,1.92,4.358,54.127,10.248,normal
2026-10-06 06:03:41,F3,62.527,1.695,4.707,49.346,10.615,normal
2026-10-06 06:04:41,F3,76.288,1.714,4.654,43.391,7.91,normal
2026-10-06 06:05:41,F3,78.733,1.832,4.851,46.459,12.992,normal
2026-10-06 06:06:41,F3,64.539,1.91,5.351,51.351,9.541,normal
2026-10-06 06:07:41,F3,72.551,2.092,5.435,51.801,10.261,failure
2026-10-06 06:08:41,F3,63.788,1.835,5.195,46.098,11.247,normal
2026-10-06 06:09:41,F3,67.87,1.9,4.503,51.259,11.807,normal
2026-10-06 06:10:41,F3,87.308,1.656,5.021,57.688,8.622,failure
2026-10-06 06:11:41,F3,67.476,1.839,4.411,49.785,10.233,normal
2026-10-06 06:12:41,F3,59.868,1.912,5.34,33.85,9.041,normal
2026-10-06 06:13:41,F3,69.921,1.951,5.669,45.854,7.259,failure
2026-10-06 06:14:41,F3,68.912,1.906,2.985,32.185,8.517,normal
2026-10-06 06:15:41,F3,70.562,1.849,3.863,51.332,9.819,normal
2026-10-06 06:16:41,F3,63.388,1.841,4.992,51.079,9.906,normal
2026-10-06 06:17:41,F3,71.997,1.905,4.76,42.574,8.434,failure
2026-10-06 06:18:41,F3,90.566,1.804,4.323,44.017,9.707,normal
2026-10-06 06:19:41,F3,69.693,1.995,5.237,48.13,8.726,failure
2026-10-06 06:20:41,F3,55.107,1.927,4.301,52.727,8.725,normal
2026-10-06 06:21:41,F3,69.577,1.898,4.784,55.249,7.482,normal
2026-10-06 06:22:41,F3,76.497,2.121,4.329,55.515,8.386,normal
2026-10-06 06:23:41,F3,75.505,1.702,4.648,51.015,11.236,normal
2026-10-06 06:24:41,F3,68.26,2.259,6.004,47.535,10.492,failure
2026-10-06 06:25:41,F3,68.459,1.981,5.688,56.069,9.845,failure
2026-10-06 06:26:41,F3,71.347,1.738,4.873,52.34,8.009,normal
2026-10-06 06:27:41,F3,66.125,1.843,4.778,39.32,7.772,normal
2026-10-06 06:28:41,F3,65.556,1.666,4.384,55.201,9.343,normal
2026-10-06 06:29:41,F3,86.92,1.831,3.571,62.661,8.042,normal
2026-10-06 06:30:41,F3,68.039,2.184,5.066,56.042,8.412,normal
2026-10-06 06:31:41,F3,79.152,1.853,6.091,49.868,11.3,failure
2026-10-06 06:32:41,F3,68.116,2.117,4.843,53.387,9.876,normal
2026-10-06 06:33:41,F3,55.215,1.82,5.229,42.232,9.756,normal
2026-10-06 06:34:41,F3,65.479,1.702,6.286,42.02,10.241,normal
2026-10-06 06:35:41,F3,75.15,1.815,4.772,43.616,9.658,normal
2026-10-06 06:36:41,F3,70.376,2.123,8.73,32.911,11.812,normal
2026-10-06 06:37:41,F3,71.476,1.83,5.4,54.381,13.252,normal
2026-10-06 06:38:41,F3,67.401,1.742,5.453,49.738,8.11,normal
2026-10-06 06:39:41,F3,59.956,2.422,5.15,51.889,8.617,normal
2026-10-06 06:40:41,F3,60.609,1.449,4.357,48.592,7.796,normal
2026-10-06 06:41:41,F3,49.702,1.77,4.838,43.15,10.862,normal
2026-10-06 06:42:41,F3,61.919,2.083,5.43,41.016,10.87,normal
2026-10-06 06:43:41,F3,52.561,1.838,6.727,58.577,9.197,normal
2026-10-06 06:44:41,F3,68.161,2.081,5.233,49.315,11.201,normal
2026-10-06 06:45:41,F3,70.807,2.06,4.062,44.084,13.224,failure
2026-10-06 06:46:41,F3,74.946,1.732,3.367,49.806,10.642,normal
2026-10-06 06:47:41,F3,64.975,2.179,5.274,42.613,8.714,normal
2026-10-06 06:48:41,F3,66.696,1.885,4.375,52.253,9.679,failure
2026-10-06 06:49:41,F3,64.496,2.075,3.904,54.358,9.11,normal
2026-10-06 06:50:41,F3,65.421,1.863,4.86,49.153,9.016,normal
2026-10-06 06:51:41,F3,62.789,1.839,6.279,55.267,8.948,normal
2026-10-06 06:52:41,F3,65.647,1.888,4.148,49.49,8.812,normal
2026-10-06 06:53:41,F3,71.927,1.707,5.17,51.705,8.566,failure
2026-10-06 06:54:41,F3,64.649,1.984,5.874,47.46,10.853,normal
2026-10-06 06:55:41,F3,80.731,1.982,5.195,51.061,10.984,failure
2026-10-06 06:56:41,F3,72.532,1.786,5.468,42.982,9.729,normal
2026-10-06 06:57:41,F3,71.23,1.827,5.599,48.085,9.615,failure
2026-10-06 06:58:41,F3,55.693,1.84,5.009,56.628,10.269,normal
2026-10-06 06:59:41,F3,63.138,1.799,5.254,47.651,10.495,normal
2026-10-06 07:00:41,F3,67.509,2.102,3.638,42.138,10.506,normal
2026-10-06 07:01:41,F3,62.831,2.148,5.975,58.63,11.102,failure
2026-10-06 07:02:41,F3,63.425,2.116,4.781,45.667,8.406,failure
2026-10-06 07:03:41,F3,74.555,1.833,3.131,57.516,9.508,normal
2026-10-06 07:04:41,F3,60.213,1.813,5.332,71.363,8.466,normal
2026-10-06 07:05:41,F3,73.473,1.647,4.882,44.007,7.66,failure
2026-10-06 07:06:41,F3,72.875,2.022,5.105,49.592,11.725,failure
2026-10-06 07:07:41,F3,64.591,1.862,4.646,45.844,8.625,normal
2026-10-06 07:08:41,F3,70.933,1.716,5.021,52.643,8.379,normal
2026-10-06 07:09:41,F3,76.011,2.246,5.407,57.596,5.871,failure
2026-10-06 07:10:41,F3,59.56,2.171,4.957,48.295,11.203,normal
2026-10-06 07:11:41,F3,66.278,1.848,5.627,50.971,9.185,normal
2026-10-06 07:12:41,F3,63.161,2.384,4.831,52.196,7.391,normal
2026-10-06 07:13:41,F3,60.323,1.717,4.791,48.328,10.641,normal
2026-10-06 07:14:41,F3,58.046,1.781,5.934,55.628,8.254,failure
2026-10-06 07:15:41,F3,56.132,1.602,4.712,59.786,8.739,normal
2026-10-06 07:16:41,F3,59.772,1.893,5.399,38.168,12.039,normal
2026-10-06 07:17:41,F3,75.758,1.906,5.035,40.682,12.141,failure
2026-10-06 07:18:41,F3,56.607,1.86,6.063,56.218,10.279,normal
2026-10-06 07:19:41,F3,53.693,2.069,6.783,43.598,8.557,normal
2026-10-06 07:20:41,F3,58.902,1.935,3.769,48.525,9.696,normal
2026-10-06 07:21:41,F3,71.929,2.087,4.947,49.211,8.412,normal
2026-10-06 07:22:41,F3,72.269,2.12,5.113,43.501,8.747,failure
2026-10-06 07:23:41,F3,87.365,1.743,5.784,42.657,9.119,failure
2026-10-06 07:24:41,F3,80.108,1.745,5.41,53.667,10.499,failure
2026-10-06 07:25:41,F3,73.75,1.893,5.14,51.084,12.096,failure
2026-10-06 07:26:41,F3,84.346,1.98,5.236,49.628,8.661,normal
2026-10-06 07:27:41,F3,67.645,2.082,4.366,43.952,12.83,normal
2026-10-06 07:28:41,F3,72.039,1.56,4.772,47.603,8.884,normal
2026-10-06 07:29:41,F3,68.098,1.643,4.215,43.363,10.6,normal
2026-10-06 07:30:41,F3,58.139,1.781,4.734,53.622,7.806,normal
2026-10-06 07:31:41,F3,59.166,2.021,4.648,57.447,9.191,normal
2026-10-06 07:32:41,F3,67.449,1.951,5.869,45.275,11.962,failure
2026-10-06 07:33:41,F3,64.992,1.952,4.211,48.541,7.948,normal
2026-10-06 07:34:41,F3,78.07,2.198,5.608,51.849,9.074,failure
2026-10-06 07:35:41,F3,81.107,2.34,4.35,49.25,11.443,failure
2026-10-06 07:36:41,F3,68.502,1.93,5.031,52.306,9.383,failure
2026-10-06 07:37:41,F3,75.86,2.418,5.773,51.382,8.958,failure
2026-10-06 07:38:41,F3,69.135,1.807,6.507,42.403,8.423,normal
2026-10-06 07:39:41,F3,66.645,2.108,5.011,46.217,11.448,failure
2026-10-06 07:40:41,F3,63.211,1.719,5.16,57.849,11.285,normal
2026-10-06 07:41:41,F3,74.948,1.515,4.612,36.468,10.011,normal
2026-10-06 07:42:41,F3,71.972,1.746,4.951,63.111,9.877,normal
2026-10-06 07:43:41,F3,83.735,1.971,4.279,47.072,12.711,failure
2026-10-06 07:44:41,F3,61.244,1.872,6.109,51.561,11.333,normal
2026-10-06 07:45:41,F3,61.174,2.039,5.044,20.985,10.547,normal
2026-10-06 07:46:41,F3,53.516,1.636,4.958,46.587,8.689,normal
2026-10-06 07:47:41,F3,69.727,1.968,4.733,36.145,10.807,normal
2026-10-06 07:48:41,F3,71.185,1.915,4.311,46.736,9.833,normal
2026-10-06 07:49:41,F3,71.65,1.898,4.145,61.657,9.538,normal
2026-10-06 07:50:41,F3,73.74,1.706,5.17,36.144,12.241,failure
2026-10-06 07:51:41,F3,70.467,1.802,5.261,52.492,11.89,failure
2026-10-06 07:52:41,F3,72.948,1.762,4.147,49.216,10.135,failure
2026-10-06 07:53:41,F3,82.746,1.681,4.348,48.07,11.04,failure
2026-10-06 07:54:41,F3,78.241,1.564,4.805,48.597,7.299,normal
2026-10-06 07:55:41,F3,68.81,2.178,3.922,59.591,10.388,normal
2026-10-06 07:56:41,F3,61.008,1.844,4.456,63.732,12.358,normal
2026-10-06 07:57:41,F3,46.813,1.699,4.578,56.22,12.383,normal
2026-10-06 07:58:41,F3,73.946,1.732,6.537,54.638,8.872,normal
2026-10-06 07:59:41,F3,65.291,1.887,4.255,46.376,11.189,normal
2026-10-06 08:00:41,F3,66.036,2.081,4.705,43.136,10.087,failure
2026-10-06 08:01:41,F3,68.591,1.837,4.691,53.113,9.362,normal
2026-10-06 08:02:41,F3,66.192,1.566,4.714,47.016,9.073,failure
2026-10-06 08:03:41,F3,83.39,1.569,3.741,50.19,10.308,normal
2026-10-06 08:04:41,F3,52.876,2.165,4.626,46.988,10.868,failure
2026-10-06 08:05:41,F3,67.596,1.968,5.312,55.139,7.908,normal
2026-10-06 08:06:41,F3,66.209,1.634,5.237,44.447,5.288,normal
2026-10-06 08:07:41,F3,68.81,2.101,5.224,52.629,11.023,failure
2026-10-06 08:08:41,F3,67.69,1.677,4.727,51.926,9.609,normal
2026-10-06 08:09:41,F3,60.827,1.912,4.385,56.243,10.933,normal
2026-10-06 08:10:41,F3,71.765,1.904,4.997,44.433,10.103,failure
2026-10-06 08:11:41,F3,76.041,1.588,3.986,41.038,9.189,normal
2026-10-06 08:12:41,F3,63.04,1.923,3.88,34.201,10.655,normal
2026-10-06 08:13:41,F3,68.282,1.719,6.819,47.456,11.194,failure
2026-10-06 08:14:41,F3,56.699,1.665,4.402,55.619,7.836,normal
2026-10-06 08:15:41,F3,67.914,1.946,5.455,37.041,10.299,normal
2026-10-06 08:16:41,F3,60.278,1.846,3.39,41.3,9.01,normal
2026-10-06 08:17:41,F3,76.985,1.687,4.649,51.172,9.248,normal
2026-10-06 08:18:41,F3,64.152,2.099,5.27,49.241,8.206,normal
2026-10-06 08:19:41,F3,65.237,1.868,4.93,39.91,9.945,normal
2026-10-06 08:20:41,F3,69.558,2.067,3.895,35.728,10.786,normal
2026-10-06 08:21:41,F3,58.415,2.135,5.456,49.579,10.598,normal
2026-10-06 08:22:41,F3,63.144,1.786,4.119,44.246,8.327,normal
2026-10-06 08:23:41,F3,67.277,2.275,3.745,55.156,8.381,normal
2026-10-06 08:24:41,F3,62.904,2.073,5.013,47.84,8.573,normal
2026-10-06 08:25:41,F3,70.07,1.979,4.041,56.194,10.81,failure
2026-10-06 08:26:41,F3,59.879,1.717,4.718,48.336,8.189,normal
2026-10-06 08:27:41,F3,72.419,1.809,4.029,47.375,10.263,normal
2026-10-06 08:28:41,F3,71.768,2.0,5.354,41.415,8.882,normal
2026-10-06 08:29:41,F3,60.315,1.973,4.517,64.72,9.235,normal
2026-10-06 08:30:41,F3,61.919,1.85,5.796,50.897,10.855,normal
2026-10-06 08:31:41,F3,61.513,1.753,3.965,47.975,8.731,normal
2026-10-06 08:32:41,F3,50.244,1.646,4.95,66.71,11.117,normal
2026-10-06 08:33:41,F3,78.351,1.888,4.561,57.013,11.032,failure
2026-10-06 08:34:41,F3,76.996,1.583,4.206,44.163,7.162,normal
2026-10-06 08:35:41,F3,66.67,1.741,4.152,53.391,11.317,normal
2026-10-06 08:36:41,F3,78.028,2.039,6.367,36.446,7.984,normal
2026-10-06 08:37:41,F3,86.499,1.945,5.391,40.841,10.583,failure
2026-10-06 08:38:41,F3,69.939,1.952,4.58,52.046,9.593,normal
2026-10-06 08:39:41,F3,71.582,1.694,4.607,42.994,10.612,normal
2026-10-06 08:40:41,F3,75.038,1.887,4.885,43.701,11.574,failure
2026-10-06 08:41:41,F3,69.72,1.944,5.17,34.853,12.25,normal
2026-10-06 08:42:41,F3,68.775,2.103,5.539,59.772,9.03,normal
2026-10-06 08:43:41,F3,56.552,1.986,4.722,43.025,11.927,normal
2026-10-06 08:44:41,F3,54.277,1.974,4.932,52.685,9.275,normal
2026-10-06 08:45:41,F3,66.407,1.805,5.38,48.384,8.286,normal
2026-10-06 08:46:41,F3,72.206,1.845,5.177,44.432,9.127,normal
2026-10-06 08:47:41,F3,72.649,1.972,3.704,48.411,9.25,normal
2026-10-06 08:48:41,F3,74.31,1.568,4.807,48.537,8.902,normal
2026-10-06 08:49:41,F3,61.814,1.637,5.412,61.648,9.227,normal
2026-10-06 08:50:41,F3,74.535,1.659,5.467,48.448,8.98,normal
2026-10-06 08:51:41,F3,77.309,1.687,5.874,54.421,8.579,normal
2026-10-06 08:52:41,F3,76.025,2.035,4.881,45.331,11.038,normal
2026-10-06 08:53:41,F3,66.011,1.849,5.562,51.026,11.438,failure
2026-10-06 08:54:41,F3,81.185,1.387,4.996,58.065,8.311,normal
2026-10-06 08:55:41,F3,63.039,2.275,4.993,59.822,10.402,normal
2026-10-06 08:56:41,F3,81.453,1.793,4.161,51.434,7.913,failure
2026-10-06 08:57:41,F3,88.579,2.031,5.269,42.927,12.662,failure
2026-10-06 08:58:41,F3,71.449,1.883,4.339,52.866,8.688,normal
2026-10-06 08:59:41,F3,68.178,1.788,3.788,46.86,7.502,normal
2026-10-06 09:00:41,F3,64.372,1.922,5.433,54.262,9.013,failure
2026-10-06 09:01:41,F3,84.699,1.949,5.299,37.581,9.301,failure
2026-10-06 09:02:41,F3,73.194,1.953,5.965,54.473,11.353,failure
2026-10-06 09:03:41,F3,70.551,1.86,5.87,47.907,6.721,normal
2026-10-06 09:04:41,F3,61.65,1.848,3.81,56.223,10.358,normal
2026-10-06 09:05:41,F3,70.263,1.868,4.771,46.948,9.693,normal
2026-10-06 09:06:41,F3,62.083,1.81,4.409,43.704,8.03,normal
2026-10-06 09:07:41,F3,80.499,2.28,6.13,45.197,9.6,failure
2026-10-06 09:08:41,F3,62.043,1.873,3.311,39.128,7.759,normal
2026-10-06 09:09:41,F3,59.305,1.994,4.525,40.912,8.439,normal
2026-10-06 09:10:41,F3,60.267,1.845,4.06,43.791,10.785,normal
2026-10-06 09:11:41,F3,81.381,1.498,5.191,49.116,11.405,normal
2026-10-06 09:12:41,F3,67.525,2.057,4.971,54.208,11.726,failure
2026-10-06 09:13:41,F3,79.712,1.756,4.924,51.776,8.316,normal
2026-10-06 09:14:41,F3,75.233,1.924,5.301,49.084,10.106,normal
2026-10-06 09:15:41,F3,75.054,2.211,5.149,52.894,10.855,failure
2026-10-06 09:16:41,F3,61.95,1.367,4.257,62.316,7.781,normal
2026-10-06 09:17:41,F3,69.426,1.7,6.668,41.027,7.392,normal
2026-10-06 09:18:41,F3,72.896,1.667,6.123,56.884,8.867,failure
2026-10-06 09:19:41,F3,74.348,2.334,5.078,49.207,10.331,failure
2026-10-06 09:20:41,F3,56.773,1.96,3.789,50.719,9.298,normal
2026-10-06 09:21:41,F3,62.461,2.063,4.285,48.116,7.569,normal
2026-10-06 09:22:41,F3,62.747,1.838,4.003,59.305,8.268,normal
2026-10-06 09:23:41,F3,64.042,1.881,3.887,49.141,10.522,normal
2026-10-06 09:24:41,F3,69.831,2.283,4.975,54.432,11.519,failure
2026-10-06 09:25:41,F3,72.13,2.277,5.163,49.184,7.245,normal
2026-10-06 09:26:41,F3,64.722,1.92,4.655,47.977,9.511,normal
2026-10-06 09:27:41,F3,76.035,2.021,5.587,52.977,10.692,normal
2026-10-06 09:28:41,F3,65.881,1.83,5.941,52.643,8.171,normal
2026-10-06 09:29:41,F3,67.985,2.171,6.0,40.268,9.54,normal
2026-10-06 09:30:41,F3,71.806,1.773,5.591,31.406,9.115,normal
2026-10-06 09:31:41,F3,70.3,1.801,4.158,52.805,11.326,normal
2026-10-06 09:32:41,F3,67.074,1.922,4.955,45.683,9.506,normal
2026-10-06 09:33:41,F3,82.414,1.654,5.404,46.653,9.121,failure
2026-10-06 09:34:41,F3,81.544,1.317,3.965,43.616,11.034,normal
2026-10-06 09:35:41,F3,52.015,1.637,4.243,39.06,9.981,normal
2026-10-06 09:36:41,F3,64.378,1.914,6.392,59.788,10.562,failure
2026-10-06 09:37:41,F3,56.114,2.115,5.113,43.166,10.33,failure
2026-10-06 09:38:41,F3,75.729,2.028,4.487,53.707,9.266,failure
2026-10-06 09:39:41,F3,75.202,1.864,4.517,44.364,7.07,normal
2026-10-06 09:40:41,F3,68.726,2.151,4.798,52.52,10.847,normal
2026-10-06 09:41:41,F3,76.684,1.574,6.026,61.787,7.025,normal
2026-10-06 09:42:41,F3,57.338,1.498,4.022,44.992,8.109,normal
2026-10-06 09:43:41,F3,60.555,2.162,4.219,50.045,11.395,normal
2026-10-06 09:44:41,F3,58.174,1.871,6.154,42.824,9.069,normal
2026-10-06 09:45:41,F3,58.112,1.616,5.095,42.428,9.459,normal
2026-10-06 09:46:41,F3,56.276,2.18,4.374,50.604,11.623,failure
2026-10-06 09:47:41,F3,75.432,1.716,4.95,44.12,11.113,failure
2026-10-06 09:48:41,F3,60.634,2.175,5.196,60.978,11.5,normal
2026-10-06 09:49:41,F3,70.167,2.138,3.336,57.272,7.524,normal
2026-10-06 09:50:41,F3,79.634,2.305,6.737,49.947,9.99,failure
2026-10-06 09:51:41,F3,82.212,1.79,5.668,39.249,8.673,failure
2026-10-06 09:52:41,F3,74.185,2.274,5.504,54.505,8.872,failure
2026-10-06 09:53:41,F3,74.0,2.26,4.683,42.841,10.081,normal
2026-10-06 09:54:41,F3,71.535,2.013,4.068,56.122,10.079,normal
2026-10-06 09:55:41,F3,75.909,2.165,5.418,50.21,9.922,failure
2026-10-06 09:56:41,F3,77.294,2.031,4.816,58.08,9.249,failure
2026-10-06 09:57:41,F3,75.48,2.042,4.786,43.003,9.618,normal
2026-10-06 09:58:41,F3,68.655,1.857,5.89,50.437,11.2,normal
2026-10-06 09:59:41,F3,62.663,1.588,4.895,51.719,7.603,normal
2026-10-06 10:00:41,F3,72.242,1.721,4.801,58.983,7.315,normal
2026-10-06 10:01:41,F3,64.581,1.787,5.107,54.77,9.586,normal
2026-10-06 10:02:41,F3,72.542,1.874,6.665,54.448,7.347,normal
2026-10-06 10:03:41,F3,61.119,1.969,4.9,45.403,7.884,normal
2026-10-06 10:04:41,F3,68.81,1.934,5.526,57.182,9.148,normal
2026-10-06 10:05:41,F3,64.633,2.255,5.057,45.303,9.186,failure
2026-10-06 10:06:41,F3,69.519,1.741,5.285,36.383,10.461,failure
2026-10-06 10:07:41,F3,71.949,1.872,5.538,44.467,9.871,failure
2026-10-06 10:08:41,F3,56.86,1.885,3.823,64.154,9.89,normal
2026-10-06 10:09:41,F3,66.2,1.73,5.765,44.642,9.87,normal
2026-10-06 10:10:41,F3,56.503,1.788,5.056,50.907,14.264,normal
2026-10-06 10:11:41,F3,57.923,2.023,4.027,45.222,9.456,normal
2026-10-06 10:12:41,F3,56.279,1.934,5.207,53.478,12.345,normal
2026-10-06 10:13:41,F3,78.464,1.851,4.55,48.099,5.701,failure
2026-10-06 10:14:41,F3,52.691,1.922,5.892,54.247,8.436,normal
2026-10-06 10:15:41,F3,70.668,1.88,3.764,48.8,9.399,failure
2026-10-06 10:16:41,F3,71.819,1.897,5.266,57.172,11.003,failure
2026-10-06 10:17:41,F3,64.311,2.1,5.345,40.137,7.691,normal
2026-10-06 10:18:41,F3,74.294,2.119,4.297,51.443,11.145,normal
2026-10-06 10:19:41,F3,74.133,1.582,4.271,45.887,7.935,normal
2026-10-06 10:20:41,F3,82.106,1.797,4.004,46.746,8.219,normal
2026-10-06 10:21:41,F3,84.924,2.252,5.347,45.408,10.703,failure
2026-10-06 10:22:41,F3,64.952,1.691,6.083,46.908,11.035,normal
2026-10-06 10:23:41,F3,76.788,2.174,4.813,59.584,9.251,failure
2026-10-06 10:24:41,F3,64.755,1.819,4.158,59.657,9.271,normal
2026-10-06 10:25:41,F3,69.82,1.835,4.584,56.106,9.455,normal
2026-10-06 10:26:41,F3,60.776,2.203,4.465,72.55,9.876,failure
2026-10-06 10:27:41,F3,73.337,1.843,4.544,48.067,11.349,failure
2026-10-06 10:28:41,F3,59.517,1.88,3.61,54.248,9.457,normal
2026-10-06 10:29:41,F3,73.424,2.095,4.83,52.152,9.26,normal
2026-10-06 10:30:41,F3,59.242,2.043,3.767,47.925,8.96,normal
2026-10-06 10:31:41,F3,68.695,1.818,5.912,55.03,7.443,normal
2026-10-06 10:32:41,F3,60.979,1.611,6.299,49.29,9.63,normal
2026-10-06 10:33:41,F3,63.464,1.371,4.918,41.788,11.407,normal
2026-10-06 10:34:41,F3,71.78,1.89,5.899,57.613,9.332,normal
2026-10-06 10:35:41,F3,73.54,1.833,6.058,57.631,6.13,normal
2026-10-06 10:36:41,F3,80.975,1.767,5.759,52.542,10.914,failure
2026-10-06 10:37:41,F3,68.607,1.667,5.436,53.64,11.035,failure
2026-10-06 10:38:41,F3,68.14,1.937,5.008,51.062,5.939,failure
2026-10-06 10:39:41,F3,68.58,1.888,4.969,49.471,7.453,normal
2026-10-06 10:40:41,F3,64.782,1.642,5.733,50.138,7.573,normal
2026-10-06 10:41:41,F3,73.809,1.67,5.255,45.499,10.151,normal
2026-10-06 10:42:41,F3,70.232,2.011,5.84,42.209,9.734,normal
2026-10-06 10:43:41,F3,67.163,1.514,4.738,31.125,7.08,normal
2026-10-06 10:44:41,F3,57.556,1.967,4.012,45.265,7.258,normal
2026-10-06 10:45:41,F3,58.907,1.886,4.791,54.743,10.157,normal
2026-10-06 10:46:41,F3,75.747,1.873,5.034,54.663,11.748,normal
2026-10-06 10:47:41,F3,54.328,1.698,5.033,50.06,9.856,normal
2026-10-06 10:48:41,F3,58.515,1.792,5.272,47.31,8.186,normal
2026-10-06 10:49:41,F3,77.889,1.751,4.729,58.714,8.413,normal
2026-10-06 10:50:41,F3,68.938,1.646,5.062,50.914,9.815,normal
2026-10-06 10:51:41,F3,66.764,1.786,4.13,50.833,9.595,normal
2026-10-06 10:52:41,F3,77.993,2.151,5.304,41.076,10.695,failure
2026-10-06 10:53:41,F3,83.318,1.588,5.122,52.563,11.718,normal
2026-10-06 10:54:41,F3,73.657,2.205,4.829,51.366,9.473,normal
2026-10-06 10:55:41,F3,71.838,1.694,6.065,56.255,11.341,normal
2026-10-06 10:56:41,F3,52.007,1.796,6.012,40.373,8.883,normal
2026-10-06 10:57:41,F3,65.091,1.911,5.205,49.431,11.457,failure
2026-10-06 10:58:41,F3,67.632,1.839,5.399,58.393,13.112,failure
2026-10-06 10:59:41,F3,73.257,2.191,5.026,45.217,6.026,normal
2026-10-06 11:00:41,F3,64.411,2.211,6.012,58.002,11.121,normal
2026-10-06 11:01:41,F3,80.28,1.289,5.802,44.523,10.276,normal
2026-10-06 11:02:41,F3,63.53,2.045,6.23,42.443,9.718,failure
2026-10-06 11:03:41,F3,84.633,1.887,4.899,60.117,8.866,failure
2026-10-06 11:04:41,F3,72.842,2.098,5.59,54.642,7.76,normal
2026-10-06 11:05:41,F3,76.276,2.049,5.101,57.718,11.132,failure
2026-10-06 11:06:41,F3,75.498,1.952,4.792,55.723,7.161,normal
2026-10-06 11:07:41,F3,56.758,2.064,4.814,48.909,10.67,normal
2026-10-06 11:08:41,F3,66.563,1.656,4.8,45.327,10.39,normal
2026-10-06 11:09:41,F3,60.836,1.866,5.057,53.432,10.941,normal
2026-10-06 11:10:41,F3,65.629,2.145,4.108,56.041,8.642,failure
2026-10-06 11:11:41,F3,64.801,1.713,4.528,41.059,11.757,failure
2026-10-06 11:12:41,F3,67.006,1.773,5.345,45.405,9.863,normal
2026-10-06 11:13:41,F3,69.848,1.76,5.804,42.52,9.421,failure
2026-10-06 11:14:41,F3,58.604,2.202,6.582,58.746,6.237,normal
2026-10-06 11:15:41,F3,58.437,2.012,5.774,51.633,11.692,normal
2026-10-06 11:16:41,F3,65.482,2.035,5.803,46.193,7.951,normal
2026-10-06 11:17:41,F3,72.832,1.616,4.305,42.23,9.108,failure
2026-10-06 11:18:41,F3,66.123,1.991,5.876,48.546,10.061,normal
2026-10-06 11:19:41,F3,71.138,1.72,5.536,43.777,9.685,normal
2026-10-06 11:20:41,F3,70.421,1.683,4.967,49.385,8.587,normal
2026-10-06 11:21:41,F3,69.334,2.033,4.1,51.816,7.409,failure
2026-10-06 11:22:41,F3,73.31,1.967,4.441,41.268,6.434,normal
2026-10-06 11:23:41,F3,68.955,1.634,4.65,45.848,10.259,failure
2026-10-06 11:24:41,F3,69.349,1.93,5.348,46.106,9.436,normal
2026-10-06 11:25:41,F3,63.026,1.699,6.088,58.36,8.619,normal
2026-10-06 11:26:41,F3,86.333,1.919,4.558,45.885,5.994,failure
2026-10-06 11:27:41,F3,60.843,1.735,5.159,47.549,7.388,normal
2026-10-06 11:28:41,F3,66.032,1.405,4.33,57.342,7.889,normal
2026-10-06 11:29:41,F3,84.433,2.024,4.863,47.526,10.952,failure
2026-10-06 11:30:41,F3,75.392,2.212,4.324,51.423,9.792,failure
2026-10-06 11:31:41,F3,80.823,2.076,4.62,52.078,9.711,failure
2026-10-06 11:32:41,F3,60.477,2.04,5.713,41.498,10.034,failure
2026-10-06 11:33:41,F3,69.27,1.711,4.655,52.89,10.269,normal
2026-10-06 11:34:41,F3,67.029,1.828,6.115,49.42,11.948,failure
2026-10-06 11:35:41,F3,67.35,1.661,5.296,53.428,12.628,normal
2026-10-06 11:36:41,F3,79.278,1.997,5.376,39.593,7.406,normal
2026-10-06 11:37:41,F3,59.354,1.599,4.375,64.22,10.414,normal
2026-10-06 11:38:41,F3,73.643,2.208,4.607,55.254,11.284,failure
2026-10-06 11:39:41,F3,71.535,1.762,5.388,52.652,10.469,normal
2026-10-06 11:40:41,F3,63.22,1.967,4.83,44.506,17.482,failure
2026-10-06 11:41:41,F3,73.075,1.928,4.945,46.321,10.488,normal
2026-10-06 11:42:41,F3,73.638,2.201,5.418,55.671,10.072,failure
2026-10-06 11:43:41,F3,83.709,2.001,4.062,46.41,9.663,normal
2026-10-06 11:44:41,F3,61.148,1.902,5.697,42.902,10.724,normal
2026-10-06 11:45:41,F3,68.169,1.619,5.185,38.38,8.453,normal
2026-10-06 11:46:41,F3,78.102,2.04,3.648,56.948,10.125,normal
2026-10-06 11:47:41,F3,59.614,1.996,6.334,41.613,10.036,normal
2026-10-06 11:48:41,F3,65.983,2.274,5.527,45.155,10.336,failure
2026-10-06 11:49:41,F3,72.092,1.965,5.005,52.923,12.449,failure
2026-10-06 11:50:41,F3,68.899,1.788,5.059,38.491,12.489,normal
2026-10-06 11:51:41,F3,62.364,1.496,5.392,52.059,11.159,normal
2026-10-06 11:52:41,F3,63.551,1.803,5.345,50.356,8.344,normal
2026-10-06 11:53:41,F3,70.581,2.188,5.305,40.124,6.69,failure
2026-10-06 11:54:41,F3,77.217,1.819,4.01,47.833,11.781,failure
2026-10-06 11:55:41,F3,66.144,1.685,5.886,40.835,6.511,failure
2026-10-06 11:56:41,F3,80.218,1.618,6.034,49.049,10.068,normal
2026-10-06 11:57:41,F3,78.486,1.672,4.141,37.883,10.928,normal
2026-10-06 11:58:41,F3,72.638,1.638,5.51,53.732,6.775,normal
2026-10-06 11:59:41,F3,64.472,2.244,4.325,41.634,8.045,failure
2026-10-06 12:00:41,F3,72.097,2.354,3.763,58.068,8.528,normal
2026-10-06 12:01:41,F3,56.774,1.653,4.588,48.27,11.018,normal
2026-10-06 12:02:41,F3,78.043,1.996,4.668,49.107,7.776,failure
2026-10-06 12:03:41,F3,66.844,2.177,5.926,42.246,11.768,failure
2026-10-06 12:04:41,F3,77.236,2.192,2.578,45.541,10.197,failure
2026-10-06 12:05:41,F3,81.59,1.841,6.136,36.665,9.683,normal
2026-10-06 12:06:41,F3,81.319,1.866,6.729,36.72,9.783,failure
2026-10-06 12:07:41,F3,57.735,1.818,5.449,34.994,11.551,normal
2026-10-06 12:08:41,F3,68.074,2.125,5.005,52.202,6.803,normal
2026-10-06 12:09:41,F3,50.866,1.647,6.762,51.916,7.482,normal
2026-10-06 12:10:41,F3,62.199,1.932,3.719,42.218,8.992,normal
2026-10-06 12:11:41,F3,69.675,2.194,4.717,49.453,8.572,normal
2026-10-06 12:12:41,F3,75.205,1.834,4.568,42.528,9.971,normal
2026-10-06 12:13:41,F3,67.516,1.664,5.734,53.377,13.245,failure
2026-10-06 12:14:41,F3,72.496,1.423,5.483,45.722,10.378,normal
2026-10-06 12:15:41,F3,64.826,1.721,5.375,56.987,7.4,normal
2026-10-06 12:16:41,F3,75.161,2.014,4.667,38.65,10.324,normal
2026-10-06 12:17:41,F3,69.844,1.76,5.783,52.452,10.7,failure
2026-10-06 12:18:41,F3,82.038,1.86,5.027,58.952,8.622,failure
2026-10-06 12:19:41,F3,71.862,1.922,5.49,51.97,10.334,normal
2026-10-06 12:20:41,F3,70.268,1.792,5.059,43.892,7.739,normal
2026-10-06 12:21:41,F3,62.726,1.885,2.791,55.595,8.825,normal
2026-10-06 12:22:41,F3,67.67,1.725,5.846,57.762,11.793,normal
2026-10-06 12:23:41,F3,70.288,2.222,5.58,51.772,9.259,failure
2026-10-06 12:24:41,F3,73.723,1.634,4.365,60.232,6.942,normal
2026-10-06 12:25:41,F3,73.587,1.91,5.814,51.97,9.021,normal
2026-10-06 12:26:41,F3,72.356,1.737,4.925,51.686,11.513,normal
2026-10-06 12:27:41,F3,76.814,1.856,6.276,46.674,7.178,normal
2026-10-06 12:28:41,F3,52.281,2.031,4.644,55.195,9.73,failure
2026-10-06 12:29:41,F3,59.867,1.983,6.059,49.868,10.458,normal
2026-10-06 12:30:41,F3,72.982,2.152,5.099,54.451,11.041,normal
2026-10-06 12:31:41,F3,62.573,2.037,4.895,44.527,10.78,normal
2026-10-06 12:32:41,F3,58.229,1.561,6.157,59.165,8.296,normal
2026-10-06 12:33:41,F3,62.158,1.843,4.502,42.54,9.539,normal
2026-10-06 12:34:41,F3,66.929,1.99,5.306,56.7,9.501,failure
2026-10-06 12:35:41,F3,63.98,1.827,5.151,57.783,10.319,normal
2026-10-06 12:36:41,F3,78.146,1.585,5.548,60.725,10.539,normal
2026-10-06 12:37:41,F3,69.235,1.848,5.821,50.186,8.819,failure
2026-10-06 12:38:41,F3,80.567,1.824,4.469,48.011,7.754,normal
2026-10-06 12:39:41,F3,63.706,1.773,6.605,58.298,6.721,normal
2026-10-06 12:40:41,F3,79.268,1.52,3.537,42.908,9.412,normal
2026-10-06 12:41:41,F3,59.442,1.709,4.457,47.139,12.341,normal
2026-10-06 12:42:41,F3,78.134,2.055,4.804,53.596,9.353,normal
2026-10-06 12:43:41,F3,74.755,1.904,4.736,57.858,11.188,normal
2026-10-06 12:44:41,F3,54.556,1.663,3.487,38.679,10.926,normal
2026-10-06 12:45:41,F3,61.665,1.73,6.179,49.012,6.906,normal
2026-10-06 12:46:41,F3,80.443,1.872,5.658,54.381,8.771,normal
2026-10-06 12:47:41,F3,69.864,1.734,5.907,44.791,11.836,normal
2026-10-06 12:48:41,F3,86.483,1.777,4.928,45.944,7.837,normal
2026-10-06 12:49:41,F3,70.512,2.049,4.633,44.322,10.457,failure
2026-10-06 12:50:41,F3,79.591,1.714,4.87,52.057,9.483,normal
2026-10-06 12:51:41,F3,75.656,1.761,4.506,40.994,12.236,normal
2026-10-06 12:52:41,F3,63.526,1.714,5.0,49.772,11.673,normal
2026-10-06 12:53:41,F3,62.399,2.157,4.698,49.336,10.61,failure
2026-10-06 12:54:41,F3,68.425,2.044,4.881,44.465,10.859,failure
2026-10-06 12:55:41,F3,71.35,2.174,3.813,39.418,7.126,normal
2026-10-06 12:56:41,F3,78.304,1.814,5.855,48.073,9.632,failure
2026-10-06 12:57:41,F3,62.105,2.096,5.527,47.677,9.227,failure
2026-10-06 12:58:41,F3,54.849,1.577,5.133,50.366,6.747,normal
2026-10-06 12:59:41,F3,55.726,1.857,5.749,40.262,8.196,normal
2026-10-06 13:00:41,F3,76.313,1.738,5.31,52.058,8.856,failure
2026-10-06 13:01:41,F3,75.636,2.17,5.358,39.256,8.468,failure
2026-10-06 13:02:41,F3,68.807,2.078,4.849,52.757,10.178,failure
2026-10-06 13:03:41,F3,77.243,1.873,4.682,36.806,7.37,normal
2026-10-06 13:04:41,F3,67.374,1.675,5.309,64.881,9.374,normal
2026-10-06 13:05:41,F3,60.541,1.426,6.121,53.712,9.276,normal
2026-10-06 13:06:41,F3,67.127,2.112,5.24,59.082,10.639,normal
2026-10-06 13:07:41,F3,80.148,2.274,4.129,52.803,12.483,failure
2026-10-06 13:08:41,F3,55.329,1.803,5.188,40.605,8.365,normal
2026-10-06 13:09:41,F3,53.742,2.046,4.232,44.852,8.755,normal
2026-10-06 13:10:41,F3,65.455,1.903,5.023,61.961,9.164,normal
2026-10-06 13:11:41,F3,86.579,1.735,5.034,44.232,8.357,failure
2026-10-06 13:12:41,F3,82.782,1.775,5.551,57.344,11.3,failure
2026-10-06 13:13:41,F3,53.636,2.306,6.023,47.542,11.961,failure
2026-10-06 13:14:41,F3,78.971,1.863,5.612,53.169,8.784,normal
2026-10-06 13:15:41,F3,53.632,1.808,5.394,57.95,11.325,normal
2026-10-06 13:16:41,F3,69.871,1.731,5.866,45.356,10.085,normal
2026-10-06 13:17:41,F3,69.455,1.742,4.379,45.369,9.803,normal
2026-10-06 13:18:41,F3,53.481,1.554,3.791,49.725,8.672,normal
2026-10-06 13:19:41,F3,83.228,2.265,4.032,46.669,9.289,normal
2026-10-06 13:20:41,F3,56.58,2.007,3.652,46.551,9.391,normal
2026-10-06 13:21:41,F3,62.333,1.573,4.658,39.888,8.447,normal
2026-10-06 13:22:41,F3,55.585,1.938,4.727,52.409,9.025,normal
2026-10-06 13:23:41,F3,61.79,1.623,5.156,46.03,8.363,normal
2026-10-06 13:24:41,F3,66.067,1.684,5.095,44.638,10.411,normal
2026-10-06 13:25:41,F3,81.341,1.64,5.351,52.087,9.739,failure
2026-10-06 13:26:41,F3,82.272,1.775,3.501,48.311,7.612,normal
2026-10-06 13:27:41,F3,79.468,1.789,6.04,50.46,11.233,normal
2026-10-06 13:28:41,F3,54.293,1.611,5.541,53.453,11.41,normal
2026-10-06 13:29:41,F3,59.663,2.082,2.384,44.717,8.76,normal
2026-10-06 13:30:41,F3,75.068,1.945,4.837,55.158,12.4,failure
2026-10-06 13:31:41,F3,79.727,1.773,5.513,60.598,7.062,normal
2026-10-06 13:32:41,F3,79.932,1.945,5.163,49.843,7.877,normal
2026-10-06 13:33:41,F3,69.361,1.855,4.752,51.451,10.549,normal
2026-10-06 13:34:41,F3,55.59,1.929,4.61,47.932,9.644,normal
2026-10-06 13:35:41,F3,69.353,1.694,3.927,45.726,6.817,normal
2026-10-06 13:36:41,F3,67.519,1.681,4.296,46.996,7.61,normal
2026-10-06 13:37:41,F3,66.457,1.424,5.068,42.675,7.478,normal
2026-10-06 13:38:41,F3,76.173,1.828,5.819,42.923,8.568,failure
2026-10-06 13:39:41,F3,81.011,1.883,4.255,36.113,11.209,normal
2026-10-06 13:40:41,F3,54.694,1.513,3.887,47.621,10.023,normal
2026-10-06 13:41:41,F3,73.373,2.311,4.939,45.054,11.752,failure
2026-10-06 13:42:41,F3,67.886,1.888,4.649,51.83,12.126,normal
2026-10-06 13:43:41,F3,60.521,1.721,5.649,46.764,8.336,normal
2026-10-06 13:44:41,F3,74.025,1.825,5.653,48.339,8.149,normal
2026-10-06 13:45:41,F3,67.746,1.577,5.357,46.613,7.774,normal
2026-10-06 13:46:41,F3,84.2,1.916,5.361,48.834,9.469,normal
2026-10-06 13:47:41,F3,71.034,1.937,6.585,48.873,9.124,failure
2026-10-06 13:48:41,F3,74.779,2.016,4.921,39.217,8.744,failure
2026-10-06 13:49:41,F3,55.067,2.016,5.74,58.456,9.387,normal
2026-10-06 13:50:41,F3,67.243,1.964,5.219,47.506,10.811,normal
2026-10-06 13:51:41,F3,74.053,1.944,4.827,45.074,10.95,normal
2026-10-06 13:52:41,F3,61.028,2.255,3.658,52.743,8.409,normal
2026-10-06 13:53:41,F3,72.591,2.238,6.045,55.057,7.887,failure
2026-10-06 13:54:41,F3,66.414,1.457,4.551,60.049,10.022,normal
2026-10-06 13:55:41,F3,81.983,1.695,4.654,59.054,8.368,failure
2026-10-06 13:56:41,F3,71.158,1.675,4.935,55.096,11.53,normal
2026-10-06 13:57:41,F3,60.096,1.531,5.287,43.266,9.944,normal
2026-10-06 13:58:41,F3,75.817,1.943,5.808,47.187,8.347,failure
2026-10-06 13:59:41,F3,71.624,1.692,4.448,44.598,11.876,failure
2026-10-06 14:00:41,F3,68.22,1.901,4.892,36.94,10.753,normal
2026-10-06 14:01:41,F3,69.913,1.906,5.069,42.313,6.915,normal
2026-10-06 14:02:41,F3,63.041,1.648,4.649,52.348,9.611,normal
2026-10-06 14:03:41,F3,71.126,2.06,4.008,48.155,11.713,normal
2026-10-06 14:04:41,F3,70.769,2.014,4.17,38.283,8.133,failure
2026-10-06 14:05:41,F3,49.159,1.627,5.162,40.347,12.837,normal
2026-10-06 14:06:41,F3,64.877,1.803,5.479,43.197,8.968,failure
2026-10-06 14:07:41,F3,66.329,2.143,5.273,42.046,9.101,failure
2026-10-06 14:08:41,F3,68.821,1.777,4.878,46.491,10.183,normal
2026-10-06 14:09:41,F3,68.463,1.759,6.294,51.523,11.553,normal
2026-10-06 14:10:41,F3,69.883,1.76,5.042,57.308,10.704,normal
2026-10-06 14:11:41,F3,68.127,1.794,5.163,48.3,11.022,failure
2026-10-06 14:12:41,F3,60.948,1.951,4.088,63.418,8.325,normal
2026-10-06 14:13:41,F3,76.627,1.928,4.806,39.385,9.459,failure
2026-10-06 14:14:41,F3,66.001,1.808,4.974,56.531,9.974,normal
2026-10-06 14:15:41,F3,71.311,2.133,4.731,35.753,8.412,normal
2026-10-06 14:16:41,F3,74.695,2.361,3.498,45.856,10.919,normal
2026-10-06 14:17:41,F3,72.498,1.724,4.704,59.2,10.412,normal
2026-10-06 14:18:41,F3,74.62,1.831,4.325,53.584,7.196,failure
2026-10-06 14:19:41,F3,84.424,1.658,5.001,44.424,12.324,normal
2026-10-06 14:20:41,F3,71.754,1.903,6.057,55.104,8.799,failure
2026-10-06 14:21:41,F3,76.96,1.566,5.846,53.916,10.132,failure
2026-10-06 14:22:41,F3,58.365,1.927,3.718,57.943,9.208,normal
2026-10-06 14:23:41,F3,77.316,1.528,5.621,62.604,8.362,normal
2026-10-06 14:24:41,F3,61.569,1.624,4.7,52.847,7.924,normal
2026-10-06 14:25:41,F3,64.065,2.124,5.51,40.591,6.793,normal
2026-10-06 14:26:41,F3,61.217,1.54,4.397,48.604,10.134,normal
2026-10-06 14:27:41,F3,66.332,1.671,5.224,44.748,10.133,normal
2026-10-06 14:28:41,F3,78.472,1.562,4.166,52.171,11.189,normal
2026-10-06 14:29:41,F3,52.591,2.17,4.086,47.348,8.866,normal
2026-10-06 14:30:41,F3,63.079,1.847,6.081,50.242,10.72,normal
2026-10-06 14:31:41,F3,62.241,1.972,4.85,52.659,10.19,normal
2026-10-06 14:32:41,F3,68.303,2.155,4.439,62.593,8.972,failure
2026-10-06 14:33:41,F3,76.901,1.718,4.46,46.309,8.134,normal
2026-10-06 14:34:41,F3,56.853,2.05,4.981,50.833,7.479,normal
2026-10-06 14:35:41,F3,70.644,1.805,4.83,54.981,9.669,normal
2026-10-06 14:36:41,F3,69.473,1.924,3.992,61.551,9.751,normal
2026-10-06 14:37:41,F3,74.441,2.252,4.589,48.763,11.796,normal
2026-10-06 14:38:41,F3,69.524,2.141,5.797,31.293,7.32,normal
2026-10-06 14:39:41,F3,34.652,2.258,4.015,57.969,7.903,normal
2026-10-06 14:40:41,F3,80.837,1.651,6.757,55.958,6.34,normal
2026-10-06 14:41:41,F3,73.252,1.917,5.592,48.197,10.949,failure
2026-10-06 14:42:41,F3,74.701,1.52,4.839,54.562,10.529,normal
2026-10-06 14:43:41,F3,62.438,2.082,4.287,52.556,9.322,normal
2026-10-06 14:44:41,F3,81.301,1.91,5.035,58.495,10.429,failure
2026-10-06 14:45:41,F3,60.174,1.868,4.699,49.259,8.213,normal
2026-10-06 14:46:41,F3,92.561,1.784,4.638,41.477,7.345,failure
2026-10-06 14:47:41,F3,65.993,1.893,4.409,48.432,9.421,normal
2026-10-06 14:48:41,F3,58.95,1.986,5.659,45.926,7.09,normal
2026-10-06 14:49:41,F3,78.2,2.292,6.05,54.929,5.41,failure
2026-10-06 14:50:41,F3,66.015,1.692,4.909,54.822,8.027,normal
2026-10-06 14:51:41,F3,65.547,1.57,4.579,46.681,10.058,normal
2026-10-06 14:52:41,F3,79.314,1.729,3.519,61.885,10.199,failure
2026-10-06 14:53:41,F3,56.208,2.209,3.968,43.221,8.536,normal
2026-10-06 14:54:41,F3,78.633,1.871,5.765,52.286,5.841,normal
2026-10-06 14:55:41,F3,65.912,1.755,3.6,52.047,10.723,failure
2026-10-06 14:56:41,F3,83.129,1.952,5.577,47.967,8.865,failure
2026-10-06 14:57:41,F3,60.862,2.091,3.794,50.129,10.115,normal
2026-10-06 14:58:41,F3,69.094,1.788,4.632,53.905,9.111,normal
2026-10-06 14:59:41,F3,74.24,2.082,4.349,55.197,7.622,failure
2026-10-06 15:00:41,F3,63.239,1.825,4.915,48.624,9.888,normal
2026-10-06 15:01:41,F3,75.014,1.827,4.228,43.259,10.035,normal
2026-10-06 15:02:41,F3,73.526,1.801,5.396,48.288,6.83,failure
2026-10-06 15:03:41,F3,71.115,1.726,4.249,47.347,12.693,normal
2026-10-06 15:04:41,F3,73.701,2.02,5.261,36.885,9.39,failure
2026-10-06 15:05:41,F3,73.137,1.737,5.385,45.059,8.743,failure
2026-10-06 15:06:41,F3,72.202,1.503,5.793,39.659,10.479,normal
2026-10-06 15:07:41,F3,55.547,2.163,4.761,49.874,11.635,failure
2026-10-06 15:08:41,F3,62.604,1.826,4.461,51.087,9.567,failure
2026-10-06 15:09:41,F3,68.143,1.691,4.886,42.313,9.641,failure
2026-10-06 15:10:41,F3,59.81,2.034,4.511,42.752,10.344,normal
2026-10-06 15:11:41,F3,81.267,1.881,5.313,49.815,6.873,normal
2026-10-06 15:12:41,F3,72.762,2.198,5.126,48.905,10.189,failure
2026-10-06 15:13:41,F3,77.366,1.516,5.193,52.411,11.374,normal
2026-10-06 15:14:41,F3,64.83,1.729,6.024,45.545,10.526,failure
2026-10-06 15:15:41,F3,69.648,1.917,4.937,51.99,11.208,normal
2026-10-06 15:16:41,F3,70.752,1.691,3.148,45.281,10.804,normal
2026-10-06 15:17:41,F3,72.749,1.873,4.265,40.352,9.03,normal
2026-10-06 15:18:41,F3,67.658,1.473,5.571,50.655,10.506,normal
2026-10-06 15:19:41,F3,80.134,1.886,3.7,51.537,11.268,normal
2026-10-06 15:20:41,F3,81.959,1.813,5.963,45.61,8.483,failure
2026-10-06 15:21:41,F3,73.17,1.639,5.084,55.37,5.05,normal
2026-10-06 15:22:41,F3,69.558,2.19,5.62,52.163,10.133,normal
2026-10-06 15:23:41,F3,62.671,1.545,4.7,46.25,7.041,normal
2026-10-06 15:24:41,F3,59.683,1.454,5.106,47.506,10.963,normal
2026-10-06 15:25:41,F3,72.237,1.944,5.73,58.428,10.957,normal
2026-10-06 15:26:41,F3,63.067,1.993,3.625,45.136,8.054,normal
2026-10-06 15:27:41,F3,66.95,1.647,5.876,46.588,10.412,normal
2026-10-06 15:28:41,F3,59.432,1.731,4.16,38.81,10.401,normal
2026-10-06 15:29:41,F3,79.719,1.713,4.899,47.819,8.128,failure
2026-10-06 15:30:41,F3,69.444,1.535,5.364,52.536,9.021,normal
2026-10-06 15:31:41,F3,64.474,1.825,5.034,53.612,7.597,failure
2026-10-06 15:32:41,F3,83.432,1.766,5.735,47.541,8.665,failure
2026-10-06 15:33:41,F3,71.821,1.623,4.539,56.198,10.364,failure
2026-10-06 15:34:41,F3,76.794,2.172,5.445,54.358,8.006,failure
2026-10-06 15:35:41,F3,67.25,1.854,3.754,56.278,9.779,normal
2026-10-06 15:36:41,F3,70.939,2.093,5.123,58.623,8.198,normal
2026-10-06 15:37:41,F3,55.386,1.782,4.027,54.795,11.774,normal
2026-10-06 15:38:41,F3,75.885,1.99,6.389,46.58,10.927,failure
2026-10-06 15:39:41,F3,57.077,1.728,4.775,51.298,9.899,normal
2026-10-06 15:40:41,F3,71.745,2.01,4.291,48.737,6.274,normal
2026-10-06 15:41:41,F3,57.093,1.617,4.878,36.293,5.787,normal
2026-10-06 15:42:41,F3,69.357,1.279,4.143,52.321,11.618,normal
2026-10-06 15:43:41,F3,69.436,1.876,3.923,53.933,12.751,normal
2026-10-06 15:44:41,F3,61.094,1.317,4.47,37.069,11.931,normal
2026-10-06 15:45:41,F3,69.248,2.016,4.784,53.318,9.073,normal
2026-10-06 15:46:41,F3,66.02,1.565,4.804,49.127,8.203,normal
2026-10-06 15:47:41,F3,72.079,1.477,4.422,47.358,13.072,normal
2026-10-06 15:48:41,F3,56.799,1.802,4.619,49.7,9.539,normal
2026-10-06 15:49:41,F3,73.304,1.525,5.458,51.756,9.524,normal
2026-10-06 15:50:41,F3,78.345,1.405,5.717,44.418,10.193,normal
2026-10-06 15:51:41,F3,73.755,2.006,4.519,40.427,9.019,normal
2026-10-06 15:52:41,F3,66.975,1.943,5.018,69.691,10.791,failure
2026-10-06 15:53:41,F3,54.456,1.823,5.995,45.388,11.725,normal
2026-10-06 15:54:41,F3,85.806,1.847,4.044,53.339,9.581,normal
2026-10-06 15:55:41,F3,70.698,1.943,6.53,52.741,11.562,normal
2026-10-06 15:56:41,F3,65.957,1.845,5.161,54.462,7.48,normal
2026-10-06 15:57:41,F3,58.862,1.421,5.835,48.34,9.59,normal
2026-10-06 15:58:41,F3,72.487,1.62,5.513,47.217,6.902,normal
2026-10-06 15:59:41,F3,75.078,1.633,4.866,49.078,11.186,normal
2026-10-06 16:00:41,F3,79.865,1.602,6.68,58.076,8.443,failure
2026-10-06 16:01:41,F3,82.257,1.69,4.504,50.54,7.195,normal
2026-10-06 16:02:41,F3,73.811,1.736,5.381,43.46,8.536,normal
2026-10-06 16:03:41,F3,58.72,1.587,5.147,52.218,8.084,normal
2026-10-06 16:04:41,F3,60.986,1.858,4.818,56.235,11.588,normal
2026-10-06 16:05:41,F3,68.598,1.954,5.449,46.139,10.796,normal
2026-10-06 16:06:41,F3,61.912,1.939,4.528,47.753,11.921,failure
2026-10-06 16:07:41,F3,68.414,1.697,4.364,49.788,6.427,normal
2026-10-06 16:08:41,F3,76.139,1.618,4.943,59.604,9.673,normal
2026-10-06 16:09:41,F3,62.215,1.653,3.682,55.22,16.872,normal
2026-10-06 16:10:41,F3,73.741,2.022,5.167,47.999,12.093,failure
2026-10-06 16:11:41,F3,66.729,1.617,3.997,55.623,10.227,normal
2026-10-06 16:12:41,F3,67.222,1.405,6.119,43.821,8.96,normal
2026-10-06 16:13:41,F3,75.592,1.695,5.038,39.8,10.227,normal
2026-10-06 16:14:41,F3,66.516,1.766,4.307,50.302,9.998,normal
2026-10-06 16:15:41,F3,71.154,2.183,4.063,46.139,9.553,normal
2026-10-06 16:16:41,F3,67.753,1.807,4.74,51.898,10.516,normal
2026-10-06 16:17:41,F3,83.958,1.745,4.088,34.8,8.243,normal
2026-10-06 16:18:41,F3,59.21,1.543,4.821,54.887,10.186,normal
2026-10-06 16:19:41,F3,59.797,1.614,5.193,46.3,10.723,normal
2026-10-06 16:20:41,F3,65.448,1.623,4.985,49.198,9.394,normal
2026-10-06 16:21:41,F3,70.54,2.178,4.705,46.095,10.399,normal
2026-10-06 16:22:41,F3,65.927,1.685,5.693,43.722,9.073,normal
2026-10-06 16:23:41,F3,65.849,1.808,5.152,46.437,7.827,normal
2026-10-06 16:24:41,F3,70.979,1.683,4.375,50.277,8.921,normal
2026-10-06 16:25:41,F3,62.652,1.599,5.269,48.131,7.438,normal
2026-10-06 16:26:41,F3,53.236,1.451,3.7,43.026,5.54,normal
2026-10-06 16:27:41,F3,72.06,2.014,5.194,43.257,8.018,failure
2026-10-06 16:28:41,F3,76.266,1.766,3.616,53.089,8.941,normal
2026-10-06 16:29:41,F3,73.688,1.551,5.054,38.9,11.672,normal
2026-10-06 16:30:41,F3,81.976,1.659,5.298,47.719,8.781,normal
2026-10-06 16:31:41,F3,88.344,1.664,5.082,59.085,6.112,normal
2026-10-06 16:32:41,F3,69.84,1.599,4.625,50.219,12.036,normal
2026-10-06 16:33:41,F3,70.516,2.09,3.234,28.364,9.09,normal
2026-10-06 16:34:41,F3,81.896,2.182,6.075,56.903,5.973,normal
2026-10-06 16:35:41,F3,71.944,1.866,4.9,46.641,10.179,failure
2026-10-06 16:36:41,F3,82.902,1.755,6.221,44.098,8.276,failure
2026-10-06 16:37:41,F3,78.639,1.521,2.879,45.317,9.247,normal
2026-10-06 16:38:41,F3,77.582,1.569,4.73,50.79,9.056,failure
2026-10-06 16:39:41,F3,68.608,1.822,3.21,52.206,8.353,normal
2026-10-06 16:40:41,F3,71.584,1.56,4.284,52.54,10.349,normal
2026-10-06 16:41:41,F3,68.023,1.902,4.922,52.945,13.038,normal
2026-10-06 16:42:41,F3,78.379,1.835,5.142,49.243,9.251,normal
2026-10-06 16:43:41,F3,81.775,1.72,5.398,60.554,8.007,failure
2026-10-06 16:44:41,F3,70.348,1.531,5.012,64.096,8.459,normal
2026-10-06 16:45:41,F3,74.862,1.593,5.963,39.014,12.408,failure
2026-10-06 16:46:41,F3,65.983,1.664,4.61,48.448,8.544,normal
2026-10-06 16:47:41,F3,54.05,1.519,4.869,46.772,7.027,normal
2026-10-06 16:48:41,F3,64.415,1.529,4.705,51.55,11.032,normal
2026-10-06 16:49:41,F3,67.256,1.707,4.615,60.995,10.268,normal
2026-10-06 16:50:41,F3,59.742,1.753,4.826,44.53,12.861,normal
2026-10-06 16:51:41,F3,62.924,1.31,4.436,36.884,11.072,normal
2026-10-06 16:52:41,F3,70.377,1.674,4.893,55.437,7.408,normal
2026-10-06 16:53:41,F3,64.919,1.321,4.905,50.137,8.656,normal
2026-10-06 16:54:41,F3,76.802,1.613,4.483,57.945,9.612,normal
2026-10-06 16:55:41,F3,71.363,1.561,3.935,58.321,11.385,failure
2026-10-06 16:56:41,F3,67.755,1.638,5.914,51.627,9.327,normal
2026-10-06 16:57:41,F3,65.014,1.905,5.889,41.699,7.944,failure
2026-10-06 16:58:41,F3,71.71,1.766,6.388,50.075,10.316,failure
2026-10-06 16:59:41,F3,63.301,1.887,5.453,37.839,9.232,normal
2026-10-06 17:00:41,F3,52.9,1.505,4.499,44.797,11.751,normal
2026-10-06 17:01:41,F3,64.559,1.615,4.56,54.468,12.993,normal
2026-10-06 17:02:41,F3,71.147,1.522,3.696,54.654,11.017,normal
2026-10-06 17:03:41,F3,69.782,1.585,4.874,56.722,10.488,normal
2026-10-06 17:04:41,F3,64.601,1.749,4.484,46.383,7.217,normal
2026-10-06 17:05:41,F3,68.988,1.748,4.493,59.442,12.242,normal
2026-10-06 17:06:41,F3,79.64,1.772,3.843,43.507,5.298,normal
2026-10-06 17:07:41,F3,72.221,1.613,5.471,52.213,10.36,failure
2026-10-06 17:08:41,F3,71.614,1.804,3.087,49.299,8.779,normal
2026-10-06 17:09:41,F3,67.804,1.445,4.372,44.63,6.062,normal
2026-10-06 17:10:41,F3,62.932,1.689,4.92,40.928,10.206,normal
2026-10-06 17:11:41,F3,65.435,1.475,4.687,45.942,10.564,normal
2026-10-06 17:12:41,F3,57.019,1.588,4.84,49.988,8.257,normal
2026-10-06 17:13:41,F3,66.122,1.703,4.573,47.388,9.454,normal
2026-10-06 17:14:41,F3,54.731,1.695,5.47,39.599,9.574,normal
2026-10-06 17:15:41,F3,91.306,1.766,6.164,55.348,10.694,failure
2026-10-06 17:16:41,F3,79.121,1.666,5.506,43.346,8.216,normal
2026-10-06 17:17:41,F3,65.205,1.809,5.048,38.82,7.859,normal
2026-10-06 17:18:41,F3,87.246,2.086,3.721,33.972,8.107,normal
2026-10-06 17:19:41,F3,76.407,1.478,4.183,48.468,9.052,normal
2026-10-06 17:20:41,F3,61.827,1.691,5.23,50.797,9.031,normal
2026-10-06 17:21:41,F3,92.907,1.227,4.07,49.07,9.348,normal
2026-10-06 17:22:41,F3,76.847,1.66,4.83,50.848,9.816,normal
2026-10-06 17:23:41,F3,61.247,1.648,5.266,52.481,11.463,normal
2026-10-06 17:24:41,F3,71.145,1.544,4.127,60.073,12.003,normal
2026-10-06 17:25:41,F3,65.832,1.527,3.497,48.401,11.652,normal
2026-10-06 17:26:41,F3,63.413,1.451,4.904,55.524,7.611,normal
2026-10-06 17:27:41,F3,66.925,1.64,4.359,46.939,11.368,normal
2026-10-06 17:28:41,F3,69.852,1.494,4.852,43.667,9.776,normal
2026-10-06 17:29:41,F3,76.462,1.626,4.995,60.634,10.469,normal
2026-10-06 17:30:41,F3,66.996,1.846,4.352,64.589,8.225,normal
2026-10-06 17:31:41,F3,39.988,1.512,5.147,50.547,10.264,normal
2026-10-06 17:32:41,F3,66.492,1.915,4.606,59.316,12.838,failure
2026-10-06 17:33:41,F3,67.876,1.845,4.924,54.89,8.8,normal
2026-10-06 17:34:41,F3,61.39,1.217,4.701,52.06,10.176,normal
2026-10-06 17:35:41,F3,67.844,1.932,4.404,38.722,8.217,normal
2026-10-06 17:36:41,F3,72.496,1.397,4.268,56.539,9.813,normal
2026-10-06 17:37:41,F3,79.917,1.715,5.548,59.271,10.324,failure
2026-10-06 17:38:41,F3,63.251,1.545,5.255,36.794,8.07,normal
2026-10-06 17:39:41,F3,68.03,2.18,4.646,53.493,11.106,failure
2026-10-06 17:40:41,F3,84.483,1.359,5.608,44.339,9.973,normal
2026-10-06 17:41:41,F3,64.735,1.573,3.956,48.967,8.02,normal
2026-10-06 17:42:41,F3,72.922,1.679,4.67,52.464,10.425,normal
2026-10-06 17:43:41,F3,63.868,1.363,4.351,57.972,9.925,normal
2026-10-06 17:44:41,F3,84.7,1.792,4.826,62.91,8.568,failure
2026-10-06 17:45:41,F3,66.416,1.696,3.913,40.997,10.75,normal
2026-10-06 17:46:41,F3,67.255,1.786,5.274,50.097,10.041,normal
2026-10-06 17:47:41,F3,58.414,1.555,4.831,47.96,10.35,normal
2026-10-06 17:48:41,F3,67.943,1.92,3.872,44.789,10.157,failure
2026-10-06 17:49:41,F3,61.595,1.791,5.017,46.239,8.645,normal
2026-10-06 17:50:41,F3,68.125,1.479,5.6,55.887,8.956,normal
2026-10-06 17:51:41,F3,68.507,2.087,4.059,40.568,9.07,normal
2026-10-06 17:52:41,F3,66.672,1.505,5.818,43.173,9.222,normal
2026-10-06 17:53:41,F3,68.833,1.263,4.539,53.934,7.758,normal
2026-10-06 17:54:41,F3,59.934,1.644,4.05,46.741,9.243,normal
2026-10-06 17:55:41,F3,54.811,1.668,4.191,55.239,8.98,normal
2026-10-06 17:56:41,F3,76.664,1.661,5.184,57.631,13.25,failure
2026-10-06 17:57:41,F3,70.305,1.592,5.295,47.364,10.857,normal
2026-10-06 17:58:41,F3,69.707,1.466,3.33,39.189,10.96,failure
2026-10-06 17:59:41,F3,65.887,1.444,4.379,32.981,7.715,normal
2026-10-06 18:00:41,F3,49.516,1.677,5.759,53.354,9.321,normal
2026-10-06 18:01:41,F3,86.424,1.797,4.812,54.158,7.617,failure
2026-10-06 18:02:41,F3,74.017,1.626,5.394,38.613,12.944,normal
2026-10-06 18:03:41,F3,65.645,2.102,4.86,61.014,10.029,normal
2026-10-06 18:04:41,F3,76.166,2.261,5.101,57.562,8.488,failure
2026-10-06 18:05:41,F3,74.359,1.664,4.328,58.376,9.79,normal
2026-10-06 18:06:41,F3,61.415,1.477,5.19,49.021,9.905,normal
2026-10-06 18:07:41,F3,83.235,1.72,5.228,42.312,10.708,failure
2026-10-06 18:08:41,F3,92.001,1.813,5.308,39.401,7.776,normal
2026-10-06 18:09:41,F3,65.608,1.789,5.101,53.329,10.58,normal
2026-10-06 18:10:41,F3,73.95,1.723,3.766,41.77,7.512,normal
2026-10-06 18:11:41,F3,68.606,2.044,4.343,40.884,8.784,normal
2026-10-06 18:12:41,F3,78.891,1.74,5.129,46.934,8.993,normal
2026-10-06 18:13:41,F3,61.199,1.614,5.365,43.455,8.29,normal
2026-10-06 18:14:41,F3,68.8,1.717,3.694,50.609,9.55,normal
2026-10-06 18:15:41,F3,68.762,1.733,4.593,44.074,12.39,failure
2026-10-06 18:16:41,F3,68.446,1.68,3.361,36.315,11.802,normal
2026-10-06 18:17:41,F3,59.738,1.278,5.187,52.75,7.524,normal
2026-10-06 18:18:41,F3,68.425,1.87,3.859,48.77,9.671,normal
2026-10-06 18:19:41,F3,50.429,1.701,5.183,57.387,10.481,normal
2026-10-06 18:20:41,F3,66.703,2.001,5.745,46.581,8.874,normal
2026-10-06 18:21:41,F3,64.273,1.742,4.191,46.09,10.746,normal
2026-10-06 18:22:41,F3,70.469,1.671,4.908,59.154,7.346,normal
2026-10-06 18:23:41,F3,74.676,1.933,5.494,37.299,10.882,failure
2026-10-06 18:24:41,F3,77.821,1.442,5.236,33.583,9.436,normal
2026-10-06 18:25:41,F3,77.427,1.767,3.687,43.176,8.046,normal
2026-10-06 18:26:41,F3,78.847,1.668,5.692,54.366,9.937,normal
2026-10-06 18:27:41,F3,74.964,1.776,3.851,57.855,10.384,normal
2026-10-06 18:28:41,F3,61.29,1.681,4.931,45.239,7.272,normal
2026-10-06 18:29:41,F3,78.764,1.57,3.957,38.161,8.503,normal
2026-10-06 18:30:41,F3,80.896,1.731,4.77,54.907,9.276,failure
2026-10-06 18:31:41,F3,81.331,1.795,5.198,41.179,8.661,failure
2026-10-06 18:32:41,F3,68.255,1.434,4.164,52.364,7.426,normal
2026-10-06 18:33:41,F3,52.785,1.876,6.379,47.716,7.352,normal
2026-10-06 18:34:41,F3,74.398,1.524,3.239,46.42,9.399,normal
2026-10-06 18:35:41,F3,59.756,1.527,4.974,53.635,9.911,normal
2026-10-06 18:36:41,F3,79.278,1.626,4.634,51.615,8.941,normal
2026-10-06 18:37:41,F3,69.808,1.313,6.043,48.887,10.477,normal
2026-10-06 18:38:41,F3,70.936,1.832,5.647,51.865,8.647,normal
2026-10-06 18:39:41,F3,65.363,1.545,4.169,55.056,7.066,normal
2026-10-06 18:40:41,F3,67.755,1.625,4.882,55.346,9.179,normal
2026-10-06 18:41:41,F3,75.168,1.8,4.428,57.399,8.376,normal
2026-10-06 18:42:41,F3,63.263,1.473,4.947,47.945,8.163,normal
2026-10-06 18:43:41,F3,103.664,1.697,4.025,55.233,8.525,normal
2026-10-06 18:44:41,F3,76.166,1.786,5.38,51.702,9.389,failure
2026-10-06 18:45:41,F3,59.232,1.647,5.358,44.828,12.174,normal
2026-10-06 18:46:41,F3,57.509,2.097,6.129,50.091,10.079,normal
2026-10-06 18:47:41,F3,71.25,1.957,4.937,49.775,7.418,normal
2026-10-06 18:48:41,F3,80.877,1.77,4.855,59.375,8.305,normal
2026-10-06 18:49:41,F3,66.771,1.68,3.869,43.647,9.45,normal
2026-10-06 18:50:41,F3,67.456,1.751,4.628,45.342,7.545,normal
2026-10-06 18:51:41,F3,76.144,1.645,4.412,67.61,8.208,normal
2026-10-06 18:52:41,F3,55.132,1.574,4.142,52.026,8.084,normal
2026-10-06 18:53:41,F3,67.276,1.592,4.133,49.998,7.839,normal
2026-10-06 18:54:41,F3,56.832,1.823,5.473,44.149,12.012,normal
2026-10-06 18:55:41,F3,80.594,1.489,3.754,40.223,10.352,normal
2026-10-06 18:56:41,F3,68.131,1.653,4.44,32.088,6.141,normal
2026-10-06 18:57:41,F3,82.252,1.612,4.846,37.827,9.676,normal
2026-10-06 18:58:41,F3,74.606,2.133,2.96,46.596,8.506,failure
2026-10-06 18:59:41,F3,61.657,1.809,6.084,42.394,11.176,failure
2026-10-06 19:00:41,F3,58.331,1.763,4.721,45.482,11.734,failure
2026-10-06 19:01:41,F3,70.688,1.269,5.432,40.953,8.246,normal
2026-10-06 19:02:41,F3,54.109,1.339,4.729,49.388,8.534,normal
2026-10-06 19:03:41,F3,77.144,2.108,3.458,49.876,10.502,normal
2026-10-06 19:04:41,F3,62.687,1.802,6.36,57.015,9.227,normal
2026-10-06 19:05:41,F3,71.511,1.731,5.682,49.428,9.274,failure
2026-10-06 19:06:41,F3,73.237,1.608,5.786,52.148,11.79,normal
2026-10-06 19:07:41,F3,60.101,1.716,4.127,54.095,9.482,normal
2026-10-06 19:08:41,F3,73.101,1.729,5.26,38.16,8.635,normal
2026-10-06 19:09:41,F3,65.633,1.565,3.853,55.117,8.604,normal
2026-10-06 19:10:41,F3,64.342,1.317,5.352,47.467,6.411,normal
2026-10-06 19:11:41,F3,69.649,1.634,5.492,53.222,8.992,normal
2026-10-06 19:12:41,F3,65.144,1.633,5.201,42.392,10.737,failure
2026-10-06 19:13:41,F3,61.159,1.509,3.82,43.865,10.34,normal
2026-10-06 19:14:41,F3,72.179,1.387,5.278,41.194,8.828,failure
2026-10-06 19:15:41,F3,62.601,1.493,4.297,58.635,8.908,normal
2026-10-06 19:16:41,F3,70.31,1.781,4.439,53.041,8.766,normal
2026-10-06 19:17:41,F3,84.201,1.586,4.931,35.809,8.489,normal
2026-10-06 19:18:41,F3,87.538,1.739,3.673,52.08,8.13,failure
2026-10-06 19:19:41,F3,70.733,1.818,4.868,50.155,11.653,failure
2026-10-06 19:20:41,F3,80.83,1.466,2.537,59.241,5.326,normal
2026-10-06 19:21:41,F3,63.129,1.888,4.816,38.867,9.944,failure
2026-10-06 19:22:41,F3,67.099,1.721,3.396,57.948,10.984,failure
2026-10-06 19:23:41,F3,50.766,1.566,5.863,39.943,7.884,normal
2026-10-06 19:24:41,F3,68.981,1.618,4.731,50.497,8.792,failure
2026-10-06 19:25:41,F3,58.851,1.605,4.838,48.468,7.33,normal
2026-10-06 19:26:41,F3,84.056,1.766,3.342,49.79,10.051,failure
2026-10-06 19:27:41,F3,77.191,1.746,5.758,48.619,8.339,normal
2026-10-06 19:28:41,F3,75.318,1.837,5.109,45.626,6.488,normal
2026-10-06 19:29:41,F3,55.009,1.956,5.175,41.358,9.229,normal
2026-10-06 19:30:41,F3,73.153,1.633,4.922,50.173,9.728,normal
2026-10-06 19:31:41,F3,66.636,1.611,4.461,59.218,11.706,normal
2026-10-06 19:32:41,F3,72.547,1.622,4.778,59.028,7.973,normal
2026-10-06 19:33:41,F3,62.514,1.738,3.038,45.738,8.55,normal
2026-10-06 19:34:41,F3,63.552,1.432,5.4,40.157,12.358,normal
2026-10-06 19:35:41,F3,84.727,1.397,5.9,46.713,9.351,normal
2026-10-06 19:36:41,F3,79.01,1.597,4.82,53.692,2.028,normal
2026-10-06 19:37:41,F3,71.153,1.598,4.12,43.072,9.071,normal
2026-10-06 19:38:41,F3,70.691,1.438,4.68,44.89,8.376,normal
2026-10-06 19:39:41,F3,72.856,1.465,5.332,47.958,8.249,normal
2026-10-06 19:40:41,F3,71.806,1.615,4.11,52.01,8.975,normal
2026-10-06 19:41:41,F3,65.858,1.353,5.869,34.492,6.94,normal
2026-10-06 19:42:41,F3,79.18,1.668,3.643,48.945,7.828,normal
2026-10-06 19:43:41,F3,69.118,1.721,5.194,44.259,9.525,normal
2026-10-06 19:44:41,F3,73.518,1.266,5.022,51.939,7.68,normal
2026-10-06 19:45:41,F3,62.998,1.453,5.346,57.16,9.255,normal
2026-10-06 19:46:41,F3,74.965,1.919,5.562,53.99,8.058,failure
2026-10-06 19:47:41,F3,69.77,1.372,4.926,53.599,7.192,normal
2026-10-06 19:48:41,F3,46.96,1.867,5.609,45.973,9.262,normal
2026-10-06 19:49:41,F3,77.218,1.451,5.402,47.895,9.914,normal
2026-10-06 19:50:41,F3,70.313,1.773,4.882,47.06,7.483,normal
2026-10-06 19:51:41,F3,84.656,1.863,5.044,43.204,7.241,normal
2026-10-06 19:52:41,F3,77.507,1.905,5.256,48.353,10.43,normal
2026-10-06 19:53:41,F3,77.997,1.734,5.056,50.598,7.231,normal
2026-10-06 19:54:41,F3,72.769,1.248,4.721,45.161,10.287,normal
2026-10-06 19:55:41,F3,64.835,1.874,4.7,55.945,8.685,normal
2026-10-06 19:56:41,F3,74.224,1.62,4.88,52.551,8.656,failure
2026-10-06 19:57:41,F3,78.659,1.887,4.665,38.346,9.11,failure
2026-10-06 19:58:41,F3,73.903,1.413,4.651,36.104,7.923,normal
2026-10-06 19:59:41,F3,60.674,1.686,4.61,53.107,10.16,normal
2026-10-06 20:00:41,F3,77.875,1.181,6.616,49.898,7.824,normal
2026-10-06 20:01:41,F3,63.733,1.907,4.788,57.325,10.231,normal
2026-10-06 20:02:41,F3,72.738,1.372,5.232,60.88,8.752,normal
2026-10-06 20:03:41,F3,61.243,1.684,5.504,49.317,10.422,failure
2026-10-06 20:04:41,F3,66.655,1.422,4.205,35.394,10.683,normal
2026-10-06 20:05:41,F3,55.61,1.56,4.042,57.89,11.12,normal
2026-10-06 20:06:41,F3,76.317,1.922,4.498,39.803,11.644,normal
2026-10-06 20:07:41,F3,57.751,1.54,5.505,47.862,6.824,normal
2026-10-06 20:08:41,F3,66.859,1.323,5.361,59.597,7.133,normal
2026-10-06 20:09:41,F3,63.437,1.486,5.062,44.745,9.508,normal
2026-10-06 20:10:41,F3,73.236,1.762,3.57,44.749,10.451,normal
2026-10-06 20:11:41,F3,70.46,1.624,4.844,48.861,5.659,normal
2026-10-06 20:12:41,F3,77.829,1.596,4.338,43.722,8.825,normal
2026-10-06 20:13:41,F3,65.394,1.461,4.211,51.429,8.251,normal
2026-10-06 20:14:41,F3,80.461,1.368,4.708,48.357,10.903,normal
2026-10-06 20:15:41,F3,53.134,1.73,4.318,46.95,8.612,normal
2026-10-06 20:16:41,F3,59.965,1.449,4.712,45.591,10.251,normal
2026-10-06 20:17:41,F3,83.61,1.257,4.221,60.246,12.143,normal
2026-10-06 20:18:41,F3,66.001,1.417,4.562,46.749,12.276,normal
2026-10-06 20:19:41,F3,61.163,1.316,5.037,51.777,9.223,normal
2026-10-06 20:20:41,F3,66.294,1.482,4.542,52.615,8.581,normal
2026-10-06 20:21:41,F3,59.583,1.273,4.972,66.408,12.918,normal
2026-10-06 20:22:41,F3,71.648,1.327,4.186,40.261,10.82,normal
2026-10-06 20:23:41,F3,66.083,1.369,5.734,46.472,10.902,normal
2026-10-06 20:24:41,F3,63.489,1.731,3.818,62.442,9.213,normal
2026-10-06 20:25:41,F3,64.475,1.899,4.519,50.286,8.568,failure
2026-10-06 20:26:41,F3,83.339,1.472,4.654,52.029,9.242,normal
2026-10-06 20:27:41,F3,67.57,1.685,3.786,42.479,11.124,normal
2026-10-06 20:28:41,F3,51.534,1.809,5.588,55.779,8.229,failure
2026-10-06 20:29:41,F3,65.592,1.755,4.804,44.617,11.369,normal
2026-10-06 20:30:41,F3,60.913,1.266,4.993,54.175,8.464,normal
2026-10-06 20:31:41,F3,71.438,1.551,3.407,54.496,13.227,normal
2026-10-06 20:32:41,F3,63.912,1.426,5.609,54.05,9.406,normal
2026-10-06 20:33:41,F3,75.718,1.433,4.667,34.8,9.727,failure
2026-10-06 20:34:41,F3,77.384,1.798,2.01,45.851,10.563,normal
2026-10-06 20:35:41,F3,63.497,1.696,3.787,52.765,8.203,normal
2026-10-06 20:36:41,F3,96.29,1.483,4.711,36.983,11.052,normal
2026-10-06 20:37:41,F3,81.855,1.647,3.066,51.315,11.128,normal
2026-10-06 20:38:41,F3,71.062,1.256,5.321,44.905,9.796,normal
2026-10-06 20:39:41,F3,54.554,1.594,4.034,34.336,10.698,normal
2026-10-06 20:40:41,F3,72.987,1.843,3.701,52.26,7.324,normal
2026-10-06 20:41:41,F3,69.596,1.444,5.36,44.66,9.96,normal
2026-10-06 20:42:41,F3,53.535,1.353,5.104,46.258,8.65,normal
2026-10-06 20:43:41,F3,64.989,1.665,4.981,59.373,9.974,normal
2026-10-06 20:44:41,F3,75.586,1.5,3.966,62.098,10.333,normal
2026-10-06 20:45:41,F3,57.002,1.296,4.776,45.114,7.622,normal
2026-10-06 20:46:41,F3,82.144,1.655,3.955,46.229,8.684,normal
2026-10-06 20:47:41,F3,63.324,1.376,5.047,64.945,11.044,normal
2026-10-06 20:48:41,F3,54.571,2.017,6.053,49.237,11.236,normal
2026-10-06 20:49:41,F3,76.101,1.592,3.683,50.594,6.785,normal
2026-10-06 20:50:41,F3,68.492,1.279,4.179,42.399,9.956,normal
2026-10-06 20:51:41,F3,53.358,1.194,5.983,54.467,8.656,normal
2026-10-06 20:52:41,F3,66.144,1.595,5.179,51.639,8.479,normal
2026-10-06 20:53:41,F3,70.024,1.462,4.571,52.601,10.057,normal
2026-10-06 20:54:41,F3,71.533,1.517,4.402,49.919,10.456,normal
2026-10-06 20:55:41,F3,69.479,1.619,4.246,40.416,6.373,normal
2026-10-06 20:56:41,F3,69.998,1.654,4.275,50.347,9.736,normal
2026-10-06 20:57:41,F3,87.426,1.468,5.461,57.704,10.776,normal
2026-10-06 20:58:41,F3,71.945,1.526,5.373,41.562,9.911,normal
2026-10-06 20:59:41,F3,61.049,1.462,4.082,48.927,9.109,normal
2026-10-06 21:00:41,F3,66.23,1.75,4.937,59.18,8.269,normal
2026-10-06 21:01:41,F3,54.585,1.553,4.004,45.876,9.862,normal
2026-10-06 21:02:41,F3,64.72,1.688,5.537,60.96,5.876,normal
2026-10-06 21:03:41,F3,77.605,1.276,3.847,53.498,9.005,normal
2026-10-06 21:04:41,F3,65.891,1.437,4.653,55.045,12.327,normal
2026-10-06 21:05:41,F3,68.357,1.39,5.099,41.497,9.559,normal
2026-10-06 21:06:41,F3,82.413,1.64,4.877,58.368,12.347,failure
2026-10-06 21:07:41,F3,61.335,1.951,4.055,47.712,9.321,normal
2026-10-06 21:08:41,F3,70.869,1.766,5.195,46.794,9.856,normal
2026-10-06 21:09:41,F3,80.909,1.77,5.134,48.324,7.377,normal
2026-10-06 21:10:41,F3,66.473,1.443,3.915,51.746,12.444,normal
2026-10-06 21:11:41,F3,67.54,1.14,5.525,53.125,9.25,normal
2026-10-06 21:12:41,F3,63.581,1.357,6.18,43.613,11.106,normal
2026-10-06 21:13:41,F3,85.948,1.32,4.583,47.532,9.89,normal
2026-10-06 21:14:41,F3,55.562,1.688,2.628,59.786,8.529,normal
2026-10-06 21:15:41,F3,69.835,1.325,5.007,37.997,7.152,normal
2026-10-06 21:16:41,F3,69.068,1.335,3.427,34.68,10.295,normal
2026-10-06 21:17:41,F3,69.158,1.711,5.333,55.347,9.999,normal
2026-10-06 21:18:41,F3,78.021,1.637,5.421,32.087,9.768,normal
2026-10-06 21:19:41,F3,48.72,1.307,4.436,55.16,8.959,normal
2026-10-06 21:20:41,F3,70.261,1.505,4.178,42.157,10.286,normal
2026-10-06 21:21:41,F3,70.913,1.964,4.891,44.224,5.357,normal
2026-10-06 21:22:41,F3,85.413,1.506,3.334,37.339,9.672,normal
2026-10-06 21:23:41,F3,76.328,1.674,5.644,43.052,5.793,normal
2026-10-06 21:24:41,F3,79.499,1.488,4.358,53.533,9.195,normal
2026-10-06 21:25:41,F3,61.999,1.344,4.647,44.619,10.248,normal
2026-10-06 21:26:41,F3,69.14,1.562,4.688,42.023,9.887,normal
2026-10-06 21:27:41,F3,65.759,1.501,4.956,51.854,10.02,normal
2026-10-06 21:28:41,F3,60.906,1.46,4.773,57.127,7.697,normal
2026-10-06 21:29:41,F3,67.63,1.413,4.564,58.521,10.053,normal
2026-10-06 21:30:41,F3,62.897,1.296,4.443,49.279,6.239,normal
2026-10-06 21:31:41,F3,79.73,1.356,3.659,28.602,7.746,normal
2026-10-06 21:32:41,F3,71.536,1.257,5.231,52.027,9.826,normal
2026-10-06 21:33:41,F3,70.154,1.199,4.967,44.661,5.574,normal
2026-10-06 21:34:41,F3,73.619,1.23,4.361,51.582,8.867,normal
2026-10-06 21:35:41,F3,87.619,1.346,3.097,32.672,11.174,normal
2026-10-06 21:36:41,F3,64.721,1.246,5.546,47.492,11.007,normal
2026-10-06 21:37:41,F3,57.342,1.601,3.947,51.99,8.812,normal
2026-10-06 21:38:41,F3,63.392,1.35,4.769,51.89,11.587,normal
2026-10-06 21:39:41,F3,74.29,1.331,4.129,51.117,5.933,normal
2026-10-06 21:40:41,F3,68.113,1.259,3.795,61.674,8.789,normal
2026-10-06 21:41:41,F3,52.054,1.672,4.876,34.579,9.487,normal
2026-10-06 21:42:41,F3,75.644,1.473,5.4,51.897,10.814,normal
2026-10-06 21:43:41,F3,70.056,1.479,4.011,49.76,7.692,normal
2026-10-06 21:44:41,F3,69.91,1.58,5.165,41.734,10.779,normal
2026-10-06 21:45:41,F3,73.497,1.317,4.28,53.404,7.816,normal
2026-10-06 21:46:41,F3,64.745,1.189,4.566,49.227,11.838,normal
2026-10-06 21:47:41,F3,65.789,1.505,4.585,51.287,10.462,normal
2026-10-06 21:48:41,F3,91.378,1.542,4.925,49.115,9.991,failure
2026-10-06 21:49:41,F3,68.233,1.516,4.644,50.065,11.326,normal
2026-10-06 21:50:41,F3,64.245,1.692,3.892,51.843,10.919,normal
2026-10-06 21:51:41,F3,61.984,1.339,5.013,57.19,9.134,normal
2026-10-06 21:52:41,F3,64.741,1.417,5.064,39.772,13.351,normal
2026-10-06 21:53:41,F3,65.443,1.539,5.278,51.934,9.757,normal
2026-10-06 21:54:41,F3,92.508,1.671,2.69,65.605,6.876,normal
2026-10-06 21:55:41,F3,71.422,1.727,5.264,35.935,11.152,normal
2026-10-06 21:56:41,F3,56.678,1.41,3.887,49.123,10.197,normal
2026-10-06 21:57:41,F3,75.546,1.53,4.487,48.739,10.588,normal
2026-10-06 21:58:41,F3,65.924,1.329,5.184,48.336,9.92,normal
2026-10-06 21:59:41,F3,63.672,1.194,4.35,47.127,9.998,normal
2026-10-06 22:00:41,F3,84.648,1.892,4.009,45.833,8.429,failure
2026-10-06 22:01:41,F3,68.857,1.501,3.979,55.742,10.018,normal
2026-10-06 22:02:41,F3,53.746,1.217,4.741,40.052,9.723,normal
2026-10-06 22:03:41,F3,49.948,1.658,3.801,48.041,8.176,normal
2026-10-06 22:04:41,F3,61.813,1.418,3.384,47.696,8.025,normal
2026-10-06 22:05:41,F3,65.902,1.832,5.37,43.533,11.546,normal
2026-10-06 22:06:41,F3,58.414,1.626,5.055,55.205,9.469,normal
2026-10-06 22:07:41,F3,79.679,1.601,5.119,37.455,7.876,normal
2026-10-06 22:08:41,F3,65.513,1.169,5.409,48.961,10.048,normal
2026-10-06 22:09:41,F3,66.893,1.409,4.054,49.619,11.693,normal
2026-10-06 22:10:41,F3,80.637,1.651,3.982,48.64,9.114,normal
2026-10-06 22:11:41,F3,65.77,1.662,4.864,47.868,8.034,normal
2026-10-06 22:12:41,F3,64.802,1.423,3.28,45.484,7.54,normal
2026-10-06 22:13:41,F3,61.075,1.284,4.635,54.454,11.097,normal
2026-10-06 22:14:41,F3,76.9,1.364,5.38,51.208,11.84,normal
2026-10-06 22:15:41,F3,65.696,1.616,4.477,44.517,8.304,normal
2026-10-06 22:16:41,F3,61.49,1.042,5.014,48.729,10.419,normal
2026-10-06 22:17:41,F3,71.131,1.346,3.762,55.227,9.487,normal
2026-10-06 22:18:41,F3,51.617,1.475,4.795,37.836,7.478,normal
2026-10-06 22:19:41,F3,75.671,1.096,3.638,55.327,10.514,normal
2026-10-06 22:20:41,F3,68.69,1.412,3.681,58.723,7.64,normal
2026-10-06 22:21:41,F3,62.473,1.71,3.961,38.867,6.913,normal
2026-10-06 22:22:41,F3,69.808,1.776,3.84,49.013,8.534,normal
2026-10-06 22:23:41,F3,64.315,1.469,3.412,49.535,7.714,normal
2026-10-06 22:24:41,F3,73.372,2.114,5.21,56.336,10.502,normal
2026-10-06 22:25:41,F3,66.578,1.326,5.139,44.743,9.86,normal
2026-10-06 22:26:41,F3,66.608,1.499,5.379,42.49,8.136,normal
2026-10-06 22:27:41,F3,59.558,1.148,3.664,54.638,5.669,normal
2026-10-06 22:28:41,F3,62.301,1.786,4.592,45.372,8.111,normal
2026-10-06 22:29:41,F3,80.163,1.247,4.661,60.92,12.06,normal
2026-10-06 22:30:41,F3,70.766,1.226,5.099,51.582,6.55,normal
2026-10-06 22:31:41,F3,65.878,1.107,4.102,48.853,9.7,normal
2026-10-06 22:32:41,F3,75.756,1.516,4.561,53.566,11.321,normal
2026-10-06 22:33:41,F3,54.241,1.633,5.365,44.012,11.253,normal
2026-10-06 22:34:41,F3,71.078,1.126,4.396,58.557,7.247,normal
2026-10-06 22:35:41,F3,71.012,1.487,4.611,50.352,7.578,normal
2026-10-06 22:36:41,F3,65.69,1.708,4.834,50.831,8.761,normal
2026-10-06 22:37:41,F3,74.107,1.349,5.673,39.358,7.21,normal
2026-10-06 22:38:41,F3,67.864,1.278,4.186,42.124,7.522,normal
2026-10-06 22:39:41,F3,60.501,1.234,5.968,45.214,8.163,normal
2026-10-06 22:40:41,F3,74.199,1.468,4.011,46.525,8.618,normal
2026-10-06 22:41:41,F3,73.811,1.606,2.558,47.436,10.12,normal
2026-10-06 22:42:41,F3,68.048,1.568,5.343,48.409,8.093,normal
2026-10-06 22:43:41,F3,73.977,0.976,4.688,38.546,5.976,normal
2026-10-06 22:44:41,F3,57.473,1.403,4.083,43.942,8.911,normal
2026-10-06 22:45:41,F3,57.633,1.675,4.695,50.818,5.104,normal
2026-10-06 22:46:41,F3,77.763,1.178,5.557,50.617,10.575,normal
2026-10-06 22:47:41,F3,63.714,1.527,2.667,50.555,8.553,normal
2026-10-06 22:48:41,F3,72.301,1.5,3.883,42.783,9.841,normal
2026-10-06 22:49:41,F3,68.957,1.412,3.504,55.839,9.22,normal
2026-10-06 22:50:41,F3,68.857,1.53,5.37,57.64,11.398,normal
2026-10-06 22:51:41,F3,57.55,1.559,4.235,51.697,9.957,normal
2026-10-06 22:52:41,F3,67.259,1.416,4.876,58.864,11.823,normal
2026-10-06 22:53:41,F3,70.69,1.702,5.111,51.539,10.33,normal
2026-10-06 22:54:41,F3,61.41,1.529,4.837,49.284,8.852,normal
2026-10-06 22:55:41,F3,66.463,1.442,3.655,42.264,9.835,normal
2026-10-06 22:56:41,F3,75.897,1.518,3.847,47.077,7.011,normal
2026-10-06 22:57:41,F3,71.213,1.005,5.363,47.81,9.007,normal
2026-10-06 22:58:41,F3,68.498,1.681,5.122,41.253,13.471,normal
2026-10-06 22:59:41,F3,73.652,1.803,5.129,49.794,9.061,failure
2026-10-06 23:00:41,F3,64.634,1.392,5.191,53.885,13.042,normal
2026-10-06 23:01:41,F3,67.905,1.735,4.886,45.514,1.924,failure
2026-10-06 23:02:41,F3,57.698,1.333,2.962,50.131,10.518,normal
2026-10-06 23:03:41,F3,62.656,1.718,4.904,40.703,11.451,normal
2026-10-06 23:04:41,F3,66.758,1.332,5.118,62.733,9.917,normal
2026-10-06 23:05:41,F3,58.803,1.409,4.943,53.243,8.685,normal
2026-10-06 23:06:41,F3,72.761,1.373,5.577,46.692,9.305,normal
2026-10-06 23:07:41,F3,72.133,1.34,4.334,51.074,11.043,normal
2026-10-06 23:08:41,F3,56.408,1.585,5.506,55.775,7.162,normal
2026-10-06 23:09:41,F3,75.815,1.354,5.4,36.55,8.12,normal
2026-10-06 23:10:41,F3,68.476,1.144,6.227,53.347,10.786,normal
2026-10-06 23:11:41,F3,82.1,1.444,4.015,37.123,8.858,normal
2026-10-06 23:12:41,F3,75.461,1.38,5.261,51.503,8.203,normal
2026-10-06 23:13:41,F3,73.734,1.347,3.297,30.792,9.43,normal
2026-10-06 23:14:41,F3,67.43,1.4,3.876,58.119,7.775,normal
2026-10-06 23:15:41,F3,68.079,1.739,4.161,50.396,7.747,normal
2026-10-06 23:16:41,F3,65.123,1.058,4.35,48.738,7.012,normal
2026-10-06 23:17:41,F3,60.94,1.46,6.125,50.067,7.808,normal
2026-10-06 23:18:41,F3,61.375,1.347,3.793,37.782,12.266,normal
2026-10-06 23:19:41,F3,61.426,1.329,4.774,39.807,7.203,normal
2026-10-06 23:20:41,F3,52.337,1.458,3.799,47.566,9.971,normal
2026-10-06 23:21:41,F3,69.869,1.252,4.121,46.328,9.199,normal
2026-10-06 23:22:41,F3,58.209,1.601,4.626,51.557,9.608,normal
2026-10-06 23:23:41,F3,70.595,1.04,5.044,49.615,7.801,normal
2026-10-06 23:24:41,F3,72.755,1.5,3.775,45.778,9.093,normal
2026-10-06 23:25:41,F3,66.896,1.362,5.273,45.083,8.7,normal
2026-10-06 23:26:41,F3,68.572,1.672,5.14,51.22,8.895,normal
2026-10-06 23:27:41,F3,82.543,1.369,3.829,54.668,7.097,normal
2026-10-06 23:28:41,F3,68.877,1.414,4.992,43.525,8.646,normal
2026-10-06 23:29:41,F3,71.13,1.363,3.547,39.816,8.017,normal
2026-10-06 23:30:41,F3,72.736,1.207,4.23,62.746,9.078,normal
2026-10-06 23:31:41,F3,67.526,1.665,4.659,46.964,8.274,normal
2026-10-06 23:32:41,F3,66.429,1.209,3.937,40.323,10.104,normal
2026-10-06 23:33:41,F3,67.545,1.062,5.048,53.884,8.672,normal
2026-10-06 23:34:41,F3,89.618,1.271,5.049,44.137,12.191,normal
2026-10-06 23:35:41,F3,66.112,1.258,4.378,38.202,8.636,normal
2026-10-06 23:36:41,F3,63.166,1.203,4.991,58.501,7.163,normal
2026-10-06 23:37:41,F3,68.115,1.399,5.261,50.999,8.214,normal
2026-10-06 23:38:41,F3,70.245,1.052,4.304,61.7,11.56,normal
2026-10-06 23:39:41,F3,60.608,1.647,3.824,50.055,8.738,normal
2026-10-06 23:40:41,F3,72.224,1.601,4.276,51.462,10.352,normal
2026-10-06 23:41:41,F3,64.464,1.265,5.007,53.475,8.72,normal
2026-10-06 23:42:41,F3,66.303,1.15,3.234,37.894,9.423,normal
2026-10-06 23:43:41,F3,69.33,1.873,4.679,54.998,11.419,normal
2026-10-06 23:44:41,F3,73.342,1.417,4.837,49.55,9.608,normal
2026-10-06 23:45:41,F3,82.667,1.104,4.822,55.065,9.662,normal
2026-10-06 23:46:41,F3,63.363,1.77,4.148,48.797,8.242,normal
2026-10-06 23:47:41,F3,83.546,1.656,4.277,42.796,7.4,failure
2026-10-06 23:48:41,F3,57.152,1.263,5.005,53.439,9.234,normal
2026-10-06 23:49:41,F3,54.751,1.125,3.707,40.084,10.933,normal
2026-10-06 23:50:41,F3,65.741,1.084,5.198,52.863,9.374,normal
2026-10-06 23:51:41,F3,68.458,1.055,5.14,49.653,7.504,normal
2026-10-06 23:52:41,F3,66.96,1.303,5.675,54.679,9.485,normal
2026-10-06 23:53:41,F3,67.247,1.268,4.281,60.584,10.938,normal
2026-10-06 23:54:41,F3,71.773,1.122,5.138,44.875,11.032,normal
2026-10-06 23:55:41,F3,68.088,1.458,4.831,38.288,9.218,normal
2026-10-06 23:56:41,F3,69.52,1.221,3.623,50.073,9.498,normal
2026-10-06 23:57:41,F3,69.078,1.573,3.341,37.225,9.54,normal
2026-10-06 23:58:41,F3,76.87,1.592,4.938,56.105,9.351,normal
2026-10-06 23:59:41,F3,67.877,1.161,4.775,55.372,8.55,normal
2026-10-07 00:00:41,F3,47.892,1.27,4.847,62.87,8.992,normal
2026-10-07 00:01:41,F3,67.797,1.616,4.506,37.952,8.26,failure
2026-10-07 00:02:41,F3,54.632,1.425,5.3,44.96,10.782,normal
2026-10-07 00:03:41,F3,68.997,1.401,4.744,54.983,9.638,normal
2026-10-07 00:04:41,F3,66.638,1.54,2.377,52.806,9.992,normal
2026-10-07 00:05:41,F3,74.663,1.229,3.933,62.422,10.671,normal
2026-10-07 00:06:41,F3,63.004,0.968,3.506,45.441,8.635,normal
2026-10-07 00:07:41,F3,59.189,1.474,3.591,39.66,9.85,normal
2026-10-07 00:08:41,F3,69.483,1.247,4.477,59.223,7.909,normal
2026-10-07 00:09:41,F3,59.717,1.492,5.416,36.216,8.854,normal
2026-10-07 00:10:41,F3,74.951,1.351,2.948,45.253,7.795,normal
2026-10-07 00:11:41,F3,80.445,1.233,4.7,52.784,10.101,normal
2026-10-07 00:12:41,F3,75.48,1.342,4.438,42.526,11.251,normal
2026-10-07 00:13:41,F3,71.793,1.334,4.825,34.559,8.451,normal
2026-10-07 00:14:41,F3,75.74,1.433,4.91,40.819,7.686,normal
2026-10-07 00:15:41,F3,74.63,1.337,4.022,42.638,10.317,normal
2026-10-07 00:16:41,F3,67.299,1.467,4.784,49.518,10.903,normal
2026-10-07 00:17:41,F3,74.103,1.112,4.346,47.731,11.306,normal
2026-10-07 00:18:41,F3,63.649,1.288,5.524,63.746,9.143,normal
2026-10-07 00:19:41,F3,63.995,1.227,5.007,49.395,9.771,normal
2026-10-07 00:20:41,F3,82.199,1.581,3.28,43.837,8.681,normal
2026-10-07 00:21:41,F3,64.784,1.243,5.098,54.327,9.668,normal
2026-10-07 00:22:41,F3,49.567,1.29,4.44,50.995,6.702,normal
2026-10-07 00:23:41,F3,59.585,1.455,4.626,44.092,8.111,normal
2026-10-07 00:24:41,F3,58.366,1.382,5.298,49.652,7.615,normal
2026-10-07 00:25:41,F3,111.123,1.628,5.595,39.815,9.198,failure
2026-10-07 00:26:41,F3,59.752,1.32,4.885,48.342,9.528,normal
2026-10-07 00:27:41,F3,56.722,1.405,4.347,39.929,11.7,normal
2026-10-07 00:28:41,F3,83.939,1.539,5.014,50.913,11.341,failure
2026-10-07 00:29:41,F3,77.519,1.434,4.204,39.26,11.813,normal
2026-10-07 00:30:41,F3,60.048,1.327,4.897,51.717,5.788,normal
2026-10-07 00:31:41,F3,68.964,1.423,4.187,56.027,13.305,normal
2026-10-07 00:32:41,F3,64.419,1.576,5.333,45.233,7.517,failure
2026-10-07 00:33:41,F3,58.326,1.445,4.247,44.841,6.143,normal
2026-10-07 00:34:41,F3,61.757,1.214,4.688,33.727,8.887,normal
2026-10-07 00:35:41,F3,56.967,1.41,5.247,50.959,9.002,normal
2026-10-07 00:36:41,F3,73.474,1.467,4.558,52.383,10.519,normal
2026-10-07 00:37:41,F3,66.356,1.296,4.946,43.744,6.596,normal
2026-10-07 00:38:41,F3,76.732,1.613,4.539,46.694,11.34,failure
2026-10-07 00:39:41,F3,61.556,1.276,4.529,48.357,6.39,normal
2026-10-07 00:40:41,F3,74.872,1.638,2.687,38.747,11.17,normal
2026-10-07 00:41:41,F3,62.264,1.148,4.015,58.053,10.155,normal
2026-10-07 00:42:41,F3,88.269,0.907,2.481,48.774,9.786,normal
2026-10-07 00:43:41,F3,79.212,1.176,4.188,47.879,9.824,normal
2026-10-07 00:44:41,F3,64.081,1.321,3.704,52.759,8.72,normal
2026-10-07 00:45:41,F3,72.938,1.091,3.875,50.554,8.194,normal
2026-10-07 00:46:41,F3,63.374,1.19,4.866,56.638,7.958,normal
2026-10-07 00:47:41,F3,73.917,1.132,4.339,48.024,10.925,normal
2026-10-07 00:48:41,F3,68.369,1.313,4.473,45.661,8.485,normal
2026-10-07 00:49:41,F3,66.704,0.957,3.636,47.324,6.775,normal
2026-10-07 00:50:41,F3,63.815,1.421,4.41,38.126,6.132,normal
2026-10-07 00:51:41,F3,71.367,1.212,4.78,36.942,10.391,normal
2026-10-07 00:52:41,F3,68.009,1.304,4.256,52.217,9.948,normal
2026-10-07 00:53:41,F3,66.836,1.473,4.959,46.042,5.486,normal
2026-10-07 00:54:41,F3,69.045,1.598,5.195,59.606,11.411,failure
2026-10-07 00:55:41,F3,79.011,1.023,5.175,55.919,9.296,normal
2026-10-07 00:56:41,F3,74.819,1.234,4.914,42.663,10.222,normal
2026-10-07 00:57:41,F3,70.96,1.307,4.456,50.243,11.481,normal
2026-10-07 00:58:41,F3,60.076,1.529,5.498,53.967,9.585,normal
2026-10-07 00:59:41,F3,71.951,1.415,4.168,48.607,10.802,normal
2026-10-07 01:00:41,F3,62.021,1.297,4.35,59.292,8.952,normal
2026-10-07 01:01:41,F3,49.708,1.309,4.626,52.717,9.75,normal
2026-10-07 01:02:41,F3,75.453,1.447,3.549,56.709,7.79,normal
2026-10-07 01:03:41,F3,77.696,1.085,5.401,49.316,9.587,normal
2026-10-07 01:04:41,F3,66.93,1.394,5.35,38.832,9.002,normal
2026-10-07 01:05:41,F3,83.004,0.915,3.637,47.489,9.978,normal
2026-10-07 01:06:41,F3,56.476,0.878,4.513,53.711,9.951,normal
2026-10-07 01:07:41,F3,74.729,1.27,2.617,41.819,10.017,normal
2026-10-07 01:08:41,F3,81.121,1.546,3.913,60.813,8.035,normal
2026-10-07 01:09:41,F3,67.491,0.604,3.352,40.995,10.044,normal
2026-10-07 01:10:41,F3,80.518,1.053,4.953,38.801,7.065,normal
2026-10-07 01:11:41,F3,75.395,1.296,2.991,42.481,8.052,normal
2026-10-07 01:12:41,F3,55.335,1.288,5.113,50.305,8.173,normal
2026-10-07 01:13:41,F3,70.548,1.484,5.207,51.121,8.606,normal
2026-10-07 01:14:41,F3,65.818,1.162,4.65,55.996,9.572,normal
2026-10-07 01:15:41,F3,52.594,1.015,5.53,43.796,11.544,normal
2026-10-07 01:16:41,F3,74.269,1.538,4.55,48.581,10.425,normal
2026-10-07 01:17:41,F3,53.878,1.263,3.769,50.058,9.986,normal
2026-10-07 01:18:41,F3,84.875,1.485,4.691,44.92,11.029,normal
2026-10-07 01:19:41,F3,61.626,0.95,4.618,10.188,7.438,normal
2026-10-07 01:20:41,F3,54.321,1.655,4.6,45.991,9.461,normal
2026-10-07 01:21:41,F3,74.08,1.193,4.884,64.019,7.184,normal
2026-10-07 01:22:41,F3,67.038,1.182,3.355,52.639,5.787,normal
2026-10-07 01:23:41,F3,65.821,1.467,4.498,56.486,9.601,normal
2026-10-07 01:24:41,F3,63.777,1.025,3.954,52.165,10.729,normal
2026-10-07 01:25:41,F3,72.168,1.349,4.75,44.579,9.009,normal
2026-10-07 01:26:41,F3,65.079,1.32,5.413,46.398,12.733,normal
2026-10-07 01:27:41,F3,76.087,1.312,3.996,45.245,8.41,normal
2026-10-07 01:28:41,F3,79.597,1.279,4.78,43.879,11.271,normal
2026-10-07 01:29:41,F3,59.074,1.085,3.639,39.341,10.268,normal
2026-10-07 01:30:41,F3,68.186,0.899,3.879,52.698,8.452,normal
2026-10-07 01:31:41,F3,58.104,1.457,3.409,41.083,8.33,normal
2026-10-07 01:32:41,F3,63.653,1.391,3.349,59.09,8.42,normal
2026-10-07 01:33:41,F3,56.637,1.278,2.605,56.351,10.475,normal
2026-10-07 01:34:41,F3,80.439,1.311,3.837,48.551,8.908,normal
2026-10-07 01:35:41,F3,84.662,1.293,2.024,45.804,9.002,normal
2026-10-07 01:36:41,F3,68.157,1.349,4.346,36.838,10.522,normal
2026-10-07 01:37:41,F3,48.447,0.883,5.706,33.748,9.457,normal
2026-10-07 01:38:41,F3,63.13,1.364,5.131,52.16,8.779,normal
2026-10-07 01:39:41,F3,71.457,1.204,4.71,55.679,8.997,normal
2026-10-07 01:40:41,F3,67.064,1.427,4.349,53.367,9.312,normal
2026-10-07 01:41:41,F3,67.869,1.288,3.577,46.664,9.584,normal
2026-10-07 01:42:41,F3,47.038,1.353,3.9,47.874,11.958,normal
2026-10-07 01:43:41,F3,69.88,1.149,3.813,46.511,7.893,normal
2026-10-07 01:44:41,F3,75.702,1.46,2.884,49.723,5.771,normal
2026-10-07 01:45:41,F3,79.051,0.93,4.815,49.078,9.22,normal
2026-10-07 01:46:41,F3,64.887,1.115,3.735,54.458,9.534,normal
2026-10-07 01:47:41,F3,69.542,0.724,4.03,53.638,9.414,normal
2026-10-07 01:48:41,F3,64.137,1.329,3.604,43.72,9.055,normal
2026-10-07 01:49:41,F3,63.943,1.342,3.916,54.223,8.427,normal
2026-10-07 01:50:41,F3,67.001,0.988,4.831,39.57,6.111,normal
2026-10-07 01:51:41,F3,73.569,1.291,5.551,39.533,6.534,normal
2026-10-07 01:52:41,F3,63.187,1.281,4.344,44.317,7.602,normal
2026-10-07 01:53:41,F3,62.034,1.182,4.442,61.296,7.26,normal
2026-10-07 01:54:41,F3,55.147,1.636,3.846,54.207,8.725,normal
2026-10-07 01:55:41,F3,77.317,1.174,3.758,58.179,8.81,normal
2026-10-07 01:56:41,F3,70.986,1.23,5.565,42.809,7.075,normal
2026-10-07 01:57:41,F3,72.036,1.415,3.251,47.496,10.313,normal
2026-10-07 01:58:41,F3,75.294,1.162,4.261,46.983,6.357,normal
2026-10-07 01:59:41,F3,53.815,1.304,4.808,52.963,6.834,normal
2026-10-07 02:00:41,F3,70.197,1.283,4.275,38.318,7.555,normal
2026-10-07 02:01:41,F3,74.714,1.179,3.829,57.943,8.842,normal
2026-10-07 02:02:41,F3,71.416,1.127,5.264,38.796,9.749,normal
2026-10-07 02:03:41,F3,74.036,1.139,4.219,54.68,10.125,failure
2026-10-07 02:04:41,F3,72.929,1.327,4.072,39.755,7.411,normal
2026-10-07 02:05:41,F3,66.454,1.428,3.939,39.895,6.778,normal
2026-10-07 02:06:41,F3,63.253,1.249,3.615,58.569,10.626,normal
2026-10-07 02:07:41,F3,64.981,0.954,3.891,48.21,7.313,normal
2026-10-07 02:08:41,F3,71.625,1.019,3.872,48.894,10.506,normal
2026-10-07 02:09:41,F3,76.301,1.559,4.418,45.39,7.502,normal
2026-10-07 02:10:41,F3,72.809,1.07,3.287,39.084,9.567,normal
2026-10-07 02:11:41,F3,60.343,0.989,5.11,49.846,7.617,normal
2026-10-07 02:12:41,F3,59.04,1.367,4.122,40.598,7.801,normal
2026-10-07 02:13:41,F3,69.272,1.264,5.767,52.224,11.134,normal
2026-10-07 02:14:41,F3,66.099,1.105,3.186,44.993,9.424,normal
2026-10-07 02:15:41,F3,55.53,1.2,4.824,41.445,7.698,normal
2026-10-07 02:16:41,F3,65.869,0.945,5.096,44.854,6.657,normal
2026-10-07 02:17:41,F3,73.077,1.414,4.128,58.447,10.984,normal
2026-10-07 02:18:41,F3,64.684,1.263,3.569,44.23,10.493,normal
2026-10-07 02:19:41,F3,56.924,1.253,5.509,35.578,5.592,normal
2026-10-07 02:20:41,F3,72.967,1.151,3.515,41.939,9.637,normal
2026-10-07 02:21:41,F3,58.292,0.911,4.559,55.435,7.31,normal
2026-10-07 02:22:41,F3,67.768,0.866,3.664,43.387,9.071,normal
2026-10-07 02:23:41,F3,66.241,1.156,3.629,53.905,10.669,normal
2026-10-07 02:24:41,F3,56.792,1.116,4.589,44.271,8.439,normal
2026-10-07 02:25:41,F3,78.89,1.184,4.173,41.165,8.871,normal
2026-10-07 02:26:41,F3,60.588,0.832,4.007,34.261,8.782,normal
2026-10-07 02:27:41,F3,58.352,0.711,4.465,55.675,6.73,normal
2026-10-07 02:28:41,F3,85.765,1.455,5.492,50.422,8.473,normal
2026-10-07 02:29:41,F3,64.52,1.032,3.901,36.844,8.567,normal
2026-10-07 02:30:41,F3,80.677,1.16,4.281,47.4,9.376,normal
2026-10-07 02:31:41,F3,70.46,1.067,4.228,59.045,8.169,normal
2026-10-07 02:32:41,F3,75.642,1.099,3.976,30.508,8.498,normal
2026-10-07 02:33:41,F3,79.524,1.262,4.31,65.476,7.299,normal
2026-10-07 02:34:41,F3,79.49,0.787,2.307,47.313,7.932,normal
2026-10-07 02:35:41,F3,80.291,1.29,3.363,43.844,8.336,normal
2026-10-07 02:36:41,F3,59.672,1.48,4.266,37.937,9.531,normal
2026-10-07 02:37:41,F3,57.78,1.09,3.739,54.038,8.682,normal
2026-10-07 02:38:41,F3,54.564,1.439,5.201,39.479,7.089,normal
2026-10-07 02:39:41,F3,72.908,1.192,4.189,49.215,11.461,normal
2026-10-07 02:40:41,F3,69.276,0.858,4.298,35.078,9.944,normal
2026-10-07 02:41:41,F3,72.566,0.954,3.814,57.474,8.617,normal
2026-10-07 02:42:41,F3,66.006,1.278,4.401,52.316,8.597,normal
2026-10-07 02:43:41,F3,78.189,1.215,3.079,45.919,6.94,normal
2026-10-07 02:44:41,F3,68.078,1.168,5.135,47.08,9.272,normal
2026-10-07 02:45:41,F3,74.399,1.345,3.396,33.917,6.584,normal
2026-10-07 02:46:41,F3,60.366,1.083,5.021,53.62,7.447,normal
2026-10-07 02:47:41,F3,64.845,1.179,4.116,48.13,5.057,normal
2026-10-07 02:48:41,F3,59.742,1.333,4.166,42.181,7.331,normal
2026-10-07 02:49:41,F3,59.306,1.081,4.179,44.124,10.153,normal
2026-10-07 02:50:41,F3,65.183,0.914,3.949,41.336,10.675,normal
2026-10-07 02:51:41,F3,62.026,1.178,5.189,50.613,10.902,normal
2026-10-07 02:52:41,F3,69.065,0.995,4.083,36.771,6.894,normal
2026-10-07 02:53:41,F3,73.208,1.157,5.156,41.621,9.647,normal
2026-10-07 02:54:41,F3,66.595,0.817,3.705,55.214,9.187,normal
2026-10-07 02:55:41,F3,79.022,1.137,5.306,47.155,10.476,normal
2026-10-07 02:56:41,F3,69.413,1.1,3.901,57.655,9.539,normal
2026-10-07 02:57:41,F3,56.321,1.14,3.907,37.028,11.548,normal
2026-10-07 02:58:41,F3,75.523,0.555,4.134,46.117,8.227,normal
2026-10-07 02:59:41,F3,81.226,0.913,5.212,46.056,7.505,normal
2026-10-07 03:00:41,F3,56.899,1.227,3.575,49.628,10.828,normal
2026-10-07 03:01:41,F3,74.87,1.244,3.179,46.102,7.975,normal
2026-10-07 03:02:41,F3,68.583,1.209,5.236,46.538,10.6,normal
2026-10-07 03:03:41,F3,75.453,1.417,5.048,54.674,9.55,normal
2026-10-07 03:04:41,F3,69.848,1.08,4.341,43.566,9.47,normal
2026-10-07 03:05:41,F3,66.469,0.955,4.347,54.471,7.523,normal
2026-10-07 03:06:41,F3,94.33,1.035,4.472,44.398,8.292,normal
2026-10-07 03:07:41,F3,72.146,0.947,4.262,45.749,7.444,normal
2026-10-07 03:08:41,F3,75.158,1.169,4.06,47.018,10.005,normal
2026-10-07 03:09:41,F3,65.018,0.939,4.676,49.625,8.577,normal
2026-10-07 03:10:41,F3,74.445,1.292,3.573,43.875,12.921,normal
2026-10-07 03:11:41,F3,65.14,0.978,3.133,64.052,9.273,normal
2026-10-07 03:12:41,F3,66.956,1.198,5.213,52.889,9.791,normal
2026-10-07 03:13:41,F3,64.358,0.95,4.473,45.889,9.058,normal
2026-10-07 03:14:41,F3,77.418,1.385,4.92,50.084,7.979,normal
2026-10-07 03:15:41,F3,64.643,0.937,6.029,47.803,10.361,normal
2026-10-07 03:16:41,F3,71.483,1.414,3.292,45.963,7.221,normal
2026-10-07 03:17:41,F3,70.868,1.159,4.826,53.496,6.666,normal
2026-10-07 03:18:41,F3,73.051,1.033,4.819,41.359,7.374,normal
2026-10-07 03:19:41,F3,79.0,0.83,3.868,42.86,9.625,normal
2026-10-07 03:20:41,F3,76.237,0.714,4.867,49.611,6.004,normal
2026-10-07 03:21:41,F3,52.704,0.733,4.874,51.479,11.319,normal
2026-10-07 03:22:41,F3,65.046,0.847,3.742,53.022,10.622,normal
2026-10-07 03:23:41,F3,76.296,1.072,4.231,40.751,10.265,normal
2026-10-07 03:24:41,F3,68.641,1.159,4.424,54.526,8.904,normal
2026-10-07 03:25:41,F3,63.646,1.258,3.749,57.649,8.627,normal
2026-10-07 03:26:41,F3,65.723,0.931,4.573,44.756,9.513,normal
2026-10-07 03:27:41,F3,78.788,1.148,3.181,55.24,11.098,normal
2026-10-07 03:28:41,F3,75.454,0.967,3.524,53.049,10.092,normal
2026-10-07 03:29:41,F3,76.354,0.967,4.335,44.783,10.251,normal
2026-10-07 03:30:41,F3,68.472,0.84,5.477,45.979,9.185,normal
2026-10-07 03:31:41,F3,62.952,1.651,5.053,39.527,7.921,normal
2026-10-07 03:32:41,F3,75.649,1.28,3.918,54.628,7.47,normal
2026-10-07 03:33:41,F3,63.045,1.082,4.227,51.385,6.097,normal
2026-10-07 03:34:41,F3,72.194,1.124,3.887,49.192,7.141,normal
2026-10-07 03:35:41,F3,74.747,1.114,4.405,44.245,5.652,normal
2026-10-07 03:36:41,F3,84.622,1.051,3.517,41.12,11.188,normal
2026-10-07 03:37:41,F3,68.515,1.066,4.65,41.239,10.544,normal
2026-10-07 03:38:41,F3,66.106,1.112,3.745,53.099,10.188,normal
2026-10-07 03:39:41,F3,68.859,1.011,4.086,53.539,6.261,normal
2026-10-07 03:40:41,F3,73.656,1.259,5.977,55.007,8.96,normal
2026-10-07 03:41:41,F3,79.398,0.793,4.294,50.881,9.055,normal
2026-10-07 03:42:41,F3,68.153,1.244,5.446,55.38,8.321,normal
2026-10-07 03:43:41,F3,63.541,0.704,4.635,34.627,11.181,normal
2026-10-07 03:44:41,F3,59.025,1.399,3.873,33.124,8.923,normal
2026-10-07 03:45:41,F3,68.302,0.856,4.599,59.661,9.657,normal
2026-10-07 03:46:41,F3,52.985,1.224,3.486,34.281,9.365,normal
2026-10-07 03:47:41,F3,61.912,1.209,5.352,46.779,8.576,normal
2026-10-07 03:48:41,F3,58.474,0.843,4.055,48.891,7.228,normal
2026-10-07 03:49:41,F3,72.625,1.346,2.663,43.615,10.459,normal
2026-10-07 03:50:41,F3,68.744,1.103,3.47,46.256,6.683,normal
2026-10-07 03:51:41,F3,65.463,1.239,5.194,49.325,10.868,normal
2026-10-07 03:52:41,F3,71.855,1.06,4.213,39.452,10.06,normal
2026-10-07 03:53:41,F3,72.491,1.15,5.141,43.253,9.291,normal
2026-10-07 03:54:41,F3,68.812,1.581,5.415,52.353,8.996,normal
2026-10-07 03:55:41,F3,69.75,0.813,4.637,53.482,10.119,normal
2026-10-07 03:56:41,F3,66.276,1.117,4.293,39.513,5.37,normal
2026-10-07 03:57:41,F3,63.483,0.704,5.235,53.035,10.628,normal
2026-10-07 03:58:41,F3,59.644,0.968,4.118,31.252,9.307,normal
2026-10-07 03:59:41,F3,72.007,1.021,2.961,58.012,8.549,normal
2026-10-07 04:00:41,F3,80.726,1.095,3.223,48.764,5.649,normal
2026-10-07 04:01:41,F3,73.034,0.886,3.258,44.285,10.446,normal
2026-10-07 04:02:41,F3,73.404,1.028,5.327,37.083,7.768,normal
2026-10-07 04:03:41,F3,84.195,1.05,3.618,46.629,7.034,normal
2026-10-07 04:04:41,F3,73.81,1.967,3.612,44.307,7.682,normal
2026-10-07 04:05:41,F3,89.489,0.85,3.609,52.836,10.236,normal
2026-10-07 04:06:41,F3,67.62,0.948,4.699,49.593,13.57,normal
2026-10-07 04:07:41,F3,68.96,1.313,4.756,50.741,5.756,normal
2026-10-07 04:08:41,F3,66.573,1.047,5.273,46.503,7.867,normal
2026-10-07 04:09:41,F3,71.599,0.894,3.757,50.772,9.937,normal
2026-10-07 04:10:41,F3,64.561,1.228,5.069,65.465,10.289,normal
2026-10-07 04:11:41,F3,61.202,1.259,5.148,35.677,8.094,normal
2026-10-07 04:12:41,F3,77.561,0.865,5.478,38.824,9.377,normal
2026-10-07 04:13:41,F3,63.502,0.973,3.992,49.511,10.429,normal
2026-10-07 04:14:41,F3,70.636,1.011,3.626,48.363,10.181,normal
2026-10-07 04:15:41,F3,64.3,1.143,3.799,44.976,9.726,normal
2026-10-07 04:16:41,F3,62.487,1.2,3.688,57.513,8.984,normal
2026-10-07 04:17:41,F3,63.438,0.898,4.063,47.611,8.502,normal
2026-10-07 04:18:41,F3,73.024,1.334,4.984,44.404,8.732,normal
2026-10-07 04:19:41,F3,73.118,1.429,4.338,49.143,8.973,normal
2026-10-07 04:20:41,F3,75.993,0.968,3.368,51.394,9.179,normal
2026-10-07 04:21:41,F3,56.379,0.841,3.226,46.703,6.525,normal
2026-10-07 04:22:41,F3,67.763,1.285,2.682,46.231,10.75,normal
2026-10-07 04:23:41,F3,58.238,1.377,4.023,42.691,8.609,normal
2026-10-07 04:24:41,F3,70.37,0.964,4.652,47.062,7.368,normal
2026-10-07 04:25:41,F3,71.533,1.099,4.814,45.101,5.805,normal
2026-10-07 04:26:41,F3,79.006,1.254,5.006,40.401,11.955,failure
2026-10-07 04:27:41,F3,70.543,1.11,3.052,43.237,8.478,normal
2026-10-07 04:28:41,F3,54.848,0.689,3.987,44.768,8.643,normal
2026-10-07 04:29:41,F3,68.227,0.765,3.514,37.064,7.212,normal
2026-10-07 04:30:41,F3,68.445,0.985,3.811,41.582,8.598,normal
2026-10-07 04:31:41,F3,72.837,1.076,4.087,52.998,9.357,normal
2026-10-07 04:32:41,F3,63.406,0.631,4.539,61.682,10.058,normal
2026-10-07 04:33:41,F3,61.061,0.737,4.636,50.956,9.686,normal
2026-10-07 04:34:41,F3,65.072,1.152,4.748,45.421,7.678,normal
2026-10-07 04:35:41,F3,69.636,0.995,4.265,37.569,6.634,normal
2026-10-07 04:36:41,F3,68.255,0.917,4.933,39.846,11.11,normal
2026-10-07 04:37:41,F3,54.828,0.91,4.157,36.145,8.477,normal
2026-10-07 04:38:41,F3,72.933,1.278,3.283,49.97,8.774,normal
2026-10-07 04:39:41,F3,73.596,0.936,4.547,48.964,8.905,normal
2026-10-07 04:40:41,F3,63.607,0.983,4.725,46.304,10.251,normal
2026-10-07 04:41:41,F3,62.794,0.859,4.127,30.58,8.701,normal
2026-10-07 04:42:41,F3,67.907,1.034,4.088,56.621,7.886,normal
2026-10-07 04:43:41,F3,72.532,0.616,2.255,53.164,8.566,normal
2026-10-07 04:44:41,F3,73.753,1.144,3.884,47.813,11.131,normal
2026-10-07 04:45:41,F3,65.484,1.271,3.146,55.011,8.881,normal
2026-10-07 04:46:41,F3,54.742,0.635,4.89,48.029,9.842,normal
2026-10-07 04:47:41,F3,54.019,0.965,3.836,58.896,10.85,normal
2026-10-07 04:48:41,F3,54.938,0.841,4.247,43.55,8.412,normal
2026-10-07 04:49:41,F3,64.281,0.81,3.836,41.676,6.791,normal
2026-10-07 04:50:41,F3,66.225,1.242,2.799,51.281,8.3,normal
2026-10-07 04:51:41,F3,69.832,0.795,4.575,49.053,6.55,normal
2026-10-07 04:52:41,F3,65.245,0.769,3.307,66.073,10.638,normal
2026-10-07 04:53:41,F3,72.447,0.835,4.723,41.122,7.623,normal
2026-10-07 04:54:41,F3,76.93,1.163,4.203,51.115,5.96,normal
2026-10-07 04:55:41,F3,59.032,0.81,3.774,52.974,7.376,normal
2026-10-07 04:56:41,F3,53.461,0.824,4.227,42.46,7.913,normal
2026-10-07 04:57:41,F3,76.461,1.017,4.014,59.429,8.601,normal
2026-10-07 04:58:41,F3,53.344,1.122,4.673,52.104,8.145,normal
2026-10-07 04:59:41,F3,57.204,1.068,3.797,47.116,8.223,normal
2026-10-07 05:00:41,F3,52.798,1.032,2.814,56.648,12.691,normal
2026-10-07 05:01:41,F3,49.043,0.735,3.283,46.827,10.851,normal
2026-10-07 05:02:41,F3,83.245,0.958,4.105,49.473,11.035,normal
2026-10-07 05:03:41,F3,71.695,0.642,3.217,44.263,8.4,normal
2026-10-07 05:04:41,F3,74.541,0.706,3.678,40.942,7.945,normal
2026-10-07 05:05:41,F3,68.362,0.977,2.871,49.957,8.319,normal
2026-10-07 05:06:41,F3,64.397,1.041,5.565,44.943,6.167,normal
2026-10-07 05:07:41,F3,74.825,0.667,4.897,36.982,8.863,normal
2026-10-07 05:08:41,F3,61.311,0.786,4.966,59.467,8.484,normal
2026-10-07 05:09:41,F3,72.238,0.79,4.547,31.871,7.712,normal
2026-10-07 05:10:41,F3,70.493,0.862,4.162,38.182,9.184,normal
2026-10-07 05:11:41,F3,70.716,1.114,3.162,45.576,9.267,normal
2026-10-07 05:12:41,F3,72.64,0.834,4.344,52.593,6.332,normal
2026-10-07 05:13:41,F3,70.295,1.12,4.093,50.695,7.163,normal
2026-10-07 05:14:41,F3,64.198,0.57,3.628,52.954,10.784,normal
2026-10-07 05:15:41,F3,71.619,0.826,3.976,50.025,10.045,normal
2026-10-07 05:16:41,F3,75.345,0.608,3.296,61.177,8.215,normal
2026-10-07 05:17:41,F3,72.79,0.86,4.506,44.66,8.522,normal
2026-10-07 05:18:41,F3,68.898,1.0,3.329,58.189,8.673,normal
2026-10-07 05:19:41,F3,61.304,0.539,3.936,54.724,10.651,normal
2026-10-07 05:20:41,F3,81.867,1.303,3.547,48.431,7.981,normal
2026-10-07 05:21:41,F3,66.567,0.859,3.801,51.147,9.283,normal
2026-10-07 05:22:41,F3,92.239,0.794,5.185,54.074,8.034,normal
2026-10-07 05:23:41,F3,50.404,0.898,2.136,49.096,8.867,normal
2026-10-07 05:24:41,F3,79.236,0.622,4.73,52.223,11.158,normal
2026-10-07 05:25:41,F3,73.071,1.202,3.861,45.284,7.345,normal
2026-10-07 05:26:41,F3,78.39,1.281,3.761,43.307,7.52,normal
2026-10-07 05:27:41,F3,69.946,1.063,2.598,53.112,7.518,normal
2026-10-07 05:28:41,F3,66.082,1.041,3.679,51.939,9.222,normal
2026-10-07 05:29:41,F3,67.052,1.043,3.036,46.691,11.163,normal
2026-10-07 05:30:41,F3,73.128,1.256,5.354,46.421,9.707,failure
2026-10-07 05:31:41,F3,66.319,0.631,4.288,44.536,7.55,normal
2026-10-07 05:32:41,F3,65.386,1.159,3.823,42.091,9.186,normal
2026-10-07 05:33:41,F3,67.32,1.059,3.697,38.847,10.116,normal
2026-10-07 05:34:41,F3,62.589,0.924,4.779,48.988,5.962,normal
2026-10-07 05:35:41,F3,69.86,0.831,5.056,53.846,10.961,normal
2026-10-07 05:36:41,F3,68.192,0.923,2.302,39.943,9.591,normal
2026-10-07 05:37:41,F3,60.052,0.797,2.939,44.106,9.361,normal
2026-10-07 05:38:41,F3,57.776,1.261,1.723,45.262,10.347,normal
2026-10-07 05:39:41,F3,67.595,0.959,3.828,36.55,8.226,normal
2026-10-07 05:40:41,F3,61.987,1.176,3.168,52.445,10.129,normal
2026-10-07 05:41:41,F3,70.596,1.361,3.195,36.5,8.971,normal
2026-10-07 05:42:41,F3,85.777,0.75,4.184,44.971,10.403,normal
2026-10-07 05:43:41,F3,59.398,0.797,3.301,47.015,6.534,normal
2026-10-07 05:44:41,F3,76.479,0.948,4.376,42.539,7.543,normal
2026-10-07 05:45:41,F3,63.089,0.601,2.375,44.162,8.954,normal
2026-10-07 05:46:41,F3,66.373,0.75,3.87,53.056,9.341,normal
2026-10-07 05:47:41,F3,68.896,1.225,4.399,44.677,9.396,normal
2026-10-07 05:48:41,F3,74.874,0.838,4.422,44.295,8.557,normal
2026-10-07 05:49:41,F3,79.143,0.89,4.509,52.295,11.721,normal
2026-10-07 05:50:41,F3,64.471,1.118,3.899,56.454,8.43,normal
2026-10-07 05:51:41,F3,72.235,0.822,3.647,35.707,7.464,normal
2026-10-07 05:52:41,F3,65.066,0.786,4.879,39.467,9.954,normal
2026-10-07 05:53:41,F3,89.548,1.013,2.93,63.785,9.215,normal
2026-10-07 05:54:41,F3,63.46,0.959,4.369,59.774,9.085,normal
2026-10-07 05:55:41,F3,64.742,0.988,4.177,58.996,14.305,normal
2026-10-07 05:56:41,F3,62.224,1.023,4.208,46.898,9.477,normal
2026-10-07 05:57:41,F3,73.436,1.162,4.781,47.711,6.892,normal
2026-10-07 05:58:41,F3,68.7,1.012,3.288,53.525,10.528,normal
2026-10-07 05:59:41,F3,69.443,1.103,4.011,44.546,7.836,normal
2026-10-07 06:00:41,F3,63.082,0.81,3.402,47.081,6.717,normal
2026-10-07 06:01:41,F3,63.803,0.729,4.394,46.784,7.702,normal
2026-10-07 06:02:41,F3,76.338,1.056,3.799,44.396,5.943,normal
2026-10-07 06:03:41,F3,60.331,0.978,3.207,51.237,9.202,normal
2026-10-07 06:04:41,F3,72.684,0.739,3.894,60.447,8.748,normal
2026-10-07 06:05:41,F3,81.452,0.872,5.166,48.145,7.128,normal
2026-10-07 06:06:41,F3,72.262,0.823,2.931,43.202,8.441,normal
2026-10-07 06:07:41,F3,80.377,0.735,3.863,48.759,9.117,normal
2026-10-07 06:08:41,F3,71.921,1.311,3.31,47.656,9.872,normal
2026-10-07 06:09:41,F3,75.011,0.94,3.908,40.258,6.746,normal
2026-10-07 06:10:41,F3,67.419,0.853,3.988,53.646,8.236,normal
2026-10-07 06:11:41,F3,74.036,0.983,4.748,49.088,9.757,normal
2026-10-07 06:12:41,F3,83.723,1.034,4.895,47.635,8.43,normal
2026-10-07 06:13:41,F3,82.779,0.845,3.183,66.074,7.609,normal
2026-10-07 06:14:41,F3,65.17,1.324,4.533,70.008,10.365,normal
2026-10-07 06:15:41,F3,60.243,0.667,4.13,41.642,9.464,normal
2026-10-07 06:16:41,F3,72.592,0.764,3.787,59.427,9.925,normal
2026-10-07 06:17:41,F3,57.061,0.895,3.523,43.632,9.276,normal
2026-10-07 06:18:41,F3,67.284,1.101,4.144,43.183,7.293,normal
2026-10-07 06:19:41,F3,76.39,0.898,3.762,44.25,8.141,normal
2026-10-07 06:20:41,F3,64.851,1.029,3.765,52.923,8.786,normal
2026-10-07 06:21:41,F3,74.457,0.227,5.085,51.493,8.694,failure
2026-10-07 06:22:41,F3,61.063,0.604,4.733,40.364,7.494,normal
2026-10-07 06:23:41,F3,66.835,0.822,4.499,46.26,10.594,normal
2026-10-07 06:24:41,F3,61.022,0.613,3.658,45.634,9.263,normal
2026-10-07 06:25:41,F3,76.971,1.127,3.481,40.842,9.564,normal
2026-10-07 06:26:41,F3,61.889,0.799,3.523,47.44,7.203,normal
2026-10-07 06:27:41,F3,78.533,0.061,4.568,53.245,9.982,normal
2026-10-07 06:28:41,F3,70.168,0.984,3.97,51.966,7.558,normal
2026-10-07 06:29:41,F3,58.281,0.961,3.168,48.269,7.455,normal
2026-10-07 06:30:41,F3,55.986,0.498,4.458,38.955,9.465,normal
2026-10-07 06:31:41,F3,74.205,0.696,2.777,51.534,6.343,normal
2026-10-07 06:32:41,F3,61.156,0.865,3.616,45.991,6.602,normal
2026-10-07 06:33:41,F3,62.83,0.709,5.331,62.601,6.105,normal
2026-10-07 06:34:41,F3,69.582,0.878,2.382,57.307,8.993,normal
2026-10-07 06:35:41,F3,68.286,0.706,4.275,57.256,6.566,normal
2026-10-07 06:36:41,F3,70.284,0.577,4.508,41.234,6.369,normal
2026-10-07 06:37:41,F3,77.23,0.783,4.374,51.357,9.476,normal
2026-10-07 06:38:41,F3,71.246,0.703,4.692,44.649,9.636,normal
2026-10-07 06:39:41,F3,61.648,0.679,3.165,45.088,8.886,normal
2026-10-07 06:40:41,F3,71.902,1.133,3.931,46.794,8.768,normal
2026-10-07 06:41:41,F3,57.457,0.917,4.674,38.304,8.076,normal
2026-10-07 06:42:41,F3,71.66,1.151,3.826,48.568,6.896,normal
2026-10-07 06:43:41,F3,62.23,0.789,4.055,47.088,8.0,normal
2026-10-07 06:44:41,F3,46.756,0.511,3.102,49.761,10.415,normal
2026-10-07 06:45:41,F3,73.669,1.018,4.549,49.023,6.46,normal
2026-10-07 06:46:41,F3,66.422,1.092,4.452,50.479,9.464,normal
2026-10-07 06:47:41,F3,78.828,0.894,3.085,41.09,9.357,normal
2026-10-07 06:48:41,F3,69.226,0.953,4.669,57.122,7.447,normal
2026-10-07 06:49:41,F3,58.013,0.802,3.737,51.751,6.685,normal
2026-10-07 06:50:41,F3,60.103,0.619,3.1,51.404,9.312,normal
2026-10-07 06:51:41,F3,70.896,0.359,2.939,47.543,9.966,normal
2026-10-07 06:52:41,F3,67.734,0.702,4.17,41.682,8.097,normal
2026-10-07 06:53:41,F3,70.236,0.627,3.965,48.021,10.194,normal
2026-10-07 06:54:41,F3,69.101,0.607,4.136,56.637,7.512,normal
2026-10-07 06:55:41,F3,64.569,1.054,2.546,37.558,7.379,normal
2026-10-07 06:56:41,F3,51.359,0.854,3.628,40.261,8.798,normal
2026-10-07 06:57:41,F3,56.419,0.821,2.8,65.177,8.394,normal
2026-10-07 06:58:41,F3,66.951,0.734,4.509,43.214,9.993,normal
2026-10-07 06:59:41,F3,80.178,0.686,3.478,50.487,9.232,normal
2026-10-07 07:00:41,F3,56.129,0.871,3.777,48.69,8.357,normal
2026-10-07 07:01:41,F3,66.513,0.809,4.506,44.629,7.603,normal
2026-10-07 07:02:41,F3,62.152,0.545,3.87,44.85,9.096,normal
2026-10-07 07:03:41,F3,60.008,0.548,4.347,45.707,8.939,normal
2026-10-07 07:04:41,F3,65.031,0.567,2.621,35.962,10.152,normal
2026-10-07 07:05:41,F3,82.622,0.683,4.37,41.046,6.657,normal
2026-10-07 07:06:41,F3,83.769,0.919,2.203,49.609,10.05,normal
2026-10-07 07:07:41,F3,61.952,0.818,3.793,52.643,10.283,normal
2026-10-07 07:08:41,F3,71.02,0.675,4.244,46.084,9.848,normal
2026-10-07 07:09:41,F3,60.54,0.419,4.283,50.598,7.974,normal
2026-10-07 07:10:41,F3,78.143,1.001,4.547,47.186,7.983,normal
2026-10-07 07:11:41,F3,72.836,0.878,4.514,39.604,9.645,normal
2026-10-07 07:12:41,F3,81.313,0.842,3.908,48.561,11.181,normal
2026-10-07 07:13:41,F3,70.392,0.773,3.148,69.436,5.089,normal
2026-10-07 07:14:41,F3,59.044,0.713,2.863,45.024,7.392,normal
2026-10-07 07:15:41,F3,70.952,1.114,3.253,42.061,7.48,normal
2026-10-07 07:16:41,F3,66.759,0.752,4.41,50.186,7.121,normal
2026-10-07 07:17:41,F3,71.922,0.575,3.397,42.937,8.298,normal
2026-10-07 07:18:41,F3,64.382,0.911,3.347,44.029,10.978,normal
2026-10-07 07:19:41,F3,70.75,1.135,3.965,38.119,7.504,normal
2026-10-07 07:20:41,F3,61.63,0.76,3.833,50.417,7.679,normal
2026-10-07 07:21:41,F3,79.324,0.913,4.116,48.306,7.194,normal
2026-10-07 07:22:41,F3,60.293,0.898,3.004,47.676,6.34,normal
2026-10-07 07:23:41,F3,61.554,1.015,3.641,44.282,5.652,normal
2026-10-07 07:24:41,F3,59.986,0.907,4.516,55.685,7.966,normal
2026-10-07 07:25:41,F3,58.301,0.651,3.178,54.373,9.027,normal
2026-10-07 07:26:41,F3,70.578,0.818,3.103,57.135,7.233,normal
2026-10-07 07:27:41,F3,68.206,0.913,4.833,41.432,7.369,normal
2026-10-07 07:28:41,F3,73.128,0.25,3.472,40.395,11.35,normal
2026-10-07 07:29:41,F3,69.322,0.797,4.674,53.618,9.534,failure
2026-10-07 07:30:41,F3,67.095,0.892,4.55,44.76,8.348,normal
2026-10-07 07:31:41,F3,71.652,0.773,3.868,57.714,8.424,normal
2026-10-07 07:32:41,F3,54.595,1.003,4.418,47.589,6.922,normal
2026-10-07 07:33:41,F3,74.818,0.946,3.266,44.411,7.333,failure
2026-10-07 07:34:41,F3,67.245,0.638,5.102,51.327,7.335,normal
2026-10-07 07:35:41,F3,75.274,0.891,4.586,47.569,7.36,normal
2026-10-07 07:36:41,F3,85.706,0.479,4.26,64.257,6.746,normal
2026-10-07 07:37:41,F3,72.153,1.107,3.935,48.28,9.937,normal
2026-10-07 07:38:41,F3,75.307,1.078,4.433,43.267,8.468,normal
2026-10-07 07:39:41,F3,62.31,0.649,4.057,47.898,11.167,normal
2026-10-07 07:40:41,F3,69.293,0.523,5.147,46.932,9.1,normal
2026-10-07 07:41:41,F3,63.264,0.764,3.701,43.901,8.6,normal
2026-10-07 07:42:41,F3,66.262,1.078,3.93,59.16,12.211,normal
2026-10-07 07:43:41,F3,77.711,0.917,3.776,55.892,5.606,normal
2026-10-07 07:44:41,F3,73.87,1.113,3.526,41.748,8.086,normal
2026-10-07 07:45:41,F3,82.311,1.128,3.335,53.185,8.354,normal
2026-10-07 07:46:41,F3,65.762,0.896,4.186,56.758,8.165,normal
2026-10-07 07:47:41,F3,67.648,0.229,0.48,43.772,9.031,normal
2026-10-07 07:48:41,F3,99.269,0.865,3.79,59.579,11.303,normal
2026-10-07 07:49:41,F3,67.174,0.72,3.662,40.044,8.679,normal
2026-10-07 07:50:41,F3,72.602,0.562,4.091,54.097,8.065,normal
2026-10-07 07:51:41,F3,72.548,0.858,3.932,47.337,9.685,normal
2026-10-07 07:52:41,F3,58.584,0.727,3.209,51.38,8.038,normal
2026-10-07 07:53:41,F3,78.493,0.704,4.073,45.761,7.983,normal
2026-10-07 07:54:41,F3,69.146,0.786,4.782,47.029,6.975,normal
2026-10-07 07:55:41,F3,65.959,0.973,4.854,57.791,8.419,normal
2026-10-07 07:56:41,F3,63.727,0.902,3.316,53.119,10.297,normal
2026-10-07 07:57:41,F3,67.332,0.583,4.251,50.441,10.136,normal
2026-10-07 07:58:41,F3,74.936,0.554,4.426,65.268,5.439,normal
2026-10-07 07:59:41,F3,57.585,0.548,4.443,52.929,7.417,normal
2026-10-07 08:00:41,F3,70.915,0.679,4.263,48.387,7.934,normal
2026-10-07 08:01:41,F3,67.454,0.821,3.445,48.406,11.228,normal
2026-10-07 08:02:41,F3,72.855,0.801,3.314,45.392,6.12,normal
2026-10-07 08:03:41,F3,87.904,0.834,4.28,39.982,7.132,normal
2026-10-07 08:04:41,F3,68.076,0.688,4.417,40.007,6.73,normal
2026-10-07 08:05:41,F3,72.64,1.101,4.106,52.204,7.359,normal
2026-10-07 08:06:41,F3,62.268,0.718,4.626,46.799,6.982,normal
2026-10-07 08:07:41,F3,87.152,0.991,3.765,42.116,7.257,normal
2026-10-07 08:08:41,F3,72.514,0.63,3.478,49.783,9.887,normal
2026-10-07 08:09:41,F3,84.98,0.703,5.282,44.326,8.354,normal
2026-10-07 08:10:41,F3,88.142,0.608,3.225,42.594,7.557,normal
2026-10-07 08:11:41,F3,74.397,0.708,3.722,49.981,9.252,normal
2026-10-07 08:12:41,F3,71.546,1.023,2.716,50.036,7.937,normal
2026-10-07 08:13:41,F3,81.91,1.132,4.32,33.64,8.567,normal
2026-10-07 08:14:41,F3,66.618,0.49,2.688,47.736,6.2,normal
2026-10-07 08:15:41,F3,81.9,0.656,5.045,43.906,9.348,normal
2026-10-07 08:16:41,F3,71.903,0.933,3.892,47.483,10.281,normal
2026-10-07 08:17:41,F3,62.23,0.755,3.551,44.255,8.485,normal
2026-10-07 08:18:41,F3,59.39,0.515,4.964,61.498,10.109,normal
2026-10-07 08:19:41,F3,71.503,0.67,3.562,43.169,8.545,normal
2026-10-07 08:20:41,F3,63.016,0.983,4.922,44.497,6.953,normal
2026-10-07 08:21:41,F3,58.275,0.606,3.408,45.794,7.601,normal
2026-10-07 08:22:41,F3,67.459,0.909,3.905,47.235,7.299,normal
2026-10-07 08:23:41,F3,65.161,0.751,2.707,42.26,7.453,normal
2026-10-07 08:24:41,F3,78.041,0.823,2.586,54.279,11.403,normal
2026-10-07 08:25:41,F3,66.626,0.712,3.469,49.712,8.137,normal
2026-10-07 08:26:41,F3,73.516,0.472,3.664,30.846,9.447,normal
2026-10-07 08:27:41,F3,61.105,0.595,4.264,41.509,5.82,normal
2026-10-07 08:28:41,F3,77.67,1.137,3.782,44.682,9.368,normal
2026-10-07 08:29:41,F3,68.889,0.629,3.145,58.108,8.26,normal
2026-10-07 08:30:41,F3,91.987,0.598,4.306,48.743,8.549,normal
2026-10-07 08:31:41,F3,73.788,0.518,3.48,42.978,10.765,normal
2026-10-07 08:32:41,F3,69.434,0.726,3.461,50.13,7.048,normal
2026-10-07 08:33:41,F3,53.904,0.872,4.083,57.072,10.048,normal
2026-10-07 08:34:41,F3,70.929,0.574,4.351,44.743,7.653,normal
2026-10-07 08:35:41,F3,56.665,0.778,4.146,51.545,6.197,normal
2026-10-07 08:36:41,F3,60.368,0.828,1.026,50.055,7.303,normal
2026-10-07 08:37:41,F3,64.706,0.388,2.647,63.906,11.702,normal
2026-10-07 08:38:41,F3,85.423,0.82,2.983,38.361,7.244,normal
2026-10-07 08:39:41,F3,65.378,0.614,3.594,42.219,6.581,normal
2026-10-07 08:40:41,F3,62.988,0.551,3.342,47.286,6.622,normal
2026-10-07 08:41:41,F3,76.015,0.612,4.008,44.863,6.956,normal
2026-10-07 08:42:41,F3,56.824,0.789,4.409,47.999,7.895,normal
2026-10-07 08:43:41,F3,75.643,0.715,3.547,46.959,6.707,normal
2026-10-07 08:44:41,F3,61.342,0.5,3.246,37.291,7.39,normal
2026-10-07 08:45:41,F3,65.733,0.85,4.791,46.057,7.104,normal
2026-10-07 08:46:41,F3,82.338,0.655,4.749,44.245,7.033,normal
2026-10-07 08:47:41,F3,62.627,0.848,4.476,43.289,5.913,normal
2026-10-07 08:48:41,F3,77.097,0.616,4.241,55.943,6.081,normal
2026-10-07 08:49:41,F3,69.406,0.668,4.274,43.534,8.772,normal
2026-10-07 08:50:41,F3,63.137,0.65,3.597,48.467,9.739,normal
2026-10-07 08:51:41,F3,63.106,0.581,4.171,50.01,7.915,normal
2026-10-07 08:52:41,F3,73.608,0.671,1.903,49.728,11.563,normal
2026-10-07 08:53:41,F3,72.719,0.804,3.778,39.032,8.372,normal
2026-10-07 08:54:41,F3,75.48,0.519,3.833,60.709,13.419,normal
2026-10-07 08:55:41,F3,85.126,0.636,3.989,51.577,7.362,normal
2026-10-07 08:56:41,F3,72.137,0.889,3.907,45.788,9.59,normal
2026-10-07 08:57:41,F3,77.541,0.562,3.702,48.621,8.522,normal
2026-10-07 08:58:41,F3,73.265,0.766,2.817,45.261,8.967,normal
2026-10-07 08:59:41,F3,65.349,0.886,4.199,40.668,7.936,normal
2026-10-07 09:00:41,F3,65.061,0.848,3.996,44.922,8.14,normal
2026-10-07 09:01:41,F3,79.387,0.837,3.527,53.458,9.726,normal
2026-10-07 09:02:41,F3,81.51,0.672,4.429,29.922,9.454,normal
2026-10-07 09:03:41,F3,74.814,0.678,4.814,37.101,8.27,normal
2026-10-07 09:04:41,F3,70.076,0.605,2.345,47.073,7.896,normal
2026-10-07 09:05:41,F3,73.076,0.681,3.837,52.723,12.118,normal
2026-10-07 09:06:41,F3,56.129,0.599,3.234,56.801,7.637,normal
2026-10-07 09:07:41,F3,75.164,0.421,4.189,43.097,8.413,normal
2026-10-07 09:08:41,F3,57.927,0.479,2.429,36.926,10.869,normal
2026-10-07 09:09:41,F3,54.605,0.718,2.887,48.39,6.388,normal
2026-10-07 09:10:41,F3,54.293,0.613,4.875,49.206,10.182,normal
2026-10-07 09:11:41,F3,76.904,1.065,4.214,46.914,7.958,normal
2026-10-07 09:12:41,F3,62.868,0.857,3.225,53.225,8.181,normal
2026-10-07 09:13:41,F3,62.154,0.58,3.348,43.591,7.825,normal
2026-10-07 09:14:41,F3,78.036,0.905,3.892,44.708,6.835,normal
2026-10-07 09:15:41,F3,56.307,0.835,3.564,38.576,5.318,normal
2026-10-07 09:16:41,F3,72.712,0.546,2.049,50.894,9.987,normal
2026-10-07 09:17:41,F3,62.563,0.791,4.066,42.228,7.767,normal
2026-10-07 09:18:41,F3,56.944,0.593,4.356,50.391,8.947,normal
2026-10-07 09:19:41,F3,74.37,0.819,2.192,62.641,3.044,normal
2026-10-07 09:20:41,F3,72.236,0.774,4.309,42.691,7.188,normal
2026-10-07 09:21:41,F3,75.978,0.0,4.163,56.049,8.664,normal
2026-10-07 09:22:41,F3,62.791,0.959,4.802,35.475,7.023,normal
2026-10-07 09:23:41,F3,49.816,0.946,2.46,65.463,5.543,normal
2026-10-07 09:24:41,F3,74.608,0.695,3.754,46.104,10.954,normal
2026-10-07 09:25:41,F3,70.239,0.525,3.983,53.457,10.474,normal
2026-10-07 09:26:41,F3,68.726,0.763,3.543,54.379,8.212,normal
2026-10-07 09:27:41,F3,66.01,0.901,4.42,50.808,9.055,normal
2026-10-07 09:28:41,F3,69.184,0.739,2.921,38.579,5.882,normal
2026-10-07 09:29:41,F3,64.236,0.541,4.093,40.439,11.227,normal
2026-10-07 09:30:41,F3,68.575,0.628,4.125,44.911,8.244,normal
2026-10-07 09:31:41,F3,69.482,0.709,3.686,52.833,6.233,normal
2026-10-07 09:32:41,F3,57.038,0.881,3.651,59.291,11.159,normal
2026-10-07 09:33:41,F3,72.968,1.037,2.659,43.95,9.908,normal
2026-10-07 09:34:41,F3,59.98,0.761,4.111,48.662,8.155,normal
2026-10-07 09:35:41,F3,71.515,0.713,3.5,40.097,6.941,normal
2026-10-07 09:36:41,F3,70.098,0.361,4.544,52.376,9.931,normal
2026-10-07 09:37:41,F3,63.532,0.54,3.03,48.35,7.896,normal
2026-10-07 09:38:41,F3,73.259,0.743,3.168,50.393,11.151,normal
2026-10-07 09:39:41,F3,58.755,0.578,4.834,59.982,11.691,normal
2026-10-07 09:40:41,F3,72.718,0.361,3.123,47.895,6.822,normal
2026-10-07 09:41:41,F3,61.44,0.802,3.638,47.314,8.724,normal
2026-10-07 09:42:41,F3,66.457,0.632,4.081,53.419,9.097,normal
2026-10-07 09:43:41,F3,69.887,0.238,3.346,47.508,8.954,normal
2026-10-07 09:44:41,F3,60.745,0.851,3.846,42.234,7.286,normal
2026-10-07 09:45:41,F3,68.867,0.431,4.02,47.964,6.136,normal
2026-10-07 09:46:41,F3,74.995,0.201,3.014,47.308,9.167,normal
2026-10-07 09:47:41,F3,73.72,0.089,3.446,50.785,10.199,normal
2026-10-07 09:48:41,F3,57.147,0.297,4.528,48.313,7.678,normal
2026-10-07 09:49:41,F3,79.204,0.659,4.736,50.089,9.172,normal
2026-10-07 09:50:41,F3,65.235,0.286,2.927,62.175,7.946,normal
2026-10-07 09:51:41,F3,67.996,0.699,4.165,45.125,10.512,normal
2026-10-07 09:52:41,F3,66.811,0.58,3.756,55.0,8.593,normal
2026-10-07 09:53:41,F3,52.521,0.441,3.652,48.579,7.022,normal
2026-10-07 09:54:41,F3,65.848,0.601,5.249,41.976,9.388,normal
2026-10-07 09:55:41,F3,56.825,0.661,4.228,61.263,6.634,normal
2026-10-07 09:56:41,F3,66.76,0.444,3.373,36.022,8.619,normal
2026-10-07 09:57:41,F3,57.26,0.394,4.587,36.614,7.728,normal
2026-10-07 09:58:41,F3,62.865,0.816,2.538,24.7,7.654,normal
2026-10-07 09:59:41,F3,68.861,0.674,3.965,43.076,8.652,normal
2026-10-07 10:00:41,F3,60.002,0.841,2.455,43.044,5.877,normal
2026-10-07 10:01:41,F3,68.488,0.923,2.867,55.339,9.581,normal
2026-10-07 10:02:41,F3,76.239,0.706,4.452,40.007,9.179,normal
2026-10-07 10:03:41,F3,48.721,0.775,2.706,58.68,7.192,normal
2026-10-07 10:04:41,F3,68.651,0.206,4.682,54.672,3.605,normal
2026-10-07 10:05:41,F3,73.41,0.657,3.681,44.353,4.998,normal
2026-10-07 10:06:41,F3,73.195,0.678,2.384,48.842,7.766,normal
2026-10-07 10:07:41,F3,70.674,0.446,3.631,58.067,8.954,normal
2026-10-07 10:08:41,F3,68.579,0.797,3.919,51.037,7.658,normal
2026-10-07 10:09:41,F3,57.397,0.267,2.749,46.986,9.385,normal
2026-10-07 10:10:41,F3,81.511,0.0,4.093,44.697,8.479,normal
2026-10-07 10:11:41,F3,61.68,0.971,2.762,39.357,13.105,normal
2026-10-07 10:12:41,F3,61.548,0.576,3.853,54.891,6.672,normal
2026-10-07 10:13:41,F3,58.484,0.426,3.152,47.408,8.252,normal
2026-10-07 10:14:41,F3,71.019,0.826,4.113,47.969,8.059,normal
2026-10-07 10:15:41,F3,73.7,0.57,2.105,51.341,8.531,normal
2026-10-07 10:16:41,F3,73.173,0.689,3.971,38.712,4.416,normal
2026-10-07 10:17:41,F3,69.08,0.313,4.336,45.519,8.969,normal
2026-10-07 10:18:41,F3,71.044,0.658,3.971,44.382,8.78,normal
2026-10-07 10:19:41,F3,76.821,0.19,3.144,45.305,9.437,normal
2026-10-07 10:20:41,F3,65.226,0.397,3.861,48.427,10.944,normal
2026-10-07 10:21:41,F3,60.409,0.618,2.268,41.584,7.271,normal
2026-10-07 10:22:41,F3,66.455,0.597,3.754,46.721,10.701,normal
2026-10-07 10:23:41,F3,61.547,0.565,3.855,51.032,10.244,normal
2026-10-07 10:24:41,F3,66.131,0.243,4.534,52.078,9.021,normal
2026-10-07 10:25:41,F3,71.019,0.482,3.812,43.607,6.317,normal
2026-10-07 10:26:41,F3,63.429,0.546,3.791,43.438,6.698,normal
2026-10-07 10:27:41,F3,74.453,0.496,4.04,39.783,7.442,normal
2026-10-07 10:28:41,F3,57.642,0.751,3.222,50.467,9.619,normal
2026-10-07 10:29:41,F3,64.131,0.401,2.805,51.927,8.154,normal
2026-10-07 10:30:41,F3,59.126,0.419,4.177,47.382,8.469,normal
2026-10-07 10:31:41,F3,85.062,0.374,3.299,38.623,8.157,normal
2026-10-07 10:32:41,F3,59.186,0.505,3.014,56.363,9.543,normal
2026-10-07 10:33:41,F3,67.977,0.45,4.186,41.87,10.209,normal
2026-10-07 10:34:41,F3,74.361,0.571,4.078,46.693,3.601,normal
2026-10-07 10:35:41,F3,69.579,0.694,3.848,54.082,8.346,normal
2026-10-07 10:36:41,F3,73.9,0.513,4.961,53.222,7.838,normal
2026-10-07 10:37:41,F3,57.179,0.413,3.683,38.005,3.74,normal
2026-10-07 10:38:41,F3,67.453,0.889,3.064,45.894,9.981,normal
2026-10-07 10:39:41,F3,64.265,0.572,4.322,42.343,9.019,normal
2026-10-07 10:40:41,F3,59.465,0.77,3.34,45.977,5.97,normal
2026-10-07 10:41:41,F3,91.41,0.738,4.239,50.111,7.412,normal
2026-10-07 10:42:41,F3,50.517,0.594,2.64,37.772,5.768,normal
2026-10-07 10:43:41,F3,59.509,0.608,3.785,61.723,1.407,normal
2026-10-07 10:44:41,F3,71.122,0.496,3.136,52.263,8.32,normal
2026-10-07 10:45:41,F3,66.936,0.822,3.141,63.14,9.877,normal
2026-10-07 10:46:41,F3,83.89,0.605,4.302,49.129,11.294,normal
2026-10-07 10:47:41,F3,60.1,0.418,4.221,57.713,8.396,normal
2026-10-07 10:48:41,F3,58.971,0.627,3.509,50.684,6.636,normal
2026-10-07 10:49:41,F3,83.735,0.465,4.044,53.656,9.405,normal
2026-10-07 10:50:41,F3,50.423,0.534,3.23,49.902,8.933,normal
2026-10-07 10:51:41,F3,70.828,0.237,4.105,40.979,8.982,normal
2026-10-07 10:52:41,F3,48.934,0.39,3.872,55.995,6.973,normal
2026-10-07 10:53:41,F3,84.399,0.385,4.16,50.1,7.085,normal
2026-10-07 10:54:41,F3,72.553,0.119,4.504,37.779,7.01,normal
2026-10-07 10:55:41,F3,62.505,0.378,3.823,60.546,8.628,normal
2026-10-07 10:56:41,F3,72.059,0.414,3.201,53.766,9.765,normal
2026-10-07 10:57:41,F3,65.065,0.451,3.075,42.283,9.748,normal
2026-10-07 10:58:41,F3,67.743,0.604,3.405,41.343,7.629,normal
2026-10-07 10:59:41,F3,80.769,0.832,3.159,47.998,10.187,normal
2026-10-07 11:00:41,F3,79.62,0.486,6.125,48.837,7.537,normal
2026-10-07 11:01:41,F3,57.015,0.426,2.62,35.784,9.774,normal
2026-10-07 11:02:41,F3,70.846,0.369,3.382,54.509,7.773,normal
2026-10-07 11:03:41,F3,71.617,0.645,5.452,45.423,10.198,normal
2026-10-07 11:04:41,F3,72.128,0.524,3.912,54.61,9.632,normal
2026-10-07 11:05:41,F3,80.858,0.497,2.454,47.655,6.147,normal
2026-10-07 11:06:41,F3,59.456,0.422,3.076,43.198,7.864,normal
2026-10-07 11:07:41,F3,73.32,0.516,4.158,48.361,7.627,normal
2026-10-07 11:08:41,F3,63.646,0.251,3.142,43.663,7.987,normal
2026-10-07 11:09:41,F3,57.357,0.156,3.268,54.25,9.551,normal
2026-10-07 11:10:41,F3,73.819,0.556,5.479,44.291,7.756,normal
2026-10-07 11:11:41,F3,63.712,0.572,3.083,45.047,5.626,normal
2026-10-07 11:12:41,F3,73.987,0.405,3.279,41.275,8.578,normal
2026-10-07 11:13:41,F3,60.188,0.552,4.518,51.701,7.203,normal
2026-10-07 11:14:41,F3,62.242,0.639,3.794,40.517,7.21,normal
2026-10-07 11:15:41,F3,79.613,0.667,4.423,57.403,9.562,normal
2026-10-07 11:16:41,F3,70.015,0.488,2.608,52.774,7.882,normal
2026-10-07 11:17:41,F3,63.712,0.439,2.851,36.302,8.469,normal
2026-10-07 11:18:41,F3,69.512,0.127,2.324,43.658,6.35,normal
2026-10-07 11:19:41,F3,64.682,0.147,2.774,48.795,8.965,normal
2026-10-07 11:20:41,F3,72.057,0.25,5.039,31.258,5.799,normal
2026-10-07 11:21:41,F3,64.847,0.592,3.12,53.072,9.645,normal
2026-10-07 11:22:41,F3,73.949,0.496,4.203,52.513,5.628,normal
2026-10-07 11:23:41,F3,54.567,0.612,3.013,51.461,9.316,normal
2026-10-07 11:24:41,F3,76.034,0.975,3.38,43.03,9.898,normal
2026-10-07 11:25:41,F3,71.344,0.345,3.315,41.691,8.03,normal
2026-10-07 11:26:41,F3,72.443,0.529,2.355,44.126,5.623,normal
2026-10-07 11:27:41,F3,74.449,0.725,3.272,49.665,6.669,normal
2026-10-07 11:28:41,F3,69.064,0.692,2.5,47.726,7.571,normal
2026-10-07 11:29:41,F3,57.06,0.412,4.36,39.166,9.149,normal
2026-10-07 11:30:41,F3,62.722,0.508,3.356,48.621,6.942,normal
2026-10-07 11:31:41,F3,40.898,0.493,3.955,49.73,7.665,normal
2026-10-07 11:32:41,F3,75.306,0.363,3.243,42.497,6.653,normal
2026-10-07 11:33:41,F3,78.059,0.582,3.6,49.085,5.614,normal
2026-10-07 11:34:41,F3,73.313,0.364,2.692,33.421,7.452,normal
2026-10-07 11:35:41,F3,64.134,0.838,3.46,40.438,6.748,normal
2026-10-07 11:36:41,F3,84.095,0.329,4.205,48.317,8.684,normal
2026-10-07 11:37:41,F3,66.733,0.378,4.007,61.606,8.7,normal
2026-10-07 11:38:41,F3,64.862,0.873,2.646,44.302,9.225,normal
2026-10-07 11:39:41,F3,69.858,0.608,3.662,51.228,11.99,normal
2026-10-07 11:40:41,F3,58.441,0.271,3.191,37.133,9.779,normal
2026-10-07 11:41:41,F3,77.24,0.611,3.594,40.351,9.401,normal
2026-10-07 11:42:41,F3,67.066,0.197,4.43,44.198,8.099,normal
2026-10-07 11:43:41,F3,72.097,0.415,2.993,41.514,6.526,normal
2026-10-07 11:44:41,F3,74.535,0.13,3.182,38.032,9.08,normal
2026-10-07 11:45:41,F3,52.86,0.644,2.35,49.936,8.236,normal
2026-10-07 11:46:41,F3,76.335,0.511,4.517,45.384,9.986,normal
2026-10-07 11:47:41,F3,68.56,0.7,3.481,47.752,7.734,normal
2026-10-07 11:48:41,F3,66.951,0.516,3.257,57.679,8.001,normal
2026-10-07 11:49:41,F3,65.762,0.586,4.241,38.88,6.789,normal
2026-10-07 11:50:41,F3,57.202,0.429,3.33,47.577,10.198,normal
2026-10-07 11:51:41,F3,78.795,0.0,2.077,52.861,9.646,normal
2026-10-07 11:52:41,F3,66.126,0.381,3.609,44.514,6.423,normal
2026-10-07 11:53:41,F3,64.112,0.0,4.171,49.709,11.137,normal
2026-10-07 11:54:41,F3,71.594,0.174,3.228,47.65,7.954,normal
2026-10-07 11:55:41,F3,60.923,0.518,3.333,48.933,6.316,normal
2026-10-07 11:56:41,F3,73.604,0.375,4.83,43.693,7.542,normal
2026-10-07 11:57:41,F3,60.551,0.657,3.347,44.619,5.418,normal
2026-10-07 11:58:41,F3,65.138,0.451,3.64,63.725,9.132,normal
2026-10-07 11:59:41,F3,67.015,1.095,3.253,60.42,4.849,normal
2026-10-07 12:00:41,F3,70.832,0.361,5.255,51.459,8.33,normal
2026-10-07 12:01:41,F3,64.907,0.284,3.989,44.165,7.927,normal
2026-10-07 12:02:41,F3,72.012,0.266,2.61,32.944,9.042,normal
2026-10-07 12:03:41,F3,64.202,0.502,4.182,43.43,10.546,normal
2026-10-07 12:04:41,F3,63.431,0.348,3.442,46.433,10.432,normal
2026-10-07 12:05:41,F3,61.358,0.397,3.824,54.043,5.649,normal
2026-10-07 12:06:41,F3,53.549,0.547,2.895,35.41,8.045,normal
2026-10-07 12:07:41,F3,70.672,0.533,3.234,35.884,10.402,normal
2026-10-07 12:08:41,F3,70.165,0.39,3.895,47.471,8.473,normal
2026-10-07 12:09:41,F3,64.217,0.496,4.357,52.905,9.698,normal
2026-10-07 12:10:41,F3,60.664,0.46,2.873,48.463,8.064,normal
2026-10-07 12:11:41,F3,59.117,0.709,2.405,59.36,5.091,normal
2026-10-07 12:12:41,F3,69.439,0.584,3.694,33.056,7.319,normal
2026-10-07 12:13:41,F3,53.349,0.389,4.479,38.933,10.043,normal
2026-10-07 12:14:41,F3,77.15,0.132,3.497,42.221,7.322,normal
2026-10-07 12:15:41,F3,64.863,0.434,4.849,53.045,7.764,normal
2026-10-07 12:16:41,F3,73.003,0.34,3.435,42.372,8.612,normal
2026-10-07 12:17:41,F3,64.021,0.085,3.496,43.153,9.879,normal
2026-10-07 12:18:41,F3,69.761,0.535,3.9,48.327,7.253,normal
2026-10-07 12:19:41,F3,73.506,0.163,3.22,49.139,9.841,normal
2026-10-07 12:20:41,F3,68.886,0.343,3.657,46.977,10.04,normal
2026-10-07 12:21:41,F3,49.206,0.685,3.81,43.68,6.778,normal
2026-10-07 12:22:41,F3,68.615,0.602,3.993,39.766,8.857,normal
2026-10-07 12:23:41,F3,81.714,0.804,4.725,51.278,7.27,normal
2026-10-07 12:24:41,F3,62.564,0.086,4.634,41.586,7.656,normal
2026-10-07 12:25:41,F3,68.891,0.377,3.569,49.74,6.793,normal
2026-10-07 12:26:41,F3,67.99,0.392,4.592,42.99,7.081,normal
2026-10-07 12:27:41,F3,70.305,0.297,3.511,42.685,8.099,normal
2026-10-07 12:28:41,F3,70.319,0.493,3.748,43.197,5.236,normal
2026-10-07 12:29:41,F3,74.832,0.437,4.643,63.979,9.686,normal
2026-10-07 12:30:41,F3,65.376,0.49,3.226,52.639,8.968,normal
2026-10-07 12:31:41,F3,62.173,0.275,2.948,50.571,9.44,normal
2026-10-07 12:32:41,F3,60.78,0.44,3.338,38.324,7.12,normal
2026-10-07 12:33:41,F3,68.575,0.577,4.563,46.953,9.761,normal
2026-10-07 12:34:41,F3,83.427,0.304,3.866,45.135,6.073,normal
2026-10-07 12:35:41,F3,69.081,0.614,2.919,46.823,8.163,normal
2026-10-07 12:36:41,F3,69.24,0.482,3.998,58.865,10.84,normal
2026-10-07 12:37:41,F3,75.423,0.405,3.299,60.148,6.894,normal
2026-10-07 12:38:41,F3,74.04,0.331,3.94,56.062,5.676,normal
2026-10-07 12:39:41,F3,74.195,0.236,2.612,34.527,10.199,normal
2026-10-07 12:40:41,F3,68.694,0.482,3.593,53.141,5.933,normal
2026-10-07 12:41:41,F3,68.869,0.356,3.879,42.964,6.601,normal
2026-10-07 12:42:41,F3,79.898,0.277,3.907,43.957,10.389,normal
2026-10-07 12:43:41,F3,60.516,0.513,4.495,43.086,8.108,normal
2026-10-07 12:44:41,F3,60.453,0.163,2.865,52.84,8.413,normal
2026-10-07 12:45:41,F3,76.411,0.123,4.563,58.292,8.339,normal
2026-10-07 12:46:41,F3,54.877,0.252,3.149,56.096,5.469,normal
2026-10-07 12:47:41,F3,89.709,0.375,3.935,49.065,7.236,normal
2026-10-07 12:48:41,F3,66.957,0.609,3.729,45.199,9.011,normal
2026-10-07 12:49:41,F3,61.959,0.783,2.199,50.305,6.17,normal
2026-10-07 12:50:41,F3,80.183,0.387,3.558,54.433,11.754,normal
2026-10-07 12:51:41,F3,64.579,0.225,3.041,49.329,10.362,normal
2026-10-07 12:52:41,F3,69.04,0.197,4.446,57.12,8.253,normal
2026-10-07 12:53:41,F3,62.686,0.398,2.977,48.399,7.929,normal
2026-10-07 12:54:41,F3,85.942,0.259,2.85,45.295,10.299,normal
2026-10-07 12:55:41,F3,68.734,0.64,3.881,40.57,8.196,normal
2026-10-07 12:56:41,F3,77.524,0.249,4.355,53.398,5.956,normal
2026-10-07 12:57:41,F3,57.193,0.468,3.598,51.786,8.025,normal
2026-10-07 12:58:41,F3,62.914,0.486,4.49,35.932,10.145,normal
2026-10-07 12:59:41,F3,50.26,0.406,3.576,51.56,9.231,normal
2026-10-07 13:00:41,F3,65.782,0.504,3.687,34.526,7.564,normal
2026-10-07 13:01:41,F3,76.851,0.42,3.488,40.588,8.785,normal
2026-10-07 13:02:41,F3,52.077,0.203,4.409,55.033,10.938,normal
2026-10-07 13:03:41,F3,75.193,0.434,2.268,47.65,10.295,normal
2026-10-07 13:04:41,F3,58.993,0.302,2.455,42.313,8.724,normal
2026-10-07 13:05:41,F3,74.978,0.719,4.209,46.138,7.913,normal
2026-10-07 13:06:41,F3,66.809,0.526,3.652,52.952,9.198,normal
2026-10-07 13:07:41,F3,58.033,0.363,2.897,39.658,6.816,normal
2026-10-07 13:08:41,F3,57.656,0.25,3.135,54.13,7.452,normal
2026-10-07 13:09:41,F3,63.208,0.182,3.42,53.927,10.068,normal
2026-10-07 13:10:41,F3,72.509,0.399,3.558,59.453,9.628,normal
2026-10-07 13:11:41,F3,63.16,0.292,3.104,46.274,11.086,normal
2026-10-07 13:12:41,F3,68.18,0.489,3.672,59.398,10.094,normal
2026-10-07 13:13:41,F3,83.884,0.058,2.738,46.752,9.222,normal
2026-10-07 13:14:41,F3,72.014,0.334,4.115,41.361,9.45,normal
2026-10-07 13:15:41,F3,76.174,0.062,3.478,50.049,7.407,normal
2026-10-07 13:16:41,F3,68.256,0.229,3.035,43.373,7.215,normal
2026-10-07 13:17:41,F3,72.053,0.0,2.868,43.35,7.85,normal
2026-10-07 13:18:41,F3,64.896,0.191,3.055,50.187,5.309,normal
2026-10-07 13:19:41,F3,58.792,0.199,3.747,42.56,9.092,normal
2026-10-07 13:20:41,F3,73.227,0.314,2.901,42.525,9.306,normal
2026-10-07 13:21:41,F3,60.304,0.182,3.193,48.843,4.454,normal
2026-10-07 13:22:41,F3,76.993,0.423,2.825,50.305,6.419,normal
2026-10-07 13:23:41,F3,71.591,0.54,3.916,62.646,7.11,normal
2026-10-07 13:24:41,F3,73.943,0.17,3.825,45.407,9.773,normal
2026-10-07 13:25:41,F3,67.502,0.549,3.636,41.301,9.026,normal
2026-10-07 13:26:41,F3,66.632,0.188,3.655,44.634,4.704,normal
2026-10-07 13:27:41,F3,76.337,0.151,4.247,42.598,8.315,normal
2026-10-07 13:28:41,F3,61.419,0.118,2.629,35.557,7.341,normal
2026-10-07 13:29:41,F3,71.544,0.444,3.344,62.39,8.269,normal
2026-10-07 13:30:41,F3,60.971,0.531,3.974,48.282,8.061,normal
2026-10-07 13:31:41,F3,59.622,0.468,2.643,36.705,6.631,normal
2026-10-07 13:32:41,F3,70.429,0.319,4.211,59.116,9.109,normal
2026-10-07 13:33:41,F3,69.8,0.135,3.423,42.994,5.959,normal
2026-10-07 13:34:41,F3,61.741,0.35,5.337,44.206,7.438,normal
2026-10-07 13:35:41,F3,67.592,0.579,3.75,42.608,7.899,normal
2026-10-07 13:36:41,F3,54.573,0.206,2.477,48.022,9.824,normal
2026-10-07 13:37:41,F3,61.312,0.0,2.428,59.893,6.967,normal
2026-10-07 13:38:41,F3,86.077,0.433,3.73,33.233,7.468,normal
2026-10-07 13:39:41,F3,68.953,0.621,4.386,47.833,7.588,normal
2026-10-07 13:40:41,F3,70.481,0.614,2.975,53.374,9.959,normal
2026-10-07 13:41:41,F3,63.304,0.47,2.827,53.427,10.159,normal
2026-10-07 13:42:41,F3,66.789,0.727,3.21,56.785,7.186,normal
2026-10-07 13:43:41,F3,60.009,0.315,2.033,43.238,4.892,normal
2026-10-07 13:44:41,F3,70.658,0.475,1.803,38.192,6.58,normal
2026-10-07 13:45:41,F3,67.457,0.474,3.405,52.859,8.193,normal
2026-10-07 13:46:41,F3,67.12,0.608,3.966,39.784,7.433,normal
2026-10-07 13:47:41,F3,57.331,0.0,2.96,52.276,8.48,normal
2026-10-07 13:48:41,F3,70.06,0.35,2.804,60.651,7.874,normal
2026-10-07 13:49:41,F3,63.396,0.029,4.061,41.831,10.039,normal
2026-10-07 13:50:41,F3,73.942,0.281,2.427,53.626,10.864,normal
2026-10-07 13:51:41,F3,60.047,0.179,3.353,36.708,7.976,normal
2026-10-07 13:52:41,F3,62.159,0.004,2.465,51.334,6.752,normal
2026-10-07 13:53:41,F3,77.921,0.282,3.732,43.16,9.173,normal
2026-10-07 13:54:41,F3,47.118,0.41,2.958,42.538,9.244,normal
2026-10-07 13:55:41,F3,79.197,0.363,3.087,39.935,9.333,normal
2026-10-07 13:56:41,F3,78.537,0.26,2.774,41.744,7.245,normal
2026-10-07 13:57:41,F3,53.277,0.188,3.471,51.27,6.873,normal
2026-10-07 13:58:41,F3,60.028,0.528,3.675,43.93,7.602,normal
2026-10-07 13:59:41,F3,66.251,0.062,4.442,33.503,8.856,normal
2026-10-07 14:00:41,F3,52.47,0.441,2.502,29.873,9.283,normal
2026-10-07 14:01:41,F3,62.013,0.325,3.513,59.35,6.201,normal
2026-10-07 14:02:41,F3,78.148,0.018,3.62,34.06,9.649,normal
2026-10-07 14:03:41,F3,64.916,0.243,3.146,38.032,9.561,normal
2026-10-07 14:04:41,F3,63.588,0.255,1.809,50.708,7.802,normal
2026-10-07 14:05:41,F3,71.943,0.144,3.852,45.561,6.541,normal
2026-10-07 14:06:41,F3,59.388,0.487,3.656,38.655,7.768,normal
2026-10-07 14:07:41,F3,57.402,0.228,3.53,47.394,8.536,normal
2026-10-07 14:08:41,F3,68.958,0.112,2.748,45.615,7.73,normal
2026-10-07 14:09:41,F3,63.187,0.141,2.724,45.874,11.034,normal
2026-10-07 14:10:41,F3,68.102,0.092,3.224,38.29,4.568,normal
2026-10-07 14:11:41,F3,51.546,0.192,2.944,46.488,7.162,normal
2026-10-07 14:12:41,F3,57.528,0.118,1.814,50.794,6.783,normal
2026-10-07 14:13:41,F3,70.577,0.154,3.235,57.237,5.836,normal
2026-10-07 14:14:41,F3,80.416,0.317,3.866,50.496,8.609,normal
2026-10-07 14:15:41,F3,67.15,0.168,3.105,46.544,8.744,normal
2026-10-07 14:16:41,F3,66.437,0.403,1.837,50.089,8.853,normal
2026-10-07 14:17:41,F3,73.847,0.351,3.233,52.847,7.011,normal
2026-10-07 14:18:41,F3,81.498,0.0,3.452,47.731,5.59,normal
2026-10-07 14:19:41,F3,66.913,0.164,3.01,53.443,7.611,normal
2026-10-07 14:20:41,F3,68.738,0.367,3.47,44.541,10.11,normal
2026-10-07 14:21:41,F3,66.088,0.0,3.708,50.896,6.1,normal
2026-10-07 14:22:41,F3,65.133,0.364,1.681,56.415,7.569,normal
2026-10-07 14:23:41,F3,50.545,0.172,3.706,71.746,10.156,normal
2026-10-07 14:24:41,F3,60.132,0.206,1.356,43.985,10.297,normal
2026-10-07 14:25:41,F3,72.404,0.24,3.122,44.205,8.606,normal
2026-10-07 14:26:41,F3,64.893,0.163,3.259,36.666,6.31,normal
2026-10-07 14:27:41,F3,69.584,0.0,5.353,40.02,9.871,normal
2026-10-07 14:28:41,F3,57.062,0.421,3.954,55.66,7.06,normal
2026-10-07 14:29:41,F3,64.48,0.186,3.344,50.439,9.865,normal
2026-10-07 14:30:41,F3,60.941,0.191,3.128,49.457,7.508,normal
2026-10-07 14:31:41,F3,66.697,0.0,4.203,31.665,10.59,normal
2026-10-07 14:32:41,F3,71.437,0.297,2.341,45.731,10.098,normal
2026-10-07 14:33:41,F3,66.35,0.0,3.737,36.788,6.362,normal
2026-10-07 14:34:41,F3,77.596,0.517,2.846,55.826,9.273,normal
2026-10-07 14:35:41,F3,54.625,0.342,3.128,40.085,6.472,normal
2026-10-07 14:36:41,F3,72.061,0.239,2.854,42.556,8.211,normal
2026-10-07 14:37:41,F3,61.271,0.268,3.411,56.735,8.809,normal
2026-10-07 14:38:41,F3,74.605,0.197,3.319,51.497,7.737,normal
2026-10-07 14:39:41,F3,67.786,0.247,3.195,58.186,7.007,normal
2026-10-07 14:40:41,F3,80.958,0.037,3.224,56.716,10.926,normal
2026-10-07 14:41:41,F3,72.362,0.097,3.563,34.972,7.804,normal
2026-10-07 14:42:41,F3,64.293,0.504,2.96,54.966,6.529,normal
2026-10-07 14:43:41,F3,71.568,0.136,4.098,47.856,6.61,normal
2026-10-07 14:44:41,F3,59.739,0.148,3.671,46.81,3.458,normal
2026-10-07 14:45:41,F3,75.285,0.387,3.717,40.012,8.497,normal
2026-10-07 14:46:41,F3,71.369,0.014,3.342,46.298,7.699,normal
2026-10-07 14:47:41,F3,67.207,0.141,4.885,46.278,8.576,normal
2026-10-07 14:48:41,F3,73.72,0.0,3.58,56.225,6.181,normal
2026-10-07 14:49:41,F3,66.125,0.102,3.411,39.778,8.079,normal
2026-10-07 14:50:41,F3,55.434,0.255,2.57,43.751,8.374,normal
2026-10-07 14:51:41,F3,76.759,0.148,2.659,45.123,9.29,normal
2026-10-07 14:52:41,F3,63.552,0.486,3.073,63.078,7.382,normal
2026-10-07 14:53:41,F3,79.386,0.476,3.784,43.688,5.096,normal
2026-10-07 14:54:41,F3,73.864,0.078,4.15,45.465,7.301,normal
2026-10-07 14:55:41,F3,80.001,0.243,3.257,45.354,10.28,normal
2026-10-07 14:56:41,F3,56.562,0.404,3.342,42.101,9.039,normal
2026-10-07 14:57:41,F3,63.91,0.238,3.374,43.771,6.687,normal
2026-10-07 14:58:41,F3,78.735,0.09,3.36,50.301,9.05,normal
2026-10-07 14:59:41,F3,67.258,0.0,2.951,36.43,6.507,normal
2026-10-07 15:00:41,F3,55.818,0.0,4.16,46.918,6.276,normal
2026-10-07 15:01:41,F3,64.926,0.335,3.915,49.183,5.867,normal
2026-10-07 15:02:41,F3,82.259,0.277,2.87,53.003,7.786,normal
2026-10-07 15:03:41,F3,55.367,0.14,4.007,50.759,5.942,normal
2026-10-07 15:04:41,F3,61.851,0.242,2.756,49.871,8.318,normal
2026-10-07 15:05:41,F3,60.887,0.215,3.565,53.817,7.82,normal
2026-10-07 15:06:41,F3,57.652,0.175,4.024,39.748,7.104,normal
2026-10-07 15:07:41,F3,52.531,0.626,2.596,52.44,9.248,normal
2026-10-07 15:08:41,F3,78.905,0.641,2.835,37.645,10.189,normal
2026-10-07 15:09:41,F3,70.189,0.292,2.991,41.459,8.401,normal
2026-10-07 15:10:41,F3,75.29,0.221,2.483,67.335,7.083,normal
2026-10-07 15:11:41,F3,70.601,0.16,2.829,47.368,6.463,normal
2026-10-07 15:12:41,F3,80.271,0.0,3.689,52.713,6.767,normal
2026-10-07 15:13:41,F3,66.66,0.486,4.048,57.579,8.209,normal
2026-10-07 15:14:41,F3,60.453,0.066,3.338,39.067,9.448,normal
2026-10-07 15:15:41,F3,67.484,0.0,3.403,58.159,7.416,normal
2026-10-07 15:16:41,F3,74.401,0.292,4.071,49.401,6.16,normal
2026-10-07 15:17:41,F3,74.962,0.242,3.315,56.863,8.851,normal
2026-10-07 15:18:41,F3,66.668,0.054,3.831,48.948,8.039,normal
2026-10-07 15:19:41,F3,74.125,0.005,3.674,45.226,5.875,normal
2026-10-07 15:20:41,F3,66.214,0.202,4.441,32.702,10.836,normal
2026-10-07 15:21:41,F3,80.418,0.0,3.099,45.996,6.356,normal
2026-10-07 15:22:41,F3,74.291,0.811,4.04,31.329,10.99,normal
2026-10-07 15:23:41,F3,58.046,0.345,2.927,42.857,9.216,normal
2026-10-07 15:24:41,F3,62.282,0.494,4.276,57.492,7.06,normal
2026-10-07 15:25:41,F3,82.204,0.404,3.943,49.467,10.45,normal
2026-10-07 15:26:41,F3,67.054,0.106,3.057,46.313,7.341,normal
2026-10-07 15:27:41,F3,66.984,0.252,2.375,53.836,8.035,normal
2026-10-07 15:28:41,F3,86.459,0.248,3.637,30.816,5.378,normal
2026-10-07 15:29:41,F3,69.418,0.416,3.33,42.452,12.654,normal
2026-10-07 15:30:41,F3,66.382,0.0,3.52,42.698,9.655,normal
2026-10-07 15:31:41,F3,60.158,0.348,3.626,43.231,9.888,normal
2026-10-07 15:32:41,F3,80.937,0.074,4.138,40.654,6.781,normal
2026-10-07 15:33:41,F3,60.323,0.0,3.853,49.76,7.877,normal
2026-10-07 15:34:41,F3,68.012,0.301,3.88,52.302,7.469,normal
2026-10-07 15:35:41,F3,70.243,0.336,3.93,45.389,3.877,normal
2026-10-07 15:36:41,F3,62.295,0.184,2.668,44.368,7.867,normal
2026-10-07 15:37:41,F3,54.329,0.139,3.807,44.577,9.572,normal
2026-10-07 15:38:41,F3,84.721,0.201,3.884,45.001,6.998,normal
2026-10-07 15:39:41,F3,57.721,0.099,3.568,43.298,7.057,normal
2026-10-07 15:40:41,F3,67.525,0.202,2.674,38.75,8.376,normal
2026-10-07 15:41:41,F3,71.147,0.166,3.257,45.19,6.486,normal
2026-10-07 15:42:41,F3,58.425,0.081,4.714,47.487,8.594,normal
2026-10-07 15:43:41,F3,58.642,0.052,2.462,56.484,8.52,normal
2026-10-07 15:44:41,F3,79.686,0.322,2.114,43.914,5.186,normal
2026-10-07 15:45:41,F3,68.802,0.0,4.026,50.521,7.906,normal
2026-10-07 15:46:41,F3,65.673,0.202,2.479,46.257,6.568,normal
2026-10-07 15:47:41,F3,71.593,0.144,2.265,52.708,5.164,normal
2026-10-07 15:48:41,F3,58.115,0.258,4.284,63.516,9.307,normal
2026-10-07 15:49:41,F3,47.416,0.233,4.219,51.123,7.347,normal
2026-10-07 15:50:41,F3,78.96,0.0,2.996,52.598,5.912,normal
2026-10-07 15:51:41,F3,53.133,0.0,3.533,50.199,7.755,normal
2026-10-07 15:52:41,F3,60.047,0.415,3.61,52.34,8.368,normal
2026-10-07 15:53:41,F3,77.87,0.183,3.837,52.339,8.006,normal
2026-10-07 15:54:41,F3,71.889,0.326,3.856,33.476,7.86,normal
2026-10-07 15:55:41,F3,63.284,0.036,3.883,42.917,5.493,normal
2026-10-07 15:56:41,F3,72.631,0.0,2.813,38.52,6.664,normal
2026-10-07 15:57:41,F3,62.449,0.0,3.313,40.129,10.957,normal
2026-10-07 15:58:41,F3,73.679,0.172,3.967,52.53,7.914,normal
2026-10-07 15:59:41,F3,83.908,0.158,2.519,50.446,9.821,normal
2026-10-07 16:00:41,F3,64.444,0.063,2.794,42.577,8.973,normal
2026-10-07 16:01:41,F3,54.977,0.0,2.599,60.318,8.057,normal
2026-10-07 16:02:41,F3,57.454,0.171,2.478,48.763,5.975,normal
2026-10-07 16:03:41,F3,74.688,0.218,3.958,49.115,7.31,normal
2026-10-07 16:04:41,F3,81.729,0.09,2.905,52.573,9.144,normal
2026-10-07 16:05:41,F3,54.37,0.217,2.946,47.683,6.136,normal
2026-10-07 16:06:41,F3,63.42,0.047,2.852,55.8,9.094,normal
2026-10-07 16:07:41,F3,77.849,0.104,2.789,54.107,9.886,normal
2026-10-07 16:08:41,F3,66.11,0.206,2.551,36.866,6.796,normal
2026-10-07 16:09:41,F3,76.155,0.311,3.927,55.289,3.579,normal
2026-10-07 16:10:41,F3,58.957,0.092,4.386,54.086,11.687,normal
2026-10-07 16:11:41,F3,89.404,0.0,2.119,41.106,7.844,normal
2026-10-07 16:12:41,F3,55.082,0.035,2.692,32.943,11.075,normal
2026-10-07 16:13:41,F3,68.552,0.267,2.234,36.337,8.536,normal
2026-10-07 16:14:41,F3,56.866,0.0,3.815,38.279,7.821,normal
2026-10-07 16:15:41,F3,63.326,0.024,2.994,35.538,8.16,normal
2026-10-07 16:16:41,F3,56.703,0.073,2.552,41.438,9.824,normal
2026-10-07 16:17:41,F3,60.735,0.0,4.29,48.154,8.137,normal
2026-10-07 16:18:41,F3,77.465,0.108,3.701,50.938,5.421,normal
2026-10-07 16:19:41,F3,69.148,0.0,2.593,50.071,8.039,normal
2026-10-07 16:20:41,F3,72.009,0.407,3.595,53.71,5.522,normal
2026-10-07 16:21:41,F3,70.561,0.357,3.832,48.351,9.436,normal
2026-10-07 16:22:41,F3,67.977,0.0,2.564,35.489,5.379,normal
2026-10-07 16:23:41,F3,54.46,0.08,3.971,42.727,9.931,normal
2026-10-07 16:24:41,F3,83.325,0.141,3.392,50.779,7.956,normal
2026-10-07 16:25:41,F3,65.676,0.0,3.544,45.803,6.314,normal
2026-10-07 16:26:41,F3,76.091,0.0,2.44,44.373,6.485,normal
2026-10-07 16:27:41,F3,77.91,0.08,4.188,42.132,7.451,normal
2026-10-07 16:28:41,F3,70.625,0.0,4.473,44.737,7.498,normal
2026-10-07 16:29:41,F3,67.586,0.0,2.508,56.731,8.995,normal
2026-10-07 16:30:41,F3,74.023,0.36,2.368,49.294,7.07,normal
2026-10-07 16:31:41,F3,61.154,0.0,4.027,45.107,7.14,normal
2026-10-07 16:32:41,F3,63.555,0.0,2.95,43.335,8.644,normal
2026-10-07 16:33:41,F3,63.888,0.09,2.874,38.569,10.827,normal
2026-10-07 16:34:41,F3,60.893,0.214,2.316,47.217,8.287,normal
2026-10-07 16:35:41,F3,77.057,0.222,3.234,48.24,8.255,normal
2026-10-07 16:36:41,F3,57.95,0.0,2.359,29.068,8.846,normal
2026-10-07 16:37:41,F3,70.262,0.0,2.945,45.296,6.402,normal
2026-10-07 16:38:41,F3,70.4,0.0,2.705,53.668,6.74,normal
2026-10-07 16:39:41,F3,64.738,0.187,3.005,43.839,6.29,normal
2026-10-07 16:40:41,F3,51.746,0.163,2.87,55.394,5.214,normal
2026-10-07 16:41:41,F3,67.105,0.249,2.908,49.236,7.906,normal
2026-10-07 16:42:41,F3,71.243,0.063,4.224,47.344,3.496,normal
2026-10-07 16:43:41,F3,67.969,0.404,2.873,56.741,9.606,normal
2026-10-07 16:44:41,F3,68.542,0.086,2.392,39.98,5.339,normal
2026-10-07 16:45:41,F3,67.88,0.482,3.282,55.039,7.391,normal
2026-10-07 16:46:41,F3,77.402,0.0,3.557,51.277,5.255,normal
2026-10-07 16:47:41,F3,70.738,0.01,3.633,46.057,6.933,normal
2026-10-07 16:48:41,F3,62.048,0.252,3.19,38.108,8.025,normal
2026-10-07 16:49:41,F3,68.27,0.0,2.644,38.086,4.961,normal
2026-10-07 16:50:41,F3,44.328,0.109,1.42,47.044,8.158,normal
2026-10-07 16:51:41,F3,68.031,0.0,3.455,47.761,6.23,normal
2026-10-07 16:52:41,F3,68.03,0.382,3.02,53.844,13.138,normal
2026-10-07 16:53:41,F3,69.531,0.0,2.57,54.236,6.438,normal
2026-10-07 16:54:41,F3,65.629,0.615,3.286,47.339,8.619,normal
2026-10-07 16:55:41,F3,72.432,0.055,2.329,46.318,8.308,normal
2026-10-07 16:56:41,F3,62.798,0.479,3.385,45.625,9.691,normal
2026-10-07 16:57:41,F3,67.105,0.517,3.006,55.09,5.784,normal
2026-10-07 16:58:41,F3,63.166,0.142,1.993,51.372,11.584,normal
2026-10-07 16:59:41,F3,63.088,0.0,1.714,42.755,6.842,normal
2026-10-07 17:00:41,F3,74.7,0.221,1.622,49.7,3.48,normal
2026-10-07 17:01:41,F3,64.935,0.286,3.357,38.594,9.434,normal
2026-10-07 17:02:41,F3,81.798,0.0,3.815,42.395,6.041,normal
2026-10-07 17:03:41,F3,58.282,0.109,2.337,54.054,7.926,normal
2026-10-07 17:04:41,F3,60.069,0.043,4.215,56.484,5.308,normal
2026-10-07 17:05:41,F3,62.789,0.295,3.132,40.382,6.626,normal
2026-10-07 17:06:41,F3,55.385,0.065,3.21,50.059,6.92,normal
2026-10-07 17:07:41,F3,56.581,0.457,0.987,54.259,8.66,normal
2026-10-07 17:08:41,F3,75.219,0.0,3.971,43.264,5.817,normal
2026-10-07 17:09:41,F3,82.094,0.081,4.17,44.745,10.013,normal
2026-10-07 17:10:41,F3,63.854,0.003,4.106,44.957,7.404,normal
2026-10-07 17:11:41,F3,78.158,0.036,2.762,55.667,7.494,normal
2026-10-07 17:12:41,F3,64.052,0.0,4.731,47.88,4.85,normal
2026-10-07 17:13:41,F3,82.383,0.004,3.555,50.069,9.336,normal
2026-10-07 17:14:41,F3,58.51,0.259,2.725,42.845,8.329,normal
2026-10-07 17:15:41,F3,74.881,0.0,2.124,53.295,9.121,normal
2026-10-07 17:16:41,F3,66.76,0.6,4.812,52.333,8.346,normal
2026-10-07 17:17:41,F3,61.141,0.0,2.586,25.682,5.061,normal
2026-10-07 17:18:41,F3,76.701,0.2,3.167,49.495,7.024,normal
2026-10-07 17:19:41,F3,73.028,0.084,3.078,27.051,9.581,normal
2026-10-07 17:20:41,F3,60.376,0.276,2.407,48.46,8.122,normal
2026-10-07 17:21:41,F3,52.799,0.0,3.091,39.338,8.74,normal
2026-10-07 17:22:41,F3,59.644,0.297,3.656,47.34,10.527,normal
2026-10-07 17:23:41,F3,59.571,0.0,1.842,38.516,7.491,normal
2026-10-07 17:24:41,F3,63.764,0.032,3.676,38.272,6.725,normal
2026-10-07 17:25:41,F3,80.307,0.165,2.166,41.172,9.295,normal
2026-10-07 17:26:41,F3,64.825,0.0,3.266,34.883,9.007,normal
2026-10-07 17:27:41,F3,54.453,0.0,3.174,54.892,9.767,normal
2026-10-07 17:28:41,F3,66.495,0.0,4.489,46.533,7.381,normal
2026-10-07 17:29:41,F3,61.044,0.0,3.823,57.746,5.587,normal
2026-10-07 17:30:41,F3,71.579,0.0,2.242,37.787,10.756,normal
2026-10-07 17:31:41,F3,62.422,0.051,3.148,57.078,9.714,normal
2026-10-07 17:32:41,F3,60.672,0.0,2.381,38.236,6.776,normal
2026-10-07 17:33:41,F3,62.904,0.002,3.115,56.421,8.249,normal
2026-10-07 17:34:41,F3,51.741,0.007,3.338,45.513,9.341,normal
2026-10-07 17:35:41,F3,56.245,0.15,4.024,51.786,8.761,normal
2026-10-07 17:36:41,F3,75.713,0.358,2.656,50.734,10.199,normal
2026-10-07 17:37:41,F3,64.602,0.0,3.461,49.375,8.42,normal
2026-10-07 17:38:41,F3,70.546,0.181,2.947,57.748,9.709,normal
2026-10-07 17:39:41,F3,53.604,0.313,3.891,52.89,7.099,normal
2026-10-07 17:40:41,F3,66.711,0.209,1.596,51.856,10.028,normal
2026-10-07 17:41:41,F3,74.011,0.113,2.285,37.154,7.189,normal
2026-10-07 17:42:41,F3,67.49,0.206,3.379,57.633,9.497,normal
2026-10-07 17:43:41,F3,56.677,0.213,4.047,38.647,7.455,normal
2026-10-07 17:44:41,F3,72.178,0.0,3.149,39.317,7.185,normal
2026-10-07 17:45:41,F3,66.616,0.13,4.493,49.298,5.59,normal
2026-10-07 17:46:41,F3,67.415,0.0,4.274,43.493,6.578,normal
2026-10-07 17:47:41,F3,73.715,0.0,3.959,37.665,7.269,normal
2026-10-07 17:48:41,F3,62.892,0.0,3.612,52.41,5.885,normal
2026-10-07 17:49:41,F3,66.75,0.0,2.951,56.34,6.347,normal
2026-10-07 17:50:41,F3,61.922,0.024,2.201,45.603,11.538,normal
2026-10-07 17:51:41,F3,50.547,0.236,2.971,22.04,10.196,normal
2026-10-07 17:52:41,F3,53.186,0.0,2.706,50.956,7.157,normal
