timestamp,factory_id,temperature,vibration,pressure,humidity,energy_consumption,state
2026-09-29 09:53:41,F1,58.639,1.399,5.261,65.086,6.365,normal
2026-09-29 09:54:41,F1,49.42,1.468,4.642,42.952,9.051,normal
2026-09-29 09:55:41,F1,53.609,1.389,4.755,58.112,6.128,normal
2026-09-29 09:56:41,F1,59.408,1.5,4.98,65.017,8.197,normal
2026-09-29 09:57:41,F1,65.459,1.157,4.808,47.865,6.831,normal
2026-09-29 09:58:41,F1,44.817,1.302,4.078,73.61,10.277,normal
2026-09-29 09:59:41,F1,53.375,1.41,4.426,47.007,5.982,normal
2026-09-29 10:00:41,F1,64.052,1.493,4.056,54.507,5.004,normal
2026-09-29 10:01:41,F1,57.122,1.317,4.785,63.44,8.248,failure
2026-09-29 10:02:41,F1,58.212,1.411,4.857,64.117,7.539,normal
2026-09-29 10:03:41,F1,48.984,1.27,4.194,61.885,7.902,normal
2026-09-29 10:04:41,F1,48.732,1.466,3.757,63.807,8.298,normal
2026-09-29 10:05:41,F1,68.079,1.387,4.857,50.767,9.37,failure
2026-09-29 10:06:41,F1,56.849,1.35,3.966,53.329,9.234,normal
2026-09-29 10:07:41,F1,58.198,1.541,4.693,63.771,7.944,normal
2026-09-29 10:08:41,F1,46.476,1.289,4.332,45.053,9.345,normal
2026-09-29 10:09:41,F1,60.922,1.407,4.71,61.56,6.192,normal
2026-09-29 10:10:41,F1,45.781,1.512,4.995,45.163,6.564,normal
2026-09-29 10:11:41,F1,50.892,1.473,4.102,58.713,8.773,normal
2026-09-29 10:12:41,F1,41.734,1.383,4.269,54.852,6.909,normal
2026-09-29 10:13:41,F1,61.962,1.351,5.412,54.103,8.334,normal
2026-09-29 10:14:41,F1,63.315,1.667,3.604,62.446,9.134,normal
2026-09-29 10:15:41,F1,49.51,1.462,4.255,61.089,6.775,normal
2026-09-29 10:16:41,F1,45.334,1.184,5.996,64.457,8.949,normal
2026-09-29 10:17:41,F1,56.234,1.446,4.167,45.334,8.096,normal
2026-09-29 10:18:41,F1,55.038,1.314,3.958,55.754,7.987,normal
2026-09-29 10:19:41,F1,61.327,1.282,3.53,53.631,6.766,normal
2026-09-29 10:20:41,F1,62.966,1.387,5.494,59.638,4.088,normal
2026-09-29 10:21:41,F1,65.817,1.375,4.019,65.081,7.839,normal
2026-09-29 10:22:41,F1,59.769,1.166,3.874,59.882,5.361,normal
2026-09-29 10:23:41,F1,55.18,1.366,4.254,54.29,7.302,normal
2026-09-29 10:24:41,F1,38.631,1.514,5.269,68.21,8.795,normal
2026-09-29 10:25:41,F1,55.365,1.271,4.414,61.241,6.763,normal
2026-09-29 10:26:41,F1,48.224,1.344,5.008,64.811,5.984,normal
2026-09-29 10:27:41,F1,70.845,1.439,4.327,62.112,6.902,failure
2026-09-29 10:28:41,F1,68.627,1.353,4.719,65.376,8.611,failure
2026-09-29 10:29:41,F1,62.554,1.529,3.907,75.362,5.136,failure
2026-09-29 10:30:41,F1,59.922,1.229,5.553,65.948,4.602,normal
2026-09-29 10:31:41,F1,61.336,1.635,4.212,57.03,7.857,failure
2026-09-29 10:32:41,F1,67.004,1.568,4.619,57.538,7.621,failure
2026-09-29 10:33:41,F1,62.028,1.351,4.572,64.459,7.612,normal
2026-09-29 10:34:41,F1,48.862,1.652,3.666,62.589,6.632,normal
2026-09-29 10:35:41,F1,71.596,1.32,4.274,48.19,8.445,normal
2026-09-29 10:36:41,F1,48.865,1.576,4.256,62.117,8.803,normal
2026-09-29 10:37:41,F1,53.442,1.27,5.357,52.181,7.438,normal
2026-09-29 10:38:41,F1,59.863,1.561,4.361,59.828,5.982,normal
2026-09-29 10:39:41,F1,71.127,1.537,4.235,62.1,9.413,failure
2026-09-29 10:40:41,F1,52.176,1.532,4.24,46.996,5.525,failure
2026-09-29 10:41:41,F1,57.811,1.598,4.151,51.005,9.226,normal
2026-09-29 10:42:41,F1,48.09,1.246,4.998,36.285,7.138,normal
2026-09-29 10:43:41,F1,57.013,1.318,4.287,48.473,8.435,normal
2026-09-29 10:44:41,F1,70.415,1.296,4.338,69.48,8.149,failure
2026-09-29 10:45:41,F1,51.428,1.406,4.18,51.116,8.59,normal
2026-09-29 10:46:41,F1,65.637,1.306,4.378,72.632,8.829,normal
2026-09-29 10:47:41,F1,53.796,1.516,5.911,48.928,7.368,normal
2026-09-29 10:48:41,F1,63.831,1.492,6.055,43.321,8.316,failure
2026-09-29 10:49:41,F1,49.106,1.331,3.898,43.565,8.434,normal
2026-09-29 10:50:41,F1,51.0,1.224,4.684,57.426,8.603,normal
2026-09-29 10:51:41,F1,56.042,1.373,4.667,54.158,6.681,normal
2026-09-29 10:52:41,F1,68.969,1.369,5.392,55.29,5.516,failure
2026-09-29 10:53:41,F1,47.979,1.443,4.239,55.013,8.069,normal
2026-09-29 10:54:41,F1,56.602,1.338,5.341,61.231,6.959,normal
2026-09-29 10:55:41,F1,43.332,1.326,5.416,58.468,7.512,normal
2026-09-29 10:56:41,F1,57.519,1.604,5.189,54.507,9.542,failure
2026-09-29 10:57:41,F1,55.732,1.322,3.915,66.67,7.949,normal
2026-09-29 10:58:41,F1,57.027,1.329,4.06,50.175,7.388,normal
2026-09-29 10:59:41,F1,69.894,1.383,3.725,48.171,8.101,normal
2026-09-29 11:00:41,F1,62.182,1.306,4.935,60.029,7.3,normal
2026-09-29 11:01:41,F1,63.286,1.463,4.823,60.574,8.332,failure
2026-09-29 11:02:41,F1,70.448,1.477,3.858,55.19,5.942,normal
2026-09-29 11:03:41,F1,54.354,1.584,3.851,59.187,7.5,normal
2026-09-29 11:04:41,F1,64.927,1.593,4.219,60.004,5.76,normal
2026-09-29 11:05:41,F1,63.528,1.332,4.164,47.592,8.313,normal
2026-09-29 11:06:41,F1,59.563,1.429,5.306,46.223,7.832,normal
2026-09-29 11:07:41,F1,50.193,1.469,4.931,39.991,6.589,normal
2026-09-29 11:08:41,F1,45.287,1.387,5.234,55.931,5.613,normal
2026-09-29 11:09:41,F1,55.163,1.504,4.928,65.625,7.53,normal
2026-09-29 11:10:41,F1,52.522,1.357,5.746,51.7,9.005,normal
2026-09-29 11:11:41,F1,57.354,1.439,3.878,50.514,7.313,normal
2026-09-29 11:12:41,F1,54.075,1.319,5.18,62.529,6.906,normal
2026-09-29 11:13:41,F1,42.965,1.183,5.455,57.804,7.622,normal
2026-09-29 11:14:41,F1,60.658,1.239,4.678,60.543,7.406,normal
2026-09-29 11:15:41,F1,51.915,1.382,4.841,71.302,8.17,normal
2026-09-29 11:16:41,F1,70.329,1.391,4.562,54.053,8.212,failure
2026-09-29 11:17:41,F1,56.184,1.428,4.47,65.616,8.423,normal
2026-09-29 11:18:41,F1,51.092,1.506,4.653,53.779,5.687,normal
2026-09-29 11:19:41,F1,51.515,1.538,4.854,56.915,4.596,normal
2026-09-29 11:20:41,F1,56.334,1.512,5.162,51.177,7.853,normal
2026-09-29 11:21:41,F1,52.187,1.381,4.409,55.032,9.081,failure
2026-09-29 11:22:41,F1,60.72,1.401,5.373,62.245,8.082,normal
2026-09-29 11:23:41,F1,58.078,1.554,4.687,50.24,6.558,normal
2026-09-29 11:24:41,F1,61.678,1.447,4.869,54.023,8.105,normal
2026-09-29 11:25:41,F1,56.615,1.273,4.981,50.802,5.035,normal
2026-09-29 11:26:41,F1,65.807,1.257,4.362,56.532,8.419,normal
2026-09-29 11:27:41,F1,50.443,1.528,4.88,65.154,7.392,normal
2026-09-29 11:28:41,F1,49.407,1.163,5.758,65.657,5.712,normal
2026-09-29 11:29:41,F1,52.017,1.23,4.351,52.079,7.067,normal
2026-09-29 11:30:41,F1,62.712,1.555,4.721,55.271,6.076,normal
2026-09-29 11:31:41,F1,69.694,1.626,4.615,42.059,9.019,failure
2026-09-29 11:32:41,F1,54.605,1.692,4.502,50.189,7.286,normal
2026-09-29 11:33:41,F1,57.802,1.319,4.58,57.589,6.427,normal
2026-09-29 11:34:41,F1,60.986,1.312,3.174,38.423,8.25,normal
2026-09-29 11:35:41,F1,52.913,1.331,5.072,51.948,5.07,normal
2026-09-29 11:36:41,F1,46.619,1.576,3.991,56.264,8.911,normal
2026-09-29 11:37:41,F1,45.686,1.37,3.973,61.435,8.765,normal
2026-09-29 11:38:41,F1,70.412,1.501,2.916,43.575,7.827,normal
2026-09-29 11:39:41,F1,58.919,1.415,4.228,61.235,8.597,normal
2026-09-29 11:40:41,F1,56.822,1.233,4.207,54.737,9.186,normal
2026-09-29 11:41:41,F1,55.455,1.641,4.294,58.64,7.564,normal
2026-09-29 11:42:41,F1,52.501,1.288,3.718,68.587,5.42,normal
2026-09-29 11:43:41,F1,51.457,1.46,5.333,67.596,5.017,normal
2026-09-29 11:44:41,F1,51.403,1.366,4.188,64.644,6.982,normal
2026-09-29 11:45:41,F1,52.403,1.125,5.072,78.25,4.984,normal
2026-09-29 11:46:41,F1,49.177,1.194,4.446,53.167,9.267,normal
2026-09-29 11:47:41,F1,50.384,1.662,4.862,41.157,7.017,failure
2026-09-29 11:48:41,F1,55.49,1.437,4.375,54.344,7.101,failure
2026-09-29 11:49:41,F1,45.548,1.383,4.499,58.04,7.828,normal
2026-09-29 11:50:41,F1,53.618,1.317,4.9,44.706,6.363,normal
2026-09-29 11:51:41,F1,66.767,1.579,4.393,47.399,5.76,normal
2026-09-29 11:52:41,F1,53.774,1.342,4.078,69.34,6.609,normal
2026-09-29 11:53:41,F1,55.453,1.409,3.855,64.258,9.084,normal
2026-09-29 11:54:41,F1,54.597,1.591,3.672,46.932,7.863,normal
2026-09-29 11:55:41,F1,49.95,1.632,6.508,66.812,7.51,normal
2026-09-29 11:56:41,F1,58.02,1.396,5.208,56.967,6.977,failure
2026-09-29 11:57:41,F1,56.036,1.381,5.15,56.04,7.248,normal
2026-09-29 11:58:41,F1,46.514,1.521,4.54,59.808,8.318,normal
2026-09-29 11:59:41,F1,64.916,1.756,4.045,68.643,7.8,normal
2026-09-29 12:00:41,F1,65.02,1.894,5.007,46.972,9.637,failure
2026-09-29 12:01:41,F1,49.258,1.524,4.715,57.026,7.524,normal
2026-09-29 12:02:41,F1,48.46,1.374,4.727,63.192,7.213,normal
2026-09-29 12:03:41,F1,59.882,1.538,5.358,54.23,4.796,normal
2026-09-29 12:04:41,F1,34.095,1.561,4.275,41.3,8.746,normal
2026-09-29 12:05:41,F1,52.175,1.538,5.015,65.989,7.612,normal
2026-09-29 12:06:41,F1,49.168,1.319,5.38,41.761,7.838,normal
2026-09-29 12:07:41,F1,60.498,1.711,4.307,54.431,7.831,normal
2026-09-29 12:08:41,F1,50.982,1.445,5.004,65.593,8.928,normal
2026-09-29 12:09:41,F1,54.189,1.584,4.645,69.3,6.132,normal
2026-09-29 12:10:41,F1,54.418,1.504,4.585,60.799,4.705,normal
2026-09-29 12:11:41,F1,63.451,1.125,4.217,60.225,8.402,normal
2026-09-29 12:12:41,F1,62.085,1.803,5.307,61.146,7.57,failure
2026-09-29 12:13:41,F1,60.805,1.365,4.492,58.598,6.873,normal
2026-09-29 12:14:41,F1,50.153,1.687,4.459,58.599,7.776,normal
2026-09-29 12:15:41,F1,57.432,1.648,5.582,54.351,9.9,failure
2026-09-29 12:16:41,F1,54.513,1.565,4.633,64.273,8.013,normal
2026-09-29 12:17:41,F1,57.721,1.345,4.966,62.821,7.35,normal
2026-09-29 12:18:41,F1,63.644,1.5,4.274,66.472,8.096,normal
2026-09-29 12:19:41,F1,49.777,1.402,4.322,54.006,6.108,normal
2026-09-29 12:20:41,F1,52.672,1.467,4.769,45.512,5.58,normal
2026-09-29 12:21:41,F1,56.525,1.527,4.282,59.799,7.673,normal
2026-09-29 12:22:41,F1,65.091,1.212,3.964,43.534,6.539,normal
2026-09-29 12:23:41,F1,60.879,1.442,4.976,57.586,8.847,normal
2026-09-29 12:24:41,F1,57.201,1.31,5.08,44.866,7.369,failure
2026-09-29 12:25:41,F1,53.562,1.485,4.076,53.802,8.51,normal
2026-09-29 12:26:41,F1,64.389,1.613,4.417,52.563,8.408,normal
2026-09-29 12:27:41,F1,62.122,1.615,5.242,51.684,7.677,failure
2026-09-29 12:28:41,F1,54.923,1.237,4.505,72.727,6.724,normal
2026-09-29 12:29:41,F1,54.084,1.321,5.035,41.78,8.564,normal
2026-09-29 12:30:41,F1,49.593,1.604,5.675,54.905,8.337,normal
2026-09-29 12:31:41,F1,54.293,1.585,4.979,41.92,7.924,normal
2026-09-29 12:32:41,F1,67.812,1.335,4.985,58.815,6.477,normal
2026-09-29 12:33:41,F1,44.227,1.437,4.569,57.403,8.478,normal
2026-09-29 12:34:41,F1,53.03,1.431,4.228,68.102,8.188,normal
2026-09-29 12:35:41,F1,57.116,1.41,4.369,54.708,7.644,normal
2026-09-29 12:36:41,F1,52.307,1.596,4.567,59.453,5.882,normal
2026-09-29 12:37:41,F1,57.64,1.471,4.458,50.21,10.235,failure
2026-09-29 12:38:41,F1,64.844,1.239,3.61,49.848,6.423,normal
2026-09-29 12:39:41,F1,54.406,1.308,4.449,57.909,8.638,normal
2026-09-29 12:40:41,F1,65.572,1.573,4.62,58.677,7.295,normal
2026-09-29 12:41:41,F1,48.691,1.22,5.397,57.384,7.93,normal
2026-09-29 12:42:41,F1,48.485,1.43,5.023,52.093,6.413,failure
2026-09-29 12:43:41,F1,61.496,1.706,4.261,56.088,6.854,normal
2026-09-29 12:44:41,F1,58.159,1.351,4.139,56.802,6.75,normal
2026-09-29 12:45:41,F1,48.37,1.432,4.491,62.24,6.928,normal
2026-09-29 12:46:41,F1,55.4,1.36,4.666,44.754,8.116,normal
2026-09-29 12:47:41,F1,49.478,1.409,4.673,66.16,8.427,normal
2026-09-29 12:48:41,F1,57.764,1.48,5.153,60.09,8.225,normal
2026-09-29 12:49:41,F1,69.172,1.362,4.531,52.266,7.127,normal
2026-09-29 12:50:41,F1,59.095,1.568,3.81,59.92,7.664,normal
2026-09-29 12:51:41,F1,42.664,1.587,4.014,54.272,6.923,normal
2026-09-29 12:52:41,F1,48.694,1.462,4.253,55.819,7.253,normal
2026-09-29 12:53:41,F1,48.118,1.442,4.569,49.57,8.852,normal
2026-09-29 12:54:41,F1,50.861,1.392,3.835,64.642,6.108,normal
2026-09-29 12:55:41,F1,30.61,1.444,4.634,61.924,7.707,normal
2026-09-29 12:56:41,F1,59.377,1.353,5.112,75.996,9.636,normal
2026-09-29 12:57:41,F1,61.142,1.534,3.503,55.765,8.174,normal
2026-09-29 12:58:41,F1,48.457,1.618,4.418,60.726,7.794,normal
2026-09-29 12:59:41,F1,61.93,1.455,4.38,52.867,9.025,failure
2026-09-29 13:00:41,F1,53.573,1.574,5.436,49.437,8.51,normal
2026-09-29 13:01:41,F1,37.719,1.511,2.829,73.185,7.241,normal
2026-09-29 13:02:41,F1,61.014,1.374,4.731,65.023,8.139,normal
2026-09-29 13:03:41,F1,58.951,1.394,4.338,59.964,7.062,normal
2026-09-29 13:04:41,F1,55.899,1.506,3.324,52.852,7.682,normal
2026-09-29 13:05:41,F1,61.429,1.572,4.887,45.801,6.444,failure
2026-09-29 13:06:41,F1,66.533,1.406,3.745,64.881,10.925,failure
2026-09-29 13:07:41,F1,46.412,1.468,4.428,42.262,8.725,normal
2026-09-29 13:08:41,F1,58.742,1.493,4.661,56.325,7.882,failure
2026-09-29 13:09:41,F1,52.255,1.633,4.52,43.579,6.387,normal
2026-09-29 13:10:41,F1,41.575,1.539,4.899,52.516,6.547,normal
2026-09-29 13:11:41,F1,55.171,1.449,4.981,44.138,6.939,normal
2026-09-29 13:12:41,F1,67.488,1.25,4.689,49.695,7.098,normal
2026-09-29 13:13:41,F1,58.843,1.506,4.73,56.086,8.506,failure
2026-09-29 13:14:41,F1,63.899,1.393,3.591,56.866,8.209,normal
2026-09-29 13:15:41,F1,54.511,1.549,4.35,47.835,9.881,failure
2026-09-29 13:16:41,F1,44.853,1.433,3.926,62.662,6.191,normal
2026-09-29 13:17:41,F1,53.927,1.407,5.408,63.57,8.267,normal
2026-09-29 13:18:41,F1,45.425,1.553,4.697,41.299,8.237,normal
2026-09-29 13:19:41,F1,55.924,1.49,6.249,72.087,5.98,normal
2026-09-29 13:20:41,F1,58.139,1.46,4.334,49.394,5.579,normal
2026-09-29 13:21:41,F1,57.211,1.624,4.523,55.364,8.136,normal
2026-09-29 13:22:41,F1,57.054,1.514,4.401,52.924,6.314,normal
2026-09-29 13:23:41,F1,58.939,1.393,3.552,57.138,9.243,normal
2026-09-29 13:24:41,F1,44.963,1.427,4.769,70.516,8.25,normal
2026-09-29 13:25:41,F1,54.966,1.316,4.997,59.523,7.935,normal
2026-09-29 13:26:41,F1,56.504,1.452,3.848,71.561,4.95,normal
2026-09-29 13:27:41,F1,57.43,1.641,5.092,59.424,7.139,failure
2026-09-29 13:28:41,F1,49.324,1.253,4.648,65.153,7.366,normal
2026-09-29 13:29:41,F1,59.589,1.451,4.236,49.392,9.501,failure
2026-09-29 13:30:41,F1,56.399,1.481,3.684,65.375,8.08,normal
2026-09-29 13:31:41,F1,50.873,1.424,4.058,43.319,7.706,failure
2026-09-29 13:32:41,F1,51.947,1.487,4.435,60.799,8.402,normal
2026-09-29 13:33:41,F1,59.643,1.752,5.902,74.347,7.618,failure
2026-09-29 13:34:41,F1,78.613,1.53,5.204,55.895,9.724,failure
2026-09-29 13:35:41,F1,53.079,1.482,4.947,62.614,9.598,normal
2026-09-29 13:36:41,F1,55.131,1.418,5.406,62.082,5.504,normal
2026-09-29 13:37:41,F1,62.539,1.458,4.021,44.417,8.873,failure
2026-09-29 13:38:41,F1,57.865,1.572,4.966,64.079,9.838,failure
2026-09-29 13:39:41,F1,43.904,1.252,4.824,60.544,7.836,normal
2026-09-29 13:40:41,F1,38.199,1.172,3.587,50.07,7.407,normal
2026-09-29 13:41:41,F1,53.776,1.602,3.936,47.937,5.845,normal
2026-09-29 13:42:41,F1,52.927,1.311,4.816,48.621,6.227,normal
2026-09-29 13:43:41,F1,67.835,1.556,3.496,48.071,5.605,normal
2026-09-29 13:44:41,F1,59.639,1.584,4.784,42.263,9.271,failure
2026-09-29 13:45:41,F1,48.328,1.556,8.707,64.996,6.262,normal
2026-09-29 13:46:41,F1,61.209,1.533,4.544,65.442,7.042,normal
2026-09-29 13:47:41,F1,67.652,1.342,4.32,66.897,7.731,normal
2026-09-29 13:48:41,F1,51.086,1.449,5.403,46.61,6.337,normal
2026-09-29 13:49:41,F1,58.073,1.438,5.426,58.732,8.053,normal
2026-09-29 13:50:41,F1,68.687,1.436,3.832,61.014,8.574,failure
2026-09-29 13:51:41,F1,54.612,1.621,3.98,56.337,7.662,normal
2026-09-29 13:52:41,F1,48.635,1.353,3.699,60.413,7.662,normal
2026-09-29 13:53:41,F1,45.169,1.474,4.996,54.523,5.651,normal
2026-09-29 13:54:41,F1,61.665,1.482,3.376,52.064,8.461,normal
2026-09-29 13:55:41,F1,67.252,1.314,4.504,39.92,5.311,normal
2026-09-29 13:56:41,F1,46.625,1.571,4.185,58.051,6.788,normal
2026-09-29 13:57:41,F1,47.938,1.385,2.927,63.608,9.474,normal
2026-09-29 13:58:41,F1,43.445,1.507,4.718,60.165,10.156,normal
2026-09-29 13:59:41,F1,57.483,1.534,5.932,57.722,7.469,failure
2026-09-29 14:00:41,F1,53.376,1.426,4.829,74.778,7.022,normal
2026-09-29 14:01:41,F1,60.389,1.229,4.209,54.623,6.172,normal
2026-09-29 14:02:41,F1,56.507,1.732,4.498,43.658,6.258,failure
2026-09-29 14:03:41,F1,56.308,1.568,5.504,47.02,10.736,normal
2026-09-29 14:04:41,F1,61.915,1.405,5.135,68.712,8.211,failure
2026-09-29 14:05:41,F1,55.704,1.566,3.933,50.742,7.212,normal
2026-09-29 14:06:41,F1,60.529,1.587,4.971,75.398,7.466,normal
2026-09-29 14:07:41,F1,56.064,1.46,5.703,70.422,7.214,normal
2026-09-29 14:08:41,F1,66.173,1.493,5.051,59.707,7.684,failure
2026-09-29 14:09:41,F1,47.339,1.415,3.868,59.237,8.583,normal
2026-09-29 14:10:41,F1,51.514,1.584,3.792,56.951,8.916,normal
2026-09-29 14:11:41,F1,52.277,1.407,3.103,53.029,6.324,normal
2026-09-29 14:12:41,F1,48.233,1.663,4.189,55.027,7.547,normal
2026-09-29 14:13:41,F1,56.503,1.487,4.3,45.372,5.454,normal
2026-09-29 14:14:41,F1,47.504,1.522,4.813,70.8,5.77,normal
2026-09-29 14:15:41,F1,50.632,1.44,4.073,60.788,5.285,normal
2026-09-29 14:16:41,F1,59.218,1.344,3.983,58.448,8.996,normal
2026-09-29 14:17:41,F1,50.29,1.422,5.024,59.474,6.938,normal
2026-09-29 14:18:41,F1,50.914,1.478,5.602,63.922,8.544,normal
2026-09-29 14:19:41,F1,50.929,1.378,4.71,38.18,8.343,normal
2026-09-29 14:20:41,F1,61.634,1.234,4.022,58.761,7.576,normal
2026-09-29 14:21:41,F1,62.908,1.484,4.454,55.694,6.272,normal
2026-09-29 14:22:41,F1,50.648,1.499,5.174,59.494,8.601,normal
2026-09-29 14:23:41,F1,58.891,1.477,4.813,55.846,7.429,normal
2026-09-29 14:24:41,F1,41.917,1.789,5.633,61.411,8.876,normal
2026-09-29 14:25:41,F1,41.324,1.332,5.612,45.486,7.271,normal
2026-09-29 14:26:41,F1,62.362,1.33,4.641,58.262,5.097,normal
2026-09-29 14:27:41,F1,56.634,1.603,4.188,59.81,6.995,normal
2026-09-29 14:28:41,F1,51.872,1.36,4.771,52.277,7.284,normal
2026-09-29 14:29:41,F1,63.073,1.399,4.771,47.994,8.641,failure
2026-09-29 14:30:41,F1,66.932,1.341,3.841,51.489,9.56,normal
2026-09-29 14:31:41,F1,52.322,1.459,4.393,37.834,6.89,normal
2026-09-29 14:32:41,F1,59.425,1.559,4.738,52.413,5.915,normal
2026-09-29 14:33:41,F1,65.381,1.467,5.131,48.719,7.954,failure
2026-09-29 14:34:41,F1,59.79,1.458,4.681,54.959,9.452,normal
2026-09-29 14:35:41,F1,67.469,1.564,4.779,61.284,8.736,normal
2026-09-29 14:36:41,F1,52.883,1.493,5.239,72.928,5.637,failure
2026-09-29 14:37:41,F1,57.809,1.65,4.057,59.574,6.336,normal
2026-09-29 14:38:41,F1,74.382,1.137,4.58,70.121,5.88,normal
2026-09-29 14:39:41,F1,53.178,1.486,4.421,52.468,6.597,normal
2026-09-29 14:40:41,F1,52.432,1.364,4.965,51.948,6.222,normal
2026-09-29 14:41:41,F1,58.231,1.741,4.382,68.116,9.008,normal
2026-09-29 14:42:41,F1,51.482,1.362,4.303,52.936,8.382,normal
2026-09-29 14:43:41,F1,65.041,1.456,4.659,52.113,7.509,normal
2026-09-29 14:44:41,F1,51.745,1.222,4.058,72.449,6.66,normal
2026-09-29 14:45:41,F1,57.567,1.783,4.557,58.997,7.566,normal
2026-09-29 14:46:41,F1,58.259,1.494,4.224,53.946,6.633,normal
2026-09-29 14:47:41,F1,47.121,1.284,3.897,48.802,5.13,normal
2026-09-29 14:48:41,F1,64.522,1.525,3.74,49.967,7.749,normal
2026-09-29 14:49:41,F1,43.706,1.548,4.745,57.004,5.175,normal
2026-09-29 14:50:41,F1,57.096,1.591,4.523,57.646,8.345,normal
2026-09-29 14:51:41,F1,49.001,1.565,4.406,51.525,7.162,normal
2026-09-29 14:52:41,F1,55.634,1.736,5.604,50.014,8.02,failure
2026-09-29 14:53:41,F1,67.156,1.326,3.979,60.673,8.771,normal
2026-09-29 14:54:41,F1,51.06,1.705,4.978,54.265,8.118,normal
2026-09-29 14:55:41,F1,67.411,1.701,4.421,58.065,6.557,normal
2026-09-29 14:56:41,F1,51.797,1.72,4.736,66.334,6.006,normal
2026-09-29 14:57:41,F1,57.405,1.403,5.397,67.921,7.636,normal
2026-09-29 14:58:41,F1,47.675,1.446,3.952,57.72,7.715,normal
2026-09-29 14:59:41,F1,53.166,1.45,4.03,53.225,10.182,failure
2026-09-29 15:00:41,F1,50.351,1.448,5.092,63.026,4.783,normal
2026-09-29 15:01:41,F1,53.435,1.464,3.89,48.785,8.643,normal
2026-09-29 15:02:41,F1,50.895,1.41,3.549,66.413,7.676,normal
2026-09-29 15:03:41,F1,48.962,1.336,3.895,42.956,6.529,normal
2026-09-29 15:04:41,F1,48.137,1.527,4.682,62.018,8.855,normal
2026-09-29 15:05:41,F1,64.21,1.779,4.444,55.956,5.51,failure
2026-09-29 15:06:41,F1,51.333,1.231,7.443,52.792,9.051,normal
2026-09-29 15:07:41,F1,65.491,1.506,4.017,67.267,7.307,failure
2026-09-29 15:08:41,F1,60.631,1.26,5.011,63.93,6.493,normal
2026-09-29 15:09:41,F1,52.41,1.586,4.918,57.16,7.441,failure
2026-09-29 15:10:41,F1,44.124,1.534,4.218,98.204,8.677,normal
2026-09-29 15:11:41,F1,54.117,1.475,5.204,67.035,7.032,failure
2026-09-29 15:12:41,F1,45.599,1.594,4.466,68.809,8.554,normal
2026-09-29 15:13:41,F1,51.031,1.412,4.652,51.885,5.679,normal
2026-09-29 15:14:41,F1,66.766,1.273,5.546,55.121,8.845,normal
2026-09-29 15:15:41,F1,62.917,1.832,4.2,57.29,7.923,failure
2026-09-29 15:16:41,F1,58.926,1.845,5.332,59.255,6.469,failure
2026-09-29 15:17:41,F1,60.29,1.448,4.243,56.521,7.105,normal
2026-09-29 15:18:41,F1,52.549,1.405,4.405,58.408,7.816,normal
2026-09-29 15:19:41,F1,47.981,1.361,4.904,57.129,7.815,failure
2026-09-29 15:20:41,F1,60.006,1.789,4.915,59.071,7.444,failure
2026-09-29 15:21:41,F1,62.852,1.632,4.791,71.129,8.698,normal
2026-09-29 15:22:41,F1,70.026,1.252,4.601,58.452,5.014,failure
2026-09-29 15:23:41,F1,56.903,1.329,4.514,47.327,9.161,normal
2026-09-29 15:24:41,F1,46.443,1.867,3.711,55.461,7.172,normal
2026-09-29 15:25:41,F1,61.743,1.377,5.219,57.196,8.982,failure
2026-09-29 15:26:41,F1,53.768,1.587,4.053,63.429,7.251,normal
2026-09-29 15:27:41,F1,63.991,1.333,4.812,67.201,7.096,normal
2026-09-29 15:28:41,F1,47.098,1.46,4.96,60.233,7.36,normal
2026-09-29 15:29:41,F1,49.619,1.758,4.288,54.66,8.555,normal
2026-09-29 15:30:41,F1,53.907,1.603,5.443,41.79,7.524,normal
2026-09-29 15:31:41,F1,61.007,1.6,4.791,59.68,7.925,normal
2026-09-29 15:32:41,F1,44.739,1.428,4.75,51.2,9.837,normal
2026-09-29 15:33:41,F1,61.784,1.477,4.744,57.397,7.557,normal
2026-09-29 15:34:41,F1,58.773,1.595,4.373,54.572,8.604,normal
2026-09-29 15:35:41,F1,54.115,1.53,4.131,65.518,7.177,normal
2026-09-29 15:36:41,F1,66.041,1.61,4.814,53.266,8.623,failure
2026-09-29 15:37:41,F1,56.526,1.438,4.741,60.986,7.961,normal
2026-09-29 15:38:41,F1,64.748,1.546,4.293,47.445,8.231,normal
2026-09-29 15:39:41,F1,65.098,1.572,4.125,59.108,6.998,failure
2026-09-29 15:40:41,F1,53.997,1.69,5.565,53.076,8.404,failure
2026-09-29 15:41:41,F1,53.106,1.792,5.251,50.13,6.365,normal
2026-09-29 15:42:41,F1,53.064,1.506,3.294,48.081,8.445,normal
2026-09-29 15:43:41,F1,60.551,1.525,4.512,59.442,7.377,normal
2026-09-29 15:44:41,F1,39.306,1.456,4.447,46.036,5.636,normal
2026-09-29 15:45:41,F1,44.187,1.326,3.753,54.548,7.971,normal
2026-09-29 15:46:41,F1,48.728,1.434,5.283,56.338,6.437,normal
2026-09-29 15:47:41,F1,46.744,1.464,4.661,49.077,8.039,normal
2026-09-29 15:48:41,F1,63.257,1.603,4.401,64.985,8.482,failure
2026-09-29 15:49:41,F1,60.696,1.672,4.59,66.072,8.881,normal
2026-09-29 15:50:41,F1,57.097,1.388,5.359,48.975,6.691,normal
2026-09-29 15:51:41,F1,56.738,1.572,4.03,56.88,7.426,normal
2026-09-29 15:52:41,F1,44.448,1.723,4.35,50.79,4.773,normal
2026-09-29 15:53:41,F1,70.194,1.529,5.077,45.841,6.582,normal
2026-09-29 15:54:41,F1,58.766,1.482,5.137,68.982,8.436,failure
2026-09-29 15:55:41,F1,68.254,1.522,3.43,54.723,8.655,normal
2026-09-29 15:56:41,F1,64.962,1.252,5.25,62.5,8.21,failure
2026-09-29 15:57:41,F1,47.636,1.613,4.356,59.378,6.244,normal
2026-09-29 15:58:41,F1,51.468,1.474,4.267,49.393,8.06,normal
2026-09-29 15:59:41,F1,53.062,1.524,4.178,63.021,7.75,normal
2026-09-29 16:00:41,F1,44.787,1.628,4.734,48.641,7.641,normal
2026-09-29 16:01:41,F1,53.775,1.677,5.934,52.109,6.991,failure
2026-09-29 16:02:41,F1,71.673,1.672,5.164,52.353,8.011,failure
2026-09-29 16:03:41,F1,53.69,1.532,4.622,54.151,5.868,normal
2026-09-29 16:04:41,F1,59.706,1.435,4.948,38.767,7.504,failure
2026-09-29 16:05:41,F1,76.319,1.572,4.73,58.615,7.247,failure
2026-09-29 16:06:41,F1,55.668,1.653,4.122,49.335,8.919,normal
2026-09-29 16:07:41,F1,50.7,1.57,4.983,55.833,8.481,normal
2026-09-29 16:08:41,F1,49.849,1.579,4.64,38.251,9.479,normal
2026-09-29 16:09:41,F1,34.445,1.662,4.723,55.845,8.522,normal
2026-09-29 16:10:41,F1,60.152,1.302,4.453,56.564,7.152,normal
2026-09-29 16:11:41,F1,52.256,1.539,4.657,51.072,7.975,normal
2026-09-29 16:12:41,F1,56.365,1.535,4.693,53.709,7.623,failure
2026-09-29 16:13:41,F1,49.734,1.607,5.163,68.687,7.021,failure
2026-09-29 16:14:41,F1,46.86,1.473,4.538,67.768,9.208,normal
2026-09-29 16:15:41,F1,55.696,1.305,6.934,58.693,9.878,normal
2026-09-29 16:16:41,F1,56.115,1.513,3.725,62.758,9.182,normal
2026-09-29 16:17:41,F1,65.353,1.62,4.666,55.171,4.813,normal
2026-09-29 16:18:41,F1,60.462,1.48,5.142,66.753,7.454,normal
2026-09-29 16:19:41,F1,49.379,1.324,4.944,55.828,6.162,normal
2026-09-29 16:20:41,F1,65.792,1.542,5.099,60.885,9.101,failure
2026-09-29 16:21:41,F1,53.991,1.349,3.769,52.447,9.652,normal
2026-09-29 16:22:41,F1,51.97,1.444,5.326,45.322,7.274,normal
2026-09-29 16:23:41,F1,55.524,1.665,4.561,60.129,5.925,normal
2026-09-29 16:24:41,F1,57.836,1.372,5.229,43.451,7.708,normal
2026-09-29 16:25:41,F1,59.639,1.741,4.294,86.162,8.563,failure
2026-09-29 16:26:41,F1,56.84,1.427,4.796,52.026,6.556,normal
2026-09-29 16:27:41,F1,56.663,1.415,5.032,54.765,5.589,normal
2026-09-29 16:28:41,F1,62.52,1.668,4.715,61.121,7.879,failure
2026-09-29 16:29:41,F1,65.545,1.438,4.723,52.648,7.791,normal
2026-09-29 16:30:41,F1,68.195,1.656,4.347,55.653,8.009,failure
2026-09-29 16:31:41,F1,58.286,1.753,4.767,62.69,5.974,normal
2026-09-29 16:32:41,F1,57.144,1.564,4.078,57.798,8.874,normal
2026-09-29 16:33:41,F1,68.793,1.689,3.771,60.574,9.455,failure
2026-09-29 16:34:41,F1,45.284,1.441,5.229,60.877,7.097,normal
2026-09-29 16:35:41,F1,54.786,1.663,4.305,52.897,5.307,normal
2026-09-29 16:36:41,F1,63.267,1.442,3.838,69.722,8.795,normal
2026-09-29 16:37:41,F1,56.368,1.556,4.816,55.25,7.333,normal
2026-09-29 16:38:41,F1,52.832,1.316,4.697,59.685,9.852,normal
2026-09-29 16:39:41,F1,55.333,1.484,3.783,45.63,7.373,failure
2026-09-29 16:40:41,F1,50.598,1.554,4.787,43.77,5.417,normal
2026-09-29 16:41:41,F1,66.406,1.567,4.194,67.726,5.672,normal
2026-09-29 16:42:41,F1,60.48,1.681,3.348,50.722,7.776,normal
2026-09-29 16:43:41,F1,43.211,1.367,4.161,59.59,9.209,normal
2026-09-29 16:44:41,F1,44.976,1.408,5.189,54.932,7.569,normal
2026-09-29 16:45:41,F1,60.935,1.623,4.062,64.285,7.753,normal
2026-09-29 16:46:41,F1,58.607,1.526,4.524,64.004,8.389,normal
2026-09-29 16:47:41,F1,50.416,1.546,5.162,47.207,5.524,normal
2026-09-29 16:48:41,F1,56.161,1.609,5.328,44.558,5.686,normal
2026-09-29 16:49:41,F1,50.544,1.658,4.3,51.536,5.923,normal
2026-09-29 16:50:41,F1,50.943,1.395,4.441,53.128,8.031,normal
2026-09-29 16:51:41,F1,60.025,1.566,4.022,45.706,7.178,normal
2026-09-29 16:52:41,F1,51.028,1.622,4.555,61.188,4.996,normal
2026-09-29 16:53:41,F1,52.115,1.847,4.06,46.054,7.672,failure
2026-09-29 16:54:41,F1,62.143,1.629,4.55,49.06,8.329,failure
2026-09-29 16:55:41,F1,46.87,1.498,4.296,58.71,9.61,normal
2026-09-29 16:56:41,F1,49.623,1.685,4.19,52.913,10.008,normal
2026-09-29 16:57:41,F1,46.03,1.556,4.809,60.65,10.275,normal
2026-09-29 16:58:41,F1,46.195,1.6,4.168,49.924,9.014,normal
2026-09-29 16:59:41,F1,57.137,1.438,4.834,44.046,6.84,normal
2026-09-29 17:00:41,F1,48.183,1.615,4.886,45.46,9.664,normal
2026-09-29 17:01:41,F1,69.171,1.525,5.531,50.246,6.347,failure
2026-09-29 17:02:41,F1,48.746,1.624,5.438,47.42,7.301,normal
2026-09-29 17:03:41,F1,55.884,1.486,4.216,53.296,6.136,normal
2026-09-29 17:04:41,F1,50.282,1.339,5.002,41.638,7.499,normal
2026-09-29 17:05:41,F1,57.971,1.633,5.428,63.076,8.153,failure
2026-09-29 17:06:41,F1,50.635,1.486,5.25,53.381,7.311,normal
2026-09-29 17:07:41,F1,69.995,1.649,4.65,50.243,7.489,normal
2026-09-29 17:08:41,F1,54.26,1.575,4.191,53.511,7.044,failure
2026-09-29 17:09:41,F1,70.226,1.486,4.49,59.162,7.382,failure
2026-09-29 17:10:41,F1,51.123,1.719,4.203,72.655,5.869,normal
2026-09-29 17:11:41,F1,68.467,1.707,4.193,54.228,7.786,normal
2026-09-29 17:12:41,F1,56.652,1.485,4.12,60.201,6.948,normal
2026-09-29 17:13:41,F1,53.881,1.397,5.015,52.688,7.712,normal
2026-09-29 17:14:41,F1,51.892,1.564,4.497,53.453,8.631,normal
2026-09-29 17:15:41,F1,56.084,1.527,4.251,52.476,8.18,normal
2026-09-29 17:16:41,F1,59.052,1.642,5.223,47.856,6.45,normal
2026-09-29 17:17:41,F1,53.873,1.625,5.972,50.096,8.895,normal
2026-09-29 17:18:41,F1,52.911,1.372,4.51,50.34,8.645,normal
2026-09-29 17:19:41,F1,65.642,1.537,4.094,66.722,7.331,failure
2026-09-29 17:20:41,F1,61.547,1.807,4.801,61.711,4.889,failure
2026-09-29 17:21:41,F1,51.283,1.705,4.443,45.421,7.021,failure
2026-09-29 17:22:41,F1,52.47,1.591,4.622,70.007,6.239,normal
2026-09-29 17:23:41,F1,55.445,1.772,4.235,55.523,8.008,failure
2026-09-29 17:24:41,F1,55.126,1.394,4.854,54.974,6.961,normal
2026-09-29 17:25:41,F1,61.061,1.461,3.834,66.6,6.187,normal
2026-09-29 17:26:41,F1,53.511,1.502,4.5,60.862,6.812,normal
2026-09-29 17:27:41,F1,53.136,1.438,5.097,58.74,8.075,normal
2026-09-29 17:28:41,F1,45.827,1.481,4.223,57.103,8.279,normal
2026-09-29 17:29:41,F1,59.733,1.75,5.402,61.159,8.346,normal
2026-09-29 17:30:41,F1,51.523,1.474,5.064,39.797,6.973,normal
2026-09-29 17:31:41,F1,50.079,1.53,4.019,51.57,6.729,normal
2026-09-29 17:32:41,F1,54.92,1.795,5.193,45.536,7.767,failure
2026-09-29 17:33:41,F1,54.905,1.536,4.956,49.848,7.859,normal
2026-09-29 17:34:41,F1,56.725,1.578,3.314,64.293,5.922,normal
2026-09-29 17:35:41,F1,56.396,1.433,3.38,45.542,7.072,normal
2026-09-29 17:36:41,F1,58.641,1.483,5.353,62.483,8.305,failure
2026-09-29 17:37:41,F1,65.106,1.645,5.455,62.751,7.836,normal
2026-09-29 17:38:41,F1,68.07,1.589,5.009,65.885,6.717,normal
2026-09-29 17:39:41,F1,43.997,1.601,4.769,50.448,7.483,normal
2026-09-29 17:40:41,F1,59.14,1.449,5.455,61.192,8.855,normal
2026-09-29 17:41:41,F1,53.619,1.863,4.237,56.717,6.764,normal
2026-09-29 17:42:41,F1,57.237,1.493,5.947,58.167,7.398,normal
2026-09-29 17:43:41,F1,45.63,1.659,4.016,69.643,7.167,normal
2026-09-29 17:44:41,F1,60.279,1.583,5.081,47.987,8.249,failure
2026-09-29 17:45:41,F1,45.683,1.834,5.575,55.208,8.486,normal
2026-09-29 17:46:41,F1,63.017,1.584,4.461,58.009,7.112,normal
2026-09-29 17:47:41,F1,68.875,1.629,4.175,37.147,7.328,failure
2026-09-29 17:48:41,F1,67.723,1.606,4.473,77.192,6.151,normal
2026-09-29 17:49:41,F1,60.747,1.639,3.898,61.897,5.638,normal
2026-09-29 17:50:41,F1,57.443,1.298,4.685,62.167,7.229,normal
2026-09-29 17:51:41,F1,51.657,1.605,5.042,44.723,6.063,failure
2026-09-29 17:52:41,F1,54.325,1.622,4.763,55.058,7.71,normal
2026-09-29 17:53:41,F1,60.902,1.535,3.954,64.802,5.518,normal
2026-09-29 17:54:41,F1,57.269,1.616,4.77,58.107,5.711,normal
2026-09-29 17:55:41,F1,56.069,1.574,5.213,55.32,9.06,normal
2026-09-29 17:56:41,F1,56.95,1.437,3.585,40.39,7.593,normal
2026-09-29 17:57:41,F1,49.133,1.774,4.05,57.872,7.427,normal
2026-09-29 17:58:41,F1,59.953,1.53,5.503,56.211,7.355,normal
2026-09-29 17:59:41,F1,63.03,1.406,3.974,43.753,8.483,normal
2026-09-29 18:00:41,F1,47.866,1.556,4.615,60.857,8.545,normal
2026-09-29 18:01:41,F1,45.096,1.496,4.98,68.491,7.591,normal
2026-09-29 18:02:41,F1,48.9,1.703,4.322,55.305,7.828,failure
2026-09-29 18:03:41,F1,50.023,1.512,4.033,49.645,7.489,normal
2026-09-29 18:04:41,F1,52.473,1.507,4.764,46.836,6.253,normal
2026-09-29 18:05:41,F1,45.208,1.711,5.138,48.891,8.622,normal
2026-09-29 18:06:41,F1,57.638,1.716,3.288,64.293,5.979,normal
2026-09-29 18:07:41,F1,46.452,1.917,3.545,55.464,7.2,normal
2026-09-29 18:08:41,F1,61.576,1.681,4.249,45.108,7.761,normal
2026-09-29 18:09:41,F1,64.376,1.453,5.785,59.074,6.581,failure
2026-09-29 18:10:41,F1,54.349,1.474,4.853,51.285,6.22,normal
2026-09-29 18:11:41,F1,52.714,1.517,4.238,50.304,9.076,normal
2026-09-29 18:12:41,F1,64.046,1.568,5.019,51.013,7.042,failure
2026-09-29 18:13:41,F1,55.475,1.678,4.7,58.165,7.561,normal
2026-09-29 18:14:41,F1,54.22,1.736,4.835,58.152,7.869,normal
2026-09-29 18:15:41,F1,61.277,1.275,5.252,51.544,7.938,normal
2026-09-29 18:16:41,F1,55.147,1.621,3.524,53.545,7.389,normal
2026-09-29 18:17:41,F1,50.639,1.543,3.867,57.511,5.353,normal
2026-09-29 18:18:41,F1,51.544,1.314,4.509,63.435,6.493,normal
2026-09-29 18:19:41,F1,52.244,1.361,3.18,70.054,8.007,normal
2026-09-29 18:20:41,F1,62.724,1.306,4.838,59.844,7.336,normal
2026-09-29 18:21:41,F1,52.466,1.551,5.239,63.443,6.378,normal
2026-09-29 18:22:41,F1,58.935,1.515,4.465,54.038,7.122,normal
2026-09-29 18:23:41,F1,64.474,1.535,4.266,43.347,8.859,normal
2026-09-29 18:24:41,F1,50.067,1.42,2.91,54.67,5.985,normal
2026-09-29 18:25:41,F1,59.708,1.517,6.24,60.879,5.344,normal
2026-09-29 18:26:41,F1,58.915,1.475,4.446,70.0,7.586,normal
2026-09-29 18:27:41,F1,60.282,1.496,4.759,58.714,6.558,normal
2026-09-29 18:28:41,F1,50.988,1.452,4.834,65.235,6.373,normal
2026-09-29 18:29:41,F1,55.22,1.649,4.527,56.177,6.668,normal
2026-09-29 18:30:41,F1,56.054,1.413,3.751,50.198,9.479,normal
2026-09-29 18:31:41,F1,60.675,1.67,5.062,54.794,7.085,normal
2026-09-29 18:32:41,F1,56.208,1.465,4.208,66.778,5.725,normal
2026-09-29 18:33:41,F1,61.818,1.48,4.861,45.79,9.51,normal
2026-09-29 18:34:41,F1,50.494,1.522,5.457,43.374,9.541,normal
2026-09-29 18:35:41,F1,38.541,1.643,5.842,65.421,6.25,normal
2026-09-29 18:36:41,F1,59.923,1.553,5.211,55.64,8.519,normal
2026-09-29 18:37:41,F1,72.656,1.532,4.82,49.02,6.238,failure
2026-09-29 18:38:41,F1,59.244,1.42,4.282,59.309,7.228,failure
2026-09-29 18:39:41,F1,48.705,1.656,5.736,60.888,6.277,normal
2026-09-29 18:40:41,F1,59.336,1.494,3.977,57.769,5.734,normal
2026-09-29 18:41:41,F1,48.859,1.715,4.811,63.27,8.017,normal
2026-09-29 18:42:41,F1,59.443,1.726,4.856,58.712,7.606,normal
2026-09-29 18:43:41,F1,41.77,1.443,5.24,60.904,5.418,normal
2026-09-29 18:44:41,F1,56.275,1.654,3.775,41.32,8.566,normal
2026-09-29 18:45:41,F1,64.382,1.287,4.145,61.592,10.613,normal
2026-09-29 18:46:41,F1,55.003,1.7,4.606,63.988,9.554,failure
2026-09-29 18:47:41,F1,52.799,1.527,4.553,45.135,6.091,normal
2026-09-29 18:48:41,F1,56.769,1.544,4.423,57.534,7.881,normal
2026-09-29 18:49:41,F1,47.147,1.44,5.05,56.656,8.04,failure
2026-09-29 18:50:41,F1,52.533,1.529,3.931,57.875,8.383,normal
2026-09-29 18:51:41,F1,69.437,1.334,3.469,55.139,5.606,normal
2026-09-29 18:52:41,F1,62.922,1.621,4.051,64.03,7.216,failure
2026-09-29 18:53:41,F1,47.284,1.514,4.766,48.234,9.691,failure
2026-09-29 18:54:41,F1,60.149,1.588,4.554,41.697,6.586,normal
2026-09-29 18:55:41,F1,55.667,1.467,4.152,49.001,8.522,normal
2026-09-29 18:56:41,F1,50.266,1.456,4.996,61.985,7.727,normal
2026-09-29 18:57:41,F1,63.089,1.602,5.144,42.335,7.443,normal
2026-09-29 18:58:41,F1,61.82,1.463,4.382,50.987,8.538,failure
2026-09-29 18:59:41,F1,55.197,1.459,4.217,55.149,9.243,normal
2026-09-29 19:00:41,F1,44.643,1.825,5.331,56.761,7.01,normal
2026-09-29 19:01:41,F1,61.967,1.3,4.394,47.721,6.664,normal
2026-09-29 19:02:41,F1,50.34,1.51,4.273,51.165,6.847,normal
2026-09-29 19:03:41,F1,53.517,1.754,4.415,65.183,6.686,failure
2026-09-29 19:04:41,F1,48.233,1.282,4.603,55.361,8.681,normal
2026-09-29 19:05:41,F1,56.62,1.509,4.622,68.553,7.544,failure
2026-09-29 19:06:41,F1,51.944,1.557,4.825,47.722,8.252,normal
2026-09-29 19:07:41,F1,50.569,1.367,5.293,65.025,8.999,normal
2026-09-29 19:08:41,F1,48.304,1.596,4.589,67.615,8.294,normal
2026-09-29 19:09:41,F1,47.924,1.455,4.67,49.64,6.834,normal
2026-09-29 19:10:41,F1,56.825,1.516,5.383,63.607,8.464,failure
2026-09-29 19:11:41,F1,42.158,1.562,4.698,56.385,8.56,normal
2026-09-29 19:12:41,F1,56.578,1.316,4.094,58.828,8.506,normal
2026-09-29 19:13:41,F1,54.744,1.395,5.836,56.637,7.991,normal
2026-09-29 19:14:41,F1,48.964,1.546,4.49,49.849,5.394,normal
2026-09-29 19:15:41,F1,62.106,1.597,3.982,60.363,7.922,normal
2026-09-29 19:16:41,F1,58.17,1.552,5.26,57.301,6.571,normal
2026-09-29 19:17:41,F1,65.738,1.587,4.107,56.29,7.088,normal
2026-09-29 19:18:41,F1,53.869,1.561,4.379,69.914,8.273,normal
2026-09-29 19:19:41,F1,55.617,1.481,4.603,56.741,7.242,normal
2026-09-29 19:20:41,F1,53.836,1.489,4.537,71.796,9.782,normal
2026-09-29 19:21:41,F1,60.909,1.448,4.65,51.059,8.684,normal
2026-09-29 19:22:41,F1,51.636,1.513,4.889,59.287,6.626,normal
2026-09-29 19:23:41,F1,61.55,1.597,4.498,49.301,9.737,failure
2026-09-29 19:24:41,F1,62.037,1.512,3.913,57.051,7.07,normal
2026-09-29 19:25:41,F1,56.53,1.499,4.758,47.491,9.246,normal
2026-09-29 19:26:41,F1,48.499,1.663,4.004,52.467,8.787,normal
2026-09-29 19:27:41,F1,57.274,1.501,4.439,58.134,7.776,normal
2026-09-29 19:28:41,F1,62.809,1.487,4.162,50.238,7.981,normal
2026-09-29 19:29:41,F1,52.849,1.59,4.33,52.593,4.237,normal
2026-09-29 19:30:41,F1,37.268,1.737,5.095,70.965,6.751,normal
2026-09-29 19:31:41,F1,54.003,1.499,4.409,57.44,6.362,normal
2026-09-29 19:32:41,F1,62.205,1.491,5.199,56.742,6.071,normal
2026-09-29 19:33:41,F1,51.016,1.486,4.791,72.11,6.585,normal
2026-09-29 19:34:41,F1,48.232,1.675,4.902,42.568,9.182,normal
2026-09-29 19:35:41,F1,42.244,1.436,4.753,58.947,7.79,normal
2026-09-29 19:36:41,F1,46.397,1.4,3.097,49.316,6.165,normal
2026-09-29 19:37:41,F1,46.999,1.633,4.633,62.727,7.031,failure
2026-09-29 19:38:41,F1,48.449,1.38,4.595,68.798,7.542,normal
2026-09-29 19:39:41,F1,63.934,1.372,5.26,48.742,6.96,normal
2026-09-29 19:40:41,F1,43.11,1.756,5.194,55.67,9.708,failure
2026-09-29 19:41:41,F1,61.861,1.491,4.298,65.751,6.588,normal
2026-09-29 19:42:41,F1,58.758,1.414,5.124,57.638,5.686,normal
2026-09-29 19:43:41,F1,60.212,1.627,4.718,53.311,6.904,normal
2026-09-29 19:44:41,F1,64.368,1.409,5.692,39.878,7.192,normal
2026-09-29 19:45:41,F1,58.471,1.776,4.956,66.796,8.153,failure
2026-09-29 19:46:41,F1,60.894,1.446,4.337,64.556,6.384,normal
2026-09-29 19:47:41,F1,58.653,1.522,4.699,60.984,8.58,failure
2026-09-29 19:48:41,F1,49.214,1.305,4.474,57.115,8.827,normal
2026-09-29 19:49:41,F1,58.131,1.885,4.578,57.221,7.46,failure
2026-09-29 19:50:41,F1,55.395,1.608,3.825,44.777,8.799,normal
2026-09-29 19:51:41,F1,63.71,1.646,4.479,55.257,7.114,normal
2026-09-29 19:52:41,F1,62.691,1.557,4.278,63.756,6.895,normal
2026-09-29 19:53:41,F1,59.014,1.619,4.146,53.438,8.495,failure
2026-09-29 19:54:41,F1,49.759,1.361,4.588,51.077,7.562,normal
2026-09-29 19:55:41,F1,63.268,1.747,4.727,53.063,6.057,normal
2026-09-29 19:56:41,F1,55.997,1.715,3.864,57.033,7.592,normal
2026-09-29 19:57:41,F1,55.918,1.61,4.184,55.081,7.843,normal
2026-09-29 19:58:41,F1,55.548,1.633,4.552,47.964,7.902,normal
2026-09-29 19:59:41,F1,48.471,1.61,4.083,64.921,7.566,normal
2026-09-29 20:00:41,F1,64.102,1.585,4.246,51.695,9.175,normal
2026-09-29 20:01:41,F1,55.769,1.589,5.109,57.181,7.754,failure
2026-09-29 20:02:41,F1,58.338,1.474,4.386,49.511,6.996,normal
2026-09-29 20:03:41,F1,68.606,1.385,4.335,44.874,7.942,normal
2026-09-29 20:04:41,F1,47.833,1.573,4.917,66.284,6.309,normal
2026-09-29 20:05:41,F1,55.257,1.351,5.232,45.738,9.039,normal
2026-09-29 20:06:41,F1,46.541,1.525,4.972,56.136,5.972,normal
2026-09-29 20:07:41,F1,61.46,1.465,4.649,47.737,7.42,normal
2026-09-29 20:08:41,F1,48.29,1.633,4.525,57.776,9.953,normal
2026-09-29 20:09:41,F1,60.807,1.496,5.011,45.98,7.5,normal
2026-09-29 20:10:41,F1,47.356,1.737,5.19,59.361,8.153,failure
2026-09-29 20:11:41,F1,72.116,1.529,5.665,52.979,5.835,failure
2026-09-29 20:12:41,F1,51.651,1.489,5.144,61.354,7.773,failure
2026-09-29 20:13:41,F1,50.837,1.461,5.088,52.096,7.153,normal
2026-09-29 20:14:41,F1,60.852,1.657,3.655,58.615,9.674,normal
2026-09-29 20:15:41,F1,59.304,1.587,3.952,63.792,8.406,normal
2026-09-29 20:16:41,F1,47.832,1.57,5.687,52.241,6.304,normal
2026-09-29 20:17:41,F1,55.739,1.513,3.534,53.729,6.32,normal
2026-09-29 20:18:41,F1,61.433,1.618,4.843,64.586,9.211,failure
2026-09-29 20:19:41,F1,64.028,1.645,4.457,58.195,6.905,normal
2026-09-29 20:20:41,F1,47.568,1.539,4.539,64.011,5.881,normal
2026-09-29 20:21:41,F1,56.638,1.552,4.247,40.426,9.013,normal
2026-09-29 20:22:41,F1,53.215,1.579,3.73,54.285,8.606,normal
2026-09-29 20:23:41,F1,60.631,1.279,3.849,72.522,7.064,failure
2026-09-29 20:24:41,F1,54.64,1.341,3.446,42.931,6.631,normal
2026-09-29 20:25:41,F1,58.029,1.403,4.206,62.78,7.398,normal
2026-09-29 20:26:41,F1,59.439,1.481,4.573,62.948,8.584,normal
2026-09-29 20:27:41,F1,67.865,1.451,5.429,41.846,8.894,failure
2026-09-29 20:28:41,F1,53.972,1.588,4.264,54.061,7.064,normal
2026-09-29 20:29:41,F1,59.496,1.424,4.974,39.881,7.288,normal
2026-09-29 20:30:41,F1,64.516,1.359,4.857,80.024,7.613,normal
2026-09-29 20:31:41,F1,63.579,1.607,4.509,45.685,8.8,normal
2026-09-29 20:32:41,F1,53.165,1.561,4.577,53.189,8.159,normal
2026-09-29 20:33:41,F1,59.092,1.391,4.077,64.927,8.371,normal
2026-09-29 20:34:41,F1,53.966,1.667,4.05,57.229,9.46,normal
2026-09-29 20:35:41,F1,54.763,1.527,6.176,61.636,6.858,normal
2026-09-29 20:36:41,F1,57.73,1.281,5.53,53.25,5.821,normal
2026-09-29 20:37:41,F1,69.15,1.767,2.813,63.366,8.817,failure
2026-09-29 20:38:41,F1,59.141,1.676,4.321,57.169,7.067,normal
2026-09-29 20:39:41,F1,52.593,1.465,4.215,51.647,9.397,normal
2026-09-29 20:40:41,F1,52.681,1.476,5.438,51.057,8.397,normal
2026-09-29 20:41:41,F1,48.949,1.551,4.299,60.3,6.686,normal
2026-09-29 20:42:41,F1,44.979,1.576,4.546,44.035,7.253,normal
2026-09-29 20:43:41,F1,57.078,1.345,5.318,58.728,6.432,normal
2026-09-29 20:44:41,F1,64.619,1.641,4.281,64.395,6.109,normal
2026-09-29 20:45:41,F1,50.218,1.565,3.955,54.744,8.15,normal
2026-09-29 20:46:41,F1,55.488,1.601,4.267,62.449,8.081,normal
2026-09-29 20:47:41,F1,60.308,1.812,4.468,73.734,8.22,failure
2026-09-29 20:48:41,F1,58.145,1.801,4.876,50.138,6.783,failure
2026-09-29 20:49:41,F1,47.462,1.564,3.37,56.181,6.777,normal
2026-09-29 20:50:41,F1,65.219,1.386,3.758,46.223,8.807,normal
2026-09-29 20:51:41,F1,54.52,1.838,4.371,45.052,6.285,normal
2026-09-29 20:52:41,F1,50.628,1.589,5.823,48.143,5.889,normal
2026-09-29 20:53:41,F1,59.604,1.558,4.535,68.287,6.404,normal
2026-09-29 20:54:41,F1,64.006,1.532,3.581,63.999,5.948,normal
2026-09-29 20:55:41,F1,45.858,1.452,3.907,49.092,9.175,normal
2026-09-29 20:56:41,F1,62.082,1.51,3.976,70.279,8.213,normal
2026-09-29 20:57:41,F1,54.791,1.358,3.952,55.806,8.084,normal
2026-09-29 20:58:41,F1,55.901,1.476,4.617,73.697,4.903,normal
2026-09-29 20:59:41,F1,61.642,1.754,5.413,48.598,8.038,normal
2026-09-29 21:00:41,F1,59.065,1.829,4.884,57.805,7.476,failure
2026-09-29 21:01:41,F1,48.849,1.43,4.405,48.653,8.999,normal
2026-09-29 21:02:41,F1,62.876,1.598,3.804,51.75,7.19,normal
2026-09-29 21:03:41,F1,60.017,1.362,4.227,67.554,6.03,normal
2026-09-29 21:04:41,F1,78.409,1.475,5.301,54.561,7.592,failure
2026-09-29 21:05:41,F1,60.185,1.542,4.985,53.818,8.609,failure
2026-09-29 21:06:41,F1,59.377,1.464,4.711,63.168,7.44,normal
2026-09-29 21:07:41,F1,50.422,1.448,4.362,65.848,8.743,normal
2026-09-29 21:08:41,F1,49.619,1.2,4.615,61.59,6.142,normal
2026-09-29 21:09:41,F1,45.344,1.515,5.128,58.373,8.832,normal
2026-09-29 21:10:41,F1,76.456,1.599,4.268,59.761,8.403,normal
2026-09-29 21:11:41,F1,47.295,1.4,4.365,61.119,8.908,normal
2026-09-29 21:12:41,F1,51.888,1.478,4.315,49.849,6.03,normal
2026-09-29 21:13:41,F1,69.475,1.878,4.59,60.448,9.658,normal
2026-09-29 21:14:41,F1,36.455,1.593,3.859,61.402,6.75,normal
2026-09-29 21:15:41,F1,42.587,1.545,4.504,57.912,8.703,normal
2026-09-29 21:16:41,F1,57.59,1.691,4.414,62.044,6.112,failure
2026-09-29 21:17:41,F1,50.02,1.475,4.603,62.149,5.64,normal
2026-09-29 21:18:41,F1,62.718,1.594,4.572,44.868,6.826,normal
2026-09-29 21:19:41,F1,52.076,1.773,4.999,56.699,8.284,failure
2026-09-29 21:20:41,F1,57.625,1.574,4.647,63.007,9.148,normal
2026-09-29 21:21:41,F1,52.259,1.73,5.71,67.498,9.975,normal
2026-09-29 21:22:41,F1,62.446,1.829,5.282,62.03,4.978,failure
2026-09-29 21:23:41,F1,52.438,1.497,3.336,54.919,7.224,normal
2026-09-29 21:24:41,F1,48.592,1.604,4.662,47.29,7.586,normal
2026-09-29 21:25:41,F1,50.691,1.489,4.636,54.676,5.869,normal
2026-09-29 21:26:41,F1,62.582,1.822,4.559,68.358,9.802,failure
2026-09-29 21:27:41,F1,57.834,1.387,4.794,70.621,5.756,normal
2026-09-29 21:28:41,F1,65.006,1.391,4.871,48.273,7.079,failure
2026-09-29 21:29:41,F1,56.712,1.367,4.284,72.277,8.922,normal
2026-09-29 21:30:41,F1,44.621,1.613,5.208,56.883,8.596,failure
2026-09-29 21:31:41,F1,56.683,1.583,4.396,59.006,8.746,normal
2026-09-29 21:32:41,F1,51.742,1.662,3.405,61.7,6.642,normal
2026-09-29 21:33:41,F1,59.208,1.504,4.36,59.031,8.544,failure
2026-09-29 21:34:41,F1,53.003,1.34,2.94,51.852,6.958,normal
2026-09-29 21:35:41,F1,57.921,1.632,4.575,71.616,9.715,normal
2026-09-29 21:36:41,F1,62.769,1.773,3.652,67.415,5.681,normal
2026-09-29 21:37:41,F1,47.29,1.478,5.645,43.961,9.368,normal
2026-09-29 21:38:41,F1,68.244,1.754,4.409,67.038,9.885,failure
2026-09-29 21:39:41,F1,55.664,1.538,4.85,55.348,5.337,normal
2026-09-29 21:40:41,F1,62.511,1.224,3.562,68.265,7.227,normal
2026-09-29 21:41:41,F1,58.571,1.556,5.811,65.611,8.417,failure
2026-09-29 21:42:41,F1,60.167,1.564,4.22,44.391,7.936,normal
2026-09-29 21:43:41,F1,46.715,1.486,5.085,51.142,8.485,normal
2026-09-29 21:44:41,F1,56.856,1.35,4.929,60.915,6.448,normal
2026-09-29 21:45:41,F1,62.645,1.583,5.063,63.288,7.6,failure
2026-09-29 21:46:41,F1,71.667,1.429,5.608,50.814,9.016,failure
2026-09-29 21:47:41,F1,62.603,1.814,4.396,56.6,6.756,normal
2026-09-29 21:48:41,F1,49.373,1.669,4.147,43.609,6.483,failure
2026-09-29 21:49:41,F1,51.785,1.575,4.658,75.165,8.95,normal
2026-09-29 21:50:41,F1,46.297,1.661,5.197,58.902,6.549,normal
2026-09-29 21:51:41,F1,53.992,1.672,5.185,60.484,8.971,normal
2026-09-29 21:52:41,F1,48.139,1.375,4.646,47.415,7.723,normal
2026-09-29 21:53:41,F1,60.894,1.551,4.31,60.763,7.524,failure
2026-09-29 21:54:41,F1,73.348,1.754,4.491,73.502,9.154,failure
2026-09-29 21:55:41,F1,54.101,1.62,4.289,60.873,6.491,failure
2026-09-29 21:56:41,F1,62.246,1.786,4.94,54.58,8.416,failure
2026-09-29 21:57:41,F1,64.724,1.652,5.761,50.422,7.643,failure
2026-09-29 21:58:41,F1,65.558,1.638,4.028,63.109,10.036,failure
2026-09-29 21:59:41,F1,53.28,1.236,4.213,40.914,7.469,normal
2026-09-29 22:00:41,F1,46.933,1.47,4.788,63.269,6.514,normal
2026-09-29 22:01:41,F1,54.582,1.692,4.984,57.911,7.07,normal
2026-09-29 22:02:41,F1,63.846,1.634,4.343,58.289,5.64,normal
2026-09-29 22:03:41,F1,59.116,1.598,4.38,56.44,7.06,normal
2026-09-29 22:04:41,F1,49.534,1.546,4.962,66.05,7.44,normal
2026-09-29 22:05:41,F1,61.969,1.617,4.05,66.972,6.888,normal
2026-09-29 22:06:41,F1,61.277,1.488,5.466,48.521,8.358,normal
2026-09-29 22:07:41,F1,57.376,1.41,3.758,54.576,9.886,normal
2026-09-29 22:08:41,F1,56.815,1.518,4.199,66.359,8.44,normal
2026-09-29 22:09:41,F1,53.625,1.568,4.648,60.715,8.785,failure
2026-09-29 22:10:41,F1,54.034,1.503,4.85,52.435,9.051,normal
2026-09-29 22:11:41,F1,62.835,1.372,5.184,62.934,9.801,failure
2026-09-29 22:12:41,F1,60.713,1.711,4.512,64.534,9.497,failure
2026-09-29 22:13:41,F1,55.33,1.268,4.483,47.801,6.406,normal
2026-09-29 22:14:41,F1,46.909,1.532,4.564,49.619,7.218,normal
2026-09-29 22:15:41,F1,57.365,1.59,4.83,58.367,8.362,failure
2026-09-29 22:16:41,F1,47.98,1.452,4.815,62.77,7.009,normal
2026-09-29 22:17:41,F1,57.918,1.551,3.651,57.951,7.063,normal
2026-09-29 22:18:41,F1,46.216,1.363,4.219,56.676,6.095,normal
2026-09-29 22:19:41,F1,50.655,1.47,4.543,53.801,8.493,normal
2026-09-29 22:20:41,F1,46.477,1.398,5.059,62.552,7.269,normal
2026-09-29 22:21:41,F1,53.814,1.541,5.027,59.293,6.258,normal
2026-09-29 22:22:41,F1,61.369,1.462,3.751,58.095,9.186,failure
2026-09-29 22:23:41,F1,52.424,1.689,4.382,52.299,7.221,normal
2026-09-29 22:24:41,F1,49.964,1.344,3.938,59.426,9.597,normal
2026-09-29 22:25:41,F1,54.335,1.509,3.039,50.515,7.81,normal
2026-09-29 22:26:41,F1,52.18,1.431,3.871,54.732,7.778,normal
2026-09-29 22:27:41,F1,62.917,1.554,5.399,59.746,8.366,normal
2026-09-29 22:28:41,F1,53.462,1.301,4.96,48.405,7.326,normal
2026-09-29 22:29:41,F1,56.885,1.177,5.165,64.533,7.26,normal
2026-09-29 22:30:41,F1,49.872,1.556,5.05,54.308,8.277,failure
2026-09-29 22:31:41,F1,44.409,1.505,4.79,58.594,9.234,normal
2026-09-29 22:32:41,F1,61.261,1.557,4.215,68.047,7.651,normal
2026-09-29 22:33:41,F1,62.64,1.633,4.761,46.571,11.937,failure
2026-09-29 22:34:41,F1,64.754,1.505,4.14,45.373,7.427,normal
2026-09-29 22:35:41,F1,66.27,1.337,3.886,59.37,8.942,normal
2026-09-29 22:36:41,F1,61.765,1.318,4.456,52.838,5.747,normal
2026-09-29 22:37:41,F1,56.976,1.542,3.995,62.887,6.154,normal
2026-09-29 22:38:41,F1,53.771,1.445,5.008,45.544,8.09,failure
2026-09-29 22:39:41,F1,58.911,1.406,4.276,52.664,7.983,normal
2026-09-29 22:40:41,F1,57.918,1.571,5.339,49.504,8.512,failure
2026-09-29 22:41:41,F1,51.571,1.468,4.419,47.633,7.828,failure
2026-09-29 22:42:41,F1,49.269,1.398,4.61,61.336,6.791,normal
2026-09-29 22:43:41,F1,49.166,1.562,4.109,57.193,8.428,normal
2026-09-29 22:44:41,F1,51.736,1.507,5.547,59.009,7.949,normal
2026-09-29 22:45:41,F1,58.171,1.635,3.493,50.5,6.877,normal
2026-09-29 22:46:41,F1,58.458,1.695,4.666,73.912,5.459,normal
2026-09-29 22:47:41,F1,55.235,1.348,4.93,59.655,8.226,failure
2026-09-29 22:48:41,F1,62.934,1.289,4.392,36.114,9.052,failure
2026-09-29 22:49:41,F1,42.643,1.623,4.772,55.187,8.247,normal
2026-09-29 22:50:41,F1,46.246,1.437,4.616,51.835,7.295,failure
2026-09-29 22:51:41,F1,51.513,1.62,4.861,58.914,6.585,failure
2026-09-29 22:52:41,F1,48.689,1.778,5.268,62.871,8.991,failure
2026-09-29 22:53:41,F1,48.65,1.485,5.266,55.167,9.314,failure
2026-09-29 22:54:41,F1,1.165,1.758,5.032,44.016,7.129,normal
2026-09-29 22:55:41,F1,44.937,1.558,4.629,49.815,6.512,normal
2026-09-29 22:56:41,F1,57.004,1.411,4.123,57.743,5.826,normal
2026-09-29 22:57:41,F1,50.055,1.321,4.166,47.823,10.08,normal
2026-09-29 22:58:41,F1,39.493,1.479,4.051,61.326,7.013,normal
2026-09-29 22:59:41,F1,51.568,1.465,3.15,59.563,7.522,normal
2026-09-29 23:00:41,F1,56.043,1.595,4.46,62.479,8.663,normal
2026-09-29 23:01:41,F1,64.594,1.501,4.902,36.68,8.212,normal
2026-09-29 23:02:41,F1,47.468,1.462,3.557,70.057,8.399,normal
2026-09-29 23:03:41,F1,50.788,1.5,5.251,42.061,8.305,normal
2026-09-29 23:04:41,F1,41.812,1.538,4.466,39.73,7.579,normal
2026-09-29 23:05:41,F1,59.717,1.326,4.215,51.093,6.323,normal
2026-09-29 23:06:41,F1,37.005,1.393,4.266,54.142,6.547,normal
2026-09-29 23:07:41,F1,58.316,1.444,5.847,60.776,5.817,normal
2026-09-29 23:08:41,F1,45.908,1.36,4.402,64.197,7.457,normal
2026-09-29 23:09:41,F1,53.04,1.56,5.122,55.665,7.246,normal
2026-09-29 23:10:41,F1,54.358,1.556,5.002,50.6,7.72,normal
2026-09-29 23:11:41,F1,57.937,1.818,5.194,44.512,6.458,normal
2026-09-29 23:12:41,F1,51.5,1.478,4.349,54.365,7.574,normal
2026-09-29 23:13:41,F1,59.186,1.432,4.007,54.753,6.59,normal
2026-09-29 23:14:41,F1,68.459,1.511,3.982,45.087,7.659,failure
2026-09-29 23:15:41,F1,56.83,1.56,4.071,51.511,6.436,normal
2026-09-29 23:16:41,F1,55.435,1.607,5.381,60.2,8.724,normal
2026-09-29 23:17:41,F1,58.567,1.65,4.543,48.234,5.684,normal
2026-09-29 23:18:41,F1,61.922,1.342,3.876,67.537,8.148,normal
2026-09-29 23:19:41,F1,50.581,1.464,3.939,64.347,5.888,normal
2026-09-29 23:20:41,F1,53.142,1.282,4.158,43.62,4.878,normal
2026-09-29 23:21:41,F1,51.294,1.651,4.935,61.333,5.738,normal
2026-09-29 23:22:41,F1,52.735,1.761,3.916,50.219,6.042,normal
2026-09-29 23:23:41,F1,63.256,1.276,4.503,45.1,7.889,normal
2026-09-29 23:24:41,F1,63.385,1.598,4.553,65.78,11.974,failure
2026-09-29 23:25:41,F1,66.626,1.671,4.84,77.798,8.52,normal
2026-09-29 23:26:41,F1,54.031,1.529,4.12,46.479,7.421,failure
2026-09-29 23:27:41,F1,69.559,1.632,4.622,54.776,8.487,failure
2026-09-29 23:28:41,F1,65.397,1.601,5.282,60.43,5.788,failure
2026-09-29 23:29:41,F1,59.516,1.514,5.144,59.525,6.851,normal
2026-09-29 23:30:41,F1,49.486,1.386,5.265,59.058,6.227,normal
2026-09-29 23:31:41,F1,55.554,1.475,3.943,59.298,7.686,normal
2026-09-29 23:32:41,F1,54.927,1.612,4.01,50.125,8.504,failure
2026-09-29 23:33:41,F1,58.385,1.199,5.388,63.999,7.069,normal
2026-09-29 23:34:41,F1,48.747,1.185,4.714,63.391,7.127,normal
2026-09-29 23:35:41,F1,67.742,1.713,4.48,58.925,6.976,failure
2026-09-29 23:36:41,F1,60.518,1.451,4.449,61.398,8.345,normal
2026-09-29 23:37:41,F1,45.078,1.573,4.605,59.164,8.476,normal
2026-09-29 23:38:41,F1,51.126,1.213,5.501,61.781,6.607,normal
2026-09-29 23:39:41,F1,53.826,1.415,4.835,64.228,9.01,failure
2026-09-29 23:40:41,F1,63.32,1.705,4.623,61.267,8.021,failure
2026-09-29 23:41:41,F1,51.756,1.35,3.848,46.359,7.468,normal
2026-09-29 23:42:41,F1,51.395,1.478,4.443,43.517,7.969,normal
2026-09-29 23:43:41,F1,59.804,1.236,4.72,53.431,10.034,normal
2026-09-29 23:44:41,F1,56.223,1.564,4.658,57.476,8.007,normal
2026-09-29 23:45:41,F1,40.34,1.322,4.21,46.932,7.97,normal
2026-09-29 23:46:41,F1,48.76,1.375,4.816,56.561,8.194,failure
2026-09-29 23:47:41,F1,56.967,1.585,4.362,64.599,7.018,failure
2026-09-29 23:48:41,F1,51.889,1.361,2.84,55.568,8.108,normal
2026-09-29 23:49:41,F1,46.038,1.413,4.144,63.514,9.147,normal
2026-09-29 23:50:41,F1,55.708,1.526,5.18,56.612,9.176,failure
2026-09-29 23:51:41,F1,53.906,1.419,5.078,50.574,9.848,failure
2026-09-29 23:52:41,F1,57.783,1.348,4.694,53.809,8.977,normal
2026-09-29 23:53:41,F1,60.199,1.563,3.29,50.25,10.469,failure
2026-09-29 23:54:41,F1,62.494,1.691,5.988,91.907,7.018,normal
2026-09-29 23:55:41,F1,45.224,1.209,4.037,46.762,7.579,normal
2026-09-29 23:56:41,F1,55.81,1.523,4.401,58.154,7.084,normal
2026-09-29 23:57:41,F1,48.392,1.625,5.238,43.002,9.114,normal
2026-09-29 23:58:41,F1,51.88,1.503,4.403,59.643,7.273,normal
2026-09-29 23:59:41,F1,52.965,1.381,3.476,55.146,7.811,normal
2026-09-30 00:00:41,F1,45.467,1.143,4.953,43.774,7.845,failure
2026-09-30 00:01:41,F1,55.219,1.308,3.91,63.879,10.674,normal
2026-09-30 00:02:41,F1,44.537,1.543,4.764,42.445,7.882,normal
2026-09-30 00:03:41,F1,58.523,1.506,4.823,57.785,6.921,normal
2026-09-30 00:04:41,F1,63.624,1.523,5.521,69.556,5.968,normal
2026-09-30 00:05:41,F1,59.78,1.277,4.214,57.084,7.076,normal
2026-09-30 00:06:41,F1,55.852,1.378,4.583,70.643,7.782,normal
2026-09-30 00:07:41,F1,57.32,1.68,4.38,70.787,9.291,normal
2026-09-30 00:08:41,F1,59.613,1.349,4.541,60.011,6.169,normal
2026-09-30 00:09:41,F1,61.525,1.499,6.16,41.482,7.899,failure
2026-09-30 00:10:41,F1,46.688,1.588,4.969,63.513,5.845,normal
2026-09-30 00:11:41,F1,46.592,1.389,5.386,56.495,7.985,normal
2026-09-30 00:12:41,F1,54.226,1.597,4.004,70.07,8.827,normal
2026-09-30 00:13:41,F1,63.854,1.515,4.515,48.666,8.082,failure
2026-09-30 00:14:41,F1,56.189,1.647,5.225,58.708,8.199,normal
2026-09-30 00:15:41,F1,53.065,1.467,5.336,64.729,7.119,normal
2026-09-30 00:16:41,F1,72.53,1.479,4.63,51.482,8.652,normal
2026-09-30 00:17:41,F1,65.706,1.619,4.518,42.701,6.547,normal
2026-09-30 00:18:41,F1,47.869,1.338,4.109,42.174,10.179,normal
2026-09-30 00:19:41,F1,52.354,1.612,4.991,67.046,8.77,failure
2026-09-30 00:20:41,F1,62.728,1.432,4.336,58.46,7.665,normal
2026-09-30 00:21:41,F1,55.776,1.389,3.937,64.06,5.547,normal
2026-09-30 00:22:41,F1,51.575,1.358,4.248,45.477,8.572,normal
2026-09-30 00:23:41,F1,50.396,1.518,4.694,61.006,5.579,normal
2026-09-30 00:24:41,F1,56.244,1.683,4.142,49.546,7.716,failure
2026-09-30 00:25:41,F1,52.65,1.383,4.002,46.153,6.711,normal
2026-09-30 00:26:41,F1,65.532,1.453,4.479,51.792,9.841,normal
2026-09-30 00:27:41,F1,52.065,1.353,4.236,55.066,8.67,normal
2026-09-30 00:28:41,F1,56.525,1.367,5.527,55.452,10.171,normal
2026-09-30 00:29:41,F1,57.666,1.277,4.551,45.086,9.241,normal
2026-09-30 00:30:41,F1,57.272,1.557,3.806,61.771,6.871,normal
2026-09-30 00:31:41,F1,57.484,1.334,4.22,57.666,7.686,normal
2026-09-30 00:32:41,F1,60.226,1.331,5.478,57.863,8.8,normal
2026-09-30 00:33:41,F1,45.084,1.383,3.692,54.954,8.801,normal
2026-09-30 00:34:41,F1,54.806,1.654,4.731,57.158,6.345,normal
2026-09-30 00:35:41,F1,52.058,1.377,4.791,58.411,7.613,failure
2026-09-30 00:36:41,F1,47.449,1.326,3.931,54.641,6.047,normal
2026-09-30 00:37:41,F1,52.347,1.488,4.821,49.604,7.091,normal
2026-09-30 00:38:41,F1,46.426,1.363,3.827,61.571,7.148,normal
2026-09-30 00:39:41,F1,45.808,1.488,5.396,69.062,8.238,normal
2026-09-30 00:40:41,F1,52.066,1.487,3.812,65.019,7.529,normal
2026-09-30 00:41:41,F1,47.994,1.598,4.494,62.054,7.415,normal
2026-09-30 00:42:41,F1,55.671,1.607,4.31,56.523,5.891,normal
2026-09-30 00:43:41,F1,49.365,1.488,4.931,47.179,8.739,normal
2026-09-30 00:44:41,F1,67.299,1.44,3.458,54.166,8.874,normal
2026-09-30 00:45:41,F1,68.898,1.241,4.238,48.174,6.59,normal
2026-09-30 00:46:41,F1,54.471,1.5,4.175,56.852,7.604,normal
2026-09-30 00:47:41,F1,59.236,1.373,4.239,54.177,5.824,normal
2026-09-30 00:48:41,F1,49.607,1.249,3.539,50.854,4.478,normal
2026-09-30 00:49:41,F1,55.305,1.313,5.385,45.163,9.0,normal
2026-09-30 00:50:41,F1,57.15,1.58,4.832,54.414,10.824,normal
2026-09-30 00:51:41,F1,59.407,1.379,5.027,50.146,9.143,normal
2026-09-30 00:52:41,F1,39.953,1.342,4.53,56.666,5.147,normal
2026-09-30 00:53:41,F1,51.857,1.463,3.785,55.538,6.799,normal
2026-09-30 00:54:41,F1,66.289,1.54,3.937,43.609,8.392,failure
2026-09-30 00:55:41,F1,47.393,1.553,5.45,72.517,6.776,normal
2026-09-30 00:56:41,F1,65.708,1.245,5.56,53.053,8.305,normal
2026-09-30 00:57:41,F1,61.85,1.544,3.628,66.402,7.764,failure
2026-09-30 00:58:41,F1,60.885,1.46,4.248,49.359,6.913,normal
2026-09-30 00:59:41,F1,53.14,1.45,5.065,56.57,10.351,normal
2026-09-30 01:00:41,F1,60.648,1.399,3.425,52.293,5.978,normal
2026-09-30 01:01:41,F1,49.471,1.227,4.164,51.217,7.679,normal
2026-09-30 01:02:41,F1,58.022,1.399,4.152,70.251,8.658,failure
2026-09-30 01:03:41,F1,56.039,0.997,4.47,69.994,7.711,normal
2026-09-30 01:04:41,F1,53.168,1.531,5.054,64.519,8.232,normal
2026-09-30 01:05:41,F1,57.384,1.49,4.701,60.332,7.461,normal
2026-09-30 01:06:41,F1,56.911,1.358,4.59,52.954,8.6,normal
2026-09-30 01:07:41,F1,49.528,1.571,4.804,52.081,8.337,normal
2026-09-30 01:08:41,F1,64.243,1.21,3.79,52.559,8.239,normal
2026-09-30 01:09:41,F1,54.039,1.562,4.621,64.295,7.696,normal
2026-09-30 01:10:41,F1,50.385,1.656,3.578,52.694,9.245,failure
2026-09-30 01:11:41,F1,55.465,1.64,5.425,59.9,7.147,failure
2026-09-30 01:12:41,F1,63.052,1.532,4.827,59.01,7.369,normal
2026-09-30 01:13:41,F1,53.376,1.269,5.095,34.56,6.969,normal
2026-09-30 01:14:41,F1,61.601,1.632,4.38,58.492,6.115,normal
2026-09-30 01:15:41,F1,76.111,1.73,4.118,65.418,8.95,failure
2026-09-30 01:16:41,F1,68.073,1.517,5.116,61.756,9.285,failure
2026-09-30 01:17:41,F1,59.406,1.254,4.731,64.488,7.583,normal
2026-09-30 01:18:41,F1,53.74,1.449,3.56,39.126,7.74,normal
2026-09-30 01:19:41,F1,54.209,1.625,5.235,59.127,7.871,normal
2026-09-30 01:20:41,F1,63.096,1.438,4.551,55.166,8.797,failure
2026-09-30 01:21:41,F1,61.535,1.524,4.492,46.782,6.681,normal
2026-09-30 01:22:41,F1,50.12,1.534,4.911,85.85,8.498,normal
2026-09-30 01:23:41,F1,53.062,1.385,4.41,54.181,9.199,normal
2026-09-30 01:24:41,F1,44.041,1.238,4.557,59.78,5.842,normal
2026-09-30 01:25:41,F1,51.013,1.378,5.143,42.781,8.597,normal
2026-09-30 01:26:41,F1,54.157,1.498,4.448,54.141,6.046,normal
2026-09-30 01:27:41,F1,60.139,1.553,5.294,54.297,7.646,normal
2026-09-30 01:28:41,F1,58.808,1.296,5.489,46.766,8.599,failure
2026-09-30 01:29:41,F1,52.855,1.113,4.356,67.56,7.206,normal
2026-09-30 01:30:41,F1,65.968,1.28,5.095,57.613,6.726,normal
2026-09-30 01:31:41,F1,61.506,1.563,4.797,60.157,7.062,normal
2026-09-30 01:32:41,F1,59.276,1.232,5.474,54.388,8.214,normal
2026-09-30 01:33:41,F1,46.54,1.453,5.127,60.848,9.674,normal
2026-09-30 01:34:41,F1,60.984,1.384,3.933,57.363,9.103,failure
2026-09-30 01:35:41,F1,41.521,1.496,3.194,64.405,7.062,normal
2026-09-30 01:36:41,F1,47.885,1.329,4.346,55.08,6.901,normal
2026-09-30 01:37:41,F1,39.382,1.394,5.912,50.879,7.738,normal
2026-09-30 01:38:41,F1,60.599,1.74,3.806,54.783,10.198,failure
2026-09-30 01:39:41,F1,68.579,1.277,4.828,60.494,8.343,normal
2026-09-30 01:40:41,F1,57.699,1.377,4.157,46.6,7.638,normal
2026-09-30 01:41:41,F1,46.264,1.022,5.456,46.941,8.137,normal
2026-09-30 01:42:41,F1,66.484,1.516,4.023,55.852,6.083,normal
2026-09-30 01:43:41,F1,47.569,1.455,5.532,52.295,8.206,normal
2026-09-30 01:44:41,F1,60.235,1.417,5.247,49.985,7.479,normal
2026-09-30 01:45:41,F1,55.584,1.291,4.927,66.744,6.917,normal
2026-09-30 01:46:41,F1,59.601,1.679,4.931,45.542,8.577,failure
2026-09-30 01:47:41,F1,57.452,1.546,4.422,47.781,9.285,normal
2026-09-30 01:48:41,F1,48.668,1.573,5.047,49.571,8.099,normal
2026-09-30 01:49:41,F1,65.553,1.619,4.777,59.705,6.433,normal
2026-09-30 01:50:41,F1,54.249,1.384,4.422,55.311,7.509,normal
2026-09-30 01:51:41,F1,68.801,1.416,4.716,45.195,6.372,failure
2026-09-30 01:52:41,F1,80.0,1.439,4.615,63.573,7.289,failure
2026-09-30 01:53:41,F1,61.769,1.482,5.001,63.264,8.011,normal
2026-09-30 01:54:41,F1,39.18,1.411,5.186,59.679,8.132,normal
2026-09-30 01:55:41,F1,63.519,1.339,4.903,71.129,5.646,normal
2026-09-30 01:56:41,F1,54.224,1.282,5.655,70.04,7.281,normal
2026-09-30 01:57:41,F1,45.433,1.422,4.232,75.394,6.134,normal
2026-09-30 01:58:41,F1,55.648,1.287,4.027,57.674,8.663,normal
2026-09-30 01:59:41,F1,59.264,1.63,4.745,63.372,7.958,failure
2026-09-30 02:00:41,F1,59.162,1.402,4.446,42.478,8.922,normal
2026-09-30 02:01:41,F1,53.281,1.341,4.769,51.888,7.26,normal
2026-09-30 02:02:41,F1,48.903,1.361,4.403,60.781,9.327,normal
2026-09-30 02:03:41,F1,49.738,1.343,4.348,66.616,6.56,normal
2026-09-30 02:04:41,F1,50.453,1.31,4.102,61.718,5.911,normal
2026-09-30 02:05:41,F1,55.347,1.463,4.349,51.549,6.785,normal
2026-09-30 02:06:41,F1,49.216,1.517,4.844,48.92,6.783,normal
2026-09-30 02:07:41,F1,56.737,1.544,4.573,56.01,8.852,normal
2026-09-30 02:08:41,F1,42.624,1.277,3.857,56.329,7.576,normal
2026-09-30 02:09:41,F1,55.22,1.391,3.76,43.482,6.446,normal
2026-09-30 02:10:41,F1,52.623,1.426,4.167,61.982,8.493,normal
2026-09-30 02:11:41,F1,64.36,1.575,4.593,46.87,5.473,failure
2026-09-30 02:12:41,F1,51.174,1.503,4.507,51.153,8.893,failure
2026-09-30 02:13:41,F1,60.519,1.232,3.745,43.087,8.078,normal
2026-09-30 02:14:41,F1,50.861,1.381,4.079,46.07,7.784,normal
2026-09-30 02:15:41,F1,61.849,1.136,4.444,52.507,5.988,normal
2026-09-30 02:16:41,F1,59.925,1.296,5.518,57.897,9.476,normal
2026-09-30 02:17:41,F1,68.162,1.512,5.006,55.255,9.233,failure
2026-09-30 02:18:41,F1,61.793,1.444,4.937,47.795,7.557,normal
2026-09-30 02:19:41,F1,63.328,1.422,4.926,52.438,8.798,failure
2026-09-30 02:20:41,F1,55.391,1.55,4.764,54.616,7.876,normal
2026-09-30 02:21:41,F1,54.641,1.364,4.386,55.363,6.969,normal
2026-09-30 02:22:41,F1,61.615,1.435,4.207,58.071,6.854,normal
2026-09-30 02:23:41,F1,70.257,1.209,4.453,50.736,6.272,normal
2026-09-30 02:24:41,F1,42.884,1.326,3.317,61.845,6.402,normal
2026-09-30 02:25:41,F1,67.228,1.133,5.137,62.057,9.718,failure
2026-09-30 02:26:41,F1,83.389,1.392,3.838,51.946,6.673,failure
2026-09-30 02:27:41,F1,53.46,1.516,4.512,73.17,10.322,failure
2026-09-30 02:28:41,F1,38.589,1.314,5.231,59.068,9.73,normal
2026-09-30 02:29:41,F1,56.113,1.189,3.547,54.14,5.496,normal
2026-09-30 02:30:41,F1,64.759,1.558,5.504,57.673,5.867,normal
2026-09-30 02:31:41,F1,46.087,1.659,5.018,48.627,5.851,normal
2026-09-30 02:32:41,F1,56.138,1.425,4.375,59.394,9.141,failure
2026-09-30 02:33:41,F1,57.367,1.336,5.574,53.967,7.129,failure
2026-09-30 02:34:41,F1,53.705,1.344,5.009,49.813,9.48,normal
2026-09-30 02:35:41,F1,48.979,1.562,5.235,54.514,6.707,normal
2026-09-30 02:36:41,F1,55.319,1.267,3.843,60.743,8.245,normal
2026-09-30 02:37:41,F1,68.091,1.554,3.563,67.324,7.65,normal
2026-09-30 02:38:41,F1,67.993,1.278,5.536,40.104,5.67,normal
2026-09-30 02:39:41,F1,54.818,1.314,5.953,72.553,8.62,failure
2026-09-30 02:40:41,F1,59.074,1.191,3.706,60.124,7.209,normal
2026-09-30 02:41:41,F1,59.712,1.371,4.864,55.811,8.393,failure
2026-09-30 02:42:41,F1,59.145,1.293,5.405,55.246,9.71,normal
2026-09-30 02:43:41,F1,44.489,1.362,3.367,76.248,6.807,normal
2026-09-30 02:44:41,F1,60.176,1.364,3.44,42.67,7.526,normal
2026-09-30 02:45:41,F1,63.895,1.25,4.947,46.053,7.478,failure
2026-09-30 02:46:41,F1,51.571,1.347,4.992,54.159,7.301,normal
2026-09-30 02:47:41,F1,50.308,1.107,4.35,79.748,6.698,normal
2026-09-30 02:48:41,F1,57.675,1.433,4.888,65.683,7.375,normal
2026-09-30 02:49:41,F1,52.935,1.201,4.209,44.794,10.114,normal
2026-09-30 02:50:41,F1,48.002,1.257,4.3,66.256,8.355,normal
2026-09-30 02:51:41,F1,55.521,1.401,5.016,76.027,7.159,normal
2026-09-30 02:52:41,F1,54.555,1.604,3.502,52.821,7.879,normal
2026-09-30 02:53:41,F1,59.102,1.329,3.814,49.689,7.743,normal
2026-09-30 02:54:41,F1,53.459,1.482,4.675,37.04,6.104,normal
2026-09-30 02:55:41,F1,53.73,1.308,4.884,74.537,8.186,normal
2026-09-30 02:56:41,F1,46.077,1.262,4.416,49.935,8.765,normal
2026-09-30 02:57:41,F1,49.203,1.529,4.918,53.18,6.595,normal
2026-09-30 02:58:41,F1,63.215,1.374,5.236,51.8,7.058,normal
2026-09-30 02:59:41,F1,62.25,1.434,3.615,55.451,8.572,normal
2026-09-30 03:00:41,F1,50.898,1.221,3.679,59.887,8.1,normal
2026-09-30 03:01:41,F1,57.769,1.305,4.179,64.642,8.872,failure
2026-09-30 03:02:41,F1,40.464,1.402,4.543,63.462,8.126,normal
2026-09-30 03:03:41,F1,65.158,1.274,3.191,49.361,8.822,normal
2026-09-30 03:04:41,F1,54.268,1.333,4.779,60.424,4.714,normal
2026-09-30 03:05:41,F1,53.261,1.554,3.997,58.071,7.927,failure
2026-09-30 03:06:41,F1,56.538,1.585,3.967,77.3,7.618,normal
2026-09-30 03:07:41,F1,52.408,1.394,4.042,47.207,6.577,normal
2026-09-30 03:08:41,F1,55.365,1.12,5.515,56.907,7.843,normal
2026-09-30 03:09:41,F1,65.695,1.368,3.933,61.15,8.887,normal
2026-09-30 03:10:41,F1,56.951,1.423,4.625,47.585,6.72,normal
2026-09-30 03:11:41,F1,53.86,1.343,4.27,59.628,7.164,normal
2026-09-30 03:12:41,F1,57.741,1.198,4.151,59.317,7.789,normal
2026-09-30 03:13:41,F1,53.345,1.366,4.164,42.441,6.601,normal
2026-09-30 03:14:41,F1,53.489,1.506,3.915,61.245,9.266,failure
2026-09-30 03:15:41,F1,48.999,1.296,4.848,64.296,7.821,normal
2026-09-30 03:16:41,F1,58.567,1.288,3.81,59.916,8.221,normal
2026-09-30 03:17:41,F1,60.158,1.557,4.519,64.055,7.9,normal
2026-09-30 03:18:41,F1,61.408,1.369,4.209,53.205,8.782,normal
2026-09-30 03:19:41,F1,58.696,1.155,3.44,62.411,6.453,normal
2026-09-30 03:20:41,F1,57.881,1.232,4.65,59.861,8.151,normal
2026-09-30 03:21:41,F1,49.828,1.209,5.068,57.193,5.519,normal
2026-09-30 03:22:41,F1,55.551,1.285,5.407,71.963,6.212,normal
2026-09-30 03:23:41,F1,52.879,1.296,4.337,58.647,8.592,normal
2026-09-30 03:24:41,F1,63.162,1.636,4.162,56.718,7.694,normal
2026-09-30 03:25:41,F1,40.693,1.512,4.647,72.089,6.91,normal
2026-09-30 03:26:41,F1,63.261,1.307,3.606,53.893,8.307,normal
2026-09-30 03:27:41,F1,61.413,1.467,3.249,57.192,6.382,normal
2026-09-30 03:28:41,F1,62.614,1.41,4.136,56.913,8.145,failure
2026-09-30 03:29:41,F1,49.026,1.29,5.104,63.213,5.917,normal
2026-09-30 03:30:41,F1,66.168,1.114,4.49,59.422,7.695,normal
2026-09-30 03:31:41,F1,56.356,1.36,4.711,52.725,7.765,normal
2026-09-30 03:32:41,F1,51.702,1.652,4.768,49.035,8.674,failure
2026-09-30 03:33:41,F1,39.117,1.517,4.606,51.638,9.17,normal
2026-09-30 03:34:41,F1,64.09,1.23,4.093,54.86,8.337,failure
2026-09-30 03:35:41,F1,62.34,1.306,4.526,51.527,6.67,normal
2026-09-30 03:36:41,F1,63.517,1.132,4.063,58.896,8.451,normal
2026-09-30 03:37:41,F1,72.413,1.18,4.165,53.0,9.086,failure
2026-09-30 03:38:41,F1,67.553,1.214,2.598,55.162,7.356,normal
2026-09-30 03:39:41,F1,58.143,1.402,3.891,58.988,6.027,normal
2026-09-30 03:40:41,F1,55.437,1.375,4.602,50.846,6.024,normal
2026-09-30 03:41:41,F1,59.441,1.195,4.448,58.592,9.091,normal
2026-09-30 03:42:41,F1,54.53,1.257,4.563,64.488,6.19,normal
2026-09-30 03:43:41,F1,45.317,1.446,3.462,54.968,8.847,normal
2026-09-30 03:44:41,F1,52.456,1.154,4.29,46.745,9.138,normal
2026-09-30 03:45:41,F1,54.503,1.259,4.325,79.082,7.215,normal
2026-09-30 03:46:41,F1,47.175,1.427,4.737,63.491,9.215,failure
2026-09-30 03:47:41,F1,54.899,1.108,4.716,59.549,7.706,normal
2026-09-30 03:48:41,F1,61.21,1.44,3.803,57.47,7.105,normal
2026-09-30 03:49:41,F1,52.352,1.574,3.778,64.751,6.935,normal
2026-09-30 03:50:41,F1,60.04,1.465,3.827,55.046,6.377,normal
2026-09-30 03:51:41,F1,56.084,1.384,3.471,47.628,10.254,normal
2026-09-30 03:52:41,F1,53.171,1.413,5.032,71.116,4.626,normal
2026-09-30 03:53:41,F1,52.467,1.346,4.813,55.318,7.506,normal
2026-09-30 03:54:41,F1,56.825,1.422,4.401,57.031,7.384,normal
2026-09-30 03:55:41,F1,60.661,1.285,4.349,45.537,5.915,normal
2026-09-30 03:56:41,F1,50.201,1.365,3.845,65.726,9.971,normal
2026-09-30 03:57:41,F1,58.112,1.421,4.599,59.086,5.775,normal
2026-09-30 03:58:41,F1,64.101,1.208,5.11,22.38,5.852,normal
2026-09-30 03:59:41,F1,52.935,1.161,4.373,47.189,7.847,normal
2026-09-30 04:00:41,F1,62.778,0.995,3.984,70.079,6.485,normal
2026-09-30 04:01:41,F1,51.593,1.039,3.755,60.146,8.341,normal
2026-09-30 04:02:41,F1,51.894,1.146,5.69,47.717,8.374,normal
2026-09-30 04:03:41,F1,54.216,1.44,4.834,59.967,8.196,normal
2026-09-30 04:04:41,F1,55.227,1.455,4.213,66.363,7.431,normal
2026-09-30 04:05:41,F1,61.014,1.4,4.681,58.003,7.7,normal
2026-09-30 04:06:41,F1,68.345,1.236,3.938,53.059,5.92,normal
2026-09-30 04:07:41,F1,45.719,1.194,4.233,62.225,8.062,normal
2026-09-30 04:08:41,F1,57.575,1.384,3.856,51.941,7.213,normal
2026-09-30 04:09:41,F1,61.71,1.38,4.577,49.775,9.241,normal
2026-09-30 04:10:41,F1,43.376,1.475,4.036,51.395,6.587,normal
2026-09-30 04:11:41,F1,68.999,1.263,4.317,48.34,8.129,normal
2026-09-30 04:12:41,F1,45.036,1.574,4.892,67.189,7.578,normal
2026-09-30 04:13:41,F1,51.227,1.243,4.961,51.101,7.549,normal
2026-09-30 04:14:41,F1,51.255,1.304,4.759,72.373,8.102,normal
2026-09-30 04:15:41,F1,61.174,1.2,4.416,57.441,6.769,normal
2026-09-30 04:16:41,F1,49.259,1.381,4.975,58.354,7.57,normal
2026-09-30 04:17:41,F1,75.568,1.453,4.668,52.577,6.319,failure
2026-09-30 04:18:41,F1,62.214,1.468,3.088,45.191,5.698,normal
2026-09-30 04:19:41,F1,54.559,1.315,1.883,47.639,8.319,normal
2026-09-30 04:20:41,F1,48.875,1.306,4.02,68.799,7.316,normal
2026-09-30 04:21:41,F1,57.189,1.203,4.346,56.966,7.648,normal
2026-09-30 04:22:41,F1,50.621,1.527,4.777,57.896,6.88,normal
2026-09-30 04:23:41,F1,58.316,1.392,4.659,46.676,7.556,normal
2026-09-30 04:24:41,F1,48.181,1.164,5.372,49.703,9.926,normal
2026-09-30 04:25:41,F1,48.916,1.16,3.604,50.957,8.678,normal
2026-09-30 04:26:41,F1,54.175,1.165,3.837,65.507,8.394,normal
2026-09-30 04:27:41,F1,56.346,1.424,4.488,44.676,8.618,normal
2026-09-30 04:28:41,F1,61.69,1.47,4.817,43.117,8.941,failure
2026-09-30 04:29:41,F1,66.952,1.162,4.379,63.572,8.814,normal
2026-09-30 04:30:41,F1,63.989,1.357,5.105,57.521,8.333,normal
2026-09-30 04:31:41,F1,55.798,1.116,4.247,44.783,10.454,normal
2026-09-30 04:32:41,F1,60.791,1.256,4.551,55.484,8.616,normal
2026-09-30 04:33:41,F1,58.917,1.233,4.081,60.847,8.378,normal
2026-09-30 04:34:41,F1,51.729,1.033,3.427,48.998,6.679,normal
2026-09-30 04:35:41,F1,61.5,1.213,4.773,53.584,7.116,normal
2026-09-30 04:36:41,F1,62.009,1.255,4.471,66.119,7.689,normal
2026-09-30 04:37:41,F1,55.7,1.143,5.395,58.45,6.987,normal
2026-09-30 04:38:41,F1,53.225,1.192,4.574,50.941,7.811,normal
2026-09-30 04:39:41,F1,44.205,1.591,4.938,59.644,5.09,normal
2026-09-30 04:40:41,F1,59.185,1.491,4.012,43.454,8.136,normal
2026-09-30 04:41:41,F1,57.78,1.134,4.648,57.732,6.382,normal
2026-09-30 04:42:41,F1,65.477,1.203,4.275,61.968,9.997,failure
2026-09-30 04:43:41,F1,49.474,1.338,4.223,57.234,7.692,normal
2026-09-30 04:44:41,F1,58.594,1.372,4.811,47.446,7.759,failure
2026-09-30 04:45:41,F1,58.139,1.348,3.668,56.687,5.346,normal
2026-09-30 04:46:41,F1,57.059,1.056,3.919,62.377,9.949,normal
2026-09-30 04:47:41,F1,49.778,1.364,4.442,65.867,7.404,normal
2026-09-30 04:48:41,F1,54.341,1.216,4.681,41.818,5.781,normal
2026-09-30 04:49:41,F1,54.68,1.256,3.456,60.759,9.672,normal
2026-09-30 04:50:41,F1,59.686,1.187,4.622,47.911,8.575,normal
2026-09-30 04:51:41,F1,58.25,1.399,5.016,65.302,8.448,failure
2026-09-30 04:52:41,F1,48.066,1.188,5.099,53.542,8.35,normal
2026-09-30 04:53:41,F1,51.723,1.225,4.28,62.091,4.839,normal
2026-09-30 04:54:41,F1,64.287,1.268,4.217,55.599,5.833,normal
2026-09-30 04:55:41,F1,42.393,1.393,3.433,49.553,10.018,normal
2026-09-30 04:56:41,F1,47.957,1.136,4.736,59.839,9.552,normal
2026-09-30 04:57:41,F1,50.34,1.326,4.11,64.138,8.329,normal
2026-09-30 04:58:41,F1,56.936,1.099,4.766,52.971,7.065,normal
2026-09-30 04:59:41,F1,57.056,1.166,3.506,30.627,6.936,normal
2026-09-30 05:00:41,F1,49.613,1.198,4.216,83.665,4.97,normal
2026-09-30 05:01:41,F1,61.199,1.142,4.226,72.066,6.137,normal
2026-09-30 05:02:41,F1,54.995,1.192,4.18,52.049,8.238,normal
2026-09-30 05:03:41,F1,49.307,1.202,3.913,72.522,7.198,normal
2026-09-30 05:04:41,F1,66.337,1.361,4.378,47.61,6.647,failure
2026-09-30 05:05:41,F1,61.568,1.192,4.101,51.711,6.98,normal
2026-09-30 05:06:41,F1,56.704,1.017,4.246,49.464,7.874,normal
2026-09-30 05:07:41,F1,59.751,1.133,4.731,50.791,8.422,normal
2026-09-30 05:08:41,F1,65.658,1.27,3.756,66.721,6.581,normal
2026-09-30 05:09:41,F1,56.314,1.536,3.827,45.078,8.546,normal
2026-09-30 05:10:41,F1,53.843,1.155,5.201,45.495,9.085,normal
2026-09-30 05:11:41,F1,58.697,1.184,4.457,70.798,8.508,failure
2026-09-30 05:12:41,F1,46.898,1.216,5.084,43.427,8.126,normal
2026-09-30 05:13:41,F1,49.518,1.451,4.234,50.791,7.277,normal
2026-09-30 05:14:41,F1,50.469,1.232,3.456,53.966,4.922,normal
2026-09-30 05:15:41,F1,62.267,1.265,4.685,46.664,8.485,normal
2026-09-30 05:16:41,F1,51.574,1.174,5.176,58.074,10.056,normal
2026-09-30 05:17:41,F1,55.63,1.143,3.916,68.119,8.677,normal
2026-09-30 05:18:41,F1,47.922,1.455,4.379,58.448,6.177,normal
2026-09-30 05:19:41,F1,49.212,0.913,3.4,52.002,7.683,normal
2026-09-30 05:20:41,F1,55.259,1.277,4.53,69.238,7.556,normal
2026-09-30 05:21:41,F1,59.201,1.167,2.755,63.681,6.784,normal
2026-09-30 05:22:41,F1,61.796,1.113,3.643,43.307,8.204,normal
2026-09-30 05:23:41,F1,58.116,1.249,4.463,56.506,7.797,failure
2026-09-30 05:24:41,F1,75.437,1.213,3.461,55.481,6.454,normal
2026-09-30 05:25:41,F1,66.93,1.311,4.771,49.201,10.21,normal
2026-09-30 05:26:41,F1,66.99,1.353,5.158,56.949,9.672,failure
2026-09-30 05:27:41,F1,63.161,1.35,3.322,54.204,8.949,failure
2026-09-30 05:28:41,F1,50.126,1.256,3.65,49.563,6.481,normal
2026-09-30 05:29:41,F1,46.645,1.131,2.545,64.394,10.234,normal
2026-09-30 05:30:41,F1,54.809,1.248,4.708,45.5,6.932,normal
2026-09-30 05:31:41,F1,53.045,1.138,4.321,47.32,8.678,normal
2026-09-30 05:32:41,F1,45.092,1.129,3.716,64.421,6.71,normal
2026-09-30 05:33:41,F1,57.882,1.184,3.358,61.124,6.147,normal
2026-09-30 05:34:41,F1,58.093,1.214,4.884,60.886,7.049,normal
2026-09-30 05:35:41,F1,54.159,1.153,4.097,64.278,7.036,normal
2026-09-30 05:36:41,F1,46.063,1.318,3.395,54.095,8.574,normal
2026-09-30 05:37:41,F1,53.741,1.317,3.56,48.62,6.891,normal
2026-09-30 05:38:41,F1,52.518,1.052,4.419,64.563,6.695,normal
2026-09-30 05:39:41,F1,42.392,1.285,3.389,51.351,6.523,normal
2026-09-30 05:40:41,F1,48.329,1.316,4.419,48.456,5.489,normal
2026-09-30 05:41:41,F1,48.573,1.159,4.154,45.97,8.19,normal
2026-09-30 05:42:41,F1,53.423,1.144,4.104,52.15,4.038,normal
2026-09-30 05:43:41,F1,67.72,1.256,3.509,53.639,9.029,normal
2026-09-30 05:44:41,F1,56.351,1.09,4.41,47.742,8.254,normal
2026-09-30 05:45:41,F1,76.282,1.106,4.3,49.994,5.041,normal
2026-09-30 05:46:41,F1,59.959,1.042,3.556,44.501,6.009,normal
2026-09-30 05:47:41,F1,46.989,1.038,4.739,66.61,7.73,normal
2026-09-30 05:48:41,F1,62.281,1.077,5.148,55.813,4.019,normal
2026-09-30 05:49:41,F1,41.02,1.364,4.074,62.803,7.29,normal
2026-09-30 05:50:41,F1,60.838,1.038,5.31,68.021,7.712,normal
2026-09-30 05:51:41,F1,47.982,1.151,4.488,45.668,8.082,normal
2026-09-30 05:52:41,F1,49.37,1.198,4.289,57.516,8.686,normal
2026-09-30 05:53:41,F1,60.347,1.045,4.289,67.13,7.565,normal
2026-09-30 05:54:41,F1,69.19,1.014,3.724,67.908,5.512,normal
2026-09-30 05:55:41,F1,42.942,0.835,4.115,50.159,9.129,normal
2026-09-30 05:56:41,F1,43.578,1.213,4.132,60.151,6.251,normal
2026-09-30 05:57:41,F1,62.529,1.252,4.061,67.883,7.444,normal
2026-09-30 05:58:41,F1,66.062,1.496,4.524,68.028,7.625,normal
2026-09-30 05:59:41,F1,59.053,1.197,3.772,52.189,8.848,normal
2026-09-30 06:00:41,F1,57.734,1.101,4.612,53.835,8.834,normal
2026-09-30 06:01:41,F1,60.001,1.011,5.023,49.954,6.825,normal
2026-09-30 06:02:41,F1,63.459,1.17,4.289,48.335,8.228,normal
2026-09-30 06:03:41,F1,59.695,1.088,5.352,45.191,5.548,normal
2026-09-30 06:04:41,F1,48.667,1.436,5.838,44.618,7.525,normal
2026-09-30 06:05:41,F1,52.856,1.297,5.689,64.866,6.407,failure
2026-09-30 06:06:41,F1,53.94,1.029,3.656,59.234,9.524,normal
2026-09-30 06:07:41,F1,63.545,0.958,5.064,64.216,6.828,normal
2026-09-30 06:08:41,F1,53.949,1.096,4.295,56.041,7.474,normal
2026-09-30 06:09:41,F1,60.441,1.149,4.195,62.021,9.344,normal
2026-09-30 06:10:41,F1,54.229,1.424,3.401,42.518,7.16,normal
2026-09-30 06:11:41,F1,54.116,1.322,3.861,58.516,9.056,normal
2026-09-30 06:12:41,F1,59.597,1.193,3.723,56.442,7.169,normal
2026-09-30 06:13:41,F1,58.277,0.987,5.423,40.244,8.951,normal
2026-09-30 06:14:41,F1,49.65,1.194,4.171,52.82,5.122,normal
2026-09-30 06:15:41,F1,57.388,1.221,3.826,73.6,6.167,normal
2026-09-30 06:16:41,F1,58.887,1.01,4.053,75.157,5.9,normal
2026-09-30 06:17:41,F1,51.111,1.368,4.543,56.127,7.66,normal
2026-09-30 06:18:41,F1,57.594,1.109,5.993,54.966,9.342,normal
2026-09-30 06:19:41,F1,38.367,1.291,4.405,64.189,7.584,normal
2026-09-30 06:20:41,F1,58.736,1.086,4.539,55.315,7.196,normal
2026-09-30 06:21:41,F1,66.3,1.213,4.311,58.539,6.018,normal
2026-09-30 06:22:41,F1,71.287,1.115,3.753,53.584,7.603,normal
2026-09-30 06:23:41,F1,53.402,1.005,4.946,59.836,7.762,normal
2026-09-30 06:24:41,F1,52.341,0.865,4.824,57.337,8.715,normal
2026-09-30 06:25:41,F1,59.302,1.159,4.321,66.498,8.663,normal
2026-09-30 06:26:41,F1,71.425,1.239,4.428,65.76,7.172,normal
2026-09-30 06:27:41,F1,61.236,1.132,3.873,49.226,8.364,normal
2026-09-30 06:28:41,F1,50.364,1.158,3.726,53.36,7.656,normal
2026-09-30 06:29:41,F1,61.008,1.33,4.572,53.631,5.303,normal
2026-09-30 06:30:41,F1,67.068,1.327,3.68,60.635,5.871,normal
2026-09-30 06:31:41,F1,49.207,1.203,4.138,62.091,5.03,normal
2026-09-30 06:32:41,F1,42.808,1.002,4.365,59.804,7.755,normal
2026-09-30 06:33:41,F1,66.238,1.179,4.233,56.159,6.153,normal
2026-09-30 06:34:41,F1,55.711,1.233,3.734,57.012,8.176,normal
2026-09-30 06:35:41,F1,51.415,1.193,3.119,46.423,6.69,normal
2026-09-30 06:36:41,F1,59.747,1.616,4.847,49.875,6.314,normal
2026-09-30 06:37:41,F1,61.803,1.288,4.289,61.09,5.841,normal
2026-09-30 06:38:41,F1,56.313,0.944,4.274,53.064,7.105,normal
2026-09-30 06:39:41,F1,59.248,1.39,4.603,63.294,5.035,normal
2026-09-30 06:40:41,F1,55.905,1.103,4.041,59.837,6.867,normal
2026-09-30 06:41:41,F1,68.094,1.168,4.666,53.642,8.643,normal
2026-09-30 06:42:41,F1,50.216,0.968,4.746,62.825,7.453,normal
2026-09-30 06:43:41,F1,61.103,1.228,3.945,55.662,8.057,normal
2026-09-30 06:44:41,F1,55.5,1.136,3.805,65.427,7.418,normal
2026-09-30 06:45:41,F1,75.143,1.042,4.435,55.218,7.839,normal
2026-09-30 06:46:41,F1,57.062,1.142,4.144,56.623,6.669,normal
2026-09-30 06:47:41,F1,63.695,1.195,4.485,53.551,6.973,normal
2026-09-30 06:48:41,F1,59.145,1.307,3.671,46.621,10.698,failure
2026-09-30 06:49:41,F1,54.594,0.995,4.227,52.339,8.626,normal
2026-09-30 06:50:41,F1,45.443,1.143,4.012,55.357,7.879,normal
2026-09-30 06:51:41,F1,49.394,1.248,4.536,60.085,7.766,normal
2026-09-30 06:52:41,F1,68.199,1.235,4.378,70.0,6.178,failure
2026-09-30 06:53:41,F1,56.919,1.29,5.146,51.585,8.453,normal
2026-09-30 06:54:41,F1,55.193,1.332,3.66,59.373,6.844,normal
2026-09-30 06:55:41,F1,68.934,0.792,3.366,65.398,8.181,normal
2026-09-30 06:56:41,F1,42.35,1.138,4.17,50.037,6.973,normal
2026-09-30 06:57:41,F1,65.936,1.282,3.865,55.565,4.39,normal
2026-09-30 06:58:41,F1,39.196,1.271,4.436,58.07,8.79,normal
2026-09-30 06:59:41,F1,52.914,1.216,3.839,58.53,6.599,normal
2026-09-30 07:00:41,F1,57.163,1.242,4.585,47.569,8.171,normal
2026-09-30 07:01:41,F1,58.015,0.986,3.86,55.065,5.941,normal
2026-09-30 07:02:41,F1,53.599,1.148,4.464,62.256,8.589,normal
2026-09-30 07:03:41,F1,64.368,1.167,3.85,50.308,8.056,normal
2026-09-30 07:04:41,F1,53.36,1.259,4.13,62.608,7.854,normal
2026-09-30 07:05:41,F1,59.074,1.099,4.039,50.674,10.568,normal
2026-09-30 07:06:41,F1,73.127,0.969,5.179,52.275,7.776,normal
2026-09-30 07:07:41,F1,50.007,1.204,4.934,57.044,8.083,normal
2026-09-30 07:08:41,F1,59.266,1.05,4.231,54.962,8.093,normal
2026-09-30 07:09:41,F1,62.262,1.032,3.687,56.953,5.597,normal
2026-09-30 07:10:41,F1,47.913,1.064,4.327,47.851,6.762,normal
2026-09-30 07:11:41,F1,51.398,1.34,4.471,48.999,5.974,normal
2026-09-30 07:12:41,F1,46.383,0.94,3.047,62.777,4.823,normal
2026-09-30 07:13:41,F1,50.803,1.116,3.085,44.976,9.646,normal
2026-09-30 07:14:41,F1,64.07,1.098,3.487,56.988,7.111,normal
2026-09-30 07:15:41,F1,57.62,1.385,2.55,57.161,8.09,normal
2026-09-30 07:16:41,F1,49.643,1.215,4.215,56.008,8.807,normal
2026-09-30 07:17:41,F1,61.571,1.304,3.682,63.164,7.206,normal
2026-09-30 07:18:41,F1,40.821,1.05,3.595,77.285,8.577,normal
2026-09-30 07:19:41,F1,58.108,1.34,3.816,60.351,9.028,failure
2026-09-30 07:20:41,F1,47.03,0.856,4.846,59.036,5.951,normal
2026-09-30 07:21:41,F1,45.516,1.058,3.435,52.877,8.229,normal
2026-09-30 07:22:41,F1,57.529,1.057,3.161,48.452,9.43,normal
2026-09-30 07:23:41,F1,46.609,0.921,3.001,65.805,6.876,normal
2026-09-30 07:24:41,F1,45.249,1.383,3.894,45.074,7.241,normal
2026-09-30 07:25:41,F1,55.614,1.152,3.868,59.995,8.786,normal
2026-09-30 07:26:41,F1,58.428,1.283,4.207,67.229,5.169,normal
2026-09-30 07:27:41,F1,52.648,1.067,5.089,65.496,8.779,normal
2026-09-30 07:28:41,F1,56.713,0.982,4.39,54.008,7.673,normal
2026-09-30 07:29:41,F1,53.301,0.975,4.857,45.784,9.355,failure
2026-09-30 07:30:41,F1,63.525,1.12,4.355,61.715,7.945,normal
2026-09-30 07:31:41,F1,55.454,1.231,4.764,38.602,8.446,normal
2026-09-30 07:32:41,F1,48.931,1.055,4.817,57.67,7.247,normal
2026-09-30 07:33:41,F1,61.745,1.073,4.439,64.571,5.934,normal
2026-09-30 07:34:41,F1,50.711,0.926,3.481,56.085,9.028,normal
2026-09-30 07:35:41,F1,62.266,1.026,3.72,56.979,6.948,normal
2026-09-30 07:36:41,F1,52.474,1.273,4.682,57.222,8.419,normal
2026-09-30 07:37:41,F1,59.817,1.264,4.961,43.93,4.838,normal
2026-09-30 07:38:41,F1,54.028,0.878,3.143,49.134,6.405,normal
2026-09-30 07:39:41,F1,64.188,1.165,3.406,38.152,8.157,normal
2026-09-30 07:40:41,F1,57.424,0.962,3.73,60.93,5.889,normal
2026-09-30 07:41:41,F1,55.396,1.333,4.069,42.984,7.289,normal
2026-09-30 07:42:41,F1,45.291,1.128,4.345,68.798,11.07,normal
2026-09-30 07:43:41,F1,58.692,1.26,3.904,61.314,9.142,normal
2026-09-30 07:44:41,F1,56.267,1.12,4.464,51.899,6.335,normal
2026-09-30 07:45:41,F1,63.073,1.039,3.488,55.727,7.222,normal
2026-09-30 07:46:41,F1,52.458,1.133,4.153,56.337,6.379,normal
2026-09-30 07:47:41,F1,65.774,1.21,3.661,57.701,7.798,normal
2026-09-30 07:48:41,F1,49.335,0.906,3.747,64.132,7.499,normal
2026-09-30 07:49:41,F1,62.487,1.171,5.286,65.757,7.453,failure
2026-09-30 07:50:41,F1,51.559,1.215,3.647,60.192,6.404,normal
2026-09-30 07:51:41,F1,39.945,1.155,4.814,44.311,6.666,normal
2026-09-30 07:52:41,F1,48.71,1.103,4.897,50.838,7.407,normal
2026-09-30 07:53:41,F1,53.869,0.996,3.411,55.069,8.964,normal
2026-09-30 07:54:41,F1,55.991,1.114,4.017,57.851,5.362,normal
2026-09-30 07:55:41,F1,40.249,0.887,4.93,51.352,8.108,normal
2026-09-30 07:56:41,F1,64.536,1.183,3.728,31.415,8.534,normal
2026-09-30 07:57:41,F1,69.605,1.019,4.78,44.947,4.016,normal
2026-09-30 07:58:41,F1,64.878,1.028,4.044,47.931,9.53,normal
2026-09-30 07:59:41,F1,55.148,0.93,3.892,55.024,6.581,normal
2026-09-30 08:00:41,F1,61.465,1.109,4.375,61.676,9.126,normal
2026-09-30 08:01:41,F1,63.437,1.049,4.523,68.869,6.255,normal
2026-09-30 08:02:41,F1,48.469,0.951,2.67,52.22,6.84,normal
2026-09-30 08:03:41,F1,65.519,0.934,3.98,50.319,7.733,normal
2026-09-30 08:04:41,F1,51.702,1.05,3.884,50.628,7.877,normal
2026-09-30 08:05:41,F1,61.248,1.06,4.013,54.148,8.328,normal
2026-09-30 08:06:41,F1,45.795,1.12,4.322,50.85,7.759,normal
2026-09-30 08:07:41,F1,67.674,1.151,4.17,50.461,8.292,normal
2026-09-30 08:08:41,F1,56.552,0.908,3.64,40.593,8.516,normal
2026-09-30 08:09:41,F1,36.544,1.171,3.734,59.861,5.654,normal
2026-09-30 08:10:41,F1,46.45,0.89,2.945,71.766,6.434,normal
2026-09-30 08:11:41,F1,60.353,1.11,3.416,60.552,4.922,normal
2026-09-30 08:12:41,F1,42.044,1.249,4.823,54.579,6.918,normal
2026-09-30 08:13:41,F1,58.224,1.037,4.146,53.168,8.324,normal
2026-09-30 08:14:41,F1,64.229,1.185,4.033,58.567,8.608,normal
2026-09-30 08:15:41,F1,57.864,1.056,2.509,41.22,4.947,normal
2026-09-30 08:16:41,F1,54.723,1.002,4.93,60.168,9.002,normal
2026-09-30 08:17:41,F1,53.571,1.015,4.518,57.347,7.741,normal
2026-09-30 08:18:41,F1,54.585,1.064,5.262,63.234,6.655,normal
2026-09-30 08:19:41,F1,42.54,1.251,4.358,56.043,7.258,normal
2026-09-30 08:20:41,F1,57.363,1.189,3.569,47.554,5.955,normal
2026-09-30 08:21:41,F1,65.612,1.029,2.582,53.856,6.48,normal
2026-09-30 08:22:41,F1,54.72,1.09,5.249,44.702,5.973,normal
2026-09-30 08:23:41,F1,48.986,0.996,4.891,57.266,9.374,normal
2026-09-30 08:24:41,F1,47.007,1.125,4.944,67.078,7.145,normal
2026-09-30 08:25:41,F1,49.826,0.923,4.259,73.487,6.336,normal
2026-09-30 08:26:41,F1,62.063,0.814,4.379,63.938,8.389,normal
2026-09-30 08:27:41,F1,63.417,0.983,6.058,69.821,6.817,normal
2026-09-30 08:28:41,F1,51.272,1.213,3.785,50.474,7.737,normal
2026-09-30 08:29:41,F1,57.717,0.842,5.185,48.901,7.525,normal
2026-09-30 08:30:41,F1,47.913,1.116,3.988,65.65,8.626,normal
2026-09-30 08:31:41,F1,66.942,1.249,3.504,53.56,6.747,normal
2026-09-30 08:32:41,F1,45.736,0.97,3.891,63.92,5.01,normal
2026-09-30 08:33:41,F1,43.731,1.032,4.786,54.194,6.96,normal
2026-09-30 08:34:41,F1,43.947,0.708,4.96,42.08,9.01,normal
2026-09-30 08:35:41,F1,45.699,1.049,4.194,62.264,6.642,normal
2026-09-30 08:36:41,F1,46.878,0.949,5.011,54.005,7.568,normal
2026-09-30 08:37:41,F1,46.471,1.088,4.19,43.64,5.688,normal
2026-09-30 08:38:41,F1,50.182,1.278,6.012,59.894,7.387,normal
2026-09-30 08:39:41,F1,58.292,1.203,4.131,47.695,7.815,normal
2026-09-30 08:40:41,F1,55.986,1.289,3.462,58.167,6.908,normal
2026-09-30 08:41:41,F1,46.676,1.167,4.323,65.707,5.082,normal
2026-09-30 08:42:41,F1,74.792,0.851,4.584,55.881,7.0,normal
2026-09-30 08:43:41,F1,47.264,1.124,4.377,49.216,7.221,normal
2026-09-30 08:44:41,F1,61.41,0.997,2.916,64.118,8.14,normal
2026-09-30 08:45:41,F1,57.333,1.077,4.143,55.45,6.663,normal
2026-09-30 08:46:41,F1,49.397,1.145,4.492,49.344,6.433,normal
2026-09-30 08:47:41,F1,42.875,1.212,4.528,59.244,6.724,normal
2026-09-30 08:48:41,F1,52.42,1.05,4.854,53.082,7.166,normal
2026-09-30 08:49:41,F1,64.929,1.045,3.991,49.479,10.216,normal
2026-09-30 08:50:41,F1,53.959,1.137,3.641,63.946,5.706,normal
2026-09-30 08:51:41,F1,58.912,0.757,3.944,56.267,8.537,normal
2026-09-30 08:52:41,F1,54.744,0.941,3.209,62.23,6.898,normal
2026-09-30 08:53:41,F1,50.397,1.117,4.971,59.959,5.633,normal
2026-09-30 08:54:41,F1,59.629,0.894,4.431,55.179,6.165,normal
2026-09-30 08:55:41,F1,65.186,0.817,4.54,63.491,7.837,normal
2026-09-30 08:56:41,F1,55.382,0.956,3.493,54.114,5.81,normal
2026-09-30 08:57:41,F1,46.589,1.006,3.364,42.849,6.718,normal
2026-09-30 08:58:41,F1,54.251,1.081,3.676,48.385,7.751,normal
2026-09-30 08:59:41,F1,52.628,0.998,4.833,48.342,6.372,normal
2026-09-30 09:00:41,F1,69.442,1.185,3.541,31.291,9.227,normal
2026-09-30 09:01:41,F1,50.32,0.986,4.714,50.783,7.6,normal
2026-09-30 09:02:41,F1,33.821,0.737,3.256,68.61,7.683,normal
2026-09-30 09:03:41,F1,55.625,1.048,3.05,64.177,6.546,normal
2026-09-30 09:04:41,F1,66.185,1.083,4.021,58.168,4.259,normal
2026-09-30 09:05:41,F1,52.516,1.143,4.611,48.056,6.251,normal
2026-09-30 09:06:41,F1,58.061,1.078,3.525,41.291,7.261,normal
2026-09-30 09:07:41,F1,62.01,1.046,3.609,56.976,6.339,normal
2026-09-30 09:08:41,F1,64.58,0.987,3.027,48.594,6.816,normal
2026-09-30 09:09:41,F1,48.53,1.033,4.826,63.26,7.603,normal
2026-09-30 09:10:41,F1,56.089,0.79,3.971,52.26,5.613,normal
2026-09-30 09:11:41,F1,47.56,1.036,3.972,70.629,7.191,normal
2026-09-30 09:12:41,F1,49.548,0.995,4.394,45.445,5.895,normal
2026-09-30 09:13:41,F1,51.656,1.113,2.934,63.744,6.103,normal
2026-09-30 09:14:41,F1,39.355,1.018,3.923,53.115,7.627,normal
2026-09-30 09:15:41,F1,45.248,1.146,3.439,53.392,7.862,normal
2026-09-30 09:16:41,F1,50.083,1.054,4.082,63.817,7.706,normal
2026-09-30 09:17:41,F1,58.169,1.076,3.855,49.382,6.799,failure
2026-09-30 09:18:41,F1,53.094,0.877,4.546,51.839,7.425,normal
2026-09-30 09:19:41,F1,52.998,1.064,3.813,49.25,5.781,normal
2026-09-30 09:20:41,F1,54.052,0.902,4.33,53.887,6.781,normal
2026-09-30 09:21:41,F1,58.488,1.125,3.969,54.16,6.256,normal
2026-09-30 09:22:41,F1,54.089,1.0,3.403,43.933,6.042,normal
2026-09-30 09:23:41,F1,50.133,1.027,3.697,97.906,6.662,normal
2026-09-30 09:24:41,F1,58.33,0.981,4.549,54.3,5.825,normal
2026-09-30 09:25:41,F1,60.449,0.844,5.256,64.592,7.178,normal
2026-09-30 09:26:41,F1,52.159,0.995,4.468,45.674,9.156,normal
2026-09-30 09:27:41,F1,42.803,0.632,4.304,50.942,7.122,normal
2026-09-30 09:28:41,F1,56.003,1.118,4.048,51.225,8.659,normal
2026-09-30 09:29:41,F1,57.978,0.926,5.702,46.184,7.032,normal
2026-09-30 09:30:41,F1,60.827,0.891,4.457,60.179,7.031,normal
2026-09-30 09:31:41,F1,41.577,0.908,3.21,57.642,8.823,normal
2026-09-30 09:32:41,F1,45.323,1.291,4.555,54.832,7.968,normal
2026-09-30 09:33:41,F1,47.815,1.205,4.282,52.024,6.42,normal
2026-09-30 09:34:41,F1,56.426,0.856,4.17,35.767,8.868,normal
2026-09-30 09:35:41,F1,45.146,1.021,5.285,61.351,11.039,normal
2026-09-30 09:36:41,F1,64.559,0.868,4.054,54.454,7.538,normal
2026-09-30 09:37:41,F1,49.192,0.886,4.613,57.942,5.387,normal
2026-09-30 09:38:41,F1,58.786,0.929,3.626,58.33,8.065,normal
2026-09-30 09:39:41,F1,53.815,1.04,3.39,52.978,5.669,normal
2026-09-30 09:40:41,F1,49.461,0.803,3.705,56.904,7.664,normal
2026-09-30 09:41:41,F1,60.172,1.157,4.584,58.004,6.448,normal
2026-09-30 09:42:41,F1,58.278,0.879,3.34,43.977,7.929,normal
2026-09-30 09:43:41,F1,53.775,1.055,4.356,45.357,8.254,normal
2026-09-30 09:44:41,F1,69.27,1.176,4.144,58.012,5.944,normal
2026-09-30 09:45:41,F1,64.449,0.929,3.934,59.955,6.078,normal
2026-09-30 09:46:41,F1,54.167,1.104,3.405,69.715,7.202,normal
2026-09-30 09:47:41,F1,58.638,0.856,3.199,57.523,5.931,normal
2026-09-30 09:48:41,F1,62.134,0.924,4.058,42.578,7.299,normal
2026-09-30 09:49:41,F1,60.822,0.997,3.912,40.689,7.928,normal
2026-09-30 09:50:41,F1,48.739,1.061,3.459,55.662,8.751,normal
2026-09-30 09:51:41,F1,52.459,0.968,4.46,48.154,6.875,normal
2026-09-30 09:52:41,F1,53.565,0.975,3.747,55.995,6.141,normal
2026-09-30 09:53:41,F1,67.182,0.931,4.575,43.721,7.443,normal
2026-09-30 09:54:41,F1,59.511,1.137,5.013,64.94,9.212,normal
2026-09-30 09:55:41,F1,54.319,0.796,3.729,55.389,5.249,normal
2026-09-30 09:56:41,F1,59.402,0.891,4.505,47.413,7.572,normal
2026-09-30 09:57:41,F1,52.146,1.05,4.301,58.385,9.162,normal
2026-09-30 09:58:41,F1,76.13,1.159,4.254,42.348,7.079,normal
2026-09-30 09:59:41,F1,68.322,1.118,3.303,49.02,6.492,normal
2026-09-30 10:00:41,F1,58.366,0.901,3.739,48.027,7.976,normal
2026-09-30 10:01:41,F1,65.317,1.252,3.647,55.85,5.536,normal
2026-09-30 10:02:41,F1,52.686,0.784,3.376,61.184,5.799,normal
2026-09-30 10:03:41,F1,53.788,0.877,4.439,52.775,7.869,normal
2026-09-30 10:04:41,F1,55.348,1.14,4.066,57.907,7.359,normal
2026-09-30 10:05:41,F1,47.553,0.849,3.634,66.065,7.486,normal
2026-09-30 10:06:41,F1,42.513,0.894,3.61,58.836,6.965,normal
2026-09-30 10:07:41,F1,51.682,1.0,3.934,51.111,8.233,normal
2026-09-30 10:08:41,F1,56.302,0.972,4.268,65.619,6.921,normal
2026-09-30 10:09:41,F1,45.629,1.17,4.127,57.09,7.742,normal
2026-09-30 10:10:41,F1,51.106,1.081,4.018,68.677,5.704,normal
2026-09-30 10:11:41,F1,48.976,0.92,4.114,63.19,8.5,normal
2026-09-30 10:12:41,F1,58.744,0.991,4.381,40.88,7.845,normal
2026-09-30 10:13:41,F1,47.348,0.962,4.639,52.668,8.131,normal
2026-09-30 10:14:41,F1,66.571,0.891,3.641,50.377,6.574,normal
2026-09-30 10:15:41,F1,52.016,0.865,3.222,52.076,5.956,normal
2026-09-30 10:16:41,F1,58.176,1.014,4.15,49.269,6.366,normal
2026-09-30 10:17:41,F1,46.543,1.066,3.933,62.886,6.309,normal
2026-09-30 10:18:41,F1,50.243,0.858,3.526,54.509,3.025,normal
2026-09-30 10:19:41,F1,48.607,0.876,4.186,58.624,6.912,normal
2026-09-30 10:20:41,F1,60.019,1.135,4.289,49.218,8.549,normal
2026-09-30 10:21:41,F1,46.485,0.98,3.317,40.304,7.282,normal
2026-09-30 10:22:41,F1,50.679,1.039,3.887,49.755,7.15,normal
2026-09-30 10:23:41,F1,45.068,0.953,4.627,65.506,5.964,normal
2026-09-30 10:24:41,F1,57.469,0.925,4.609,56.403,8.365,normal
2026-09-30 10:25:41,F1,66.203,0.885,4.992,56.732,8.289,normal
2026-09-30 10:26:41,F1,62.324,0.845,4.071,66.456,5.84,normal
2026-09-30 10:27:41,F1,34.046,0.975,3.62,49.519,5.845,normal
2026-09-30 10:28:41,F1,59.679,0.55,3.544,64.498,7.159,normal
2026-09-30 10:29:41,F1,56.431,0.921,3.531,57.196,8.249,normal
2026-09-30 10:30:41,F1,45.804,1.129,4.122,58.816,7.491,normal
2026-09-30 10:31:41,F1,58.395,0.906,3.583,48.819,9.068,normal
2026-09-30 10:32:41,F1,59.553,0.854,4.97,47.008,5.324,normal
2026-09-30 10:33:41,F1,65.249,1.038,3.642,57.478,6.332,normal
2026-09-30 10:34:41,F1,55.4,1.099,3.93,54.262,8.184,normal
2026-09-30 10:35:41,F1,62.231,1.018,3.678,57.023,6.586,normal
2026-09-30 10:36:41,F1,58.565,0.92,4.006,47.068,6.9,normal
2026-09-30 10:37:41,F1,52.995,0.723,4.279,59.454,6.553,normal
2026-09-30 10:38:41,F1,57.364,0.676,3.91,54.57,6.878,normal
2026-09-30 10:39:41,F1,48.982,0.833,4.316,49.594,5.678,normal
2026-09-30 10:40:41,F1,60.946,0.801,3.526,41.258,6.663,normal
2026-09-30 10:41:41,F1,48.18,0.942,3.932,64.76,8.151,normal
2026-09-30 10:42:41,F1,54.159,0.945,3.253,49.866,7.164,normal
2026-09-30 10:43:41,F1,76.214,0.98,3.875,51.192,7.633,normal
2026-09-30 10:44:41,F1,54.369,0.846,5.061,59.944,9.48,normal
2026-09-30 10:45:41,F1,65.446,0.943,3.981,48.308,9.277,normal
2026-09-30 10:46:41,F1,56.929,1.233,5.008,56.754,6.075,normal
2026-09-30 10:47:41,F1,55.46,0.815,3.728,58.984,6.627,normal
2026-09-30 10:48:41,F1,51.267,0.855,3.495,52.453,8.037,normal
2026-09-30 10:49:41,F1,54.676,0.946,4.802,52.798,8.149,normal
2026-09-30 10:50:41,F1,42.866,0.665,4.766,55.316,8.302,normal
2026-09-30 10:51:41,F1,56.632,0.724,3.911,58.613,7.83,normal
2026-09-30 10:52:41,F1,43.426,1.045,3.586,53.792,6.008,normal
2026-09-30 10:53:41,F1,42.056,0.934,5.08,60.814,6.159,normal
2026-09-30 10:54:41,F1,61.937,0.942,4.202,51.613,7.769,normal
2026-09-30 10:55:41,F1,54.76,1.076,4.506,44.7,8.432,normal
2026-09-30 10:56:41,F1,58.078,0.846,3.999,51.465,8.823,normal
2026-09-30 10:57:41,F1,55.068,0.896,4.206,66.863,6.925,normal
2026-09-30 10:58:41,F1,47.956,0.707,3.862,48.817,5.369,normal
2026-09-30 10:59:41,F1,47.369,0.746,4.634,58.921,7.414,normal
2026-09-30 11:00:41,F1,59.957,0.966,4.097,45.759,7.967,normal
2026-09-30 11:01:41,F1,53.318,0.973,4.046,57.741,6.595,normal
2026-09-30 11:02:41,F1,67.091,0.744,4.477,57.784,7.642,normal
2026-09-30 11:03:41,F1,44.501,0.72,3.538,64.015,5.782,normal
2026-09-30 11:04:41,F1,60.226,0.771,4.741,74.712,9.29,normal
2026-09-30 11:05:41,F1,62.323,0.883,3.422,58.884,8.225,normal
2026-09-30 11:06:41,F1,50.342,0.914,4.025,47.083,7.258,normal
2026-09-30 11:07:41,F1,55.558,1.06,4.793,49.509,6.381,normal
2026-09-30 11:08:41,F1,53.7,0.834,3.927,46.933,7.961,normal
2026-09-30 11:09:41,F1,55.432,0.903,4.569,51.321,6.931,normal
2026-09-30 11:10:41,F1,60.031,0.859,2.968,38.544,6.127,normal
2026-09-30 11:11:41,F1,61.703,1.091,2.865,62.379,6.292,normal
2026-09-30 11:12:41,F1,40.831,0.996,4.069,49.839,7.916,normal
2026-09-30 11:13:41,F1,62.235,0.88,3.208,50.141,8.728,normal
2026-09-30 11:14:41,F1,50.279,0.978,3.413,48.539,6.615,normal
2026-09-30 11:15:41,F1,45.874,0.922,5.013,49.753,6.039,normal
2026-09-30 11:16:41,F1,60.419,0.886,4.862,52.747,6.455,normal
2026-09-30 11:17:41,F1,48.394,0.997,3.227,66.67,4.971,normal
2026-09-30 11:18:41,F1,59.584,1.052,3.675,51.803,5.9,normal
2026-09-30 11:19:41,F1,46.96,0.92,2.929,50.295,6.545,normal
2026-09-30 11:20:41,F1,42.374,0.92,4.058,57.309,6.561,normal
2026-09-30 11:21:41,F1,50.949,1.082,5.439,55.627,8.012,normal
2026-09-30 11:22:41,F1,63.434,0.786,3.624,62.167,7.861,normal
2026-09-30 11:23:41,F1,73.288,0.891,3.868,58.105,6.766,normal
2026-09-30 11:24:41,F1,53.868,0.96,4.341,42.738,6.734,normal
2026-09-30 11:25:41,F1,50.954,0.57,4.311,35.767,10.048,normal
2026-09-30 11:26:41,F1,57.375,0.8,4.41,59.179,7.24,normal
2026-09-30 11:27:41,F1,68.614,0.83,4.329,55.912,7.337,normal
2026-09-30 11:28:41,F1,69.969,0.77,4.569,40.068,5.24,normal
2026-09-30 11:29:41,F1,55.813,0.797,4.124,39.733,7.694,normal
2026-09-30 11:30:41,F1,53.727,1.032,3.622,63.968,7.14,normal
2026-09-30 11:31:41,F1,60.11,0.922,4.215,56.424,8.018,normal
2026-09-30 11:32:41,F1,47.421,0.989,3.237,54.298,6.693,normal
2026-09-30 11:33:41,F1,48.622,0.819,3.609,50.735,7.726,normal
2026-09-30 11:34:41,F1,59.227,0.886,5.09,58.423,8.26,normal
2026-09-30 11:35:41,F1,39.659,0.739,3.927,57.522,7.789,normal
2026-09-30 11:36:41,F1,56.202,0.976,3.751,51.691,6.384,normal
2026-09-30 11:37:41,F1,52.183,0.804,3.099,59.885,7.068,normal
2026-09-30 11:38:41,F1,37.763,0.841,3.019,57.324,8.065,normal
2026-09-30 11:39:41,F1,50.905,0.786,4.538,53.59,6.37,normal
2026-09-30 11:40:41,F1,47.729,0.822,4.844,59.544,7.978,normal
2026-09-30 11:41:41,F1,50.691,0.778,3.693,54.996,6.753,normal
2026-09-30 11:42:41,F1,47.836,0.762,3.14,52.55,4.652,normal
2026-09-30 11:43:41,F1,50.815,0.79,3.53,72.435,6.338,normal
2026-09-30 11:44:41,F1,75.05,0.814,3.822,65.998,5.421,normal
2026-09-30 11:45:41,F1,58.985,0.835,3.291,55.46,7.836,normal
2026-09-30 11:46:41,F1,51.229,0.976,4.021,72.754,6.972,normal
2026-09-30 11:47:41,F1,59.732,0.777,3.197,69.283,6.918,normal
2026-09-30 11:48:41,F1,52.169,0.655,4.116,44.647,8.794,normal
2026-09-30 11:49:41,F1,63.529,1.097,3.522,59.949,7.878,normal
2026-09-30 11:50:41,F1,56.766,0.838,3.797,50.442,8.073,normal
2026-09-30 11:51:41,F1,71.534,0.887,3.59,51.716,6.11,normal
2026-09-30 11:52:41,F1,54.821,0.647,2.968,44.612,7.871,normal
2026-09-30 11:53:41,F1,61.532,0.701,2.906,49.984,6.184,normal
2026-09-30 11:54:41,F1,47.822,0.903,3.317,48.921,7.532,normal
2026-09-30 11:55:41,F1,60.897,0.617,4.185,42.849,7.314,normal
2026-09-30 11:56:41,F1,68.463,0.778,2.486,38.772,8.665,normal
2026-09-30 11:57:41,F1,58.948,1.071,3.641,60.993,9.665,normal
2026-09-30 11:58:41,F1,49.765,0.93,2.727,61.492,8.196,normal
2026-09-30 11:59:41,F1,56.035,0.835,4.082,36.316,5.908,normal
2026-09-30 12:00:41,F1,60.915,0.798,3.69,41.869,4.202,normal
2026-09-30 12:01:41,F1,64.439,0.859,3.583,52.878,5.55,normal
2026-09-30 12:02:41,F1,48.223,0.686,4.13,43.283,8.346,normal
2026-09-30 12:03:41,F1,50.705,0.978,4.545,62.131,8.991,normal
2026-09-30 12:04:41,F1,52.914,1.045,3.55,61.504,5.33,normal
2026-09-30 12:05:41,F1,52.097,0.996,3.748,60.533,7.693,normal
2026-09-30 12:06:41,F1,57.223,0.961,3.844,39.697,7.189,normal
2026-09-30 12:07:41,F1,61.036,0.755,3.605,63.694,7.912,normal
2026-09-30 12:08:41,F1,43.862,0.765,4.51,57.469,7.766,normal
2026-09-30 12:09:41,F1,68.513,0.834,3.253,44.177,6.657,normal
2026-09-30 12:10:41,F1,69.817,0.645,3.45,65.523,6.731,normal
2026-09-30 12:11:41,F1,47.626,0.873,3.189,39.848,6.477,normal
2026-09-30 12:12:41,F1,58.914,0.712,3.002,46.897,8.257,normal
2026-09-30 12:13:41,F1,52.35,0.631,4.35,71.355,6.597,normal
2026-09-30 12:14:41,F1,52.922,0.763,3.255,63.176,6.649,normal
2026-09-30 12:15:41,F1,56.128,0.967,4.459,56.866,5.502,normal
2026-09-30 12:16:41,F1,45.416,0.922,3.405,64.13,6.708,normal
2026-09-30 12:17:41,F1,61.043,0.929,3.994,61.502,7.683,normal
2026-09-30 12:18:41,F1,50.245,0.757,3.663,46.272,8.112,normal
2026-09-30 12:19:41,F1,61.143,0.827,3.864,62.224,5.125,normal
2026-09-30 12:20:41,F1,46.529,0.92,4.573,50.943,5.985,normal
2026-09-30 12:21:41,F1,52.14,0.967,4.205,60.215,8.445,normal
2026-09-30 12:22:41,F1,55.9,0.966,3.609,59.878,8.061,normal
2026-09-30 12:23:41,F1,44.395,0.853,3.699,50.171,5.585,normal
2026-09-30 12:24:41,F1,59.536,0.767,4.674,57.797,9.278,normal
2026-09-30 12:25:41,F1,54.66,0.668,4.146,53.17,8.397,normal
2026-09-30 12:26:41,F1,71.117,0.756,4.742,67.923,7.572,normal
2026-09-30 12:27:41,F1,53.091,0.782,3.764,62.944,6.247,normal
2026-09-30 12:28:41,F1,38.083,0.815,4.187,51.941,6.397,normal
2026-09-30 12:29:41,F1,50.682,0.98,4.127,43.964,8.915,normal
2026-09-30 12:30:41,F1,61.702,0.682,3.925,50.652,6.152,normal
2026-09-30 12:31:41,F1,67.242,0.59,4.314,55.899,8.075,normal
2026-09-30 12:32:41,F1,64.083,0.915,4.055,45.104,6.615,normal
2026-09-30 12:33:41,F1,56.345,0.385,3.525,56.632,9.565,normal
2026-09-30 12:34:41,F1,53.658,0.501,4.805,57.176,5.048,normal
2026-09-30 12:35:41,F1,55.1,0.794,3.434,55.542,5.615,normal
2026-09-30 12:36:41,F1,56.962,0.982,3.428,48.53,6.187,normal
2026-09-30 12:37:41,F1,42.85,0.875,4.242,51.001,6.895,normal
2026-09-30 12:38:41,F1,60.127,0.739,3.089,73.549,8.88,normal
2026-09-30 12:39:41,F1,61.225,0.854,3.973,59.343,4.867,normal
2026-09-30 12:40:41,F1,52.795,0.498,3.585,52.747,6.224,normal
2026-09-30 12:41:41,F1,45.605,0.633,3.39,98.986,7.799,normal
2026-09-30 12:42:41,F1,55.531,0.485,3.343,55.229,6.281,normal
2026-09-30 12:43:41,F1,57.566,0.889,3.191,53.021,6.652,normal
2026-09-30 12:44:41,F1,53.675,0.635,4.982,66.606,7.301,normal
2026-09-30 12:45:41,F1,56.18,0.698,3.86,53.76,8.518,normal
2026-09-30 12:46:41,F1,70.529,0.738,4.621,58.618,5.951,normal
2026-09-30 12:47:41,F1,57.873,0.778,3.253,62.313,4.451,normal
2026-09-30 12:48:41,F1,47.194,0.902,3.327,57.63,4.286,normal
2026-09-30 12:49:41,F1,50.362,0.795,4.952,55.797,4.789,normal
2026-09-30 12:50:41,F1,49.593,0.993,4.31,62.312,8.97,normal
2026-09-30 12:51:41,F1,60.247,0.913,5.473,61.701,7.58,normal
2026-09-30 12:52:41,F1,38.643,0.661,4.065,53.735,5.412,normal
2026-09-30 12:53:41,F1,59.094,0.526,3.351,57.397,8.931,normal
2026-09-30 12:54:41,F1,59.434,0.487,3.893,54.314,7.258,normal
2026-09-30 12:55:41,F1,61.905,0.609,3.914,75.003,8.119,normal
2026-09-30 12:56:41,F1,54.189,0.811,3.94,67.369,8.378,normal
2026-09-30 12:57:41,F1,47.506,0.836,3.368,56.036,5.376,normal
2026-09-30 12:58:41,F1,56.062,0.739,4.512,57.817,5.243,normal
2026-09-30 12:59:41,F1,60.534,0.705,4.341,63.285,7.614,normal
2026-09-30 13:00:41,F1,49.359,0.796,4.151,56.57,5.928,normal
2026-09-30 13:01:41,F1,57.862,0.551,3.876,47.801,8.626,normal
2026-09-30 13:02:41,F1,55.865,0.945,4.272,58.066,6.224,normal
2026-09-30 13:03:41,F1,69.497,0.486,4.336,50.849,7.239,normal
2026-09-30 13:04:41,F1,63.279,0.705,3.937,55.169,7.181,normal
2026-09-30 13:05:41,F1,70.775,0.784,3.761,45.03,6.185,normal
2026-09-30 13:06:41,F1,42.946,0.86,3.443,71.465,8.066,normal
2026-09-30 13:07:41,F1,60.497,0.407,4.074,53.645,6.436,normal
2026-09-30 13:08:41,F1,51.834,0.716,3.206,63.727,7.157,normal
2026-09-30 13:09:41,F1,56.49,0.846,4.622,58.957,6.161,normal
2026-09-30 13:10:41,F1,64.095,0.751,3.129,58.803,8.359,normal
2026-09-30 13:11:41,F1,52.36,0.82,3.251,51.82,7.205,normal
2026-09-30 13:12:41,F1,57.001,0.763,4.26,61.269,5.69,normal
2026-09-30 13:13:41,F1,46.79,0.649,4.324,61.022,6.298,normal
2026-09-30 13:14:41,F1,65.682,0.874,3.332,56.241,7.271,normal
2026-09-30 13:15:41,F1,52.453,0.661,3.981,62.462,8.571,normal
2026-09-30 13:16:41,F1,52.734,0.792,3.047,57.106,5.379,normal
2026-09-30 13:17:41,F1,45.208,0.591,4.67,70.113,6.471,normal
2026-09-30 13:18:41,F1,43.749,0.424,3.773,49.457,6.085,normal
2026-09-30 13:19:41,F1,65.485,0.655,4.167,64.547,7.711,normal
2026-09-30 13:20:41,F1,66.863,0.717,4.779,48.724,7.43,normal
2026-09-30 13:21:41,F1,60.116,0.725,3.6,55.175,7.329,normal
2026-09-30 13:22:41,F1,65.73,0.475,3.835,61.544,6.969,normal
2026-09-30 13:23:41,F1,51.164,0.736,2.696,52.141,8.156,normal
2026-09-30 13:24:41,F1,52.051,0.721,4.127,71.775,5.305,normal
2026-09-30 13:25:41,F1,52.186,0.744,4.232,56.602,6.44,normal
2026-09-30 13:26:41,F1,54.787,0.924,4.052,54.992,7.137,normal
2026-09-30 13:27:41,F1,69.516,0.54,3.26,52.039,5.712,normal
2026-09-30 13:28:41,F1,53.99,0.611,3.967,69.142,5.767,normal
2026-09-30 13:29:41,F1,59.901,0.517,4.197,45.809,5.559,normal
2026-09-30 13:30:41,F1,56.879,0.441,4.377,44.589,7.368,normal
2026-09-30 13:31:41,F1,39.302,0.816,4.828,58.752,6.548,normal
2026-09-30 13:32:41,F1,56.347,0.796,5.013,49.764,7.592,normal
2026-09-30 13:33:41,F1,85.189,0.797,3.39,50.49,5.269,normal
2026-09-30 13:34:41,F1,61.154,0.818,4.114,65.503,5.267,normal
2026-09-30 13:35:41,F1,61.204,0.763,4.597,38.605,7.074,normal
2026-09-30 13:36:41,F1,57.534,0.781,3.236,48.957,5.701,normal
2026-09-30 13:37:41,F1,62.788,0.948,4.891,64.846,8.23,normal
2026-09-30 13:38:41,F1,59.594,0.465,3.427,45.714,7.685,normal
2026-09-30 13:39:41,F1,47.536,0.781,3.67,44.495,7.085,normal
2026-09-30 13:40:41,F1,39.184,0.776,3.91,53.787,4.834,normal
2026-09-30 13:41:41,F1,60.121,0.816,4.009,77.446,5.817,normal
2026-09-30 13:42:41,F1,51.411,0.647,3.667,46.228,5.233,normal
2026-09-30 13:43:41,F1,60.05,0.566,2.249,45.372,6.581,normal
2026-09-30 13:44:41,F1,47.33,0.666,3.718,46.626,7.582,normal
2026-09-30 13:45:41,F1,50.874,0.483,4.684,52.188,6.06,normal
2026-09-30 13:46:41,F1,60.726,0.672,2.827,54.69,6.555,normal
2026-09-30 13:47:41,F1,45.422,0.601,3.932,46.907,7.846,normal
2026-09-30 13:48:41,F1,40.526,0.291,3.504,56.37,8.018,normal
2026-09-30 13:49:41,F1,58.548,0.661,3.906,56.483,6.149,normal
2026-09-30 13:50:41,F1,54.603,0.568,3.451,53.418,7.748,normal
2026-09-30 13:51:41,F1,53.422,0.62,5.72,65.64,6.211,normal
2026-09-30 13:52:41,F1,57.379,0.794,2.67,60.374,7.744,normal
2026-09-30 13:53:41,F1,60.826,0.788,4.052,55.197,7.184,normal
2026-09-30 13:54:41,F1,52.552,0.459,3.214,50.134,6.661,normal
2026-09-30 13:55:41,F1,41.475,0.787,4.171,53.687,7.256,normal
2026-09-30 13:56:41,F1,48.788,0.811,3.89,52.981,5.31,normal
2026-09-30 13:57:41,F1,37.957,0.779,4.094,50.119,7.542,normal
2026-09-30 13:58:41,F1,51.517,1.205,4.102,45.776,6.162,normal
2026-09-30 13:59:41,F1,59.123,0.779,3.878,57.768,7.965,normal
2026-09-30 14:00:41,F1,66.839,0.674,3.643,53.217,6.342,normal
2026-09-30 14:01:41,F1,52.5,0.738,4.084,57.628,5.893,normal
2026-09-30 14:02:41,F1,53.499,0.737,3.484,57.089,6.142,normal
2026-09-30 14:03:41,F1,61.613,0.488,3.179,54.878,5.905,normal
2026-09-30 14:04:41,F1,50.424,0.435,3.592,37.024,6.524,normal
2026-09-30 14:05:41,F1,58.462,0.695,4.338,67.741,6.188,normal
2026-09-30 14:06:41,F1,61.337,0.675,3.353,64.04,7.8,normal
2026-09-30 14:07:41,F1,53.3,0.613,3.223,48.312,6.204,normal
2026-09-30 14:08:41,F1,47.726,0.723,3.974,69.038,6.075,normal
2026-09-30 14:09:41,F1,49.555,0.796,3.578,46.23,6.316,normal
2026-09-30 14:10:41,F1,43.804,0.713,3.446,53.972,8.344,normal
2026-09-30 14:11:41,F1,63.477,0.625,3.495,58.345,7.827,normal
2026-09-30 14:12:41,F1,57.887,0.6,2.845,49.03,6.204,normal
2026-09-30 14:13:41,F1,57.498,0.707,3.103,47.79,9.315,normal
2026-09-30 14:14:41,F1,51.279,0.537,3.735,49.42,5.012,normal
2026-09-30 14:15:41,F1,47.948,0.235,2.999,53.788,7.253,normal
2026-09-30 14:16:41,F1,44.38,0.773,3.262,51.028,5.199,normal
2026-09-30 14:17:41,F1,48.153,0.527,4.831,58.941,6.974,normal
2026-09-30 14:18:41,F1,46.515,0.506,4.117,56.359,7.538,normal
2026-09-30 14:19:41,F1,55.991,0.592,3.228,55.593,6.347,normal
2026-09-30 14:20:41,F1,64.181,0.55,4.2,56.411,6.435,normal
2026-09-30 14:21:41,F1,46.587,0.677,4.103,64.321,6.887,normal
2026-09-30 14:22:41,F1,56.757,0.594,3.814,51.941,6.7,normal
2026-09-30 14:23:41,F1,61.587,0.748,4.427,56.325,7.369,normal
2026-09-30 14:24:41,F1,51.411,0.846,3.58,50.175,6.677,normal
2026-09-30 14:25:41,F1,51.522,0.464,3.642,51.905,7.6,normal
2026-09-30 14:26:41,F1,61.612,0.933,3.246,69.155,8.136,normal
2026-09-30 14:27:41,F1,60.026,0.536,4.088,53.251,6.284,normal
2026-09-30 14:28:41,F1,61.708,0.499,4.194,51.236,5.999,normal
2026-09-30 14:29:41,F1,52.516,0.65,3.418,78.996,5.815,normal
2026-09-30 14:30:41,F1,48.286,0.796,4.187,55.552,6.891,normal
2026-09-30 14:31:41,F1,49.443,0.937,3.307,57.15,6.615,normal
2026-09-30 14:32:41,F1,59.922,0.558,2.921,57.56,4.768,normal
2026-09-30 14:33:41,F1,56.518,0.649,3.35,56.373,5.027,normal
2026-09-30 14:34:41,F1,52.249,0.481,3.461,50.024,8.192,normal
2026-09-30 14:35:41,F1,62.091,0.608,3.971,56.269,7.316,normal
2026-09-30 14:36:41,F1,47.201,0.788,4.724,55.361,10.273,normal
2026-09-30 14:37:41,F1,45.977,0.657,3.153,49.844,4.487,normal
2026-09-30 14:38:41,F1,53.572,0.449,4.241,45.029,6.303,normal
2026-09-30 14:39:41,F1,59.039,0.602,3.739,50.176,6.62,normal
2026-09-30 14:40:41,F1,56.89,0.725,3.944,65.369,4.991,normal
2026-09-30 14:41:41,F1,57.363,0.742,2.22,64.516,7.389,normal
2026-09-30 14:42:41,F1,56.921,0.84,3.44,34.826,6.605,normal
2026-09-30 14:43:41,F1,52.248,0.595,4.105,54.868,6.933,normal
2026-09-30 14:44:41,F1,57.715,0.493,2.772,59.612,6.687,normal
2026-09-30 14:45:41,F1,54.831,0.721,3.007,51.921,6.218,normal
2026-09-30 14:46:41,F1,53.698,0.596,2.776,55.053,5.152,normal
2026-09-30 14:47:41,F1,52.817,0.323,3.557,56.79,8.091,normal
2026-09-30 14:48:41,F1,51.188,0.556,4.079,52.76,7.322,normal
2026-09-30 14:49:41,F1,40.136,0.573,4.611,47.913,3.687,normal
2026-09-30 14:50:41,F1,55.625,0.501,4.487,52.378,7.474,normal
2026-09-30 14:51:41,F1,54.062,0.467,3.051,57.598,5.849,normal
2026-09-30 14:52:41,F1,38.962,0.748,4.054,56.314,8.422,normal
2026-09-30 14:53:41,F1,54.199,0.858,3.061,47.18,9.507,normal
2026-09-30 14:54:41,F1,53.206,0.474,3.827,64.794,4.593,normal
2026-09-30 14:55:41,F1,58.589,0.192,3.395,52.363,5.98,normal
2026-09-30 14:56:41,F1,60.368,0.544,3.058,55.35,6.566,normal
2026-09-30 14:57:41,F1,61.742,0.693,4.278,38.948,5.424,normal
2026-09-30 14:58:41,F1,68.213,0.709,3.871,52.809,7.46,normal
2026-09-30 14:59:41,F1,53.901,0.464,3.77,42.61,6.013,normal
2026-09-30 15:00:41,F1,55.746,0.922,2.789,64.081,7.47,normal
2026-09-30 15:01:41,F1,56.769,0.629,3.001,53.073,5.002,normal
2026-09-30 15:02:41,F1,58.915,0.629,3.523,69.714,6.162,normal
2026-09-30 15:03:41,F1,65.44,0.622,2.809,57.632,7.981,normal
2026-09-30 15:04:41,F1,58.016,0.617,5.267,64.157,8.67,normal
2026-09-30 15:05:41,F1,55.477,0.606,4.096,46.115,6.469,normal
2026-09-30 15:06:41,F1,54.441,0.596,3.861,61.301,5.49,normal
2026-09-30 15:07:41,F1,63.888,0.638,3.7,72.375,6.045,normal
2026-09-30 15:08:41,F1,60.752,0.66,3.437,63.959,5.063,normal
2026-09-30 15:09:41,F1,59.075,0.564,4.759,42.605,6.129,normal
2026-09-30 15:10:41,F1,57.303,0.678,4.432,56.154,5.451,normal
2026-09-30 15:11:41,F1,59.519,0.505,3.864,63.557,6.998,normal
2026-09-30 15:12:41,F1,67.155,0.411,3.197,54.081,5.471,normal
2026-09-30 15:13:41,F1,63.455,0.572,3.67,41.866,6.662,normal
2026-09-30 15:14:41,F1,58.853,0.519,4.004,42.234,7.593,normal
2026-09-30 15:15:41,F1,63.924,0.351,3.893,48.474,7.733,normal
2026-09-30 15:16:41,F1,46.399,0.485,4.502,53.458,5.889,normal
2026-09-30 15:17:41,F1,63.112,0.457,3.736,61.587,6.846,normal
2026-09-30 15:18:41,F1,58.131,0.711,3.142,58.411,6.683,normal
2026-09-30 15:19:41,F1,54.159,0.483,4.247,60.196,6.3,normal
2026-09-30 15:20:41,F1,55.792,0.543,4.783,47.795,8.848,normal
2026-09-30 15:21:41,F1,66.032,0.721,3.28,47.32,2.738,normal
2026-09-30 15:22:41,F1,64.264,0.584,3.314,49.253,5.172,normal
2026-09-30 15:23:41,F1,50.176,0.36,3.712,45.895,7.056,normal
2026-09-30 15:24:41,F1,53.657,0.652,3.7,41.581,6.055,normal
2026-09-30 15:25:41,F1,54.092,0.548,3.99,64.156,5.965,normal
2026-09-30 15:26:41,F1,60.203,0.443,3.093,63.704,7.425,normal
2026-09-30 15:27:41,F1,42.895,0.671,3.721,51.031,6.2,normal
2026-09-30 15:28:41,F1,47.511,0.778,4.087,52.518,5.611,normal
2026-09-30 15:29:41,F1,68.805,0.635,3.178,64.925,7.714,normal
2026-09-30 15:30:41,F1,51.916,0.495,3.277,58.105,7.76,normal
2026-09-30 15:31:41,F1,46.505,0.522,3.551,56.127,7.241,normal
2026-09-30 15:32:41,F1,52.044,0.251,4.13,63.795,6.407,normal
2026-09-30 15:33:41,F1,45.31,0.578,2.611,57.048,5.01,normal
2026-09-30 15:34:41,F1,51.125,0.469,3.462,58.676,5.927,normal
2026-09-30 15:35:41,F1,62.777,0.406,3.874,51.142,5.614,normal
2026-09-30 15:36:41,F1,58.398,0.776,3.339,64.394,7.111,normal
2026-09-30 15:37:41,F1,50.619,0.806,3.088,56.241,5.737,normal
2026-09-30 15:38:41,F1,55.486,0.676,3.444,57.148,5.595,normal
2026-09-30 15:39:41,F1,56.235,0.666,3.241,60.861,7.103,normal
2026-09-30 15:40:41,F1,58.137,0.431,3.42,73.001,7.352,normal
2026-09-30 15:41:41,F1,59.956,0.613,3.824,38.953,6.633,normal
2026-09-30 15:42:41,F1,56.89,0.538,3.129,64.384,5.92,normal
2026-09-30 15:43:41,F1,64.336,0.59,3.261,62.494,9.481,normal
2026-09-30 15:44:41,F1,54.148,0.454,2.922,44.227,6.598,normal
2026-09-30 15:45:41,F1,43.867,0.807,3.608,57.497,8.817,normal
2026-09-30 15:46:41,F1,52.213,0.687,4.005,51.493,6.838,normal
2026-09-30 15:47:41,F1,54.019,0.406,3.103,45.52,6.605,normal
2026-09-30 15:48:41,F1,58.6,0.521,2.722,67.306,6.321,normal
2026-09-30 15:49:41,F1,58.166,0.545,2.685,63.684,5.848,normal
2026-09-30 15:50:41,F1,64.086,0.743,4.214,62.697,6.795,normal
2026-09-30 15:51:41,F1,51.456,0.387,2.979,50.594,6.251,normal
2026-09-30 15:52:41,F1,56.59,0.538,4.756,63.828,7.227,normal
2026-09-30 15:53:41,F1,53.991,0.763,3.146,58.121,8.288,normal
2026-09-30 15:54:41,F1,67.504,0.704,4.107,49.194,7.385,normal
2026-09-30 15:55:41,F1,50.392,0.392,2.731,54.815,7.228,normal
2026-09-30 15:56:41,F1,52.343,0.33,3.363,58.938,6.645,normal
2026-09-30 15:57:41,F1,55.407,0.482,4.035,49.348,8.837,normal
2026-09-30 15:58:41,F1,48.189,0.237,3.381,52.449,6.132,normal
2026-09-30 15:59:41,F1,61.253,0.72,4.489,52.52,6.918,normal
2026-09-30 16:00:41,F1,43.947,0.475,3.997,53.77,7.729,normal
2026-09-30 16:01:41,F1,71.161,0.37,2.95,66.701,5.797,normal
2026-09-30 16:02:41,F1,54.957,0.696,4.209,49.528,6.952,normal
2026-09-30 16:03:41,F1,38.332,0.424,3.566,54.141,7.732,normal
2026-09-30 16:04:41,F1,68.738,0.733,2.219,55.149,8.003,normal
2026-09-30 16:05:41,F1,55.334,0.544,3.809,60.083,6.422,normal
2026-09-30 16:06:41,F1,79.294,0.431,3.123,60.3,6.928,normal
2026-09-30 16:07:41,F1,55.449,0.461,3.246,56.193,7.145,normal
2026-09-30 16:08:41,F1,53.338,0.354,4.405,56.166,4.948,normal
2026-09-30 16:09:41,F1,59.112,0.437,3.773,50.482,5.246,normal
2026-09-30 16:10:41,F1,47.302,0.315,2.196,46.273,8.287,normal
2026-09-30 16:11:41,F1,51.648,0.489,2.896,54.65,8.266,normal
2026-09-30 16:12:41,F1,51.647,0.542,4.074,55.337,7.169,normal
2026-09-30 16:13:41,F1,64.079,0.89,3.635,56.172,5.384,normal
2026-09-30 16:14:41,F1,59.804,0.445,4.219,66.043,7.459,normal
2026-09-30 16:15:41,F1,61.118,0.35,4.961,54.549,7.729,normal
2026-09-30 16:16:41,F1,55.628,0.187,3.17,39.477,3.784,normal
2026-09-30 16:17:41,F1,47.775,0.034,4.595,46.355,5.486,normal
2026-09-30 16:18:41,F1,46.439,0.555,3.464,60.665,6.509,normal
2026-09-30 16:19:41,F1,50.783,0.357,3.473,62.349,7.924,normal
2026-09-30 16:20:41,F1,40.925,0.469,3.854,57.143,7.916,normal
2026-09-30 16:21:41,F1,74.309,0.334,2.815,70.243,7.194,normal
2026-09-30 16:22:41,F1,67.77,0.514,3.85,62.249,8.896,normal
2026-09-30 16:23:41,F1,57.317,0.238,3.586,60.355,8.046,normal
2026-09-30 16:24:41,F1,61.511,0.501,3.733,46.462,4.211,normal
2026-09-30 16:25:41,F1,54.335,0.54,3.481,59.129,4.699,normal
2026-09-30 16:26:41,F1,35.613,0.536,2.784,56.39,9.505,normal
2026-09-30 16:27:41,F1,46.344,0.35,3.376,60.917,6.848,normal
2026-09-30 16:28:41,F1,66.927,0.608,2.823,54.843,6.056,normal
2026-09-30 16:29:41,F1,57.805,0.555,3.647,59.197,8.272,normal
2026-09-30 16:30:41,F1,49.51,0.434,3.424,62.634,7.822,normal
2026-09-30 16:31:41,F1,59.216,0.33,4.291,61.352,6.211,normal
2026-09-30 16:32:41,F1,52.89,0.229,3.722,53.552,7.31,normal
2026-09-30 16:33:41,F1,62.852,0.164,3.218,64.224,6.262,normal
2026-09-30 16:34:41,F1,57.403,0.506,2.434,57.18,4.908,normal
2026-09-30 16:35:41,F1,55.221,0.315,3.367,61.207,6.018,normal
2026-09-30 16:36:41,F1,47.671,0.421,4.746,60.905,8.717,normal
2026-09-30 16:37:41,F1,53.545,0.604,2.801,62.524,6.813,normal
2026-09-30 16:38:41,F1,41.989,0.407,3.733,45.647,6.977,normal
2026-09-30 16:39:41,F1,59.624,0.29,2.913,67.954,5.374,normal
2026-09-30 16:40:41,F1,56.226,0.431,3.279,54.003,8.84,normal
2026-09-30 16:41:41,F1,71.274,0.63,4.124,54.669,5.92,normal
2026-09-30 16:42:41,F1,53.66,0.347,3.786,45.027,7.81,normal
2026-09-30 16:43:41,F1,54.603,0.522,3.326,86.157,6.135,normal
2026-09-30 16:44:41,F1,57.81,0.497,3.868,40.439,6.456,normal
2026-09-30 16:45:41,F1,46.53,0.512,3.171,48.179,7.396,normal
2026-09-30 16:46:41,F1,62.452,0.518,4.356,66.369,6.772,normal
2026-09-30 16:47:41,F1,52.425,0.372,3.815,48.871,5.462,normal
2026-09-30 16:48:41,F1,50.207,0.414,3.087,49.45,7.913,normal
2026-09-30 16:49:41,F1,60.821,0.314,4.587,55.695,7.243,normal
2026-09-30 16:50:41,F1,57.609,0.526,4.055,51.562,4.352,normal
2026-09-30 16:51:41,F1,56.842,0.596,3.957,64.86,8.172,normal
2026-09-30 16:52:41,F1,42.763,0.598,2.686,46.084,6.519,normal
2026-09-30 16:53:41,F1,52.073,0.444,3.48,56.476,9.186,normal
2026-09-30 16:54:41,F1,57.847,0.362,2.89,67.42,7.057,normal
2026-09-30 16:55:41,F1,65.338,0.653,3.64,46.986,4.75,normal
2026-09-30 16:56:41,F1,52.83,0.492,3.844,57.901,10.036,normal
2026-09-30 16:57:41,F1,58.028,0.522,3.635,63.47,5.674,normal
2026-09-30 16:58:41,F1,53.836,0.544,3.293,63.837,6.666,normal
2026-09-30 16:59:41,F1,53.039,0.257,3.33,37.143,6.035,normal
2026-09-30 17:00:41,F1,56.497,0.52,3.532,62.733,6.059,normal
2026-09-30 17:01:41,F1,53.971,0.342,2.619,61.554,5.456,normal
2026-09-30 17:02:41,F1,50.84,0.371,6.567,54.793,9.699,normal
2026-09-30 17:03:41,F1,48.937,0.67,3.727,53.739,4.436,normal
2026-09-30 17:04:41,F1,55.967,0.264,3.167,51.871,8.185,normal
2026-09-30 17:05:41,F1,58.216,0.091,3.222,54.694,6.668,normal
2026-09-30 17:06:41,F1,45.924,0.393,3.996,57.624,3.719,normal
2026-09-30 17:07:41,F1,51.217,0.57,2.994,57.514,8.766,normal
2026-09-30 17:08:41,F1,49.087,0.259,3.163,53.777,6.003,normal
2026-09-30 17:09:41,F1,45.984,0.521,2.945,47.504,7.348,normal
2026-09-30 17:10:41,F1,61.213,0.429,3.261,58.575,9.415,normal
2026-09-30 17:11:41,F1,48.589,0.459,3.633,49.043,6.681,normal
2026-09-30 17:12:41,F1,50.188,0.533,3.293,35.518,5.486,normal
2026-09-30 17:13:41,F1,58.859,0.331,3.71,57.128,6.892,normal
2026-09-30 17:14:41,F1,48.137,0.484,2.637,47.215,6.521,normal
2026-09-30 17:15:41,F1,51.42,0.316,5.683,50.555,7.157,normal
2026-09-30 17:16:41,F1,60.329,0.34,3.682,39.751,5.452,normal
2026-09-30 17:17:41,F1,59.396,0.54,3.745,52.473,8.087,normal
2026-09-30 17:18:41,F1,59.662,0.342,3.687,61.788,6.282,normal
2026-09-30 17:19:41,F1,38.763,0.503,2.892,56.188,6.999,normal
2026-09-30 17:20:41,F1,51.192,0.717,3.045,30.297,7.149,normal
2026-09-30 17:21:41,F1,65.429,0.464,4.297,45.421,5.645,normal
2026-09-30 17:22:41,F1,43.175,0.494,3.809,68.231,7.233,normal
2026-09-30 17:23:41,F1,57.314,0.364,2.222,56.309,8.749,normal
2026-09-30 17:24:41,F1,49.684,0.464,4.357,50.413,4.316,normal
2026-09-30 17:25:41,F1,47.091,0.192,2.746,47.231,7.655,normal
2026-09-30 17:26:41,F1,52.621,0.282,3.285,48.724,6.788,normal
2026-09-30 17:27:41,F1,56.864,0.35,3.199,58.87,8.082,normal
2026-09-30 17:28:41,F1,56.787,0.375,4.859,63.69,7.53,normal
2026-09-30 17:29:41,F1,56.828,0.472,4.168,55.388,5.533,normal
2026-09-30 17:30:41,F1,61.898,0.407,3.712,62.663,5.123,normal
2026-09-30 17:31:41,F1,58.847,0.293,2.755,63.032,5.226,normal
2026-09-30 17:32:41,F1,57.491,0.44,3.999,54.832,5.167,normal
2026-09-30 17:33:41,F1,52.446,0.495,3.059,45.504,6.777,normal
2026-09-30 17:34:41,F1,39.461,0.349,3.766,58.276,5.162,normal
2026-09-30 17:35:41,F1,51.801,0.513,2.721,48.458,5.585,normal
2026-09-30 17:36:41,F1,61.052,0.718,2.654,48.492,7.075,normal
2026-09-30 17:37:41,F1,54.954,0.304,3.831,56.477,4.574,normal
2026-09-30 17:38:41,F1,67.221,0.417,3.204,66.243,8.256,normal
2026-09-30 17:39:41,F1,63.124,0.276,2.64,57.582,7.203,normal
2026-09-30 17:40:41,F1,61.077,0.623,4.403,58.143,7.915,normal
2026-09-30 17:41:41,F1,57.376,0.336,3.815,47.007,5.846,normal
2026-09-30 17:42:41,F1,57.589,0.489,2.34,49.364,6.305,normal
2026-09-30 17:43:41,F1,50.465,0.217,3.024,63.555,10.058,normal
2026-09-30 17:44:41,F1,55.033,0.381,2.985,53.808,8.375,normal
2026-09-30 17:45:41,F1,55.039,0.421,3.397,63.425,4.512,normal
2026-09-30 17:46:41,F1,59.915,0.306,3.533,47.405,5.807,normal
2026-09-30 17:47:41,F1,53.974,0.33,3.056,43.867,5.32,normal
2026-09-30 17:48:41,F1,54.784,0.369,3.263,50.848,4.8,normal
2026-09-30 17:49:41,F1,53.102,0.386,3.785,51.839,6.031,normal
2026-09-30 17:50:41,F1,52.747,0.247,2.339,67.126,5.127,normal
2026-09-30 17:51:41,F1,51.197,0.434,3.244,44.56,6.142,normal
2026-09-30 17:52:41,F1,50.011,0.212,3.302,58.8,4.65,normal
2026-09-30 17:53:41,F1,64.056,0.489,3.822,51.974,7.786,normal
2026-09-30 17:54:41,F1,52.988,0.388,3.158,49.203,5.454,normal
2026-09-30 17:55:41,F1,51.09,0.428,4.382,63.749,6.15,normal
2026-09-30 17:56:41,F1,69.174,0.356,2.838,48.984,7.52,normal
2026-09-30 17:57:41,F1,55.766,0.317,3.049,55.41,6.255,normal
2026-09-30 17:58:41,F1,39.454,0.477,3.049,57.045,8.22,normal
2026-09-30 17:59:41,F1,55.879,0.157,3.667,50.902,8.424,normal
2026-09-30 18:00:41,F1,49.164,0.296,3.616,56.655,3.745,normal
2026-09-30 18:01:41,F1,62.891,0.39,4.043,47.5,6.625,normal
2026-09-30 18:02:41,F1,48.647,0.277,3.982,64.444,5.292,normal
2026-09-30 18:03:41,F1,43.744,0.364,3.589,54.573,7.971,normal
2026-09-30 18:04:41,F1,49.621,0.258,2.418,43.684,7.775,normal
2026-09-30 18:05:41,F1,58.367,0.13,3.975,48.718,6.134,normal
2026-09-30 18:06:41,F1,49.772,0.377,3.026,64.985,7.409,normal
2026-09-30 18:07:41,F1,59.641,0.23,3.387,56.523,5.643,normal
2026-09-30 18:08:41,F1,48.468,0.37,3.188,46.624,9.995,normal
2026-09-30 18:09:41,F1,59.155,0.046,3.025,55.182,6.266,normal
2026-09-30 18:10:41,F1,60.451,0.1,3.182,54.288,5.62,normal
2026-09-30 18:11:41,F1,57.395,0.235,3.1,47.35,6.927,normal
2026-09-30 18:12:41,F1,49.623,0.221,3.582,58.01,7.87,normal
2026-09-30 18:13:41,F1,65.819,0.425,3.598,55.628,7.228,normal
2026-09-30 18:14:41,F1,50.633,0.177,2.584,50.99,8.475,normal
2026-09-30 18:15:41,F1,53.592,0.242,3.507,53.026,6.673,normal
2026-09-30 18:16:41,F1,48.855,0.18,3.655,53.655,7.539,normal
2026-09-30 18:17:41,F1,58.906,0.565,4.018,63.51,4.751,normal
2026-09-30 18:18:41,F1,43.371,0.325,2.93,47.358,4.789,normal
2026-09-30 18:19:41,F1,58.777,0.537,2.66,51.278,8.212,normal
2026-09-30 18:20:41,F1,57.102,0.522,3.237,50.904,7.034,normal
2026-09-30 18:21:41,F1,55.267,0.335,3.912,72.103,8.046,normal
2026-09-30 18:22:41,F1,53.671,0.236,2.445,50.572,5.128,normal
2026-09-30 18:23:41,F1,49.167,0.178,3.707,46.135,8.511,normal
2026-09-30 18:24:41,F1,52.777,0.669,2.843,63.981,7.028,normal
2026-09-30 18:25:41,F1,60.127,0.206,3.399,65.816,6.719,normal
2026-09-30 18:26:41,F1,55.389,0.324,3.135,49.13,6.43,normal
2026-09-30 18:27:41,F1,65.877,0.521,3.522,40.877,4.736,normal
2026-09-30 18:28:41,F1,64.743,0.247,3.53,48.157,5.572,normal
2026-09-30 18:29:41,F1,69.65,0.368,4.338,53.766,6.56,normal
2026-09-30 18:30:41,F1,59.512,0.265,2.778,51.27,7.102,normal
2026-09-30 18:31:41,F1,50.673,0.1,4.06,46.768,6.071,normal
2026-09-30 18:32:41,F1,55.836,0.059,4.354,48.851,6.112,normal
2026-09-30 18:33:41,F1,55.173,0.495,4.458,65.873,7.673,normal
2026-09-30 18:34:41,F1,48.776,0.074,3.631,47.409,5.665,normal
2026-09-30 18:35:41,F1,54.34,0.108,3.468,44.908,6.174,normal
2026-09-30 18:36:41,F1,50.447,0.271,3.123,60.053,7.521,normal
2026-09-30 18:37:41,F1,61.125,0.345,2.051,51.359,6.501,normal
2026-09-30 18:38:41,F1,63.548,0.276,3.803,67.444,5.751,normal
2026-09-30 18:39:41,F1,54.979,0.237,3.662,56.234,5.866,normal
2026-09-30 18:40:41,F1,51.803,0.402,2.35,65.428,7.959,normal
2026-09-30 18:41:41,F1,57.479,0.464,3.869,52.731,5.937,normal
2026-09-30 18:42:41,F1,46.489,0.359,3.77,57.846,5.511,normal
2026-09-30 18:43:41,F1,52.944,0.418,3.852,47.584,5.943,normal
2026-09-30 18:44:41,F1,52.086,0.286,2.5,54.763,8.113,normal
2026-09-30 18:45:41,F1,63.55,0.261,3.462,67.148,6.909,normal
2026-09-30 18:46:41,F1,58.441,0.314,3.153,43.617,6.575,normal
2026-09-30 18:47:41,F1,53.838,0.394,3.845,52.042,5.082,normal
2026-09-30 18:48:41,F1,56.328,0.0,3.284,71.942,5.724,normal
2026-09-30 18:49:41,F1,52.56,0.021,3.382,50.228,6.934,normal
2026-09-30 18:50:41,F1,60.469,0.239,2.586,65.881,8.248,normal
2026-09-30 18:51:41,F1,49.947,0.354,3.767,64.897,6.532,normal
2026-09-30 18:52:41,F1,62.144,0.262,3.588,47.924,8.317,normal
2026-09-30 18:53:41,F1,57.324,0.107,3.182,54.533,5.23,normal
2026-09-30 18:54:41,F1,57.113,0.318,3.736,39.11,6.712,normal
2026-09-30 18:55:41,F1,51.792,0.205,3.476,49.017,6.782,normal
2026-09-30 18:56:41,F1,51.947,0.266,3.563,57.32,5.59,normal
2026-09-30 18:57:41,F1,70.448,0.349,2.828,53.897,7.363,normal
2026-09-30 18:58:41,F1,42.086,0.09,2.277,55.585,6.192,normal
2026-09-30 18:59:41,F1,46.01,0.585,3.387,45.174,6.938,normal
2026-09-30 19:00:41,F1,51.334,0.086,2.086,57.76,7.785,normal
2026-09-30 19:01:41,F1,52.446,0.254,4.222,60.608,7.209,normal
2026-09-30 19:02:41,F1,57.503,0.241,3.533,57.29,4.768,normal
2026-09-30 19:03:41,F1,53.81,0.409,3.163,50.158,8.186,normal
2026-09-30 19:04:41,F1,53.547,0.104,3.797,43.699,6.404,normal
2026-09-30 19:05:41,F1,63.583,0.269,3.655,70.024,5.188,normal
2026-09-30 19:06:41,F1,66.454,0.372,3.118,62.364,8.53,normal
2026-09-30 19:07:41,F1,60.913,0.354,3.16,65.384,5.937,normal
2026-09-30 19:08:41,F1,52.787,0.031,3.786,56.92,7.436,normal
2026-09-30 19:09:41,F1,29.904,0.366,3.571,42.543,6.137,normal
2026-09-30 19:10:41,F1,55.749,0.377,3.14,64.109,6.035,normal
2026-09-30 19:11:41,F1,46.145,0.379,3.568,55.211,6.955,normal
2026-09-30 19:12:41,F1,56.018,0.252,3.153,50.164,5.303,normal
2026-09-30 19:13:41,F1,48.804,0.057,2.889,53.192,4.287,normal
2026-09-30 19:14:41,F1,44.279,0.231,4.112,40.246,6.08,normal
2026-09-30 19:15:41,F1,55.875,0.357,3.28,47.984,8.009,normal
2026-09-30 19:16:41,F1,55.041,0.19,2.257,54.693,5.979,normal
2026-09-30 19:17:41,F1,58.852,0.241,2.998,53.291,7.093,normal
2026-09-30 19:18:41,F1,47.091,0.133,3.931,62.389,4.891,normal
2026-09-30 19:19:41,F1,57.472,0.307,2.407,48.438,8.364,normal
2026-09-30 19:20:41,F1,44.772,0.1,2.973,55.049,6.116,normal
2026-09-30 19:21:41,F1,47.801,0.323,2.706,67.864,7.228,normal
2026-09-30 19:22:41,F1,55.818,0.131,3.355,57.606,4.109,normal
2026-09-30 19:23:41,F1,43.83,0.234,1.886,61.626,4.711,normal
2026-09-30 19:24:41,F1,63.191,0.134,4.281,59.582,8.931,normal
2026-09-30 19:25:41,F1,57.574,0.328,3.976,51.434,5.85,normal
2026-09-30 19:26:41,F1,69.037,0.15,4.0,61.364,4.335,normal
2026-09-30 19:27:41,F1,63.861,0.654,2.036,50.263,7.512,normal
2026-09-30 19:28:41,F1,50.904,0.436,2.643,50.198,6.804,normal
2026-09-30 19:29:41,F1,60.51,0.535,4.047,46.783,7.672,normal
2026-09-30 19:30:41,F1,69.027,0.349,3.045,44.389,7.996,normal
2026-09-30 19:31:41,F1,56.297,0.342,3.906,43.541,8.33,normal
2026-09-30 19:32:41,F1,47.93,0.299,3.235,62.456,6.279,normal
2026-09-30 19:33:41,F1,48.097,0.5,3.331,48.54,6.069,normal
2026-09-30 19:34:41,F1,57.592,0.158,3.438,52.607,9.321,normal
2026-09-30 19:35:41,F1,44.755,0.169,3.734,49.769,9.759,normal
2026-09-30 19:36:41,F1,64.548,0.23,3.037,60.653,6.991,normal
2026-09-30 19:37:41,F1,54.283,0.513,2.132,54.404,6.389,normal
2026-09-30 19:38:41,F1,55.803,0.243,2.735,47.156,6.674,normal
2026-09-30 19:39:41,F1,68.13,0.236,3.063,55.377,4.937,normal
2026-09-30 19:40:41,F1,53.739,0.0,3.116,65.378,5.441,normal
2026-09-30 19:41:41,F1,61.547,0.208,3.411,67.515,6.799,normal
2026-09-30 19:42:41,F1,59.5,0.0,3.673,59.218,5.986,normal
2026-09-30 19:43:41,F1,51.754,0.33,3.492,49.077,6.548,normal
2026-09-30 19:44:41,F1,56.388,0.1,3.5,50.913,7.071,normal
2026-09-30 19:45:41,F1,59.14,0.247,3.633,42.129,5.421,normal
2026-09-30 19:46:41,F1,52.465,0.453,3.02,59.464,6.014,normal
2026-09-30 19:47:41,F1,57.329,0.419,3.375,50.484,7.086,normal
2026-09-30 19:48:41,F1,52.852,0.126,4.029,56.214,7.786,normal
2026-09-30 19:49:41,F1,47.655,0.317,2.306,54.237,8.06,normal
2026-09-30 19:50:41,F1,42.813,0.439,3.114,53.748,6.477,normal
2026-09-30 19:51:41,F1,39.976,0.237,3.211,59.657,6.531,normal
2026-09-30 19:52:41,F1,53.812,0.092,3.492,68.266,3.674,normal
2026-09-30 19:53:41,F1,60.198,0.0,4.596,53.399,6.001,normal
2026-09-30 19:54:41,F1,52.052,0.297,2.622,52.139,6.593,normal
2026-09-30 19:55:41,F1,53.715,0.403,3.26,47.4,6.207,normal
2026-09-30 19:56:41,F1,52.763,0.275,2.612,50.085,8.182,normal
2026-09-30 19:57:41,F1,33.561,0.191,3.349,53.258,4.384,normal
2026-09-30 19:58:41,F1,41.253,0.0,2.754,43.043,6.756,normal
2026-09-30 19:59:41,F1,54.296,0.0,2.73,61.031,4.236,normal
2026-09-30 20:00:41,F1,49.875,0.253,2.24,65.931,7.89,normal
2026-09-30 20:01:41,F1,53.503,0.0,3.742,60.563,6.374,normal
2026-09-30 20:02:41,F1,53.297,0.303,3.117,64.106,6.725,normal
2026-09-30 20:03:41,F1,39.462,0.139,2.704,58.263,7.127,normal
2026-09-30 20:04:41,F1,49.428,0.186,2.693,57.801,6.227,normal
2026-09-30 20:05:41,F1,60.909,0.306,3.05,56.141,4.643,normal
2026-09-30 20:06:41,F1,71.551,0.149,2.346,49.892,3.524,normal
2026-09-30 20:07:41,F1,57.723,0.0,3.572,46.08,7.28,normal
2026-09-30 20:08:41,F1,48.528,0.156,3.673,50.668,5.214,normal
2026-09-30 20:09:41,F1,59.299,0.407,3.287,39.243,4.537,normal
2026-09-30 20:10:41,F1,65.325,0.07,2.937,48.46,6.559,normal
2026-09-30 20:11:41,F1,65.068,0.201,3.0,50.242,5.246,normal
2026-09-30 20:12:41,F1,54.552,0.133,2.896,56.208,5.293,normal
2026-09-30 20:13:41,F1,58.504,0.258,2.95,60.455,7.57,normal
2026-09-30 20:14:41,F1,47.793,0.0,3.397,39.108,5.393,normal
2026-09-30 20:15:41,F1,58.579,0.117,3.989,39.859,5.929,normal
2026-09-30 20:16:41,F1,60.295,0.13,2.692,60.995,6.428,normal
2026-09-30 20:17:41,F1,58.532,0.057,3.488,53.643,8.215,normal
2026-09-30 20:18:41,F1,58.363,0.187,3.581,71.532,7.63,normal
2026-09-30 20:19:41,F1,56.587,0.129,3.329,49.111,6.391,normal
2026-09-30 20:20:41,F1,50.249,0.258,3.682,59.341,5.916,normal
2026-09-30 20:21:41,F1,61.332,0.084,2.741,56.139,8.067,normal
2026-09-30 20:22:41,F1,85.136,0.176,2.845,52.343,7.357,normal
2026-09-30 20:23:41,F1,48.245,0.267,3.175,55.183,6.947,normal
2026-09-30 20:24:41,F1,45.488,0.244,3.229,47.876,5.525,normal
2026-09-30 20:25:41,F1,47.327,0.315,3.163,54.65,5.241,normal
2026-09-30 20:26:41,F1,60.379,0.285,4.591,53.984,5.883,normal
2026-09-30 20:27:41,F1,54.735,0.099,3.539,42.172,6.266,normal
2026-09-30 20:28:41,F1,61.102,0.206,2.97,59.039,6.935,normal
2026-09-30 20:29:41,F1,54.778,0.001,2.634,62.145,7.798,normal
2026-09-30 20:30:41,F1,46.735,0.132,3.09,58.532,7.285,normal
2026-09-30 20:31:41,F1,48.662,0.0,1.953,64.913,7.55,normal
2026-09-30 20:32:41,F1,51.266,0.234,3.363,54.329,6.224,normal
2026-09-30 20:33:41,F1,45.828,0.122,3.698,56.184,2.563,normal
2026-09-30 20:34:41,F1,55.374,0.121,3.563,55.223,6.399,normal
2026-09-30 20:35:41,F1,53.912,0.181,2.322,58.751,7.107,normal
2026-09-30 20:36:41,F1,46.902,0.126,2.753,55.963,6.244,normal
2026-09-30 20:37:41,F1,58.548,0.0,2.296,51.905,5.852,normal
2026-09-30 20:38:41,F1,54.251,0.25,3.694,57.527,5.73,normal
2026-09-30 20:39:41,F1,55.234,0.129,3.345,53.414,6.43,normal
2026-09-30 20:40:41,F1,57.943,0.049,3.271,57.851,7.631,normal
2026-09-30 20:41:41,F1,39.106,0.045,2.668,58.379,8.323,normal
2026-09-30 20:42:41,F1,54.708,0.043,3.704,41.589,6.419,normal
2026-09-30 20:43:41,F1,54.658,0.0,3.882,48.955,3.816,normal
2026-09-30 20:44:41,F1,62.638,0.0,3.39,72.169,5.759,normal
2026-09-30 20:45:41,F1,58.447,0.055,3.687,62.906,6.719,normal
2026-09-30 20:46:41,F1,55.324,0.16,5.576,60.393,6.767,normal
2026-09-30 20:47:41,F1,51.747,0.0,2.706,48.618,5.777,normal
2026-09-30 20:48:41,F1,66.821,0.331,2.823,62.681,6.548,normal
2026-09-30 20:49:41,F1,66.15,0.16,3.716,41.526,5.007,normal
2026-09-30 20:50:41,F1,57.778,0.286,2.558,41.742,5.525,normal
2026-09-30 20:51:41,F1,55.254,0.0,3.334,56.793,5.129,normal
2026-09-30 20:52:41,F1,57.898,0.0,2.639,53.197,7.516,normal
2026-09-30 20:53:41,F1,52.371,0.226,2.942,51.976,5.821,normal
2026-09-30 20:54:41,F1,43.89,0.271,3.554,58.046,4.651,normal
2026-09-30 20:55:41,F1,56.477,0.298,2.701,53.402,5.451,normal
2026-09-30 20:56:41,F1,63.739,0.062,3.329,56.064,7.944,normal
2026-09-30 20:57:41,F1,57.449,0.17,4.305,59.466,5.393,normal
2026-09-30 20:58:41,F1,66.24,0.342,3.943,62.417,6.507,normal
2026-09-30 20:59:41,F1,54.388,0.188,4.295,69.712,7.257,normal
2026-09-30 21:00:41,F1,43.574,0.008,2.281,67.403,4.511,normal
2026-09-30 21:01:41,F1,61.134,0.195,2.414,47.735,7.184,normal
2026-09-30 21:02:41,F1,60.095,0.016,1.527,59.975,6.199,normal
2026-09-30 21:03:41,F1,56.157,0.106,3.156,56.878,6.46,normal
2026-09-30 21:04:41,F1,42.358,0.0,3.279,37.232,6.753,normal
2026-09-30 21:05:41,F1,67.024,0.428,3.046,47.786,7.114,normal
2026-09-30 21:06:41,F1,51.279,0.177,3.395,60.866,5.228,normal
2026-09-30 21:07:41,F1,58.649,0.004,3.135,44.683,6.486,normal
2026-09-30 21:08:41,F1,54.464,0.237,4.3,55.003,5.134,normal
2026-09-30 21:09:41,F1,65.059,0.034,4.154,25.067,4.261,normal
2026-09-30 21:10:41,F1,63.09,0.0,3.196,53.82,6.856,normal
2026-09-30 21:11:41,F1,52.654,0.07,3.411,48.549,7.242,normal
2026-09-30 21:12:41,F1,59.427,0.132,3.331,37.903,7.724,normal
2026-09-30 21:13:41,F1,56.298,0.0,3.122,58.118,5.995,normal
2026-09-30 21:14:41,F1,60.342,0.0,2.865,50.416,6.871,normal
2026-09-30 21:15:41,F1,58.063,0.094,3.297,63.988,5.166,normal
2026-09-30 21:16:41,F1,61.128,0.102,4.097,75.449,4.601,normal
2026-09-30 21:17:41,F1,53.528,0.0,2.805,62.118,8.365,normal
2026-09-30 21:18:41,F1,50.561,0.204,3.693,52.129,4.464,normal
2026-09-30 21:19:41,F1,59.018,0.114,4.09,67.289,5.415,normal
2026-09-30 21:20:41,F1,43.154,0.197,3.844,70.908,6.662,normal
2026-09-30 21:21:41,F1,63.946,0.0,3.395,59.512,4.827,normal
2026-09-30 21:22:41,F1,53.02,0.099,3.743,47.496,6.246,normal
2026-09-30 21:23:41,F1,51.022,0.0,2.586,40.711,7.701,normal
2026-09-30 21:24:41,F1,55.079,0.0,3.506,55.911,6.006,normal
2026-09-30 21:25:41,F1,66.422,0.103,3.801,58.345,7.071,normal
2026-09-30 21:26:41,F1,51.297,0.251,2.549,62.387,6.825,normal
2026-09-30 21:27:41,F1,41.942,0.066,2.84,49.265,6.299,normal
2026-09-30 21:28:41,F1,62.011,0.017,2.58,60.403,6.715,normal
2026-09-30 21:29:41,F1,64.614,0.097,3.6,66.216,4.908,normal
2026-09-30 21:30:41,F1,45.168,0.0,3.585,60.548,6.835,normal
2026-09-30 21:31:41,F1,56.731,0.0,3.174,44.829,6.398,normal
2026-09-30 21:32:41,F1,49.823,0.104,2.982,50.612,5.597,normal
2026-09-30 21:33:41,F1,55.462,0.075,3.123,49.109,5.942,normal
2026-09-30 21:34:41,F1,45.618,0.17,2.979,56.355,6.841,normal
2026-09-30 21:35:41,F1,61.368,0.0,3.248,49.242,6.198,normal
2026-09-30 21:36:41,F1,57.495,0.121,2.35,47.642,6.381,normal
2026-09-30 21:37:41,F1,45.127,0.0,1.625,55.605,5.9,normal
2026-09-30 21:38:41,F1,51.158,0.12,3.042,64.961,7.364,normal
2026-09-30 21:39:41,F1,58.11,0.0,2.864,59.345,4.725,normal
2026-09-30 21:40:41,F1,52.543,0.24,2.74,49.398,6.396,normal
2026-09-30 21:41:41,F1,64.76,0.0,3.041,50.578,7.423,normal
2026-09-30 21:42:41,F1,60.93,0.071,3.132,54.975,8.268,normal
2026-09-30 21:43:41,F1,58.547,0.088,3.196,37.828,6.927,normal
2026-09-30 21:44:41,F1,50.143,0.0,3.231,65.329,7.456,normal
2026-09-30 21:45:41,F1,44.416,0.0,3.738,65.612,7.57,normal
2026-09-30 21:46:41,F1,59.002,0.11,1.977,49.301,4.55,normal
2026-09-30 21:47:41,F1,54.822,0.0,2.708,64.654,6.367,normal
2026-09-30 21:48:41,F1,53.068,0.137,3.552,54.681,5.584,normal
2026-09-30 21:49:41,F1,48.569,0.256,2.682,59.447,5.301,normal
2026-09-30 21:50:41,F1,45.773,0.036,3.461,59.229,5.303,normal
2026-09-30 21:51:41,F1,48.628,0.101,3.209,50.168,5.902,normal
2026-09-30 21:52:41,F1,57.702,0.105,3.474,63.968,5.595,normal
2026-09-30 21:53:41,F1,51.918,0.0,2.667,69.92,6.106,normal
2026-09-30 21:54:41,F1,58.487,0.135,3.069,45.666,6.859,normal
2026-09-30 21:55:41,F1,60.761,0.099,3.457,49.545,7.781,normal
2026-09-30 21:56:41,F1,65.481,0.199,2.723,59.079,7.219,normal
2026-09-30 21:57:41,F1,57.635,0.064,2.547,57.039,6.275,normal
2026-09-30 21:58:41,F1,52.44,0.119,3.008,55.163,6.517,normal
2026-09-30 21:59:41,F1,49.258,0.077,3.903,51.553,5.884,normal
2026-09-30 22:00:41,F1,56.502,0.0,2.012,65.889,5.411,normal
2026-09-30 22:01:41,F1,59.062,0.098,2.838,47.391,5.92,normal
2026-09-30 22:02:41,F1,49.441,0.113,2.926,53.91,6.02,normal
2026-09-30 22:03:41,F1,56.928,0.303,2.615,49.204,8.617,normal
2026-09-30 22:04:41,F1,63.311,0.0,3.759,50.821,6.266,normal
2026-09-30 22:05:41,F1,43.713,0.174,3.228,54.541,5.34,normal
2026-09-30 22:06:41,F1,61.719,0.0,2.277,45.191,4.569,normal
2026-09-30 22:07:41,F1,64.841,0.0,2.316,58.912,4.85,normal
2026-09-30 22:08:41,F1,58.45,0.223,3.011,41.931,5.137,normal
2026-09-30 22:09:41,F1,65.345,0.12,2.861,65.318,6.599,normal
2026-09-30 22:10:41,F1,48.075,0.02,2.732,55.432,5.235,normal
2026-09-30 22:11:41,F1,52.901,0.0,3.266,47.652,8.579,normal
2026-09-30 22:12:41,F1,59.088,0.0,3.158,57.77,4.751,normal
2026-09-30 22:13:41,F1,52.354,0.0,2.657,53.667,6.563,normal
2026-09-30 22:14:41,F1,46.128,0.139,2.455,56.655,3.943,normal
2026-09-30 22:15:41,F1,64.217,0.124,2.947,64.468,6.14,normal
2026-09-30 22:16:41,F1,56.971,0.0,2.635,55.324,3.741,normal
2026-09-30 22:17:41,F1,67.2,0.072,3.809,52.831,5.234,normal
2026-09-30 22:18:41,F1,58.482,0.257,2.656,61.163,5.208,normal
2026-09-30 22:19:41,F1,44.012,0.0,3.289,47.374,7.536,normal
2026-09-30 22:20:41,F1,51.389,0.0,2.784,46.534,6.88,normal
2026-09-30 22:21:41,F1,49.888,0.189,3.487,51.684,7.166,normal
2026-09-30 22:22:41,F1,43.397,0.0,4.81,43.516,5.848,normal
2026-09-30 22:23:41,F1,60.2,0.241,2.397,59.412,6.33,normal
2026-09-30 22:24:41,F1,42.478,0.0,3.286,45.593,8.121,normal
2026-09-30 22:25:41,F1,57.54,0.097,2.112,70.193,6.179,normal
2026-09-30 22:26:41,F1,43.438,0.037,3.602,57.55,6.155,normal
2026-09-30 22:27:41,F1,54.879,0.081,2.179,55.367,6.863,normal
2026-09-30 22:28:41,F1,54.51,0.051,3.703,44.623,6.841,normal
2026-09-30 22:29:41,F1,68.352,0.133,2.37,58.43,7.082,normal
2026-09-30 22:30:41,F1,58.341,0.094,3.129,55.335,5.848,normal
2026-09-30 22:31:41,F1,50.434,0.0,2.234,69.809,6.961,normal
2026-09-30 22:32:41,F1,67.086,0.104,2.951,57.645,5.682,normal
2026-09-30 22:33:41,F1,63.282,0.0,3.528,48.421,6.112,normal
2026-09-30 22:34:41,F1,49.567,0.0,2.452,50.079,9.143,normal
2026-09-30 22:35:41,F1,51.689,0.0,2.655,55.739,4.791,normal
2026-09-30 22:36:41,F1,66.323,0.0,3.054,54.182,7.374,normal
2026-09-30 22:37:41,F1,65.51,0.0,3.045,50.62,5.372,normal
2026-09-30 22:38:41,F1,61.113,0.071,3.363,61.266,6.094,normal
2026-09-30 22:39:41,F1,47.947,0.072,3.248,63.642,7.007,normal
2026-09-30 22:40:41,F1,44.169,0.0,3.1,56.125,5.396,normal
2026-09-30 22:41:41,F1,59.651,0.095,2.854,69.161,4.864,normal
2026-09-30 22:42:41,F1,43.466,0.0,3.205,54.787,5.117,normal
2026-09-30 22:43:41,F1,51.093,0.0,3.281,50.77,4.712,normal
2026-09-30 22:44:41,F1,58.35,0.155,3.217,65.191,7.78,normal
2026-09-30 22:45:41,F1,45.421,0.152,3.169,44.496,2.427,normal
2026-09-30 22:46:41,F1,50.342,0.018,2.829,60.172,7.728,normal
2026-09-30 22:47:41,F1,44.588,0.231,3.109,60.863,5.804,normal
2026-09-30 22:48:41,F1,52.122,0.231,2.237,61.143,7.9,normal
2026-09-30 22:49:41,F1,45.22,0.0,2.566,46.362,6.277,normal
2026-09-30 22:50:41,F1,56.058,0.039,3.481,48.871,7.778,normal
2026-09-30 22:51:41,F1,46.571,0.092,3.251,60.487,7.254,normal
2026-09-30 22:52:41,F1,58.373,0.0,3.005,61.316,4.398,normal
2026-09-30 22:53:41,F1,60.393,0.166,3.522,46.283,6.1,normal
2026-09-30 22:54:41,F1,59.107,0.0,2.802,53.367,6.6,normal
2026-09-30 22:55:41,F1,45.659,0.0,2.828,44.445,5.727,normal
2026-09-30 22:56:41,F1,51.327,0.0,2.576,44.001,3.268,normal
2026-09-30 22:57:41,F1,41.68,0.081,3.195,50.844,6.226,normal
2026-09-30 22:58:41,F1,51.799,0.0,2.757,57.475,4.628,normal
2026-09-30 22:59:41,F1,54.081,0.0,2.424,60.105,8.351,normal
2026-09-30 23:00:41,F1,63.24,0.182,2.994,53.524,4.814,normal
2026-09-30 23:01:41,F1,52.897,0.135,2.296,58.612,7.118,normal
2026-09-30 23:02:41,F1,51.944,0.0,3.861,58.395,6.491,normal
2026-09-30 23:03:41,F1,60.36,0.0,3.476,56.924,7.834,normal
2026-09-30 23:04:41,F1,60.209,0.0,3.446,59.522,4.5,normal
2026-09-30 23:05:41,F1,58.498,0.0,3.548,55.359,7.737,normal
2026-09-30 23:06:41,F1,40.331,0.2,2.863,51.131,6.778,normal
2026-09-30 23:07:41,F1,56.43,0.03,2.18,52.853,7.459,normal
2026-09-30 23:08:41,F1,48.513,0.0,3.972,49.132,6.154,normal
2026-09-30 23:09:41,F1,52.068,0.156,3.894,62.053,4.761,normal
2026-09-30 23:10:41,F1,48.89,0.155,2.96,52.667,6.091,normal
2026-09-30 23:11:41,F1,44.161,0.0,3.175,48.833,7.022,normal
2026-09-30 23:12:41,F1,61.213,0.0,3.346,47.715,6.573,normal
2026-09-30 23:13:41,F1,57.279,0.095,2.923,49.435,6.086,normal
2026-09-30 23:14:41,F1,58.09,0.0,2.632,60.518,5.745,normal
2026-09-30 23:15:41,F1,42.817,0.0,3.424,60.024,5.925,normal
2026-09-30 23:16:41,F1,56.561,0.003,2.46,51.54,3.096,normal
2026-09-30 23:17:41,F1,53.797,0.0,3.237,60.519,6.507,normal
2026-09-30 23:18:41,F1,51.302,0.0,3.239,50.979,6.669,normal
2026-09-30 23:19:41,F1,56.645,0.0,2.992,47.253,5.354,normal
2026-09-30 23:20:41,F1,43.387,0.0,2.279,38.401,7.163,normal
2026-09-30 23:21:41,F1,47.094,0.0,2.708,57.931,6.047,normal
2026-09-30 23:22:41,F1,44.978,0.082,3.196,52.983,7.043,normal
2026-09-30 23:23:41,F1,61.528,0.029,2.772,43.258,5.068,normal
2026-09-30 23:24:41,F1,46.226,0.0,4.027,43.624,6.46,normal
2026-09-30 23:25:41,F1,49.147,0.0,3.726,55.715,3.381,normal
2026-09-30 23:26:41,F1,49.805,0.006,3.656,49.129,7.081,normal
2026-09-30 23:27:41,F1,61.196,0.088,2.432,74.562,5.693,normal
2026-09-30 23:28:41,F1,56.663,0.0,4.562,46.024,6.93,normal
2026-09-30 23:29:41,F1,60.485,0.151,3.212,47.833,6.234,normal
2026-09-30 23:30:41,F1,52.042,0.0,4.011,58.132,5.353,normal
2026-09-30 23:31:41,F1,51.784,0.0,2.615,57.078,3.419,normal
2026-09-30 23:32:41,F1,54.244,0.043,3.116,54.895,5.921,normal
2026-09-30 23:33:41,F1,48.228,0.0,2.901,57.837,7.689,normal
2026-09-30 23:34:41,F1,58.139,0.0,3.66,52.553,7.71,normal
2026-09-30 23:35:41,F1,41.149,0.0,3.035,54.706,6.795,normal
2026-09-30 23:36:41,F1,48.759,0.12,2.815,54.252,5.016,normal
2026-09-30 23:37:41,F1,54.036,0.183,2.608,39.333,4.18,normal
2026-09-30 23:38:41,F1,63.131,0.008,3.575,50.282,6.558,normal
2026-09-30 23:39:41,F1,61.725,0.0,2.649,51.769,7.175,normal
2026-09-30 23:40:41,F1,70.546,0.0,2.669,71.834,8.078,normal
2026-09-30 23:41:41,F1,56.026,0.146,2.103,64.246,6.314,normal
2026-09-30 23:42:41,F1,67.78,0.038,2.51,47.866,5.114,normal
2026-09-30 23:43:41,F1,51.702,0.0,2.7,50.766,6.148,normal
2026-09-30 23:44:41,F1,53.615,0.0,3.05,47.555,6.161,normal
2026-09-30 23:45:41,F1,68.743,0.027,2.901,40.81,4.752,normal
2026-09-30 23:46:41,F1,48.668,0.0,2.92,55.315,3.094,normal
2026-09-30 23:47:41,F1,60.955,0.0,2.509,61.528,7.395,normal
2026-09-30 23:48:41,F1,50.543,0.0,3.735,50.36,5.811,normal
2026-09-30 23:49:41,F1,57.93,0.0,2.643,68.949,5.493,normal
2026-09-30 23:50:41,F1,45.304,0.0,3.324,57.785,6.776,normal
2026-09-30 23:51:41,F1,53.085,0.0,2.864,39.743,7.25,normal
2026-09-30 23:52:41,F1,50.767,0.0,4.416,47.67,6.011,normal
2026-09-30 23:53:41,F1,69.751,0.0,2.434,39.33,4.789,normal
2026-09-30 23:54:41,F1,60.686,0.042,1.664,53.365,5.457,normal
2026-09-30 23:55:41,F1,44.438,0.003,2.488,77.071,6.8,normal
2026-09-30 23:56:41,F1,56.473,0.145,3.0,43.377,7.768,normal
2026-09-30 23:57:41,F1,52.483,0.0,1.969,46.093,6.523,normal
2026-09-30 23:58:41,F1,56.124,0.0,2.781,48.876,6.866,normal
2026-09-30 23:59:41,F1,62.903,0.15,2.662,66.977,6.975,normal
2026-10-01 00:00:41,F1,56.349,0.041,3.469,52.047,6.104,normal
2026-10-01 00:01:41,F1,59.877,0.0,3.491,56.817,5.933,normal
2026-10-01 00:02:41,F1,53.118,0.0,2.376,51.168,7.047,normal
2026-10-01 00:03:41,F1,52.953,0.02,3.062,59.078,4.743,normal
2026-10-01 00:04:41,F1,45.914,0.012,3.111,56.696,6.471,normal
2026-10-01 00:05:41,F1,67.206,0.064,3.483,54.794,7.148,normal
2026-10-01 00:06:41,F1,65.124,0.0,3.074,59.428,3.973,normal
2026-10-01 00:07:41,F1,51.693,0.059,2.955,58.487,5.439,normal
2026-10-01 00:08:41,F1,52.58,0.006,2.125,51.084,5.062,normal
2026-10-01 00:09:41,F1,64.442,0.0,2.541,50.573,5.27,normal
2026-10-01 00:10:41,F1,50.146,0.0,1.927,60.751,4.58,normal
2026-10-01 00:11:41,F1,53.272,0.017,1.841,62.716,6.206,normal
2026-10-01 00:12:41,F1,54.803,0.0,2.603,59.375,7.868,normal
2026-10-01 00:13:41,F1,52.166,0.0,2.656,50.338,5.283,normal
2026-10-01 00:14:41,F1,60.608,0.0,3.326,38.499,7.72,normal
2026-10-01 00:15:41,F1,55.273,0.0,3.146,68.701,4.437,normal
2026-10-01 00:16:41,F1,46.047,0.0,3.12,49.633,6.355,normal
2026-10-01 00:17:41,F1,59.286,0.0,3.327,52.451,2.944,normal
2026-10-01 00:18:41,F1,64.31,0.0,2.308,54.383,5.526,normal
2026-10-01 00:19:41,F1,62.748,0.0,2.688,56.947,7.629,normal
2026-10-01 00:20:41,F1,57.983,0.0,1.444,66.898,6.109,normal
2026-10-01 00:21:41,F1,56.851,0.0,3.192,56.819,6.474,normal
2026-10-01 00:22:41,F1,44.335,0.0,3.294,52.746,7.207,normal
2026-10-01 00:23:41,F1,47.963,0.044,3.511,50.619,4.306,normal
2026-10-01 00:24:41,F1,49.134,0.0,1.554,58.554,4.639,normal
2026-10-01 00:25:41,F1,45.774,0.0,2.216,47.124,7.971,normal
2026-10-01 00:26:41,F1,53.041,0.0,2.618,54.367,5.655,normal
2026-10-01 00:27:41,F1,51.505,0.0,2.958,57.304,6.459,normal
2026-10-01 00:28:41,F1,51.347,0.0,3.11,46.473,7.805,normal
2026-10-01 00:29:41,F1,43.092,0.0,1.766,42.501,7.504,normal
2026-10-01 00:30:41,F1,42.622,0.0,3.824,52.12,5.802,normal
2026-10-01 00:31:41,F1,39.451,0.0,2.589,77.732,6.492,normal
2026-10-01 00:32:41,F1,57.537,0.0,3.656,59.247,3.111,normal
2026-10-01 00:33:41,F1,39.864,0.0,2.461,37.761,4.606,normal
2026-10-01 00:34:41,F1,53.813,0.0,3.761,35.244,4.782,normal
2026-10-01 00:35:41,F1,63.882,0.0,2.996,55.998,6.888,normal
2026-10-01 00:36:41,F1,59.218,0.002,3.001,53.615,4.928,normal
2026-10-01 00:37:41,F1,60.548,0.0,2.914,42.959,4.933,normal
2026-10-01 00:38:41,F1,47.664,0.0,3.7,49.94,4.612,normal
2026-10-01 00:39:41,F1,55.104,0.0,3.061,63.765,6.074,normal
2026-10-01 00:40:41,F1,56.56,0.0,3.254,53.077,7.02,normal
2026-10-01 00:41:41,F1,56.852,0.0,2.067,55.989,6.179,normal
2026-10-01 00:42:41,F1,39.359,0.0,2.414,57.35,6.11,normal
2026-10-01 00:43:41,F1,67.236,0.0,3.056,67.552,6.728,normal
2026-10-01 00:44:41,F1,52.916,0.0,2.168,41.075,5.012,normal
2026-10-01 00:45:41,F1,52.833,0.0,2.575,51.86,5.46,normal
2026-10-01 00:46:41,F1,49.934,0.0,2.867,58.719,6.361,normal
2026-10-01 00:47:41,F1,58.507,0.0,2.757,39.123,2.52,normal
2026-10-01 00:48:41,F1,47.804,0.0,3.592,51.293,8.971,normal
2026-10-01 00:49:41,F1,51.862,0.073,2.958,44.339,6.301,normal
2026-10-01 00:50:41,F1,60.673,0.0,3.108,60.148,7.89,normal
2026-10-01 00:51:41,F1,55.225,0.0,2.424,65.081,6.876,normal
2026-10-01 00:52:41,F1,47.245,0.0,1.964,57.69,5.881,normal
2026-10-01 00:53:41,F1,66.179,0.0,3.122,45.685,5.28,normal
2026-10-01 00:54:41,F1,65.268,0.0,2.843,69.31,6.399,normal
2026-10-01 00:55:41,F1,57.048,0.0,2.266,46.027,6.587,normal
2026-10-01 00:56:41,F1,54.103,0.0,2.212,53.064,4.776,normal
2026-10-01 00:57:41,F1,55.631,0.0,3.263,62.87,4.757,normal
2026-10-01 00:58:41,F1,61.396,0.0,2.934,59.195,3.308,normal
2026-10-01 00:59:41,F1,50.555,0.0,2.493,58.731,5.796,normal
2026-10-01 01:00:41,F1,55.828,0.0,2.328,59.055,3.689,normal
2026-10-01 01:01:41,F1,59.599,0.0,2.146,66.721,6.31,normal
2026-10-01 01:02:41,F1,68.294,0.0,2.013,59.394,5.59,normal
2026-10-01 01:03:41,F1,58.452,0.0,2.265,44.843,5.666,normal
2026-10-01 01:04:41,F1,50.73,0.0,2.36,49.004,6.294,normal
2026-10-01 01:05:41,F1,35.274,0.0,2.587,53.21,5.993,normal
2026-10-01 01:06:41,F1,53.111,0.001,2.368,58.959,6.301,normal
2026-10-01 01:07:41,F1,58.93,0.0,2.866,47.442,6.581,normal
2026-10-01 01:08:41,F1,58.591,0.0,3.186,62.872,5.265,normal
2026-10-01 01:09:41,F1,58.492,0.0,2.49,48.038,7.819,normal
2026-10-01 01:10:41,F1,44.169,0.0,3.178,45.324,3.961,normal
2026-10-01 01:11:41,F1,43.931,0.0,2.537,41.128,5.023,normal
2026-10-01 01:12:41,F1,62.581,0.0,3.323,55.471,7.357,normal
2026-10-01 01:13:41,F1,52.493,0.034,2.515,66.121,4.587,normal
2026-10-01 01:14:41,F1,50.215,0.0,1.915,64.828,6.25,normal
2026-10-01 01:15:41,F1,43.383,0.0,1.854,56.797,5.442,normal
2026-10-01 01:16:41,F1,59.625,0.0,3.232,60.793,5.711,normal
2026-10-01 01:17:41,F1,45.492,0.0,3.328,57.606,5.667,normal
2026-10-01 01:18:41,F1,52.484,0.0,3.269,56.454,4.893,normal
2026-10-01 01:19:41,F1,49.308,0.0,2.838,56.869,7.348,normal
2026-10-01 01:20:41,F1,71.855,0.0,4.049,58.521,7.048,normal
2026-10-01 01:21:41,F1,49.993,0.0,2.66,52.118,6.625,normal
2026-10-01 01:22:41,F1,51.797,0.0,2.705,43.712,4.607,normal
2026-10-01 01:23:41,F1,60.95,0.0,2.151,56.787,7.251,normal
2026-10-01 01:24:41,F1,57.408,0.0,1.969,49.365,5.328,normal
2026-10-01 01:25:41,F1,54.985,0.0,2.148,55.832,7.351,normal
2026-10-01 01:26:41,F1,46.002,0.0,3.795,40.667,5.51,normal
2026-10-01 01:27:41,F1,47.64,0.0,3.575,64.197,5.107,normal
2026-10-01 01:28:41,F1,55.525,0.0,3.219,48.107,5.771,normal
2026-10-01 01:29:41,F1,51.606,0.0,1.724,61.829,7.456,normal
2026-10-01 01:30:41,F1,52.077,0.0,3.161,59.446,5.847,normal
2026-10-01 01:31:41,F1,50.019,0.0,2.215,57.671,6.06,normal
2026-10-01 01:32:41,F1,61.929,0.0,2.633,39.859,5.743,normal
2026-10-01 01:33:41,F1,51.443,0.0,2.766,64.512,3.671,normal
2026-10-01 01:34:41,F1,54.345,0.0,3.583,56.105,6.972,normal
2026-10-01 01:35:41,F1,60.599,0.0,2.087,56.379,5.781,normal
2026-10-01 01:36:41,F1,48.423,0.0,2.604,55.673,5.672,normal
2026-10-01 01:37:41,F1,69.358,0.0,2.859,58.271,5.589,normal
2026-10-01 01:38:41,F1,67.017,0.0,3.397,63.413,4.62,normal
2026-10-01 01:39:41,F1,64.361,0.0,3.182,60.774,6.844,normal
2026-10-01 01:40:41,F1,61.837,0.0,2.257,53.194,5.028,normal
2026-10-01 01:41:41,F1,51.043,0.0,2.552,68.117,8.069,normal
2026-10-01 01:42:41,F1,60.019,0.0,2.769,61.668,6.675,normal
2026-10-01 01:43:41,F1,59.986,0.0,2.851,48.166,4.371,normal
2026-10-01 01:44:41,F1,50.525,0.0,3.748,44.695,6.452,normal
2026-10-01 01:45:41,F1,50.136,0.0,2.656,59.449,4.767,normal
2026-10-01 01:46:41,F1,64.523,0.0,3.362,46.318,5.855,normal
2026-10-01 01:47:41,F1,51.179,0.0,2.812,57.766,5.237,normal
2026-10-01 01:48:41,F1,48.054,0.0,2.923,61.863,5.662,normal
2026-10-01 01:49:41,F1,63.069,0.0,2.047,55.683,5.71,normal
2026-10-01 01:50:41,F1,41.73,0.0,3.429,58.636,6.761,normal
2026-10-01 01:51:41,F1,50.791,0.0,2.731,53.62,3.867,normal
2026-10-01 01:52:41,F1,65.565,0.0,2.593,46.828,2.844,normal
2026-10-01 01:53:41,F1,60.94,0.0,2.935,56.399,8.313,normal
2026-10-01 01:54:41,F1,35.623,0.0,2.366,50.368,4.141,normal
2026-10-01 01:55:41,F1,57.014,0.0,2.481,56.741,4.616,normal
2026-10-01 01:56:41,F1,49.673,0.0,2.86,43.011,3.254,normal
2026-10-01 01:57:41,F1,56.534,0.0,2.955,64.306,5.278,normal
2026-10-01 01:58:41,F1,65.513,0.0,3.248,50.505,6.354,normal
2026-10-01 01:59:41,F1,38.265,0.0,2.209,32.4,6.17,normal
2026-10-01 02:00:41,F1,48.379,0.0,2.75,54.292,6.228,normal
2026-10-01 02:01:41,F1,53.213,0.0,3.041,51.815,4.499,normal
2026-10-01 02:02:41,F1,45.656,0.0,2.664,67.854,6.304,normal
2026-10-01 02:03:41,F1,44.793,0.0,2.431,59.302,7.627,normal
2026-10-01 02:04:41,F1,57.531,0.0,3.795,55.838,5.338,normal
2026-10-01 02:05:41,F1,53.444,0.0,3.179,48.007,8.366,normal
2026-10-01 02:06:41,F1,59.952,0.0,3.439,54.592,5.419,normal
2026-10-01 02:07:41,F1,64.902,0.0,2.563,63.009,4.842,normal
2026-10-01 02:08:41,F1,52.665,0.0,2.694,45.292,4.805,normal
2026-10-01 02:09:41,F1,50.335,0.0,2.94,35.108,5.581,normal
2026-10-01 02:10:41,F1,53.086,0.0,2.538,55.833,7.085,normal
2026-10-01 02:11:41,F1,68.365,0.0,3.882,40.212,6.041,normal
2026-10-01 02:12:41,F1,46.385,0.0,1.881,45.347,6.831,normal
2026-10-01 02:13:41,F1,54.494,0.0,1.894,54.335,4.541,normal
2026-10-01 02:14:41,F1,56.291,0.0,2.347,55.597,5.146,normal
2026-10-01 02:15:41,F1,43.211,0.0,2.933,69.865,5.245,normal
2026-10-01 02:16:41,F1,54.5,0.0,1.89,57.058,5.213,normal
2026-10-01 02:17:41,F1,51.673,0.0,2.649,60.762,5.393,normal
2026-10-01 02:18:41,F1,54.796,0.0,2.957,50.457,4.866,normal
2026-10-01 02:19:41,F1,39.466,0.0,2.128,62.087,5.495,normal
2026-10-01 02:20:41,F1,43.324,0.0,3.066,47.037,6.843,normal
2026-10-01 02:21:41,F1,49.486,0.0,4.073,61.212,5.423,normal
2026-10-01 02:22:41,F1,58.589,0.0,1.825,61.798,5.733,normal
2026-10-01 02:23:41,F1,63.88,0.0,2.352,51.048,4.937,normal
2026-10-01 02:24:41,F1,64.097,0.0,3.425,57.333,4.419,normal
2026-10-01 02:25:41,F1,51.056,0.0,2.285,68.913,5.74,normal
2026-10-01 02:26:41,F1,55.815,0.0,3.187,58.536,6.851,normal
2026-10-01 02:27:41,F1,58.027,0.0,1.908,44.325,5.577,normal
2026-10-01 02:28:41,F1,51.925,0.0,3.363,63.754,7.079,normal
2026-10-01 02:29:41,F1,52.155,0.0,2.724,49.446,4.714,normal
2026-10-01 02:30:41,F1,62.698,0.0,2.522,63.824,7.4,normal
2026-10-01 02:31:41,F1,61.232,0.0,3.435,60.804,5.414,normal
2026-10-01 02:32:41,F1,50.404,0.0,2.769,56.205,4.373,normal
2026-10-01 02:33:41,F1,45.955,0.0,2.905,54.115,6.008,normal
2026-10-01 02:34:41,F1,45.765,0.0,2.621,53.557,4.86,normal
2026-10-01 02:35:41,F1,49.966,0.0,2.742,60.248,5.684,normal
2026-10-01 02:36:41,F1,52.343,0.0,3.331,42.218,5.206,normal
2026-10-01 02:37:41,F1,50.305,0.0,2.513,52.541,5.171,normal
2026-10-01 02:38:41,F1,67.679,0.0,2.723,53.469,7.317,normal
2026-10-01 02:39:41,F1,56.944,0.0,3.143,64.355,5.5,normal
2026-10-01 02:40:41,F1,57.168,0.0,1.946,50.312,5.28,normal
2026-10-01 02:41:41,F1,64.834,0.0,2.869,34.414,5.577,normal
2026-10-01 02:42:41,F1,52.791,0.0,2.815,48.189,4.32,normal
2026-10-01 02:43:41,F1,58.573,0.0,2.951,52.964,8.291,normal
2026-10-01 02:44:41,F1,54.225,0.0,2.72,61.301,7.459,normal
2026-10-01 02:45:41,F1,54.304,0.0,1.885,52.717,7.02,normal
2026-10-01 02:46:41,F1,62.739,0.0,2.964,43.161,2.977,normal
2026-10-01 02:47:41,F1,59.174,0.0,3.726,53.415,4.784,normal
2026-10-01 02:48:41,F1,53.531,0.0,2.885,58.345,5.209,normal
2026-10-01 02:49:41,F1,54.637,0.0,3.47,58.666,6.162,normal
2026-10-01 02:50:41,F1,42.215,0.0,2.138,47.963,5.704,normal
2026-10-01 02:51:41,F1,47.362,0.0,2.459,61.423,4.392,normal
2026-10-01 02:52:41,F1,56.479,0.0,3.479,56.796,7.366,normal
2026-10-01 02:53:41,F1,64.45,0.0,2.516,43.694,6.088,normal
2026-10-01 02:54:41,F1,45.831,0.0,1.846,70.787,5.213,normal
2026-10-01 02:55:41,F1,37.941,0.0,2.845,39.71,6.021,normal
2026-10-01 02:56:41,F1,68.679,0.0,3.076,54.328,7.287,normal
2026-10-01 02:57:41,F1,48.585,0.0,2.557,50.75,5.03,normal
2026-10-01 02:58:41,F1,54.162,0.0,3.1,56.357,6.364,normal
2026-10-01 02:59:41,F1,62.742,0.0,2.223,48.247,5.975,normal
2026-10-01 03:00:41,F1,49.157,0.0,2.25,52.123,5.176,normal
2026-10-01 03:01:41,F1,52.95,0.0,3.114,50.328,6.284,normal
2026-10-01 03:02:41,F1,51.565,0.0,2.22,51.492,5.475,normal
2026-10-01 03:03:41,F1,69.592,0.0,2.25,57.591,4.476,normal
2026-10-01 03:04:41,F1,44.656,0.0,2.067,48.417,7.466,normal
2026-10-01 03:05:41,F1,42.876,0.0,2.111,51.446,7.11,normal
2026-10-01 03:06:41,F1,53.055,0.0,2.756,58.22,6.658,normal
2026-10-01 03:07:41,F1,57.186,0.0,4.383,66.761,5.522,normal
2026-10-01 03:08:41,F1,53.851,0.0,2.761,42.156,4.295,normal
2026-10-01 03:09:41,F1,52.641,0.0,1.897,62.407,7.078,normal
2026-10-01 03:10:41,F1,60.745,0.0,1.929,43.091,4.538,normal
2026-10-01 03:11:41,F1,55.449,0.0,2.164,71.421,4.495,normal
2026-10-01 03:12:41,F1,53.146,0.0,1.788,61.062,5.755,normal
2026-10-01 03:13:41,F1,50.2,0.0,2.239,60.527,6.061,normal
2026-10-01 03:14:41,F1,38.855,0.0,2.917,63.877,4.196,normal
2026-10-01 03:15:41,F1,50.293,0.0,2.545,75.159,3.762,normal
2026-10-01 03:16:41,F1,56.402,0.0,2.862,60.85,8.657,normal
2026-10-01 03:17:41,F1,52.989,0.0,2.864,52.009,6.838,normal
2026-10-01 03:18:41,F1,55.956,0.0,2.456,70.429,4.95,normal
2026-10-01 03:19:41,F1,52.779,0.0,2.738,56.593,5.62,normal
2026-10-01 03:20:41,F1,64.848,0.0,2.298,48.942,5.465,normal
2026-10-01 03:21:41,F1,52.746,0.0,2.903,61.484,4.934,normal
2026-10-01 03:22:41,F1,50.221,0.0,2.041,49.418,4.974,normal
2026-10-01 03:23:41,F1,51.463,0.0,2.554,59.947,6.247,normal
2026-10-01 03:24:41,F1,45.238,0.0,2.097,45.624,6.198,normal
2026-10-01 03:25:41,F1,63.022,0.0,2.988,54.783,6.393,normal
2026-10-01 03:26:41,F1,58.139,0.0,2.179,35.514,8.415,normal
2026-10-01 03:27:41,F1,46.231,0.0,3.19,44.01,7.841,normal
2026-10-01 03:28:41,F1,62.281,0.0,2.806,49.211,8.17,normal
2026-10-01 03:29:41,F1,66.26,0.0,2.851,58.055,5.216,normal
2026-10-01 03:30:41,F1,53.777,0.0,2.38,59.708,5.345,normal
2026-10-01 03:31:41,F1,54.878,0.0,2.526,43.643,5.157,normal
2026-10-01 03:32:41,F1,61.492,0.0,2.365,42.208,6.785,normal
2026-10-01 03:33:41,F1,60.84,0.0,3.481,45.08,4.56,normal
2026-10-01 03:34:41,F1,62.425,0.0,1.313,58.895,5.263,normal
2026-10-01 03:35:41,F1,41.031,0.0,2.837,53.437,4.645,normal
2026-10-01 03:36:41,F1,60.006,0.0,2.554,62.561,7.183,normal
2026-10-01 03:37:41,F1,55.211,0.0,1.248,67.084,5.321,normal
2026-10-01 03:38:41,F1,55.913,0.0,3.783,65.911,5.931,normal
2026-10-01 03:39:41,F1,52.593,0.0,2.864,54.236,6.606,normal
2026-10-01 03:40:41,F1,60.436,0.0,3.119,60.075,6.252,normal
2026-10-01 03:41:41,F1,56.048,0.0,2.383,62.183,4.969,normal
2026-10-01 03:42:41,F1,50.984,0.0,3.018,50.389,6.716,normal
2026-10-01 03:43:41,F1,50.212,0.0,0.657,50.95,4.375,normal
2026-10-01 03:44:41,F1,67.273,0.0,2.706,74.031,4.746,normal
2026-10-01 03:45:41,F1,55.556,0.0,2.927,65.681,5.225,normal
2026-10-01 03:46:41,F1,55.137,0.0,3.298,53.485,5.194,normal
2026-10-01 03:47:41,F1,33.781,0.0,2.112,51.076,3.582,normal
2026-10-01 03:48:41,F1,45.888,0.0,2.996,50.363,6.786,normal
2026-10-01 03:49:41,F1,57.728,0.0,2.497,48.354,6.796,normal
2026-10-01 03:50:41,F1,68.452,0.0,2.42,72.109,8.077,normal
2026-10-01 03:51:41,F1,58.481,0.0,2.145,62.673,5.907,normal
2026-10-01 03:52:41,F1,57.641,0.0,2.957,59.608,7.464,normal
2026-10-01 03:53:41,F1,58.723,0.0,2.042,51.211,7.365,normal
2026-10-01 03:54:41,F1,51.633,0.0,2.127,62.697,8.602,normal
2026-10-01 03:55:41,F1,65.841,0.0,1.868,56.177,4.187,normal
2026-10-01 03:56:41,F1,53.449,0.0,2.744,52.464,2.57,normal
2026-10-01 03:57:41,F1,48.261,0.0,3.227,59.7,4.707,normal
2026-10-01 03:58:41,F1,42.17,0.0,2.959,54.74,6.923,normal
2026-10-01 03:59:41,F1,45.727,0.0,2.399,44.505,3.859,normal
2026-10-01 04:00:41,F1,42.63,0.0,2.66,67.345,0.0,normal
2026-10-01 04:01:41,F1,63.836,0.0,2.896,57.538,3.376,normal
2026-10-01 04:02:41,F1,46.666,0.0,2.622,48.921,6.797,normal
2026-10-01 04:03:41,F1,50.396,0.0,2.866,62.352,5.177,normal
2026-10-01 04:04:41,F1,56.216,0.0,2.153,56.843,6.165,normal
2026-10-01 04:05:41,F1,61.747,0.0,2.225,54.607,6.984,normal
2026-10-01 04:06:41,F1,45.241,0.0,3.097,62.836,4.754,normal
2026-10-01 04:07:41,F1,59.484,0.0,1.856,59.146,5.203,normal
2026-10-01 04:08:41,F1,67.488,0.0,2.74,46.737,6.396,normal
2026-10-01 04:09:41,F1,49.135,0.0,3.092,47.127,5.769,normal
2026-10-01 04:10:41,F1,46.568,0.0,2.407,20.13,5.671,normal
2026-10-01 04:11:41,F1,46.562,0.0,2.485,57.014,5.242,normal
2026-10-01 04:12:41,F1,50.982,0.0,2.85,62.653,6.055,normal
2026-10-01 04:13:41,F1,60.042,0.0,2.795,36.262,6.057,normal
2026-10-01 04:14:41,F1,52.268,0.0,3.269,64.328,4.955,normal
2026-10-01 04:15:41,F1,49.488,0.0,2.419,49.312,6.514,normal
2026-10-01 04:16:41,F1,61.218,0.0,1.694,60.939,6.712,normal
2026-10-01 04:17:41,F1,45.693,0.0,2.798,44.233,6.38,normal
2026-10-01 04:18:41,F1,63.793,0.0,2.341,50.019,8.123,normal
2026-10-01 04:19:41,F1,61.512,0.0,2.66,55.031,6.292,normal
2026-10-01 04:20:41,F1,57.599,0.0,2.433,60.759,6.703,normal
2026-10-01 04:21:41,F1,54.026,0.0,3.665,46.363,5.839,normal
2026-10-01 04:22:41,F1,49.082,0.0,2.584,57.041,6.795,normal
2026-10-01 04:23:41,F1,62.688,0.0,3.005,50.408,6.921,normal
2026-10-01 04:24:41,F1,50.809,0.0,2.825,56.527,3.881,normal
2026-10-01 04:25:41,F1,52.692,0.0,2.629,57.44,5.41,normal
2026-10-01 04:26:41,F1,51.519,0.0,1.834,60.43,4.842,normal
2026-10-01 04:27:41,F1,51.266,0.0,3.148,52.111,5.736,normal
2026-10-01 04:28:41,F1,54.616,0.0,3.309,54.053,5.997,normal
2026-10-01 04:29:41,F1,57.383,0.0,2.821,71.765,4.266,normal
2026-10-01 04:30:41,F1,52.195,0.0,2.429,55.554,4.812,normal
2026-10-01 04:31:41,F1,56.305,0.0,3.198,48.294,6.727,normal
2026-10-01 04:32:41,F1,43.968,0.0,2.44,55.475,7.455,normal
2026-10-01 04:33:41,F1,60.152,0.0,2.903,53.59,6.714,normal
2026-10-01 04:34:41,F1,43.44,0.0,3.672,52.758,5.188,normal
2026-10-01 04:35:41,F1,60.215,0.0,0.796,60.358,5.224,normal
2026-10-01 04:36:41,F1,51.471,0.0,3.088,49.906,5.246,normal
2026-10-01 04:37:41,F1,45.244,0.0,2.836,61.219,4.777,normal
2026-10-01 04:38:41,F1,70.442,0.0,2.628,69.146,6.715,normal
2026-10-01 04:39:41,F1,50.828,0.0,2.286,51.646,7.691,normal
2026-10-01 04:40:41,F1,40.651,0.0,2.416,42.036,7.114,normal
2026-10-01 04:41:41,F1,46.669,0.0,2.846,66.159,6.31,normal
2026-10-01 04:42:41,F1,62.364,0.0,2.958,43.79,5.634,normal
2026-10-01 04:43:41,F1,52.751,0.0,2.402,64.147,6.568,normal
2026-10-01 04:44:41,F1,49.622,0.0,3.355,31.592,7.923,normal
2026-10-01 04:45:41,F1,50.19,0.0,2.242,36.187,5.673,normal
2026-10-01 04:46:41,F1,50.154,0.0,2.133,51.897,5.631,normal
2026-10-01 04:47:41,F1,61.05,0.0,3.232,42.438,5.157,normal
2026-10-01 04:48:41,F1,50.596,0.0,1.984,65.091,5.955,normal
2026-10-01 04:49:41,F1,66.015,0.0,3.474,54.292,8.521,normal
2026-10-01 04:50:41,F1,63.527,0.0,2.31,62.159,5.906,normal
2026-10-01 04:51:41,F1,44.765,0.0,2.333,61.587,5.355,normal
2026-10-01 04:52:41,F1,49.978,0.0,4.021,48.729,6.414,normal
2026-10-01 04:53:41,F1,53.227,0.0,2.846,52.506,7.048,normal
2026-10-01 04:54:41,F1,65.438,0.0,2.559,43.617,3.658,normal
2026-10-01 04:55:41,F1,57.624,0.0,1.904,36.877,6.689,normal
2026-10-01 04:56:41,F1,53.394,0.0,2.803,57.362,4.06,normal
2026-10-01 04:57:41,F1,70.022,0.0,3.707,65.17,6.529,normal
2026-10-01 04:58:41,F1,47.89,0.0,2.427,44.611,5.972,normal
2026-10-01 04:59:41,F1,55.802,0.0,3.748,52.285,4.268,normal
2026-10-01 05:00:41,F1,70.84,0.0,3.272,58.993,4.677,normal
2026-10-01 05:01:41,F1,44.524,0.0,1.853,48.497,3.345,normal
2026-10-01 05:02:41,F1,46.206,0.0,3.032,64.352,5.795,normal
2026-10-01 05:03:41,F1,51.625,0.0,2.217,59.465,6.178,normal
2026-10-01 05:04:41,F1,38.266,0.0,1.85,56.097,7.365,normal
2026-10-01 05:05:41,F1,49.741,0.0,2.986,57.088,5.157,normal
2026-10-01 05:06:41,F1,52.799,0.0,2.499,56.173,6.975,normal
2026-10-01 05:07:41,F1,64.209,0.0,3.592,63.716,4.596,normal
2026-10-01 05:08:41,F1,56.108,0.0,2.055,55.533,6.458,normal
2026-10-01 05:09:41,F1,43.75,0.0,2.779,65.471,5.67,normal
2026-10-01 05:10:41,F1,49.538,0.0,1.734,67.505,5.184,normal
2026-10-01 05:11:41,F1,53.819,0.0,2.115,65.623,5.038,normal
2026-10-01 05:12:41,F1,57.667,0.0,3.066,59.501,3.862,normal
2026-10-01 05:13:41,F1,29.896,0.0,3.277,47.181,4.864,normal
2026-10-01 05:14:41,F1,58.366,0.0,2.172,60.424,6.274,normal
2026-10-01 05:15:41,F1,62.195,0.0,1.065,50.528,9.001,normal
2026-10-01 05:16:41,F1,47.961,0.0,2.848,49.165,4.641,normal
2026-10-01 05:17:41,F1,55.752,0.0,3.186,53.609,4.741,normal
2026-10-01 05:18:41,F1,65.769,0.0,3.145,42.631,5.529,normal
2026-10-01 05:19:41,F1,52.331,0.0,2.649,59.22,3.397,normal
2026-10-01 05:20:41,F1,52.666,0.0,3.036,59.042,8.76,normal
2026-10-01 05:21:41,F1,59.502,0.0,2.203,56.625,6.391,normal
2026-10-01 05:22:41,F1,55.651,0.0,2.474,69.357,4.053,normal
2026-10-01 05:23:41,F1,52.999,0.0,2.153,48.922,7.631,normal
2026-10-01 05:24:41,F1,58.383,0.0,2.562,57.168,6.843,normal
2026-10-01 05:25:41,F1,42.456,0.0,3.15,43.856,7.31,normal
2026-10-01 05:26:41,F1,55.783,0.0,2.459,60.452,4.679,normal
2026-10-01 05:27:41,F1,52.327,0.0,1.736,51.03,5.415,normal
2026-10-01 05:28:41,F1,62.16,0.0,2.568,44.972,4.81,normal
2026-10-01 05:29:41,F1,42.103,0.0,2.336,45.45,4.533,normal
2026-10-01 05:30:41,F1,54.101,0.0,2.384,47.986,4.449,normal
2026-10-01 05:31:41,F1,53.015,0.0,2.079,43.177,4.398,normal
2026-10-01 05:32:41,F1,44.48,0.0,2.581,65.735,5.652,normal
2026-10-01 05:33:41,F1,54.447,0.0,2.924,48.443,6.329,normal
2026-10-01 05:34:41,F1,55.714,0.0,1.669,56.449,4.679,normal
2026-10-01 05:35:41,F1,64.79,0.0,2.463,50.188,4.845,normal
2026-10-01 05:36:41,F1,46.612,0.0,2.011,59.034,5.191,normal
2026-10-01 05:37:41,F1,59.023,0.0,2.293,49.722,7.896,normal
2026-10-01 05:38:41,F1,65.671,0.0,3.342,66.092,4.022,normal
2026-10-01 05:39:41,F1,63.872,0.0,2.516,64.625,4.218,normal
2026-10-01 05:40:41,F1,51.625,0.0,1.99,47.13,7.08,normal
2026-10-01 05:41:41,F1,54.808,0.0,2.055,62.918,5.104,normal
2026-10-01 05:42:41,F1,48.889,0.0,2.926,67.122,5.797,normal
2026-10-01 05:43:41,F1,55.627,0.0,3.033,39.408,5.986,normal
2026-10-01 05:44:41,F1,49.575,0.0,1.572,65.801,3.052,normal
2026-10-01 05:45:41,F1,58.838,0.0,1.801,49.453,4.259,normal
2026-10-01 05:46:41,F1,55.698,0.0,1.438,56.739,4.418,normal
2026-10-01 05:47:41,F1,57.75,0.0,2.578,48.082,6.671,normal
2026-10-01 05:48:41,F1,44.103,0.0,2.376,56.987,5.893,normal
2026-10-01 05:49:41,F1,69.881,0.0,2.015,43.338,5.364,normal
2026-10-01 05:50:41,F1,52.464,0.0,2.463,56.952,6.552,normal
2026-10-01 05:51:41,F1,57.953,0.0,2.61,60.416,6.488,normal
2026-10-01 05:52:41,F1,55.457,0.0,2.567,53.438,4.156,normal
2026-10-01 05:53:41,F1,53.539,0.0,2.508,61.908,7.232,normal
2026-10-01 05:54:41,F1,74.617,0.0,1.123,62.971,6.331,normal
2026-10-01 05:55:41,F1,52.661,0.0,2.37,68.024,6.356,normal
2026-10-01 05:56:41,F1,43.409,0.0,3.246,70.735,6.374,normal
2026-10-01 05:57:41,F1,59.553,0.0,2.155,51.373,5.378,normal
2026-10-01 05:58:41,F1,54.226,0.0,3.537,52.712,5.403,normal
2026-10-01 05:59:41,F1,53.148,0.0,3.121,69.686,6.796,normal
2026-10-01 06:00:41,F1,53.688,0.0,2.845,50.786,5.561,normal
2026-10-01 06:01:41,F1,73.382,0.0,2.57,55.836,6.942,normal
2026-10-01 06:02:41,F1,47.119,0.0,2.096,59.772,4.926,normal
2026-10-01 06:03:41,F1,53.024,0.0,2.901,49.194,3.994,normal
2026-10-01 06:04:41,F1,47.949,0.0,2.61,40.294,6.95,normal
2026-10-01 06:05:41,F1,58.841,0.0,2.294,60.206,3.323,normal
2026-10-01 06:06:41,F1,46.796,0.0,2.781,55.811,3.958,normal
2026-10-01 06:07:41,F1,48.249,0.0,2.856,59.661,6.553,normal
2026-10-01 06:08:41,F1,64.636,0.0,2.345,48.398,5.658,normal
2026-10-01 06:09:41,F1,40.775,0.0,3.084,52.242,6.633,normal
2026-10-01 06:10:41,F1,58.136,0.0,1.892,71.72,8.081,normal
2026-10-01 06:11:41,F1,45.284,0.0,2.77,44.058,4.492,normal
2026-10-01 06:12:41,F1,46.034,0.0,2.532,37.81,6.086,normal
2026-10-01 06:13:41,F1,48.773,0.0,3.054,43.308,7.515,normal
2026-10-01 06:14:41,F1,51.303,0.0,1.757,51.077,8.255,normal
2026-10-01 06:15:41,F1,59.831,0.0,2.832,64.19,5.307,normal
2026-10-01 06:16:41,F1,38.321,0.0,3.112,50.326,6.058,normal
2026-10-01 06:17:41,F1,54.016,0.0,1.63,51.828,4.313,normal
2026-10-01 06:18:41,F1,55.739,0.0,1.223,62.337,5.943,normal
2026-10-01 06:19:41,F1,52.107,0.0,1.966,54.003,3.797,normal
2026-10-01 06:20:41,F1,68.794,0.0,2.369,63.886,7.243,normal
2026-10-01 06:21:41,F1,61.397,0.0,2.581,56.59,6.08,normal
2026-10-01 06:22:41,F1,40.371,0.0,2.7,58.222,7.344,normal
2026-10-01 06:23:41,F1,45.14,0.0,2.281,55.669,5.009,normal
2026-10-01 06:24:41,F1,49.59,0.0,3.466,57.7,4.004,normal
2026-10-01 06:25:41,F1,44.551,0.0,1.876,59.277,4.368,normal
2026-10-01 06:26:41,F1,52.024,0.0,3.913,59.486,6.848,normal
2026-10-01 06:27:41,F1,42.885,0.0,2.635,39.646,5.394,normal
2026-10-01 06:28:41,F1,43.828,0.0,2.688,36.521,4.681,normal
2026-10-01 06:29:41,F1,48.816,0.0,2.039,49.951,6.976,normal
2026-10-01 06:30:41,F1,55.462,0.0,1.784,60.369,4.639,normal
2026-10-01 06:31:41,F1,64.306,0.0,1.833,51.56,6.547,normal
2026-10-01 06:32:41,F1,40.216,0.0,2.892,53.855,4.115,normal
2026-10-01 06:33:41,F1,57.247,0.0,2.854,48.51,4.957,normal
2026-10-01 06:34:41,F1,59.429,0.0,2.677,60.642,4.673,normal
2026-10-01 06:35:41,F1,43.895,0.0,1.579,37.085,5.496,normal
2026-10-01 06:36:41,F1,60.742,0.0,2.879,65.51,4.992,normal
2026-10-01 06:37:41,F1,60.453,0.0,3.086,48.078,4.547,normal
2026-10-01 06:38:41,F1,66.163,0.0,3.086,53.196,2.749,normal
2026-10-01 06:39:41,F1,53.811,0.0,2.585,54.023,4.852,normal
2026-10-01 06:40:41,F1,32.576,0.0,1.704,62.147,6.928,normal
2026-10-01 06:41:41,F1,60.037,0.0,2.397,60.243,5.077,normal
2026-10-01 06:42:41,F1,69.578,0.0,2.144,47.678,6.019,normal
2026-10-01 06:43:41,F1,54.48,0.0,0.158,68.032,5.404,normal
2026-10-01 06:44:41,F1,54.762,0.0,2.736,43.451,6.568,normal
2026-10-01 06:45:41,F1,50.885,0.0,2.193,42.716,6.199,normal
2026-10-01 06:46:41,F1,59.164,0.0,1.387,57.221,6.678,normal
2026-10-01 06:47:41,F1,62.628,0.0,2.775,59.465,4.719,normal
2026-10-01 06:48:41,F1,36.155,0.0,2.619,52.74,4.991,normal
2026-10-01 06:49:41,F1,60.02,0.0,2.051,50.975,6.331,normal
2026-10-01 06:50:41,F1,55.004,0.0,2.833,52.758,5.94,normal
2026-10-01 06:51:41,F1,53.568,0.0,2.116,49.532,3.497,normal
2026-10-01 06:52:41,F1,51.003,0.0,2.286,47.21,6.027,normal
2026-10-01 06:53:41,F1,48.049,0.0,2.996,48.257,7.446,normal
2026-10-01 06:54:41,F1,54.349,0.0,1.809,51.756,5.541,normal
2026-10-01 06:55:41,F1,65.041,0.0,2.158,50.252,6.946,normal
2026-10-01 06:56:41,F1,65.25,0.0,2.882,51.187,4.039,normal
2026-10-01 06:57:41,F1,57.877,0.0,2.101,50.886,4.795,normal
2026-10-01 06:58:41,F1,53.802,0.0,3.397,50.389,5.766,normal
2026-10-01 06:59:41,F1,59.025,0.0,3.759,57.324,5.612,normal
2026-10-01 07:00:41,F1,53.115,0.0,3.376,58.767,5.144,normal
2026-10-01 07:01:41,F1,55.088,0.0,1.678,44.463,4.503,normal
2026-10-01 07:02:41,F1,54.475,0.0,1.922,60.11,4.946,normal
2026-10-01 07:03:41,F1,57.705,0.0,2.175,55.712,4.308,normal
2026-10-01 07:04:41,F1,56.799,0.0,2.287,59.404,3.125,normal
2026-10-01 07:05:41,F1,59.077,0.0,1.924,68.211,4.871,normal
2026-10-01 07:06:41,F1,54.078,0.0,3.056,56.041,7.517,normal
2026-10-01 07:07:41,F1,63.472,0.0,1.815,50.68,5.133,normal
2026-10-01 07:08:41,F1,52.817,0.0,2.384,61.233,5.399,normal
2026-10-01 07:09:41,F1,56.885,0.0,3.571,36.245,4.229,normal
2026-10-01 07:10:41,F1,41.658,0.0,2.433,45.301,3.921,normal
2026-10-01 07:11:41,F1,48.665,0.0,1.931,48.752,5.303,normal
2026-10-01 07:12:41,F1,37.923,0.0,3.444,53.059,6.343,normal
2026-10-01 07:13:41,F1,60.195,0.0,1.959,62.117,4.497,normal
2026-10-01 07:14:41,F1,57.48,0.0,3.224,58.835,5.156,normal
2026-10-01 07:15:41,F1,54.641,0.0,2.591,64.002,7.26,normal
2026-10-01 07:16:41,F1,63.921,0.0,1.991,45.282,7.541,normal
2026-10-01 07:17:41,F1,62.948,0.0,2.361,53.888,7.034,normal
2026-10-01 07:18:41,F1,52.41,0.0,2.26,64.381,6.312,normal
2026-10-01 07:19:41,F1,63.842,0.0,3.374,43.973,5.517,normal
2026-10-01 07:20:41,F1,41.932,0.0,2.471,64.34,5.412,normal
2026-10-01 07:21:41,F1,53.152,0.0,3.167,57.072,4.313,normal
2026-10-01 07:22:41,F1,62.519,0.0,3.226,54.395,6.088,normal
2026-10-01 07:23:41,F1,66.383,0.0,1.907,64.115,4.883,normal
2026-10-01 07:24:41,F1,63.416,0.0,2.928,59.095,5.976,normal
2026-10-01 07:25:41,F1,48.84,0.0,2.581,56.742,5.367,normal
2026-10-01 07:26:41,F1,50.623,0.0,3.377,43.5,4.589,normal
2026-10-01 07:27:41,F1,55.931,0.0,1.924,52.003,7.091,normal
2026-10-01 07:28:41,F1,51.555,0.0,2.563,59.513,2.455,normal
2026-10-01 07:29:41,F1,34.496,0.0,3.029,54.959,6.458,normal
2026-10-01 07:30:41,F1,53.278,0.0,1.789,50.716,6.163,normal
2026-10-01 07:31:41,F1,52.001,0.0,3.411,56.94,5.768,normal
2026-10-01 07:32:41,F1,61.988,0.0,2.418,47.28,4.594,normal
2026-10-01 07:33:41,F1,63.493,0.0,2.241,66.44,6.321,normal
2026-10-01 07:34:41,F1,47.055,0.0,3.894,54.026,5.403,normal
2026-10-01 07:35:41,F1,53.797,0.0,2.36,69.724,4.808,normal
2026-10-01 07:36:41,F1,69.669,0.0,2.245,52.013,8.96,normal
2026-10-01 07:37:41,F1,46.033,0.0,2.206,67.841,6.671,normal
2026-10-01 07:38:41,F1,58.47,0.0,2.22,64.114,4.736,normal
2026-10-01 07:39:41,F1,53.37,0.0,2.243,52.981,3.249,normal
2026-10-01 07:40:41,F1,55.346,0.0,2.007,53.407,4.274,normal
2026-10-01 07:41:41,F1,47.071,0.0,1.03,46.625,4.332,normal
2026-10-01 07:42:41,F1,44.83,0.0,3.079,57.308,5.074,normal
2026-10-01 07:43:41,F1,52.814,0.0,2.351,45.916,5.925,normal
2026-10-01 07:44:41,F1,68.869,0.0,1.515,46.482,8.539,normal
2026-10-01 07:45:41,F1,49.905,0.0,2.456,46.993,6.221,normal
2026-10-01 07:46:41,F1,72.337,0.0,2.439,45.643,7.354,normal
2026-10-01 07:47:41,F1,48.059,0.0,1.976,37.325,5.258,normal
2026-10-01 07:48:41,F1,61.838,0.0,2.89,56.131,7.496,normal
2026-10-01 07:49:41,F1,58.78,0.0,3.336,41.828,7.178,normal
2026-10-01 07:50:41,F1,53.047,0.0,2.777,59.593,5.337,normal
2026-10-01 07:51:41,F1,60.418,0.0,3.065,58.947,7.927,normal
2026-10-01 07:52:41,F1,51.913,0.0,1.461,72.21,5.048,normal
2026-10-01 07:53:41,F1,72.214,0.0,2.101,50.477,4.51,normal
2026-10-01 07:54:41,F1,60.806,0.0,2.429,38.459,6.974,normal
2026-10-01 07:55:41,F1,49.582,0.0,2.699,52.315,5.699,normal
2026-10-01 07:56:41,F1,65.277,0.0,2.69,63.737,4.351,normal
2026-10-01 07:57:41,F1,55.929,0.0,2.155,62.138,5.059,normal
2026-10-01 07:58:41,F1,56.636,0.0,1.949,57.297,3.885,normal
2026-10-01 07:59:41,F1,61.135,0.0,1.803,40.686,6.647,normal
2026-10-01 08:00:41,F1,52.889,0.0,1.995,68.54,5.753,normal
2026-10-01 08:01:41,F1,47.921,0.0,3.242,50.518,5.491,normal
2026-10-01 08:02:41,F1,65.362,0.0,1.807,41.924,5.017,normal
2026-10-01 08:03:41,F1,57.726,0.0,1.866,64.355,3.611,normal
2026-10-01 08:04:41,F1,61.525,0.0,2.038,37.945,6.317,normal
2026-10-01 08:05:41,F1,61.493,0.0,2.528,45.89,5.792,normal
2026-10-01 08:06:41,F1,61.574,0.0,2.947,61.083,4.944,normal
2026-10-01 08:07:41,F1,58.768,0.0,1.799,57.217,4.423,normal
2026-10-01 08:08:41,F1,42.808,0.0,2.285,61.954,6.292,normal
2026-10-01 08:09:41,F1,55.008,0.0,2.184,50.182,4.495,normal
2026-10-01 08:10:41,F1,49.169,0.0,2.818,51.561,7.211,normal
2026-10-01 08:11:41,F1,54.765,0.0,1.739,56.699,6.368,normal
2026-10-01 08:12:41,F1,53.081,0.0,1.283,43.523,3.335,normal
2026-10-01 08:13:41,F1,56.659,0.0,2.402,43.988,5.647,normal
2026-10-01 08:14:41,F1,58.31,0.0,2.175,46.926,8.589,normal
2026-10-01 08:15:41,F1,53.171,0.0,2.479,59.264,5.956,normal
2026-10-01 08:16:41,F1,46.694,0.0,3.655,64.976,5.186,normal
2026-10-01 08:17:41,F1,58.33,0.0,4.698,38.155,6.803,normal
2026-10-01 08:18:41,F1,45.488,0.0,3.066,55.557,6.932,normal
2026-10-01 08:19:41,F1,61.287,0.0,3.557,33.352,6.689,normal
2026-10-01 08:20:41,F1,43.192,0.0,3.088,39.388,2.717,normal
2026-10-01 08:21:41,F1,41.219,0.0,3.752,29.984,7.487,normal
2026-10-01 08:22:41,F1,53.585,0.0,2.313,48.674,3.663,normal
2026-10-01 08:23:41,F1,59.41,0.0,2.284,36.775,5.678,normal
2026-10-01 08:24:41,F1,56.922,0.0,2.164,64.026,4.282,normal
2026-10-01 08:25:41,F1,63.081,0.0,1.446,57.88,6.608,normal
2026-10-01 08:26:41,F1,50.932,0.0,2.841,48.466,4.357,normal
2026-10-01 08:27:41,F1,61.549,0.0,2.433,51.826,8.605,normal
2026-10-01 08:28:41,F1,57.499,0.0,2.154,63.539,6.411,normal
2026-10-01 08:29:41,F1,56.115,0.0,2.566,56.148,5.57,normal
2026-10-01 08:30:41,F1,51.801,0.0,1.644,50.43,4.162,normal
2026-10-01 08:31:41,F1,50.439,0.0,2.715,68.315,6.882,normal
2026-10-01 08:32:41,F1,54.405,0.0,2.976,46.406,6.238,normal
2026-10-01 08:33:41,F1,61.583,0.0,2.426,49.925,6.011,normal
2026-10-01 08:34:41,F1,53.238,0.0,2.369,56.781,6.233,normal
2026-10-01 08:35:41,F1,60.031,0.0,2.969,36.98,4.894,normal
2026-10-01 08:36:41,F1,53.732,0.0,1.743,46.369,7.376,normal
2026-10-01 08:37:41,F1,52.645,0.0,5.373,61.468,6.716,normal
2026-10-01 08:38:41,F1,54.476,0.0,2.469,49.748,4.75,normal
2026-10-01 08:39:41,F1,60.596,0.0,2.963,45.784,6.475,normal
2026-10-01 08:40:41,F1,55.269,0.0,2.621,48.732,4.912,normal
2026-10-01 08:41:41,F1,59.16,0.0,2.676,55.258,6.188,normal
2026-10-01 08:42:41,F1,47.788,0.0,2.813,52.042,5.98,normal
2026-10-01 08:43:41,F1,41.822,0.0,3.338,45.282,3.176,normal
2026-10-01 08:44:41,F1,50.162,0.0,3.065,50.231,6.446,normal
2026-10-01 08:45:41,F1,62.326,0.0,2.293,63.645,7.953,normal
2026-10-01 08:46:41,F1,54.05,0.0,3.594,48.192,5.557,normal
2026-10-01 08:47:41,F1,52.422,0.0,2.622,44.084,2.532,normal
2026-10-01 08:48:41,F1,55.347,0.0,1.02,49.274,4.556,normal
2026-10-01 08:49:41,F1,53.452,0.0,3.06,57.57,6.435,normal
2026-10-01 08:50:41,F1,45.942,0.0,2.558,60.318,5.271,normal
2026-10-01 08:51:41,F1,64.413,0.0,2.332,54.521,9.358,normal
2026-10-01 08:52:41,F1,63.521,0.0,2.087,45.31,4.188,normal
2026-10-01 08:53:41,F1,57.28,0.0,1.182,70.891,4.802,normal
2026-10-01 08:54:41,F1,61.346,0.0,2.491,64.877,5.139,normal
2026-10-01 08:55:41,F1,47.992,0.0,1.86,38.139,6.144,normal
2026-10-01 08:56:41,F1,48.938,0.0,2.049,45.376,4.023,normal
2026-10-01 08:57:41,F1,47.153,0.0,3.445,56.518,6.299,normal
2026-10-01 08:58:41,F1,56.068,0.0,2.285,50.079,4.849,normal
2026-10-01 08:59:41,F1,47.671,0.0,1.402,57.613,3.136,normal
2026-10-01 09:00:41,F1,56.294,0.0,2.558,39.622,4.642,normal
2026-10-01 09:01:41,F1,59.881,0.0,1.809,63.906,7.687,normal
2026-10-01 09:02:41,F1,45.345,0.0,2.388,54.285,6.271,normal
2026-10-01 09:03:41,F1,47.969,0.0,2.228,51.416,3.515,normal
2026-10-01 09:04:41,F1,58.583,0.0,2.561,48.942,3.286,normal
2026-10-01 09:05:41,F1,44.652,0.0,1.698,42.465,5.628,normal
2026-10-01 09:06:41,F1,43.56,0.0,2.631,48.818,4.667,normal
2026-10-01 09:07:41,F1,58.693,0.0,2.433,35.815,5.298,normal
2026-10-01 09:08:41,F1,54.904,0.0,2.137,62.471,6.994,normal
2026-10-01 09:09:41,F1,47.307,0.0,3.227,53.256,6.531,normal
2026-10-01 09:10:41,F1,50.516,0.0,1.626,58.322,6.335,normal
2026-10-01 09:11:41,F1,59.878,0.0,2.489,64.17,5.078,normal
2026-10-01 09:12:41,F1,64.66,0.0,1.878,58.791,5.104,normal
2026-10-01 09:13:41,F1,58.996,0.0,2.667,49.569,6.079,normal
2026-10-01 09:14:41,F1,56.5,0.0,2.669,53.551,4.293,normal
2026-10-01 09:15:41,F1,50.238,0.0,1.545,55.155,5.568,normal
2026-10-01 09:16:41,F1,49.333,0.0,3.48,67.668,6.734,normal
2026-10-01 09:17:41,F1,55.298,0.0,2.208,42.071,6.019,normal
2026-10-01 09:18:41,F1,57.709,0.0,2.189,61.014,4.012,normal
2026-10-01 09:19:41,F1,63.962,0.0,1.758,59.287,5.224,normal
2026-10-01 09:20:41,F1,46.132,0.0,1.956,61.303,4.377,normal
2026-10-01 09:21:41,F1,53.95,0.0,2.222,54.222,4.533,normal
2026-10-01 09:22:41,F1,53.437,0.0,2.208,54.007,3.859,normal
2026-10-01 09:23:41,F1,59.756,0.0,2.397,41.648,6.917,normal
2026-10-01 09:24:41,F1,56.841,0.0,1.999,44.898,4.026,normal
2026-10-01 09:25:41,F1,61.854,0.0,2.833,52.746,5.109,normal
2026-10-01 09:26:41,F1,49.504,0.0,2.336,51.801,7.471,normal
2026-10-01 09:27:41,F1,71.887,0.0,1.892,65.084,3.347,normal
2026-10-01 09:28:41,F1,51.971,0.0,1.954,48.478,7.057,normal
2026-10-01 09:29:41,F1,41.848,0.0,2.536,51.509,6.08,normal
2026-10-01 09:30:41,F1,47.332,0.0,2.055,59.943,5.947,normal
2026-10-01 09:31:41,F1,52.276,0.0,2.693,56.175,7.433,normal
2026-10-01 09:32:41,F1,60.633,0.0,3.05,64.383,7.308,normal
2026-10-01 09:33:41,F1,46.285,0.0,1.375,53.254,7.31,normal
2026-10-01 09:34:41,F1,57.575,0.0,2.707,54.44,4.716,normal
2026-10-01 09:35:41,F1,67.828,0.0,2.065,46.457,1.573,normal
2026-10-01 09:36:41,F1,42.001,0.0,3.105,42.099,4.808,normal
2026-10-01 09:37:41,F1,56.343,0.0,2.03,56.688,2.656,normal
2026-10-01 09:38:41,F1,69.026,0.0,2.769,44.379,5.89,normal
2026-10-01 09:39:41,F1,49.787,0.0,3.48,56.657,5.113,normal
2026-10-01 09:40:41,F1,49.681,0.0,2.198,53.882,6.223,normal
2026-10-01 09:41:41,F1,50.495,0.0,2.377,50.634,6.366,normal
2026-10-01 09:42:41,F1,51.598,0.0,1.512,57.902,5.487,normal
2026-10-01 09:43:41,F1,68.227,0.0,2.27,52.927,6.458,normal
2026-10-01 09:44:41,F1,53.856,0.0,2.476,45.482,4.251,normal
2026-10-01 09:45:41,F1,60.058,0.0,1.276,67.303,5.679,normal
2026-10-01 09:46:41,F1,53.677,0.0,2.389,50.821,6.674,normal
2026-10-01 09:47:41,F1,45.753,0.0,2.721,55.224,5.936,normal
2026-10-01 09:48:41,F1,57.108,0.0,1.602,58.559,5.752,normal
2026-10-01 09:49:41,F1,37.462,0.0,2.573,63.847,6.367,normal
2026-10-01 09:50:41,F1,52.396,0.0,3.244,41.259,4.207,normal
2026-10-01 09:51:41,F1,48.369,0.0,2.395,49.48,3.724,normal
2026-10-01 09:52:41,F1,56.511,0.0,2.133,52.791,6.75,normal
2026-10-01 09:53:41,F1,61.198,0.0,2.766,41.545,7.549,normal
2026-10-01 09:54:41,F1,53.319,0.0,2.987,58.172,4.874,normal
2026-10-01 09:55:41,F1,63.278,0.0,2.24,61.373,7.615,normal
2026-10-01 09:56:41,F1,54.604,0.0,2.456,55.163,6.648,normal
2026-10-01 09:57:41,F1,58.268,0.0,3.036,50.774,5.164,normal
2026-10-01 09:58:41,F1,53.357,0.0,2.944,45.633,7.468,normal
2026-10-01 09:59:41,F1,54.463,0.0,2.982,51.125,4.448,normal
2026-10-01 10:00:41,F1,60.019,0.0,2.172,55.0,6.125,normal
2026-10-01 10:01:41,F1,47.369,0.0,2.602,43.648,4.353,normal
2026-10-01 10:02:41,F1,55.984,0.0,1.928,56.271,5.923,normal
2026-10-01 10:03:41,F1,50.329,0.0,1.738,58.491,3.905,normal
2026-10-01 10:04:41,F1,50.103,0.0,2.938,59.618,7.658,normal
2026-10-01 10:05:41,F1,59.976,0.0,2.307,48.349,6.712,normal
2026-10-01 10:06:41,F1,58.185,0.0,2.605,51.308,6.78,normal
2026-10-01 10:07:41,F1,50.743,0.0,3.148,57.202,5.968,normal
2026-10-01 10:08:41,F1,54.399,0.0,2.886,60.222,2.719,normal
2026-10-01 10:09:41,F1,48.775,0.0,2.736,63.42,6.787,normal
2026-10-01 10:10:41,F1,55.038,0.0,1.181,58.193,3.808,normal
2026-10-01 10:11:41,F1,60.39,0.0,3.619,54.471,6.911,normal
2026-10-01 10:12:41,F1,66.372,0.0,2.297,51.527,6.633,normal
2026-10-01 10:13:41,F1,58.973,0.0,2.105,46.35,7.364,normal
2026-10-01 10:14:41,F1,53.335,0.0,1.652,55.235,5.776,normal
2026-10-01 10:15:41,F1,49.95,0.0,2.302,61.683,2.288,normal
2026-10-01 10:16:41,F1,41.297,0.0,1.943,46.154,5.147,normal
2026-10-01 10:17:41,F1,59.207,0.0,1.934,49.418,5.415,normal
2026-10-01 10:18:41,F1,60.84,0.0,2.504,55.185,4.214,normal
2026-10-01 10:19:41,F1,48.343,0.0,2.327,61.745,5.559,normal
2026-10-01 10:20:41,F1,58.447,0.0,2.425,46.393,6.063,normal
2026-10-01 10:21:41,F1,71.375,0.0,2.156,63.992,4.419,normal
2026-10-01 10:22:41,F1,54.245,0.0,2.091,57.237,4.459,normal
2026-10-01 10:23:41,F1,45.898,0.0,2.813,50.415,7.406,normal
2026-10-01 10:24:41,F1,61.956,0.0,1.546,52.537,5.346,normal
2026-10-01 10:25:41,F1,54.152,0.0,2.427,52.87,5.353,normal
2026-10-01 10:26:41,F1,63.644,0.0,3.11,48.337,3.71,normal
2026-10-01 10:27:41,F1,45.166,0.0,3.364,51.039,7.507,normal
2026-10-01 10:28:41,F1,51.879,0.0,2.128,53.439,4.984,normal
2026-10-01 10:29:41,F1,44.269,0.0,1.89,63.399,4.774,normal
2026-10-01 10:30:41,F1,46.269,0.0,2.325,53.927,4.557,normal
2026-10-01 10:31:41,F1,59.257,0.0,1.412,50.299,5.735,normal
2026-10-01 10:32:41,F1,53.29,0.0,0.0,54.27,3.546,normal
2026-10-01 10:33:41,F1,62.187,0.0,3.233,49.924,5.456,normal
2026-10-01 10:34:41,F1,44.922,0.0,2.475,39.442,6.445,normal
2026-10-01 10:35:41,F1,63.63,0.0,2.267,42.683,5.453,normal
2026-10-01 10:36:41,F1,60.919,0.0,1.647,41.562,7.043,normal
2026-10-01 10:37:41,F1,48.811,0.0,2.695,57.059,6.163,normal
2026-10-01 10:38:41,F1,46.041,0.0,2.564,64.039,3.223,normal
2026-10-01 10:39:41,F1,41.757,0.0,1.934,65.119,6.091,normal
2026-10-01 10:40:41,F1,54.599,0.0,1.548,52.561,6.156,normal
2026-10-01 10:41:41,F1,61.478,0.0,2.733,52.115,3.38,normal
2026-10-01 10:42:41,F1,45.491,0.0,2.608,53.906,7.502,normal
2026-10-01 10:43:41,F1,50.389,0.0,2.947,51.469,6.846,normal
2026-10-01 10:44:41,F1,60.037,0.0,1.816,50.704,5.231,normal
2026-10-01 10:45:41,F1,49.846,0.0,2.739,62.375,5.524,normal
2026-10-01 10:46:41,F1,59.962,0.0,1.242,52.176,5.867,normal
2026-10-01 10:47:41,F1,39.486,0.0,1.179,64.947,7.922,normal
2026-10-01 10:48:41,F1,55.939,0.0,2.135,63.981,6.256,normal
2026-10-01 10:49:41,F1,59.371,0.0,1.806,64.402,6.801,normal
2026-10-01 10:50:41,F1,41.945,0.0,2.429,62.897,4.384,normal
2026-10-01 10:51:41,F1,49.704,0.0,2.32,61.568,4.15,normal
2026-10-01 10:52:41,F1,54.22,0.0,2.667,54.249,5.46,normal
2026-10-01 10:53:41,F1,51.813,0.0,3.216,53.462,6.02,normal
2026-10-01 10:54:41,F1,65.403,0.0,2.53,59.39,7.488,normal
2026-10-01 10:55:41,F1,51.03,0.0,2.645,64.456,4.435,normal
2026-10-01 10:56:41,F1,41.65,0.0,3.235,32.908,4.403,normal
2026-10-01 10:57:41,F1,41.531,0.0,2.836,54.292,4.147,normal
2026-10-01 10:58:41,F1,38.502,0.0,3.191,56.626,4.351,normal
2026-10-01 10:59:41,F1,47.347,0.0,1.466,51.056,6.92,normal
2026-10-01 11:00:41,F1,57.342,0.0,1.903,46.872,5.471,normal
2026-10-01 11:01:41,F1,58.193,0.0,2.313,57.26,4.467,normal
2026-10-01 11:02:41,F1,55.021,0.0,2.674,43.463,4.547,normal
2026-10-01 11:03:41,F1,106.184,0.0,1.535,60.484,5.691,normal
2026-10-01 11:04:41,F1,59.314,0.0,2.476,65.515,3.185,normal
2026-10-01 11:05:41,F1,45.031,0.0,2.876,69.172,2.911,normal
2026-10-01 11:06:41,F1,68.521,0.0,2.835,33.933,6.067,normal
2026-10-01 11:07:41,F1,48.862,0.0,2.833,54.867,5.968,normal
2026-10-01 11:08:41,F1,54.913,0.0,1.525,71.774,4.654,normal
2026-10-01 11:09:41,F1,65.991,0.0,2.429,46.249,4.169,normal
2026-10-01 11:10:41,F1,47.26,0.0,2.815,56.057,5.039,normal
2026-10-01 11:11:41,F1,67.42,0.0,2.45,39.537,6.373,normal
2026-10-01 11:12:41,F1,46.119,0.0,2.38,52.802,3.855,normal
2026-10-01 11:13:41,F1,58.329,0.0,2.67,57.41,3.859,normal
2026-10-01 11:14:41,F1,59.447,0.0,3.057,50.416,4.588,normal
2026-10-01 11:15:41,F1,51.801,0.0,3.369,52.485,2.83,normal
2026-10-01 11:16:41,F1,41.9,0.0,2.131,50.269,4.803,normal
2026-10-01 11:17:41,F1,36.43,0.0,2.045,53.618,6.324,normal
2026-10-01 11:18:41,F1,60.927,0.0,3.349,51.519,7.218,normal
2026-10-01 11:19:41,F1,52.589,0.0,2.246,60.726,6.735,normal
2026-10-01 11:20:41,F1,54.774,0.0,2.513,58.377,3.611,normal
2026-10-01 11:21:41,F1,49.291,0.0,1.892,55.088,4.026,normal
2026-10-01 11:22:41,F1,76.429,0.0,2.733,66.86,5.084,normal
2026-10-01 11:23:41,F1,56.144,0.0,2.537,55.175,5.079,normal
2026-10-01 11:24:41,F1,52.507,0.0,2.789,47.985,4.494,normal
2026-10-01 11:25:41,F1,55.941,0.0,2.411,57.239,5.774,normal
2026-10-01 11:26:41,F1,56.616,0.0,2.762,71.245,6.504,normal
2026-10-01 11:27:41,F1,66.248,0.0,2.773,33.69,5.168,normal
2026-10-01 11:28:41,F1,52.954,0.0,2.569,46.744,4.98,normal
2026-10-01 11:29:41,F1,49.765,0.0,2.543,58.006,4.657,normal
2026-10-01 11:30:41,F1,52.995,0.0,2.772,57.454,2.326,normal
2026-10-01 11:31:41,F1,51.843,0.0,1.817,56.258,6.655,normal
2026-10-01 11:32:41,F1,60.873,0.0,2.707,60.851,3.714,normal
2026-10-01 11:33:41,F1,53.511,0.0,3.223,49.7,5.045,normal
2026-10-01 11:34:41,F1,48.852,0.0,2.123,44.458,4.196,normal
2026-10-01 11:35:41,F1,58.321,0.0,2.411,43.433,3.975,normal
2026-10-01 11:36:41,F1,54.069,0.0,3.133,69.019,7.121,normal
2026-10-01 11:37:41,F1,74.181,0.0,1.579,57.993,5.163,normal
2026-10-01 11:38:41,F1,56.52,0.0,2.802,55.371,5.456,normal
2026-10-01 11:39:41,F1,45.049,0.0,2.076,50.942,6.364,normal
2026-10-01 11:40:41,F1,48.179,0.0,2.169,64.2,6.525,normal
2026-10-01 11:41:41,F1,51.822,0.0,2.082,40.384,5.282,normal
2026-10-01 11:42:41,F1,52.038,0.0,1.216,44.708,5.328,normal
2026-10-01 11:43:41,F1,51.834,0.0,1.912,62.517,3.415,normal
2026-10-01 11:44:41,F1,63.428,0.0,1.449,59.998,3.797,normal
2026-10-01 11:45:41,F1,55.701,0.0,2.875,64.635,4.966,normal
2026-10-01 11:46:41,F1,57.338,0.0,2.358,57.911,5.454,normal
2026-10-01 11:47:41,F1,60.932,0.0,3.033,55.515,5.588,normal
2026-10-01 11:48:41,F1,44.514,0.0,2.35,59.764,5.787,normal
2026-10-01 11:49:41,F1,57.898,0.0,2.336,60.575,6.221,normal
2026-10-01 11:50:41,F1,52.282,0.0,3.152,51.191,5.937,normal
2026-10-01 11:51:41,F1,56.568,0.0,2.411,53.483,3.753,normal
2026-10-01 11:52:41,F1,43.68,0.0,1.736,47.955,7.056,normal
2026-10-01 11:53:41,F1,61.899,0.0,3.372,55.443,3.979,normal
2026-10-01 11:54:41,F1,48.386,0.0,2.212,56.653,5.059,normal
2026-10-01 11:55:41,F1,59.629,0.0,2.229,47.606,6.16,normal
2026-10-01 11:56:41,F1,42.077,0.0,2.27,47.42,7.304,normal
2026-10-01 11:57:41,F1,44.113,0.0,2.71,55.268,7.562,normal
2026-10-01 11:58:41,F1,52.536,0.0,2.012,55.712,8.671,normal
2026-10-01 11:59:41,F1,59.895,0.0,1.841,51.491,6.394,normal
2026-10-01 12:00:41,F1,43.996,0.0,2.96,50.289,6.051,normal
2026-10-01 12:01:41,F1,54.222,0.0,2.647,50.075,6.145,normal
2026-10-01 12:02:41,F1,60.941,0.0,3.111,58.862,7.105,normal
2026-10-01 12:03:41,F1,56.939,0.0,2.062,50.396,4.401,normal
2026-10-01 12:04:41,F1,67.484,0.0,2.444,61.892,6.344,normal
2026-10-01 12:05:41,F1,51.851,0.0,2.0,57.434,3.975,normal
2026-10-01 12:06:41,F1,46.338,0.0,2.778,54.777,5.197,normal
2026-10-01 12:07:41,F1,50.669,0.0,2.298,70.464,5.68,normal
2026-10-01 12:08:41,F1,64.97,0.0,2.823,46.316,6.008,normal
2026-10-01 12:09:41,F1,44.893,0.0,2.073,44.891,8.005,normal
2026-10-01 12:10:41,F1,45.134,0.0,2.732,52.364,6.237,normal
2026-10-01 12:11:41,F1,44.578,0.0,1.194,45.333,4.683,normal
2026-10-01 12:12:41,F1,64.468,0.0,2.376,49.038,4.149,normal
2026-10-01 12:13:41,F1,54.289,0.0,2.107,43.327,6.518,normal
2026-10-01 12:14:41,F1,48.306,0.0,2.775,58.817,3.499,normal
2026-10-01 12:15:41,F1,40.622,0.0,1.513,52.049,5.187,normal
2026-10-01 12:16:41,F1,46.871,0.0,2.873,56.114,7.798,normal
2026-10-01 12:17:41,F1,57.962,0.0,2.536,66.246,5.751,normal
2026-10-01 12:18:41,F1,53.876,0.0,1.82,58.253,5.85,normal
2026-10-01 12:19:41,F1,58.121,0.0,1.74,50.259,3.768,normal
2026-10-01 12:20:41,F1,55.837,0.0,2.7,40.69,4.788,normal
2026-10-01 12:21:41,F1,51.272,0.0,2.026,70.268,4.647,normal
2026-10-01 12:22:41,F1,63.63,0.0,2.295,40.42,5.561,normal
2026-10-01 12:23:41,F1,53.409,0.0,2.508,54.052,5.42,normal
2026-10-01 12:24:41,F1,54.848,0.0,2.012,55.935,5.77,normal
2026-10-01 12:25:41,F1,51.305,0.0,1.195,47.686,4.315,normal
2026-10-01 12:26:41,F1,61.112,0.0,2.695,49.586,5.524,normal
2026-10-01 12:27:41,F1,53.657,0.0,1.32,56.829,5.544,normal
2026-10-01 12:28:41,F1,49.439,0.0,1.938,55.153,5.699,normal
2026-10-01 12:29:41,F1,46.777,0.0,2.937,48.272,4.783,normal
2026-10-01 12:30:41,F1,37.948,0.0,2.478,33.882,4.945,normal
2026-10-01 12:31:41,F1,54.501,0.0,2.498,62.845,5.194,normal
2026-10-01 12:32:41,F1,53.947,0.0,2.485,67.715,3.496,normal
2026-10-01 12:33:41,F1,53.021,0.0,2.512,63.845,6.894,normal
2026-10-01 12:34:41,F1,40.781,0.0,2.425,38.8,5.596,normal
2026-10-01 12:35:41,F1,48.988,0.0,2.181,67.056,3.842,normal
2026-10-01 12:36:41,F1,56.881,0.0,3.215,47.071,4.775,normal
2026-10-01 12:37:41,F1,51.409,0.0,1.54,43.657,4.826,normal
2026-10-01 12:38:41,F1,46.335,0.0,1.764,50.15,5.803,normal
2026-10-01 12:39:41,F1,53.587,0.0,3.082,68.898,5.449,normal
2026-10-01 12:40:41,F1,53.729,0.0,2.468,60.421,4.614,normal
2026-10-01 12:41:41,F1,59.493,0.0,2.6,44.102,3.897,normal
2026-10-01 12:42:41,F1,57.317,0.0,1.647,55.309,5.885,normal
2026-10-01 12:43:41,F1,43.482,0.0,2.002,37.071,6.63,normal
2026-10-01 12:44:41,F1,58.104,0.0,2.556,64.968,7.191,normal
2026-10-01 12:45:41,F1,49.033,0.0,2.225,46.978,5.51,normal
2026-10-01 12:46:41,F1,53.21,0.0,2.781,48.099,5.658,normal
2026-10-01 12:47:41,F1,44.358,0.0,2.086,49.355,6.116,normal
2026-10-01 12:48:41,F1,39.727,0.0,2.022,52.244,4.284,normal
2026-10-01 12:49:41,F1,42.714,0.0,2.626,52.203,4.884,normal
2026-10-01 12:50:41,F1,55.425,0.0,1.758,68.843,4.7,normal
2026-10-01 12:51:41,F1,61.251,0.0,1.882,41.875,5.608,normal
2026-10-01 12:52:41,F1,64.294,0.0,2.601,49.139,6.239,normal
2026-10-01 12:53:41,F1,39.432,0.0,3.435,59.849,6.004,normal
2026-10-01 12:54:41,F1,54.048,0.0,2.513,53.27,6.278,normal
2026-10-01 12:55:41,F1,57.898,0.0,2.133,37.606,4.914,normal
2026-10-01 12:56:41,F1,54.398,0.0,2.518,63.794,4.661,normal
2026-10-01 12:57:41,F1,45.624,0.0,2.395,59.698,6.781,normal
2026-10-01 12:58:41,F1,55.7,0.0,2.72,67.643,6.553,normal
2026-10-01 12:59:41,F1,57.803,0.0,2.439,50.3,3.152,normal
2026-10-01 13:00:41,F1,66.829,0.0,2.055,55.274,3.451,normal
2026-10-01 13:01:41,F1,64.22,0.0,1.53,55.399,5.329,normal
2026-10-01 13:02:41,F1,48.9,0.0,2.248,39.446,4.877,normal
2026-10-01 13:03:41,F1,47.245,0.0,2.564,52.626,5.116,normal
2026-10-01 13:04:41,F1,40.855,0.0,1.748,63.368,3.916,normal
2026-10-01 13:05:41,F1,56.986,0.0,0.972,53.444,4.05,normal
2026-10-01 13:06:41,F1,45.086,0.0,1.887,61.083,5.699,normal
2026-10-01 13:07:41,F1,54.688,0.0,1.467,37.019,2.887,normal
2026-10-01 13:08:41,F1,53.445,0.0,2.855,74.229,2.538,normal
2026-10-01 13:09:41,F1,56.701,0.0,2.773,53.227,7.407,normal
2026-10-01 13:10:41,F1,63.217,0.0,1.787,56.846,4.063,normal
2026-10-01 13:11:41,F1,58.207,0.0,3.536,48.825,5.358,normal
2026-10-01 13:12:41,F1,54.537,0.0,2.173,50.91,5.952,normal
2026-10-01 13:13:41,F1,55.848,0.0,2.121,60.298,3.568,normal
2026-10-01 13:14:41,F1,46.878,0.0,2.658,55.793,8.201,normal
2026-10-01 13:15:41,F1,55.278,0.0,2.157,57.899,3.883,normal
2026-10-01 13:16:41,F1,55.263,0.0,1.956,65.709,4.15,normal
2026-10-01 13:17:41,F1,66.477,0.0,3.008,57.382,6.075,normal
2026-10-01 13:18:41,F1,49.729,0.0,2.441,61.699,4.537,normal
2026-10-01 13:19:41,F1,47.902,0.0,1.582,53.215,3.334,normal
2026-10-01 13:20:41,F1,71.699,0.0,3.616,53.169,4.53,normal
2026-10-01 13:21:41,F1,58.959,0.0,2.952,46.143,5.2,normal
2026-10-01 13:22:41,F1,61.761,0.0,1.965,53.364,4.439,normal
2026-10-01 13:23:41,F1,54.81,0.0,1.8,44.47,5.257,normal
2026-10-01 13:24:41,F1,53.787,0.0,0.658,52.092,5.617,normal
2026-10-01 13:25:41,F1,45.427,0.0,1.445,46.98,6.559,normal
2026-10-01 13:26:41,F1,49.021,0.0,1.801,53.369,6.287,normal
2026-10-01 13:27:41,F1,57.166,0.0,2.683,34.556,4.343,normal
2026-10-01 13:28:41,F1,50.221,0.0,2.365,54.547,3.531,normal
2026-10-01 13:29:41,F1,48.512,0.0,1.958,70.272,5.305,normal
2026-10-01 13:30:41,F1,56.33,0.0,1.586,62.666,4.163,normal
2026-10-01 13:31:41,F1,51.684,0.0,1.866,61.217,4.78,normal
2026-10-01 13:32:41,F1,55.641,0.0,1.93,47.207,8.164,normal
2026-10-01 13:33:41,F1,59.665,0.0,2.921,69.039,1.977,normal
2026-10-01 13:34:41,F1,65.526,0.0,2.779,46.764,4.408,normal
2026-10-01 13:35:41,F1,44.998,0.0,2.316,31.958,5.272,normal
2026-10-01 13:36:41,F1,64.226,0.0,1.314,65.533,5.911,normal
2026-10-01 13:37:41,F1,44.138,0.0,2.779,62.009,4.051,normal
2026-10-01 13:38:41,F1,52.432,0.0,1.582,58.769,3.402,normal
2026-10-01 13:39:41,F1,58.009,0.0,3.6,49.962,5.407,normal
2026-10-01 13:40:41,F1,58.219,0.0,2.962,44.474,7.618,normal
2026-10-01 13:41:41,F1,54.349,0.0,2.522,47.159,5.754,normal
2026-10-01 13:42:41,F1,60.537,0.0,1.626,44.134,5.822,normal
2026-10-01 13:43:41,F1,58.856,0.0,3.136,47.598,6.021,normal
2026-10-01 13:44:41,F1,48.48,0.0,2.342,57.185,4.46,normal
2026-10-01 13:45:41,F1,52.866,0.0,2.31,46.539,5.204,normal
2026-10-01 13:46:41,F1,53.758,0.0,2.116,55.931,6.304,normal
2026-10-01 13:47:41,F1,48.536,0.0,2.096,61.829,4.334,normal
2026-10-01 13:48:41,F1,50.209,0.0,2.151,51.433,5.667,normal
2026-10-01 13:49:41,F1,60.028,0.0,2.174,65.161,4.497,normal
2026-10-01 13:50:41,F1,48.441,0.0,2.02,57.24,4.919,normal
2026-10-01 13:51:41,F1,70.175,0.0,1.719,59.676,7.242,normal
2026-10-01 13:52:41,F1,44.924,0.0,1.642,54.604,6.724,normal
2026-10-01 13:53:41,F1,53.906,0.0,2.285,43.126,6.385,normal
2026-10-01 13:54:41,F1,48.401,0.0,2.093,46.692,7.863,normal
2026-10-01 13:55:41,F1,47.158,0.0,2.153,61.717,6.238,normal
2026-10-01 13:56:41,F1,50.953,0.0,2.086,54.951,5.487,normal
2026-10-01 13:57:41,F1,53.408,0.0,0.984,71.122,7.799,normal
2026-10-01 13:58:41,F1,53.111,0.0,2.072,61.716,6.078,normal
2026-10-01 13:59:41,F1,55.485,0.0,2.541,60.82,4.991,normal
2026-10-01 14:00:41,F1,46.786,0.0,2.633,42.054,5.242,normal
2026-10-01 14:01:41,F1,59.999,0.0,1.92,64.426,3.782,normal
2026-10-01 14:02:41,F1,58.366,0.0,2.508,54.292,5.824,normal
2026-10-01 14:03:41,F1,45.978,0.0,2.271,51.377,4.154,normal
2026-10-01 14:04:41,F1,49.278,0.0,2.012,57.634,7.846,normal
2026-10-01 14:05:41,F1,58.802,0.0,2.794,63.912,4.864,normal
2026-10-01 14:06:41,F1,52.513,0.0,2.034,58.519,6.273,normal
2026-10-01 14:07:41,F1,53.158,0.0,1.657,46.568,5.584,normal
2026-10-01 14:08:41,F1,66.091,0.0,1.534,64.067,4.087,normal
2026-10-01 14:09:41,F1,51.702,0.0,2.829,54.074,5.51,normal
2026-10-01 14:10:41,F1,59.189,0.0,2.605,62.644,7.191,normal
2026-10-01 14:11:41,F1,57.901,0.0,1.596,62.796,4.456,normal
2026-10-01 14:12:41,F1,33.932,0.0,2.351,77.045,4.859,normal
2026-10-01 14:13:41,F1,67.021,0.0,1.908,69.19,1.882,normal
2026-10-01 14:14:41,F1,54.268,0.0,2.867,59.303,5.349,normal
2026-10-01 14:15:41,F1,62.802,0.0,2.822,46.89,4.564,normal
2026-10-01 14:16:41,F1,48.66,0.0,2.563,66.29,5.191,normal
2026-10-01 14:17:41,F1,55.815,0.0,2.33,68.122,6.355,normal
2026-10-01 14:18:41,F1,57.626,0.0,1.964,51.838,4.88,normal
2026-10-01 14:19:41,F1,54.182,0.0,2.737,55.667,5.807,normal
2026-10-01 14:20:41,F1,51.449,0.0,2.249,49.428,4.577,normal
2026-10-01 14:21:41,F1,58.906,0.0,0.85,58.328,4.247,normal
2026-10-01 14:22:41,F1,37.996,0.0,0.954,60.676,7.039,normal
2026-10-01 14:23:41,F1,63.841,0.0,2.431,40.27,5.266,normal
2026-10-01 14:24:41,F1,44.01,0.0,1.717,56.266,6.277,normal
2026-10-01 14:25:41,F1,48.711,0.0,1.366,49.786,4.46,normal
2026-10-01 14:26:41,F1,50.143,0.0,2.272,61.323,3.144,normal
2026-10-01 14:27:41,F1,48.124,0.0,1.543,56.838,5.773,normal
2026-10-01 14:28:41,F1,52.045,0.0,2.69,61.151,2.676,normal
2026-10-01 14:29:41,F1,52.69,0.0,2.323,58.662,6.346,normal
2026-10-01 14:30:41,F1,65.902,0.0,2.052,69.044,6.247,normal
2026-10-01 14:31:41,F1,50.846,0.0,1.799,53.287,6.395,normal
2026-10-01 14:32:41,F1,50.248,0.0,2.043,49.696,3.317,normal
2026-10-01 14:33:41,F1,57.67,0.0,1.527,43.496,4.993,normal
2026-10-01 14:34:41,F1,45.439,0.0,2.995,49.476,3.241,normal
2026-10-01 14:35:41,F1,57.928,0.0,2.672,48.275,5.749,normal
2026-10-01 14:36:41,F1,55.46,0.0,2.182,50.064,8.464,normal
2026-10-01 14:37:41,F1,45.913,0.0,1.522,51.874,4.596,normal
2026-10-01 14:38:41,F1,52.957,0.0,1.083,47.649,3.775,normal
2026-10-01 14:39:41,F1,41.685,0.0,1.547,57.923,3.389,normal
2026-10-01 14:40:41,F1,52.329,0.0,2.458,69.999,4.229,normal
2026-10-01 14:41:41,F1,56.738,0.0,1.257,54.533,4.301,normal
2026-10-01 14:42:41,F1,54.578,0.0,2.026,48.918,3.838,normal
2026-10-01 14:43:41,F1,47.603,0.0,1.684,46.132,5.431,normal
2026-10-01 14:44:41,F1,62.89,0.0,1.718,61.974,5.963,normal
2026-10-01 14:45:41,F1,60.44,0.0,2.044,42.776,6.059,normal
2026-10-01 14:46:41,F1,65.227,0.0,2.294,58.018,5.972,normal
2026-10-01 14:47:41,F1,38.769,0.0,2.575,54.065,6.329,normal
2026-10-01 14:48:41,F1,54.642,0.0,1.687,47.657,4.735,normal
2026-10-01 14:49:41,F1,56.832,0.0,2.016,47.125,5.888,normal
2026-10-01 14:50:41,F1,55.368,0.0,1.918,37.467,5.925,normal
2026-10-01 14:51:41,F1,41.726,0.0,2.039,46.843,7.178,normal
2026-10-01 14:52:41,F1,52.888,0.0,2.774,39.257,2.706,normal
2026-10-01 14:53:41,F1,52.217,0.0,3.021,56.625,6.392,normal
2026-10-01 14:54:41,F1,62.379,0.0,2.909,58.29,6.093,normal
2026-10-01 14:55:41,F1,53.97,0.0,2.053,47.933,4.227,normal
2026-10-01 14:56:41,F1,55.583,0.0,1.202,56.34,5.7,normal
2026-10-01 14:57:41,F1,56.058,0.0,2.231,40.617,3.925,normal
2026-10-01 14:58:41,F1,60.793,0.0,2.342,69.238,6.079,normal
2026-10-01 14:59:41,F1,47.537,0.0,2.704,54.535,8.256,normal
2026-10-01 15:00:41,F1,50.697,0.0,2.254,58.612,6.341,normal
2026-10-01 15:01:41,F1,54.196,0.0,2.541,64.57,6.147,normal
2026-10-01 15:02:41,F1,68.126,0.0,2.072,55.342,4.228,normal
2026-10-01 15:03:41,F1,46.876,0.0,3.21,41.171,6.059,normal
2026-10-01 15:04:41,F1,48.271,0.0,1.819,65.821,4.481,normal
2026-10-01 15:05:41,F1,49.941,0.0,1.646,42.449,4.431,normal
2026-10-01 15:06:41,F1,57.007,0.0,2.668,53.224,7.441,normal
2026-10-01 15:07:41,F1,49.463,0.0,2.229,57.382,4.841,normal
2026-10-01 15:08:41,F1,53.084,0.0,2.822,53.113,7.21,normal
2026-10-01 15:09:41,F1,53.269,0.0,2.763,51.373,5.737,normal
2026-10-01 15:10:41,F1,36.09,0.0,2.961,45.406,7.124,normal
2026-10-01 15:11:41,F1,53.243,0.0,2.777,41.355,5.585,normal
2026-10-01 15:12:41,F1,48.952,0.0,2.097,64.761,4.198,normal
2026-10-01 15:13:41,F1,50.789,0.0,2.144,48.431,7.13,normal
2026-10-01 15:14:41,F1,61.464,0.0,0.778,49.18,5.999,normal
2026-10-01 15:15:41,F1,55.246,0.0,2.066,54.164,6.025,normal
2026-10-01 15:16:41,F1,59.994,0.0,0.557,71.265,4.671,normal
2026-10-01 15:17:41,F1,61.139,0.0,2.898,60.012,7.336,normal
2026-10-01 15:18:41,F1,46.55,0.0,2.355,50.347,2.024,normal
2026-10-01 15:19:41,F1,58.709,0.0,2.194,48.919,5.134,normal
2026-10-01 15:20:41,F1,52.099,0.0,3.448,47.905,5.497,normal
2026-10-01 15:21:41,F1,52.234,0.0,1.532,53.817,5.806,normal
2026-10-01 15:22:41,F1,56.823,0.0,1.985,67.965,5.804,normal
2026-10-01 15:23:41,F1,55.2,0.0,2.784,56.566,6.409,normal
2026-10-01 15:24:41,F1,52.038,0.0,0.634,64.643,5.281,normal
2026-10-01 15:25:41,F1,68.631,0.0,2.071,50.54,2.562,normal
2026-10-01 15:26:41,F1,59.426,0.0,2.167,46.258,6.85,normal
2026-10-01 15:27:41,F1,44.42,0.0,1.735,62.087,6.421,normal
2026-10-01 15:28:41,F1,47.077,0.0,1.575,48.416,5.499,normal
2026-10-01 15:29:41,F1,55.595,0.0,1.365,63.216,6.497,normal
2026-10-01 15:30:41,F1,73.939,0.0,1.126,54.724,6.343,normal
2026-10-01 15:31:41,F1,49.853,0.0,2.073,52.326,6.07,normal
2026-10-01 15:32:41,F1,55.557,0.0,2.792,41.446,5.004,normal
2026-10-01 15:33:41,F1,60.19,0.0,1.102,65.692,5.984,normal
2026-10-01 15:34:41,F1,55.992,0.0,2.089,48.417,4.769,normal
2026-10-01 15:35:41,F1,60.304,0.0,1.743,53.637,7.014,normal
2026-10-01 15:36:41,F1,53.909,0.0,1.982,53.841,4.561,normal
2026-10-01 15:37:41,F1,46.585,0.0,2.27,62.887,5.797,normal
2026-10-01 15:38:41,F1,62.744,0.0,2.518,37.648,5.391,normal
2026-10-01 15:39:41,F1,46.343,0.0,2.265,48.339,4.246,normal
2026-10-01 15:40:41,F1,52.403,0.0,1.678,55.569,4.747,normal
2026-10-01 15:41:41,F1,50.464,0.0,1.851,56.367,3.58,normal
2026-10-01 15:42:41,F1,53.626,0.0,2.212,42.187,5.177,normal
2026-10-01 15:43:41,F1,51.363,0.0,2.033,54.883,6.065,normal
2026-10-01 15:44:41,F1,68.755,0.0,1.88,43.99,5.605,normal
2026-10-01 15:45:41,F1,54.934,0.0,3.237,49.481,5.439,normal
2026-10-01 15:46:41,F1,61.776,0.0,2.905,52.372,6.027,normal
2026-10-01 15:47:41,F1,49.327,0.0,2.549,33.756,3.799,normal
2026-10-01 15:48:41,F1,40.686,0.0,1.32,53.098,6.738,normal
2026-10-01 15:49:41,F1,57.93,0.0,2.14,51.043,7.243,normal
2026-10-01 15:50:41,F1,57.296,0.0,2.66,57.537,5.459,normal
2026-10-01 15:51:41,F1,53.731,0.0,2.479,52.598,3.314,normal
2026-10-01 15:52:41,F1,65.921,0.0,2.758,58.951,3.317,normal
2026-10-01 15:53:41,F1,70.382,0.0,1.454,65.361,5.854,normal
2026-10-01 15:54:41,F1,58.645,0.0,1.948,54.937,4.449,normal
2026-10-01 15:55:41,F1,51.91,0.0,1.978,53.386,3.552,normal
2026-10-01 15:56:41,F1,55.578,0.0,1.5,58.186,3.428,normal
2026-10-01 15:57:41,F1,50.692,0.0,2.127,55.356,8.03,normal
2026-10-01 15:58:41,F1,65.078,0.0,2.874,45.341,6.011,normal
2026-10-01 15:59:41,F1,46.41,0.0,2.137,44.834,6.384,normal
2026-10-01 16:00:41,F1,62.726,0.0,2.773,61.367,3.767,normal
2026-10-01 16:01:41,F1,55.369,0.0,1.402,69.981,4.488,normal
2026-10-01 16:02:41,F1,58.984,0.0,2.444,66.124,4.619,normal
2026-10-01 16:03:41,F1,57.658,0.0,2.231,56.28,4.177,normal
2026-10-01 16:04:41,F1,48.3,0.0,2.933,67.954,4.924,normal
2026-10-01 16:05:41,F1,50.28,0.0,1.915,64.613,6.518,normal
2026-10-01 16:06:41,F1,58.586,0.0,2.032,75.014,4.766,normal
2026-10-01 16:07:41,F1,42.542,0.0,2.032,64.107,4.161,normal
2026-10-01 16:08:41,F1,55.671,0.0,1.614,51.783,7.48,normal
2026-10-01 16:09:41,F1,62.712,0.0,2.828,64.033,4.566,normal
2026-10-01 16:10:41,F1,52.822,0.0,1.504,56.633,5.476,normal
2026-10-01 16:11:41,F1,57.533,0.0,1.889,64.128,3.977,normal
2026-10-01 16:12:41,F1,58.877,0.0,1.508,57.686,3.705,normal
2026-10-01 16:13:41,F1,38.153,0.0,2.081,55.464,5.703,normal
2026-10-01 16:14:41,F1,35.855,0.0,1.938,60.962,4.101,normal
2026-10-01 16:15:41,F1,55.245,0.0,1.276,52.83,3.678,normal
2026-10-01 16:16:41,F1,44.887,0.0,2.32,57.274,6.047,normal
2026-10-01 16:17:41,F1,59.372,0.0,3.115,46.459,5.29,normal
2026-10-01 16:18:41,F1,54.155,0.0,2.607,51.671,6.412,normal
2026-10-01 16:19:41,F1,54.783,0.0,2.161,48.51,4.537,normal
2026-10-01 16:20:41,F1,44.862,0.0,2.33,49.43,5.814,normal
2026-10-01 16:21:41,F1,42.334,0.0,2.122,49.651,5.746,normal
2026-10-01 16:22:41,F1,51.617,0.0,1.987,40.289,5.298,normal
2026-10-01 16:23:41,F1,50.16,0.0,2.347,45.39,3.844,normal
2026-10-01 16:24:41,F1,44.064,0.0,2.393,50.874,5.008,normal
2026-10-01 16:25:41,F1,51.677,0.0,1.876,51.845,4.184,normal
2026-10-01 16:26:41,F1,48.846,0.0,2.062,57.047,3.498,normal
2026-10-01 16:27:41,F1,56.497,0.0,1.58,48.111,6.971,normal
2026-10-01 16:28:41,F1,58.907,0.0,1.525,45.458,4.645,normal
2026-10-01 16:29:41,F1,59.221,0.0,2.146,49.601,4.004,normal
2026-10-01 16:30:41,F1,49.049,0.0,2.73,45.096,4.666,normal
2026-10-01 16:31:41,F1,70.294,0.0,2.397,59.617,2.935,normal
2026-10-01 16:32:41,F1,55.906,0.0,2.779,58.412,5.403,normal
2026-10-01 16:33:41,F1,46.182,0.0,2.674,47.713,5.614,normal
2026-10-01 16:34:41,F1,57.904,0.0,1.447,63.31,3.777,normal
2026-10-01 16:35:41,F1,59.151,0.0,2.721,49.293,3.168,normal
2026-10-01 16:36:41,F1,55.782,0.0,1.422,53.066,5.663,normal
2026-10-01 16:37:41,F1,56.435,0.0,2.244,45.281,7.912,normal
2026-10-01 16:38:41,F1,52.496,0.0,1.845,50.93,5.068,normal
2026-10-01 16:39:41,F1,46.608,0.0,2.525,45.527,5.297,normal
2026-10-01 16:40:41,F1,52.608,0.0,1.539,44.668,4.902,normal
2026-10-01 16:41:41,F1,48.915,0.0,3.445,70.277,6.642,normal
2026-10-01 16:42:41,F1,49.532,0.0,1.656,58.984,4.912,normal
2026-10-01 16:43:41,F1,69.827,0.0,2.398,48.279,6.657,normal
2026-10-01 16:44:41,F1,55.224,0.0,2.096,50.404,4.253,normal
2026-10-01 16:45:41,F1,62.992,0.0,1.782,38.89,4.874,normal
2026-10-01 16:46:41,F1,52.667,0.0,3.329,51.832,5.835,normal
2026-10-01 16:47:41,F1,52.3,0.0,2.43,52.426,5.35,normal
2026-10-01 16:48:41,F1,46.658,0.0,2.183,46.785,2.896,normal
2026-10-01 16:49:41,F1,66.67,0.0,2.901,45.238,6.714,normal
2026-10-01 16:50:41,F1,54.696,0.0,2.342,64.149,5.901,normal
2026-10-01 16:51:41,F1,72.415,0.0,1.553,42.258,5.424,normal
2026-10-01 16:52:41,F1,57.7,0.0,2.424,66.769,4.807,normal
2026-10-01 16:53:41,F1,47.238,0.0,1.779,39.8,5.016,normal
2026-10-01 16:54:41,F1,59.445,0.0,1.932,53.872,6.089,normal
2026-10-01 16:55:41,F1,59.458,0.0,2.067,45.375,4.637,normal
2026-10-01 16:56:41,F1,53.112,0.0,2.45,59.559,6.575,normal
2026-10-01 16:57:41,F1,46.98,0.0,2.19,46.034,4.137,normal
2026-10-01 16:58:41,F1,60.567,0.0,2.376,57.167,4.278,normal
2026-10-01 16:59:41,F1,52.64,0.0,2.63,65.751,4.579,normal
2026-10-01 17:00:41,F1,58.67,0.0,2.508,39.28,5.405,normal
2026-10-01 17:01:41,F1,50.625,0.0,1.981,46.001,5.275,normal
2026-10-01 17:02:41,F1,64.357,0.0,2.554,57.116,4.446,normal
2026-10-01 17:03:41,F1,59.522,0.0,1.911,55.047,5.978,normal
2026-10-01 17:04:41,F1,59.757,0.0,2.009,52.226,4.604,normal
2026-10-01 17:05:41,F1,44.111,0.0,2.374,70.426,3.639,normal
2026-10-01 17:06:41,F1,48.27,0.0,2.504,51.514,5.562,normal
2026-10-01 17:07:41,F1,43.6,0.0,1.952,50.72,5.013,normal
2026-10-01 17:08:41,F1,32.856,0.0,1.378,56.539,2.208,normal
2026-10-01 17:09:41,F1,40.098,0.0,1.841,54.283,4.026,normal
2026-10-01 17:10:41,F1,54.29,0.0,2.894,55.66,6.079,normal
2026-10-01 17:11:41,F1,59.578,0.0,2.788,53.453,3.003,normal
2026-10-01 17:12:41,F1,52.068,0.0,3.283,67.667,2.68,normal
2026-10-01 17:13:41,F1,45.283,0.0,1.734,54.056,5.106,normal
2026-10-01 17:14:41,F1,47.941,0.0,1.83,43.42,7.671,normal
2026-10-01 17:15:41,F1,54.656,0.0,2.908,54.735,4.781,normal
2026-10-01 17:16:41,F1,46.912,0.0,2.999,52.535,5.326,normal
2026-10-01 17:17:41,F1,53.543,0.0,1.905,56.853,5.026,normal
2026-10-01 17:18:41,F1,52.73,0.0,2.862,39.209,5.914,normal
2026-10-01 17:19:41,F1,59.932,0.0,1.992,71.695,3.467,normal
2026-10-01 17:20:41,F1,52.415,0.0,0.868,70.95,6.421,normal
2026-10-01 17:21:41,F1,65.981,0.0,1.397,44.012,4.315,normal
2026-10-01 17:22:41,F1,50.732,0.0,3.014,46.643,4.659,normal
2026-10-01 17:23:41,F1,45.56,0.0,3.224,53.256,5.157,normal
2026-10-01 17:24:41,F1,64.171,0.0,2.739,46.792,5.787,normal
2026-10-01 17:25:41,F1,66.716,0.0,1.945,54.068,3.662,normal
2026-10-01 17:26:41,F1,53.902,0.0,1.494,58.946,5.305,normal
2026-10-01 17:27:41,F1,55.86,0.0,2.933,48.051,4.818,normal
2026-10-01 17:28:41,F1,61.932,0.0,1.851,61.664,6.046,normal
2026-10-01 17:29:41,F1,58.922,0.0,2.531,53.937,6.267,normal
2026-10-01 17:30:41,F1,56.657,0.0,2.329,49.766,3.739,normal
2026-10-01 17:31:41,F1,58.347,0.0,1.504,54.06,7.722,normal
2026-10-01 17:32:41,F1,60.239,0.0,2.322,58.678,4.812,normal
2026-10-01 17:33:41,F1,54.119,0.0,3.011,54.744,6.568,normal
2026-10-01 17:34:41,F1,59.853,0.0,1.459,54.781,6.167,normal
2026-10-01 17:35:41,F1,45.832,0.0,1.509,50.89,3.672,normal
2026-10-01 17:36:41,F1,57.537,0.0,2.17,47.967,5.812,normal
2026-10-01 17:37:41,F1,43.458,0.0,2.251,54.349,4.301,normal
2026-10-01 17:38:41,F1,37.671,0.0,1.798,55.079,6.069,normal
2026-10-01 17:39:41,F1,59.176,0.0,1.654,47.007,7.526,normal
2026-10-01 17:40:41,F1,55.3,0.0,2.212,54.342,4.733,normal
2026-10-01 17:41:41,F1,52.542,0.0,1.914,46.055,2.667,normal
2026-10-01 17:42:41,F1,42.951,0.0,2.064,54.851,8.219,normal
2026-10-01 17:43:41,F1,50.082,0.0,1.721,56.089,5.553,normal
2026-10-01 17:44:41,F1,52.067,0.0,2.703,61.184,6.237,normal
2026-10-01 17:45:41,F1,51.143,0.0,2.096,49.778,3.591,normal
2026-10-01 17:46:41,F1,51.945,0.0,1.575,68.867,5.706,normal
2026-10-01 17:47:41,F1,57.909,0.0,2.021,54.018,4.346,normal
2026-10-01 17:48:41,F1,34.46,0.0,1.898,54.289,3.426,normal
2026-10-01 17:49:41,F1,54.998,0.0,1.648,49.159,7.474,normal
2026-10-01 17:50:41,F1,58.682,0.0,2.811,60.667,5.871,normal
2026-10-01 17:51:41,F1,68.28,0.0,2.831,34.834,8.212,normal
2026-10-01 17:52:41,F1,42.554,0.0,1.951,43.365,3.459,normal
2026-10-01 17:53:41,F1,53.602,0.0,2.502,34.601,4.638,normal
2026-10-01 17:54:41,F1,47.732,0.0,2.363,62.745,5.985,normal
2026-10-01 17:55:41,F1,58.39,0.0,1.544,39.443,5.996,normal
2026-10-01 17:56:41,F1,55.438,0.0,1.837,51.565,4.78,normal
2026-10-01 17:57:41,F1,55.138,0.0,2.576,70.224,5.936,normal
2026-10-01 17:58:41,F1,48.095,0.0,2.41,60.37,4.838,normal
2026-10-01 17:59:41,F1,44.285,0.0,2.257,61.48,6.344,normal
2026-10-01 18:00:41,F1,53.5,0.0,3.165,55.611,5.899,normal
2026-10-01 18:01:41,F1,49.287,0.0,1.202,61.616,5.919,normal
2026-10-01 18:02:41,F1,47.92,0.0,1.919,42.108,5.143,normal
2026-10-01 18:03:41,F1,54.111,0.0,2.33,47.998,4.149,normal
2026-10-01 18:04:41,F1,65.711,0.0,2.144,68.471,6.502,normal
2026-10-01 18:05:41,F1,45.127,0.0,3.161,57.516,5.388,normal
2026-10-01 18:06:41,F1,61.759,0.0,1.671,48.396,3.977,normal
2026-10-01 18:07:41,F1,50.03,0.0,1.606,50.103,5.405,normal
2026-10-01 18:08:41,F1,52.039,0.0,2.02,46.084,3.867,normal
2026-10-01 18:09:41,F1,43.196,0.0,1.881,69.006,4.897,normal
2026-10-01 18:10:41,F1,72.078,0.0,2.633,43.372,5.584,normal
2026-10-01 18:11:41,F1,52.837,0.0,2.936,63.488,5.143,normal
2026-10-01 18:12:41,F1,53.132,0.0,3.06,48.803,5.935,normal
2026-10-01 18:13:41,F1,61.812,0.0,2.8,40.909,4.45,normal
2026-10-01 18:14:41,F1,57.412,0.0,2.548,58.023,6.634,normal
2026-10-01 18:15:41,F1,49.343,0.0,2.424,50.995,6.319,normal
2026-10-01 18:16:41,F1,54.362,0.0,1.794,40.554,5.748,normal
2026-10-01 18:17:41,F1,60.492,0.0,2.324,58.917,3.878,normal
2026-10-01 18:18:41,F1,49.493,0.0,1.481,68.721,4.622,normal
2026-10-01 18:19:41,F1,59.919,0.0,2.461,39.229,6.001,normal
2026-10-01 18:20:41,F1,49.341,0.0,2.191,46.813,7.372,normal
2026-10-01 18:21:41,F1,50.043,0.0,2.205,74.613,3.36,normal
2026-10-01 18:22:41,F1,54.194,0.0,1.149,49.304,6.995,normal
2026-10-01 18:23:41,F1,48.06,0.0,2.45,64.475,5.921,normal
2026-10-01 18:24:41,F1,63.375,0.0,2.141,57.454,6.666,normal
2026-10-01 18:25:41,F1,48.623,0.0,2.317,51.136,4.969,normal
2026-10-01 18:26:41,F1,46.362,0.0,2.017,63.143,4.242,normal
2026-10-01 18:27:41,F1,42.651,0.0,2.095,54.129,5.338,normal
2026-10-01 18:28:41,F1,50.652,0.0,2.306,41.424,5.574,normal
2026-10-01 18:29:41,F1,53.31,0.0,2.993,56.323,6.76,normal
2026-10-01 18:30:41,F1,62.163,0.0,2.463,39.008,5.722,normal
2026-10-01 18:31:41,F1,42.542,0.0,2.012,54.309,4.854,normal
2026-10-01 18:32:41,F1,65.531,0.0,1.829,55.974,5.581,normal
2026-10-01 18:33:41,F1,36.014,0.0,2.241,54.031,4.122,normal
2026-10-01 18:34:41,F1,62.299,0.0,1.636,61.16,6.725,normal
2026-10-01 18:35:41,F1,41.002,0.0,0.898,39.007,3.69,normal
2026-10-01 18:36:41,F1,69.617,0.0,2.648,52.571,5.706,normal
2026-10-01 18:37:41,F1,56.632,0.0,1.842,67.65,4.431,normal
2026-10-01 18:38:41,F1,54.226,0.0,2.249,47.441,6.839,normal
2026-10-01 18:39:41,F1,57.832,0.0,1.755,40.975,4.669,normal
2026-10-01 18:40:41,F1,70.14,0.0,3.218,63.036,5.698,normal
2026-10-01 18:41:41,F1,50.725,0.0,1.645,59.614,5.217,normal
2026-10-01 18:42:41,F1,50.651,0.0,2.286,53.927,6.239,normal
2026-10-01 18:43:41,F1,40.922,0.0,1.523,59.216,4.804,normal
2026-10-01 18:44:41,F1,51.94,0.0,1.833,55.455,7.261,normal
2026-10-01 18:45:41,F1,53.867,0.0,1.846,51.243,5.556,normal
2026-10-01 18:46:41,F1,48.713,0.0,1.714,48.365,5.147,normal
2026-10-01 18:47:41,F1,59.784,0.0,2.047,61.415,6.117,normal
2026-10-01 18:48:41,F1,53.514,0.0,2.12,55.933,6.88,normal
2026-10-01 18:49:41,F1,52.334,0.0,1.76,52.782,5.376,normal
2026-10-01 18:50:41,F1,60.925,0.0,2.398,38.949,4.709,normal
2026-10-01 18:51:41,F1,64.479,0.0,2.988,60.622,8.446,normal
2026-10-01 18:52:41,F1,61.161,0.0,2.909,54.79,4.973,normal
2026-10-01 18:53:41,F1,52.27,0.0,1.51,56.962,5.88,normal
2026-10-01 18:54:41,F1,56.934,0.0,2.155,64.151,5.699,normal
2026-10-01 18:55:41,F1,41.45,0.0,2.336,69.592,4.626,normal
2026-10-01 18:56:41,F1,43.542,0.0,3.166,62.54,3.253,normal
2026-10-01 18:57:41,F1,59.15,0.0,2.746,43.087,5.313,normal
2026-10-01 18:58:41,F1,68.337,0.0,1.213,54.836,5.212,normal
2026-10-01 18:59:41,F1,57.008,0.0,2.765,65.324,5.04,normal
2026-10-01 19:00:41,F1,61.693,0.0,2.09,56.252,5.523,normal
2026-10-01 19:01:41,F1,52.278,0.0,2.006,61.663,3.635,normal
2026-10-01 19:02:41,F1,48.058,0.0,2.725,63.972,6.283,normal
2026-10-01 19:03:41,F1,53.061,0.0,2.438,74.788,5.284,normal
2026-10-01 19:04:41,F1,62.994,0.0,1.955,55.118,4.849,normal
2026-10-01 19:05:41,F1,60.63,0.0,2.501,48.143,5.55,normal
2026-10-01 19:06:41,F1,62.228,0.0,0.776,54.945,3.212,normal
2026-10-01 19:07:41,F1,53.845,0.0,2.083,70.13,5.834,normal
2026-10-01 19:08:41,F1,49.67,0.0,1.752,59.294,7.68,normal
2026-10-01 19:09:41,F1,54.764,0.0,2.278,52.682,6.083,normal
2026-10-01 19:10:41,F1,52.94,0.0,1.658,60.917,7.082,normal
2026-10-01 19:11:41,F1,53.646,0.0,2.327,53.457,3.37,normal
2026-10-01 19:12:41,F1,63.055,0.0,1.683,62.105,4.74,normal
2026-10-01 19:13:41,F1,45.75,0.0,1.503,44.391,4.523,normal
2026-10-01 19:14:41,F1,42.868,0.0,2.602,51.915,4.454,normal
2026-10-01 19:15:41,F1,40.069,0.0,1.736,55.884,5.844,normal
2026-10-01 19:16:41,F1,52.545,0.0,2.859,60.307,4.967,normal
2026-10-01 19:17:41,F1,61.699,0.0,2.53,45.151,5.471,normal
2026-10-01 19:18:41,F1,57.192,0.0,3.05,65.624,7.745,normal
2026-10-01 19:19:41,F1,56.701,0.0,2.452,49.286,6.257,normal
2026-10-01 19:20:41,F1,56.341,0.0,1.6,37.297,6.422,normal
2026-10-01 19:21:41,F1,48.666,0.0,3.355,43.681,3.552,normal
2026-10-01 19:22:41,F1,44.094,0.0,1.136,43.709,6.199,normal
2026-10-01 19:23:41,F1,46.495,0.0,2.147,52.129,2.302,normal
2026-10-01 19:24:41,F1,54.79,0.0,1.639,45.814,6.449,normal
2026-10-01 19:25:41,F1,62.765,0.0,2.551,57.571,6.611,normal
2026-10-01 19:26:41,F1,57.809,0.0,2.935,58.747,4.47,normal
2026-10-01 19:27:41,F1,53.72,0.0,2.391,46.341,4.827,normal
2026-10-01 19:28:41,F1,52.33,0.0,2.861,50.985,5.354,normal
2026-10-01 19:29:41,F1,52.151,0.0,3.048,43.908,3.718,normal
2026-10-01 19:30:41,F1,61.382,0.0,2.021,43.754,5.141,normal
2026-10-01 19:31:41,F1,54.613,0.0,2.167,49.29,5.338,normal
2026-10-01 19:32:41,F1,45.517,0.0,0.923,59.658,5.788,normal
2026-10-01 19:33:41,F1,46.438,0.0,3.175,46.11,3.597,normal
2026-10-01 19:34:41,F1,57.412,0.0,2.138,53.456,3.394,normal
2026-10-01 19:35:41,F1,46.984,0.0,2.004,50.006,5.145,normal
2026-10-01 19:36:41,F1,55.804,0.0,2.767,52.451,4.174,normal
2026-10-01 19:37:41,F1,51.821,0.0,2.445,41.386,6.423,normal
2026-10-01 19:38:41,F1,44.165,0.0,2.893,52.31,8.582,normal
2026-10-01 19:39:41,F1,55.339,0.0,1.467,57.816,5.614,normal
2026-10-01 19:40:41,F1,50.147,0.0,1.683,51.49,4.571,normal
2026-10-01 19:41:41,F1,61.524,0.0,1.544,57.959,3.903,normal
2026-10-01 19:42:41,F1,42.02,0.0,2.405,60.686,4.629,normal
2026-10-01 19:43:41,F1,57.079,0.0,2.704,44.52,4.797,normal
2026-10-01 19:44:41,F1,49.409,0.0,3.75,55.064,4.075,normal
2026-10-01 19:45:41,F1,64.582,0.0,2.674,70.404,5.788,normal
2026-10-01 19:46:41,F1,50.068,0.0,1.645,56.448,6.185,normal
2026-10-01 19:47:41,F1,51.081,0.0,2.328,60.576,5.125,normal
2026-10-01 19:48:41,F1,49.788,0.0,2.466,47.445,6.858,normal
2026-10-01 19:49:41,F1,76.994,0.0,2.092,29.845,7.061,normal
2026-10-01 19:50:41,F1,62.092,0.0,1.702,39.259,5.304,normal
2026-10-01 19:51:41,F1,62.317,0.0,1.433,40.552,4.525,normal
2026-10-01 19:52:41,F1,53.141,0.0,2.318,52.626,2.592,normal
2026-10-01 19:53:41,F1,45.841,0.0,1.464,50.315,5.676,normal
2026-10-01 19:54:41,F1,60.79,0.0,2.821,56.894,5.003,normal
2026-10-01 19:55:41,F1,63.185,0.0,2.677,51.613,6.198,normal
2026-10-01 19:56:41,F1,58.729,0.0,2.555,60.263,5.624,normal
2026-10-01 19:57:41,F1,56.122,0.0,1.764,47.525,4.558,normal
2026-10-01 19:58:41,F1,40.846,0.0,1.771,38.139,3.685,normal
2026-10-01 19:59:41,F1,58.613,0.0,2.986,61.904,5.646,normal
2026-10-01 20:00:41,F1,64.034,0.0,1.773,44.132,3.764,normal
2026-10-01 20:01:41,F1,54.624,0.0,2.481,32.463,3.127,normal
2026-10-01 20:02:41,F1,56.176,0.0,2.595,59.086,1.76,normal
2026-10-01 20:03:41,F1,53.56,0.0,1.091,59.249,6.675,normal
2026-10-01 20:04:41,F1,53.956,0.0,2.536,63.803,4.199,normal
2026-10-01 20:05:41,F1,36.382,0.0,2.215,54.368,5.414,normal
2026-10-01 20:06:41,F1,43.031,0.0,1.309,47.85,4.684,normal
2026-10-01 20:07:41,F1,40.605,0.0,1.144,55.381,5.917,normal
2026-10-01 20:08:41,F1,49.703,0.0,2.32,57.046,5.947,normal
2026-10-01 20:09:41,F1,47.863,0.0,1.433,51.167,5.057,normal
2026-10-01 20:10:41,F1,50.138,0.0,1.431,48.811,8.141,normal
2026-10-01 20:11:41,F1,57.629,0.0,1.801,43.275,5.51,normal
2026-10-01 20:12:41,F1,53.399,0.0,2.411,65.137,5.641,normal
2026-10-01 20:13:41,F1,61.426,0.0,2.52,40.251,7.844,normal
2026-10-01 20:14:41,F1,58.682,0.0,1.117,57.32,3.881,normal
2026-10-01 20:15:41,F1,48.078,0.0,2.66,47.925,4.209,normal
2026-10-01 20:16:41,F1,55.496,0.0,2.93,68.948,7.135,normal
2026-10-01 20:17:41,F1,51.959,0.0,2.292,51.022,3.902,normal
2026-10-01 20:18:41,F1,44.668,0.0,1.386,49.261,5.155,normal
2026-10-01 20:19:41,F1,44.72,0.0,2.336,55.426,5.259,normal
2026-10-01 20:20:41,F1,54.846,0.0,2.915,36.483,3.773,normal
2026-10-01 20:21:41,F1,51.68,0.0,2.608,42.453,4.505,normal
2026-10-01 20:22:41,F1,45.688,0.0,2.509,48.554,5.504,normal
2026-10-01 20:23:41,F1,51.906,0.0,2.147,43.541,2.097,normal
2026-10-01 20:24:41,F1,57.87,0.0,2.307,57.624,7.066,normal
2026-10-01 20:25:41,F1,44.755,0.0,2.057,57.778,5.289,normal
2026-10-01 20:26:41,F1,52.189,0.0,1.973,62.91,5.854,normal
2026-10-01 20:27:41,F1,61.649,0.0,2.557,59.128,5.954,normal
2026-10-01 20:28:41,F1,60.449,0.0,1.908,47.149,4.428,normal
2026-10-01 20:29:41,F1,54.969,0.0,2.746,47.329,6.075,normal
2026-10-01 20:30:41,F1,62.29,0.0,2.831,69.461,6.443,normal
2026-10-01 20:31:41,F1,48.565,0.0,1.017,65.65,6.636,normal
2026-10-01 20:32:41,F1,55.464,0.0,2.22,54.809,4.278,normal
2026-10-01 20:33:41,F1,54.311,0.0,2.448,48.97,4.757,normal
2026-10-01 20:34:41,F1,58.02,0.0,2.795,42.969,4.69,normal
2026-10-01 20:35:41,F1,58.299,0.0,2.613,53.974,6.148,normal
2026-10-01 20:36:41,F1,50.802,0.0,2.792,43.614,7.453,normal
2026-10-01 20:37:41,F1,51.939,0.0,2.466,65.083,6.929,normal
2026-10-01 20:38:41,F1,56.256,0.0,1.939,62.329,3.088,normal
2026-10-01 20:39:41,F1,38.994,0.0,2.951,70.597,4.688,normal
2026-10-01 20:40:41,F1,44.012,0.0,2.511,54.145,5.526,normal
2026-10-01 20:41:41,F1,52.5,0.0,2.799,58.938,5.078,normal
2026-10-01 20:42:41,F1,59.051,0.0,1.927,56.364,4.083,normal
2026-10-01 20:43:41,F1,45.158,0.0,1.671,43.812,3.547,normal
2026-10-01 20:44:41,F1,54.955,0.0,3.168,59.316,6.355,normal
2026-10-01 20:45:41,F1,57.386,0.0,2.053,50.099,5.077,normal
2026-10-01 20:46:41,F1,66.095,0.0,2.278,49.546,6.349,normal
2026-10-01 20:47:41,F1,54.32,0.0,1.65,73.862,3.897,normal
2026-10-01 20:48:41,F1,45.745,0.0,2.341,53.763,6.349,normal
2026-10-01 20:49:41,F1,43.393,0.0,2.466,29.849,5.3,normal
2026-10-01 20:50:41,F1,55.326,0.0,2.576,51.703,3.688,normal
2026-10-01 20:51:41,F1,34.822,0.0,1.516,61.787,4.341,normal
2026-10-01 20:52:41,F1,50.685,0.0,2.213,43.17,7.234,normal
2026-10-01 20:53:41,F1,60.496,0.0,2.705,59.284,4.95,normal
2026-10-01 20:54:41,F1,64.189,0.0,2.313,47.005,6.664,normal
2026-10-01 20:55:41,F1,49.364,0.0,2.409,55.865,5.403,normal
2026-10-01 20:56:41,F1,52.374,0.0,1.232,54.774,7.076,normal
2026-10-01 20:57:41,F1,55.79,0.0,1.909,60.384,4.131,normal
2026-10-01 20:58:41,F1,51.633,0.0,2.371,55.217,5.772,normal
2026-10-01 20:59:41,F1,45.018,0.0,2.104,56.154,8.73,normal
2026-10-01 21:00:41,F1,61.745,0.0,2.148,53.493,5.877,normal
2026-10-01 21:01:41,F1,58.62,0.0,2.438,41.571,6.415,normal
2026-10-01 21:02:41,F1,53.138,0.0,2.594,62.398,4.638,normal
2026-10-01 21:03:41,F1,51.524,0.0,2.686,63.781,5.272,normal
2026-10-01 21:04:41,F1,58.349,0.0,3.021,59.451,5.629,normal
2026-10-01 21:05:41,F1,44.01,0.0,1.809,61.995,5.681,normal
2026-10-01 21:06:41,F1,63.875,0.0,2.777,56.7,4.915,normal
2026-10-01 21:07:41,F1,58.076,0.0,2.781,39.344,4.33,normal
2026-10-01 21:08:41,F1,53.813,0.0,1.502,54.028,5.878,normal
2026-10-01 21:09:41,F1,61.618,0.0,2.126,49.548,6.529,normal
2026-10-01 21:10:41,F1,50.148,0.0,2.552,49.953,6.837,normal
2026-10-01 21:11:41,F1,60.795,0.0,1.833,47.501,3.153,normal
2026-10-01 21:12:41,F1,48.88,0.0,2.396,60.249,6.698,normal
2026-10-01 21:13:41,F1,56.87,0.0,3.021,36.817,1.902,normal
2026-10-01 21:14:41,F1,55.4,0.0,2.21,55.808,6.688,normal
2026-10-01 21:15:41,F1,65.695,0.0,2.722,46.494,5.58,normal
2026-10-01 21:16:41,F1,54.264,0.0,1.13,58.584,3.544,normal
2026-10-01 21:17:41,F1,50.843,0.0,2.072,70.332,5.348,normal
2026-10-01 21:18:41,F1,48.575,0.0,3.106,51.186,5.1,normal
2026-10-01 21:19:41,F1,49.572,0.0,2.375,47.294,5.795,normal
2026-10-01 21:20:41,F1,40.788,0.0,2.463,41.775,4.608,normal
2026-10-01 21:21:41,F1,48.829,0.0,2.582,55.962,4.749,normal
2026-10-01 21:22:41,F1,46.553,0.0,2.17,67.799,4.763,normal
2026-10-01 21:23:41,F1,50.023,0.0,1.092,55.806,3.605,normal
2026-10-01 21:24:41,F1,55.894,0.0,1.362,59.631,5.812,normal
2026-10-01 21:25:41,F1,44.585,0.0,2.5,50.237,6.602,normal
2026-10-01 21:26:41,F1,53.758,0.0,2.163,60.962,5.746,normal
2026-10-01 21:27:41,F1,45.581,0.0,1.673,49.914,4.715,normal
2026-10-01 21:28:41,F1,40.66,0.0,2.241,48.645,5.314,normal
2026-10-01 21:29:41,F1,57.002,0.0,1.7,54.058,7.118,normal
2026-10-01 21:30:41,F1,56.53,0.0,3.056,56.923,5.185,normal
2026-10-01 21:31:41,F1,51.572,0.0,1.788,55.872,3.541,normal
2026-10-01 21:32:41,F1,24.357,0.0,1.743,48.797,5.283,normal
2026-10-01 21:33:41,F1,55.743,0.0,1.42,56.156,6.205,normal
2026-10-01 21:34:41,F1,52.115,0.0,2.694,38.561,4.818,normal
2026-10-01 21:35:41,F1,54.881,0.0,2.195,42.711,8.296,normal
2026-10-01 21:36:41,F1,50.963,0.0,2.417,63.812,5.919,normal
2026-10-01 21:37:41,F1,65.861,0.0,2.796,48.732,6.463,normal
2026-10-01 21:38:41,F1,49.742,0.0,2.049,64.933,5.529,normal
2026-10-01 21:39:41,F1,52.903,0.0,2.008,49.629,2.994,normal
2026-10-01 21:40:41,F1,51.927,0.0,2.095,65.14,5.279,normal
2026-10-01 21:41:41,F1,52.72,0.0,1.966,53.716,5.767,normal
2026-10-01 21:42:41,F1,56.721,0.0,2.996,52.873,7.809,normal
2026-10-01 21:43:41,F1,52.029,0.0,3.408,57.177,6.32,normal
2026-10-01 21:44:41,F1,47.181,0.0,2.502,72.264,5.513,normal
2026-10-01 21:45:41,F1,47.884,0.0,1.664,61.491,5.178,normal
2026-10-01 21:46:41,F1,57.309,0.0,2.075,51.779,4.725,normal
2026-10-01 21:47:41,F1,53.874,0.0,1.641,46.561,6.592,normal
2026-10-01 21:48:41,F1,47.968,0.0,1.598,49.206,5.714,normal
2026-10-01 21:49:41,F1,49.993,0.0,2.099,54.329,5.655,normal
2026-10-01 21:50:41,F1,64.479,0.0,2.803,56.936,8.268,normal
2026-10-01 21:51:41,F1,46.221,0.0,2.506,58.8,7.623,normal
2026-10-01 21:52:41,F1,42.661,0.0,2.187,50.056,6.08,normal
2026-10-01 21:53:41,F1,46.374,0.0,2.591,54.888,5.141,normal
2026-10-01 21:54:41,F1,51.248,0.0,2.254,65.613,3.938,normal
2026-10-01 21:55:41,F1,61.201,0.0,2.832,49.055,5.57,normal
2026-10-01 21:56:41,F1,46.903,0.0,2.321,53.257,4.488,normal
2026-10-01 21:57:41,F1,29.618,0.0,1.737,65.419,5.806,normal
2026-10-01 21:58:41,F1,51.995,0.0,2.456,46.772,7.548,normal
2026-10-01 21:59:41,F1,69.849,0.0,2.697,60.363,3.816,normal
2026-10-01 22:00:41,F1,43.123,0.0,2.574,51.531,6.238,normal
2026-10-01 22:01:41,F1,55.438,0.0,2.266,56.304,5.495,normal
2026-10-01 22:02:41,F1,48.015,0.0,1.584,65.334,4.972,normal
2026-10-01 22:03:41,F1,47.018,0.0,2.327,72.002,5.844,normal
2026-10-01 22:04:41,F1,61.652,0.0,2.078,62.316,5.505,normal
2026-10-01 22:05:41,F1,36.953,0.0,2.526,60.113,4.138,normal
2026-10-01 22:06:41,F1,57.329,0.0,3.007,49.273,3.328,normal
2026-10-01 22:07:41,F1,53.477,0.0,2.094,45.046,4.042,normal
2026-10-01 22:08:41,F1,57.723,0.0,2.32,59.616,5.593,normal
2026-10-01 22:09:41,F1,57.488,0.0,1.719,49.375,7.138,normal
2026-10-01 22:10:41,F1,44.597,0.0,2.405,43.879,7.959,normal
2026-10-01 22:11:41,F1,48.514,0.0,2.255,69.87,5.576,normal
2026-10-01 22:12:41,F1,52.794,0.0,2.423,59.778,5.638,normal
2026-10-01 22:13:41,F1,53.385,0.0,2.473,50.344,2.683,normal
2026-10-01 22:14:41,F1,45.521,0.0,2.706,51.224,7.5,normal
2026-10-01 22:15:41,F1,48.938,0.0,1.018,65.327,6.443,normal
2026-10-01 22:16:41,F1,46.715,0.0,2.639,49.927,6.289,normal
2026-10-01 22:17:41,F1,43.163,0.0,2.107,66.411,3.068,normal
2026-10-01 22:18:41,F1,54.64,0.0,2.32,68.477,4.52,normal
2026-10-01 22:19:41,F1,47.446,0.0,2.547,70.617,4.819,normal
2026-10-01 22:20:41,F1,58.666,0.0,2.174,51.8,3.96,normal
2026-10-01 22:21:41,F1,53.053,0.0,2.523,61.834,6.495,normal
2026-10-01 22:22:41,F1,61.87,0.0,2.699,47.846,6.789,normal
2026-10-01 22:23:41,F1,54.356,0.0,2.269,46.157,4.915,normal
2026-10-01 22:24:41,F1,58.006,0.0,2.945,52.752,5.195,normal
2026-10-01 22:25:41,F1,42.72,0.0,0.594,49.374,5.793,normal
2026-10-01 22:26:41,F1,55.754,0.0,2.799,52.707,3.774,normal
2026-10-01 22:27:41,F1,57.267,0.0,2.47,43.455,2.888,normal
2026-10-01 22:28:41,F1,43.82,0.0,2.706,67.064,4.547,normal
2026-10-01 22:29:41,F1,56.751,0.0,2.299,40.084,4.316,normal
2026-10-01 22:30:41,F1,52.99,0.0,1.827,45.124,6.613,normal
2026-10-01 22:31:41,F1,48.373,0.0,1.919,42.23,5.767,normal
2026-10-01 22:32:41,F1,55.357,0.0,2.129,51.707,5.609,normal
2026-10-01 22:33:41,F1,44.592,0.0,1.277,46.381,4.005,normal
2026-10-01 22:34:41,F1,52.94,0.0,2.085,54.765,4.704,normal
2026-10-01 22:35:41,F1,47.8,0.0,2.551,42.9,5.891,normal
2026-10-01 22:36:41,F1,50.234,0.0,1.546,51.738,6.82,normal
2026-10-01 22:37:41,F1,49.082,0.0,3.046,52.437,5.725,normal
2026-10-01 22:38:41,F1,68.688,0.0,2.33,55.261,5.19,normal
2026-10-01 22:39:41,F1,58.582,0.0,2.208,48.727,6.833,normal
2026-10-01 22:40:41,F1,54.509,0.0,2.709,61.511,3.105,normal
2026-10-01 22:41:41,F1,51.064,0.0,2.143,58.827,5.752,normal
2026-10-01 22:42:41,F1,59.994,0.0,2.199,69.65,6.475,normal
2026-10-01 22:43:41,F1,48.25,0.0,1.905,47.349,3.33,normal
2026-10-01 22:44:41,F1,47.005,0.0,2.731,57.1,4.841,normal
2026-10-01 22:45:41,F1,58.333,0.0,1.18,57.802,2.806,normal
2026-10-01 22:46:41,F1,51.086,0.0,1.949,36.885,3.12,normal
2026-10-01 22:47:41,F1,46.584,0.0,2.225,58.694,5.285,normal
2026-10-01 22:48:41,F1,56.606,0.0,1.643,45.778,5.17,normal
2026-10-01 22:49:41,F1,48.912,0.0,2.742,53.578,6.737,normal
2026-10-01 22:50:41,F1,43.024,0.0,2.363,58.582,5.755,normal
2026-10-01 22:51:41,F1,64.839,0.0,2.177,60.581,5.264,normal
2026-10-01 22:52:41,F1,47.777,0.0,2.885,55.824,5.071,normal
2026-10-01 22:53:41,F1,56.958,0.0,2.329,48.93,4.455,normal
2026-10-01 22:54:41,F1,67.639,0.0,1.822,61.995,5.008,normal
2026-10-01 22:55:41,F1,58.585,0.0,1.812,60.731,7.307,normal
2026-10-01 22:56:41,F1,55.988,0.0,3.168,57.979,4.278,normal
2026-10-01 22:57:41,F1,50.725,0.0,2.156,58.229,5.028,normal
2026-10-01 22:58:41,F1,56.522,0.0,1.875,59.766,4.488,normal
2026-10-01 22:59:41,F1,56.706,0.0,1.902,47.989,4.501,normal
2026-10-01 23:00:41,F1,55.377,0.0,1.867,38.795,4.633,normal
2026-10-01 23:01:41,F1,59.766,0.0,1.792,52.301,4.974,normal
2026-10-01 23:02:41,F1,63.214,0.0,2.19,51.24,3.239,normal
2026-10-01 23:03:41,F1,60.198,0.0,3.304,64.657,4.603,normal
2026-10-01 23:04:41,F1,53.737,0.0,1.908,63.935,5.729,normal
2026-10-01 23:05:41,F1,57.418,0.0,2.188,48.186,5.406,normal
2026-10-01 23:06:41,F1,53.608,0.0,2.519,57.052,5.175,normal
2026-10-01 23:07:41,F1,58.863,0.0,1.81,51.766,5.088,normal
2026-10-01 23:08:41,F1,58.345,0.0,1.692,50.616,4.612,normal
2026-10-01 23:09:41,F1,75.161,0.0,1.482,52.317,5.817,normal
2026-10-01 23:10:41,F1,57.1,0.0,1.88,51.872,5.978,normal
2026-10-01 23:11:41,F1,51.705,0.0,2.564,58.093,4.448,normal
2026-10-01 23:12:41,F1,37.168,0.0,2.408,54.278,6.915,normal
2026-10-01 23:13:41,F1,53.014,0.0,2.323,62.05,5.721,normal
2026-10-01 23:14:41,F1,54.165,0.0,1.856,38.735,5.07,normal
2026-10-01 23:15:41,F1,52.974,0.0,0.883,54.992,5.877,normal
2026-10-01 23:16:41,F1,70.266,0.0,2.18,48.619,6.454,normal
2026-10-01 23:17:41,F1,71.867,0.0,1.952,50.967,7.201,normal
2026-10-01 23:18:41,F1,67.556,0.0,2.539,62.689,3.222,normal
2026-10-01 23:19:41,F1,54.388,0.0,2.772,46.416,5.088,normal
2026-10-01 23:20:41,F1,52.445,0.0,2.284,43.722,4.997,normal
2026-10-01 23:21:41,F1,51.448,0.0,2.691,48.007,6.507,normal
2026-10-01 23:22:41,F1,59.066,0.0,1.601,49.372,5.166,normal
2026-10-01 23:23:41,F1,51.803,0.0,2.972,61.463,4.473,normal
2026-10-01 23:24:41,F1,55.423,0.0,2.265,49.373,3.809,normal
2026-10-01 23:25:41,F1,52.873,0.0,1.976,43.224,5.127,normal
2026-10-01 23:26:41,F1,66.251,0.0,2.077,58.745,7.262,normal
2026-10-01 23:27:41,F1,67.503,0.0,2.296,53.977,5.434,normal
2026-10-01 23:28:41,F1,55.001,0.0,2.255,62.003,5.607,normal
2026-10-01 23:29:41,F1,58.175,0.0,2.705,64.43,6.835,normal
2026-10-01 23:30:41,F1,63.586,0.0,3.398,51.428,7.277,normal
2026-10-01 23:31:41,F1,36.997,0.0,2.175,52.092,5.077,normal
2026-10-01 23:32:41,F1,53.816,0.0,2.66,48.592,4.773,normal
2026-10-01 23:33:41,F1,45.738,0.0,2.126,46.743,5.795,normal
2026-10-01 23:34:41,F1,40.397,0.0,2.531,38.031,5.47,normal
2026-10-01 23:35:41,F1,50.647,0.0,2.935,62.754,6.007,normal
2026-10-01 23:36:41,F1,60.615,0.0,2.087,49.476,4.891,normal
2026-10-01 23:37:41,F1,61.064,0.0,1.922,62.994,4.42,normal
2026-10-01 23:38:41,F1,57.624,0.0,1.89,55.552,6.865,normal
2026-10-01 23:39:41,F1,47.883,0.0,2.559,42.628,3.148,normal
2026-10-01 23:40:41,F1,45.916,0.0,2.973,57.694,3.813,normal
2026-10-01 23:41:41,F1,48.526,0.0,3.217,49.671,5.831,normal
2026-10-01 23:42:41,F1,50.941,0.0,1.56,45.653,5.584,normal
2026-10-01 23:43:41,F1,47.794,0.0,3.066,41.107,5.829,normal
2026-10-01 23:44:41,F1,42.275,0.0,1.857,51.625,4.839,normal
2026-10-01 23:45:41,F1,57.114,0.0,2.47,46.79,5.144,normal
2026-10-01 23:46:41,F1,63.941,0.0,1.886,57.379,6.457,normal
2026-10-01 23:47:41,F1,59.453,0.0,1.64,49.659,6.702,normal
2026-10-01 23:48:41,F1,62.641,0.0,2.41,54.591,5.582,normal
2026-10-01 23:49:41,F1,50.788,0.0,2.689,40.994,4.848,normal
2026-10-01 23:50:41,F1,61.043,0.0,2.901,59.225,5.074,normal
2026-10-01 23:51:41,F1,53.859,0.0,1.206,53.446,4.565,normal
2026-10-01 23:52:41,F1,52.733,0.0,2.251,46.988,7.211,normal
2026-10-01 23:53:41,F1,65.714,0.0,2.366,64.091,6.813,normal
2026-10-01 23:54:41,F1,49.526,0.0,1.806,55.157,6.743,normal
2026-10-01 23:55:41,F1,56.65,0.0,1.442,53.1,5.004,normal
2026-10-01 23:56:41,F1,50.294,0.0,1.971,47.624,5.51,normal
2026-10-01 23:57:41,F1,61.537,0.0,2.495,56.062,6.014,normal
2026-10-01 23:58:41,F1,56.273,0.0,2.55,58.939,5.691,normal
2026-10-01 23:59:41,F1,51.138,0.0,1.951,69.241,6.969,normal
2026-10-02 00:00:41,F1,51.19,0.0,2.434,56.389,5.508,normal
2026-10-02 00:01:41,F1,64.43,0.0,2.16,46.988,5.888,normal
2026-10-02 00:02:41,F1,48.451,0.0,2.679,61.47,6.166,normal
2026-10-02 00:03:41,F1,52.615,0.0,1.684,47.898,2.986,normal
2026-10-02 00:04:41,F1,62.483,0.0,2.079,60.622,4.908,normal
2026-10-02 00:05:41,F1,47.374,0.0,2.557,59.855,6.3,normal
2026-10-02 00:06:41,F1,36.275,0.0,2.632,45.642,5.378,normal
2026-10-02 00:07:41,F1,45.92,0.0,2.991,59.432,4.9,normal
2026-10-02 00:08:41,F1,55.233,0.0,3.47,69.249,6.287,normal
2026-10-02 00:09:41,F1,61.774,0.0,4.073,44.698,7.15,normal
2026-10-02 00:10:41,F1,47.738,0.0,1.765,56.638,6.687,normal
2026-10-02 00:11:41,F1,41.556,0.0,2.798,55.034,5.542,normal
2026-10-02 00:12:41,F1,43.884,0.0,2.486,49.745,8.259,normal
2026-10-02 00:13:41,F1,55.203,0.0,2.455,72.276,4.139,normal
2026-10-02 00:14:41,F1,48.296,0.0,2.347,51.549,5.307,normal
2026-10-02 00:15:41,F1,47.098,0.0,1.766,42.176,3.881,normal
2026-10-02 00:16:41,F1,53.24,0.0,2.982,49.755,7.857,normal
2026-10-02 00:17:41,F1,40.257,0.0,2.677,47.273,6.337,normal
2026-10-02 00:18:41,F1,67.281,0.0,2.35,64.572,5.267,normal
2026-10-02 00:19:41,F1,49.485,0.0,2.527,74.015,6.326,normal
2026-10-02 00:20:41,F1,59.118,0.0,2.333,42.371,5.15,normal
2026-10-02 00:21:41,F1,47.582,0.0,2.68,53.75,4.675,normal
2026-10-02 00:22:41,F1,51.269,0.0,2.059,53.826,6.949,normal
2026-10-02 00:23:41,F1,50.911,0.0,2.301,51.333,3.236,normal
2026-10-02 00:24:41,F1,49.013,0.0,2.959,57.356,5.155,normal
2026-10-02 00:25:41,F1,57.399,0.0,2.928,51.545,3.823,normal
2026-10-02 00:26:41,F1,54.463,0.0,1.894,70.724,6.568,normal
2026-10-02 00:27:41,F1,45.961,0.0,1.572,45.172,6.33,normal
2026-10-02 00:28:41,F1,63.436,0.0,2.019,46.139,4.585,normal
2026-10-02 00:29:41,F1,52.718,0.0,1.759,71.485,7.581,normal
2026-10-02 00:30:41,F1,50.013,0.0,2.163,47.875,6.152,normal
2026-10-02 00:31:41,F1,59.489,0.0,2.198,49.471,6.563,normal
2026-10-02 00:32:41,F1,36.924,0.0,2.324,52.057,6.018,normal
2026-10-02 00:33:41,F1,56.373,0.0,4.082,50.541,3.364,normal
2026-10-02 00:34:41,F1,54.505,0.0,1.843,58.208,5.89,normal
2026-10-02 00:35:41,F1,44.625,0.0,2.637,62.123,3.731,normal
2026-10-02 00:36:41,F1,58.286,0.0,0.744,65.707,4.429,normal
2026-10-02 00:37:41,F1,60.422,0.0,2.559,39.429,6.942,normal
2026-10-02 00:38:41,F1,52.317,0.0,2.245,56.933,7.079,normal
2026-10-02 00:39:41,F1,47.854,0.0,1.805,69.947,5.928,normal
2026-10-02 00:40:41,F1,60.039,0.0,3.085,52.716,2.733,normal
2026-10-02 00:41:41,F1,47.649,0.0,1.735,61.343,2.894,normal
2026-10-02 00:42:41,F1,63.828,0.0,2.191,63.148,5.749,normal
2026-10-02 00:43:41,F1,50.571,0.0,2.737,60.941,5.69,normal
2026-10-02 00:44:41,F1,69.259,0.0,1.847,49.898,6.85,normal
2026-10-02 00:45:41,F1,56.533,0.0,2.33,63.061,4.881,normal
2026-10-02 00:46:41,F1,58.415,0.0,1.483,52.999,5.156,normal
2026-10-02 00:47:41,F1,53.773,0.0,2.872,43.293,6.23,normal
2026-10-02 00:48:41,F1,44.946,0.0,2.126,50.439,5.844,normal
2026-10-02 00:49:41,F1,51.595,0.0,2.045,53.121,3.301,normal
2026-10-02 00:50:41,F1,69.897,0.0,3.02,54.277,5.782,normal
2026-10-02 00:51:41,F1,60.071,0.0,3.007,49.798,6.116,normal
2026-10-02 00:52:41,F1,53.588,0.0,1.528,54.549,4.254,normal
2026-10-02 00:53:41,F1,51.014,0.0,1.866,46.679,7.083,normal
2026-10-02 00:54:41,F1,53.937,0.0,2.54,62.679,5.223,normal
2026-10-02 00:55:41,F1,62.632,0.0,2.495,42.696,5.292,normal
2026-10-02 00:56:41,F1,63.477,0.0,1.888,57.455,5.236,normal
2026-10-02 00:57:41,F1,44.45,0.0,3.024,61.538,6.342,normal
2026-10-02 00:58:41,F1,54.546,0.0,1.374,64.872,4.097,normal
2026-10-02 00:59:41,F1,55.989,0.0,1.925,42.052,7.131,normal
2026-10-02 01:00:41,F1,43.808,0.0,2.94,52.216,6.236,normal
2026-10-02 01:01:41,F1,56.784,0.0,3.069,53.51,6.292,normal
2026-10-02 01:02:41,F1,54.531,0.0,2.319,52.56,4.716,normal
2026-10-02 01:03:41,F1,62.666,0.0,2.401,32.75,5.221,normal
2026-10-02 01:04:41,F1,65.594,0.0,3.34,58.45,2.811,normal
2026-10-02 01:05:41,F1,44.571,0.0,2.876,61.079,4.621,normal
2026-10-02 01:06:41,F1,64.265,0.0,2.142,48.236,4.582,normal
2026-10-02 01:07:41,F1,42.506,0.0,2.564,42.309,5.963,normal
2026-10-02 01:08:41,F1,46.829,0.0,1.725,60.464,6.082,normal
2026-10-02 01:09:41,F1,53.5,0.0,1.852,58.997,4.811,normal
2026-10-02 01:10:41,F1,59.185,0.0,3.241,62.513,5.512,normal
2026-10-02 01:11:41,F1,54.625,0.0,1.429,64.601,4.714,normal
2026-10-02 01:12:41,F1,40.307,0.0,1.749,50.348,6.462,normal
2026-10-02 01:13:41,F1,53.65,0.0,2.144,53.135,4.673,normal
2026-10-02 01:14:41,F1,46.004,0.0,2.32,57.418,5.266,normal
2026-10-02 01:15:41,F1,51.988,0.0,2.784,54.592,6.771,normal
2026-10-02 01:16:41,F1,50.161,0.0,2.848,47.385,3.33,normal
2026-10-02 01:17:41,F1,47.249,0.0,1.29,50.259,5.273,normal
2026-10-02 01:18:41,F1,50.548,0.0,2.495,56.253,4.22,normal
2026-10-02 01:19:41,F1,53.733,0.0,1.7,41.253,6.057,normal
2026-10-02 01:20:41,F1,58.492,0.0,2.479,53.76,6.66,normal
2026-10-02 01:21:41,F1,58.649,0.0,2.247,41.8,5.223,normal
2026-10-02 01:22:41,F1,52.679,0.0,1.984,48.955,4.495,normal
2026-10-02 01:23:41,F1,61.057,0.0,2.374,59.003,4.969,normal
2026-10-02 01:24:41,F1,51.96,0.0,2.351,55.582,8.091,normal
2026-10-02 01:25:41,F1,61.081,0.0,1.886,46.72,4.65,normal
2026-10-02 01:26:41,F1,68.431,0.0,2.886,51.222,5.592,normal
2026-10-02 01:27:41,F1,58.66,0.0,1.798,48.992,4.306,normal
2026-10-02 01:28:41,F1,47.044,0.0,2.728,51.639,5.552,normal
2026-10-02 01:29:41,F1,51.448,0.0,1.835,51.713,5.387,normal
2026-10-02 01:30:41,F1,40.849,0.0,1.563,68.523,6.689,normal
2026-10-02 01:31:41,F1,59.061,0.0,2.819,58.835,6.389,normal
2026-10-02 01:32:41,F1,68.206,0.0,2.905,45.77,5.586,normal
2026-10-02 01:33:41,F1,57.464,0.0,2.351,50.951,5.759,normal
2026-10-02 01:34:41,F1,51.394,0.0,1.977,35.148,6.294,normal
2026-10-02 01:35:41,F1,61.097,0.0,2.045,43.088,3.948,normal
2026-10-02 01:36:41,F1,59.594,0.0,2.972,61.779,6.687,normal
2026-10-02 01:37:41,F1,53.855,0.0,2.8,47.967,4.919,normal
2026-10-02 01:38:41,F1,46.293,0.0,2.419,75.447,3.868,normal
2026-10-02 01:39:41,F1,55.281,0.0,2.488,45.551,5.62,normal
2026-10-02 01:40:41,F1,46.396,0.0,1.653,63.262,5.417,normal
2026-10-02 01:41:41,F1,59.724,0.0,3.244,57.509,2.362,normal
2026-10-02 01:42:41,F1,42.42,0.0,2.263,57.187,4.407,normal
2026-10-02 01:43:41,F1,62.768,0.0,1.666,46.287,7.284,normal
2026-10-02 01:44:41,F1,50.488,0.0,2.326,54.265,5.889,normal
2026-10-02 01:45:41,F1,46.444,0.0,3.157,56.782,6.229,normal
2026-10-02 01:46:41,F1,62.184,0.0,2.219,57.297,5.143,normal
2026-10-02 01:47:41,F1,51.427,0.0,3.437,45.852,5.518,normal
2026-10-02 01:48:41,F1,61.894,0.0,2.979,50.319,4.873,normal
2026-10-02 01:49:41,F1,62.288,0.0,3.448,43.236,6.169,normal
2026-10-02 01:50:41,F1,49.717,0.0,1.944,61.181,6.222,normal
2026-10-02 01:51:41,F1,65.22,0.0,2.097,45.731,3.233,normal
2026-10-02 01:52:41,F1,45.991,0.0,2.166,54.874,5.322,normal
2026-10-02 01:53:41,F1,46.791,0.0,1.925,71.945,5.521,normal
2026-10-02 01:54:41,F1,67.923,0.0,2.952,49.913,5.829,normal
2026-10-02 01:55:41,F1,48.71,0.0,2.413,61.48,4.454,normal
2026-10-02 01:56:41,F1,45.458,0.0,1.744,51.91,6.883,normal
2026-10-02 01:57:41,F1,68.199,0.0,2.244,57.244,6.43,normal
2026-10-02 01:58:41,F1,51.728,0.0,2.442,63.696,6.146,normal
2026-10-02 01:59:41,F1,66.047,0.0,1.59,51.995,4.08,normal
2026-10-02 02:00:41,F1,53.192,0.0,2.596,55.025,3.432,normal
2026-10-02 02:01:41,F1,69.367,0.0,2.879,53.365,5.197,normal
2026-10-02 02:02:41,F1,47.558,0.0,2.721,66.241,3.836,normal
2026-10-02 02:03:41,F1,49.001,0.0,2.464,66.053,7.882,normal
2026-10-02 02:04:41,F1,71.257,0.0,2.822,57.977,5.296,normal
2026-10-02 02:05:41,F1,65.973,0.0,2.2,49.55,4.5,normal
2026-10-02 02:06:41,F1,55.973,0.0,2.325,64.516,7.444,normal
2026-10-02 02:07:41,F1,54.877,0.0,3.555,40.44,5.637,normal
2026-10-02 02:08:41,F1,86.146,0.0,1.883,53.899,6.12,normal
2026-10-02 02:09:41,F1,44.535,0.0,2.624,58.376,3.732,normal
2026-10-02 02:10:41,F1,50.648,0.0,2.733,50.377,4.725,normal
2026-10-02 02:11:41,F1,52.74,0.0,2.278,58.581,5.596,normal
2026-10-02 02:12:41,F1,55.263,0.0,2.997,47.241,4.858,normal
2026-10-02 02:13:41,F1,53.155,0.0,2.126,53.94,5.62,normal
2026-10-02 02:14:41,F1,48.969,0.0,2.142,57.707,7.083,normal
2026-10-02 02:15:41,F1,51.224,0.0,2.739,42.044,5.678,normal
2026-10-02 02:16:41,F1,62.898,0.0,2.691,57.682,6.161,normal
2026-10-02 02:17:41,F1,55.657,0.0,2.567,45.9,5.25,normal
2026-10-02 02:18:41,F1,62.596,0.0,1.781,54.23,5.619,normal
2026-10-02 02:19:41,F1,55.798,0.0,2.788,57.581,6.277,normal
2026-10-02 02:20:41,F1,59.287,0.0,2.793,53.695,4.187,normal
2026-10-02 02:21:41,F1,60.169,0.0,2.793,52.799,8.227,normal
2026-10-02 02:22:41,F1,50.314,0.0,2.453,40.855,4.649,normal
2026-10-02 02:23:41,F1,54.812,0.0,2.132,47.528,5.63,normal
2026-10-02 02:24:41,F1,50.288,0.0,1.851,50.254,3.929,normal
2026-10-02 02:25:41,F1,53.048,0.0,2.305,54.492,4.707,normal
2026-10-02 02:26:41,F1,62.025,0.0,2.805,63.032,5.773,normal
2026-10-02 02:27:41,F1,49.451,0.0,2.524,40.036,4.681,normal
2026-10-02 02:28:41,F1,43.298,0.0,1.87,55.887,6.387,normal
2026-10-02 02:29:41,F1,63.175,0.0,2.833,66.508,4.62,normal
2026-10-02 02:30:41,F1,44.723,0.0,3.06,46.424,5.936,normal
2026-10-02 02:31:41,F1,49.063,0.0,2.523,62.772,4.728,normal
2026-10-02 02:32:41,F1,60.899,0.0,2.563,51.587,5.95,normal
2026-10-02 02:33:41,F1,38.341,0.0,2.519,64.931,4.867,normal
2026-10-02 02:34:41,F1,52.602,0.0,1.895,44.837,5.742,normal
2026-10-02 02:35:41,F1,54.792,0.0,2.631,53.685,4.6,normal
2026-10-02 02:36:41,F1,34.032,0.0,2.181,60.179,5.91,normal
2026-10-02 02:37:41,F1,69.382,0.0,2.075,60.375,6.644,normal
2026-10-02 02:38:41,F1,56.59,0.0,2.69,59.706,5.41,normal
2026-10-02 02:39:41,F1,48.716,0.0,2.23,64.822,6.929,normal
2026-10-02 02:40:41,F1,47.546,0.0,2.811,45.636,4.91,normal
2026-10-02 02:41:41,F1,52.274,0.0,2.508,54.406,5.309,normal
2026-10-02 02:42:41,F1,56.663,0.0,1.915,47.301,4.638,normal
2026-10-02 02:43:41,F1,52.13,0.0,3.072,53.016,4.52,normal
2026-10-02 02:44:41,F1,49.176,0.0,2.442,67.009,3.614,normal
2026-10-02 02:45:41,F1,53.346,0.0,2.389,62.405,6.799,normal
2026-10-02 02:46:41,F1,55.043,0.0,3.416,75.496,7.577,normal
2026-10-02 02:47:41,F1,64.044,0.0,2.508,70.12,4.016,normal
2026-10-02 02:48:41,F1,43.353,0.0,1.861,50.324,7.007,normal
2026-10-02 02:49:41,F1,60.857,0.0,3.085,53.188,6.348,normal
2026-10-02 02:50:41,F1,46.645,0.0,2.131,49.332,3.886,normal
2026-10-02 02:51:41,F1,38.545,0.0,2.818,52.528,7.776,normal
2026-10-02 02:52:41,F1,35.288,0.0,2.579,48.401,6.17,normal
2026-10-02 02:53:41,F1,52.104,0.0,3.049,52.089,4.11,normal
2026-10-02 02:54:41,F1,68.52,0.0,2.137,39.884,5.523,normal
2026-10-02 02:55:41,F1,55.349,0.0,2.508,43.614,6.077,normal
2026-10-02 02:56:41,F1,66.865,0.0,2.71,37.537,6.339,normal
2026-10-02 02:57:41,F1,48.03,0.0,1.993,59.429,5.25,normal
2026-10-02 02:58:41,F1,50.244,0.0,2.832,42.464,5.746,normal
2026-10-02 02:59:41,F1,49.149,0.0,1.835,53.205,4.273,normal
2026-10-02 03:00:41,F1,56.604,0.0,3.657,54.566,4.94,normal
2026-10-02 03:01:41,F1,56.985,0.0,2.509,38.157,7.523,normal
2026-10-02 03:02:41,F1,57.606,0.0,2.513,61.034,6.413,normal
2026-10-02 03:03:41,F1,64.847,0.0,2.178,44.373,6.246,normal
2026-10-02 03:04:41,F1,53.677,0.0,2.261,49.061,3.473,normal
2026-10-02 03:05:41,F1,37.48,0.0,3.029,55.417,5.678,normal
2026-10-02 03:06:41,F1,62.415,0.0,2.48,54.32,5.185,normal
2026-10-02 03:07:41,F1,53.947,0.0,2.029,54.322,5.689,normal
2026-10-02 03:08:41,F1,65.818,0.0,1.882,48.761,7.378,normal
2026-10-02 03:09:41,F1,55.327,0.0,2.355,48.753,6.766,normal
2026-10-02 03:10:41,F1,56.35,0.0,2.958,54.948,5.269,normal
2026-10-02 03:11:41,F1,40.784,0.0,2.731,47.782,6.077,normal
2026-10-02 03:12:41,F1,57.402,0.0,1.735,63.887,4.851,normal
2026-10-02 03:13:41,F1,63.507,0.0,2.371,46.756,6.925,normal
2026-10-02 03:14:41,F1,42.031,0.0,2.611,48.755,5.728,normal
2026-10-02 03:15:41,F1,48.436,0.0,1.862,59.484,6.23,normal
2026-10-02 03:16:41,F1,63.739,0.0,1.736,48.38,4.128,normal
2026-10-02 03:17:41,F1,67.831,0.0,2.083,60.42,5.67,normal
2026-10-02 03:18:41,F1,56.375,0.0,2.645,34.022,8.057,normal
2026-10-02 03:19:41,F1,46.572,0.0,2.388,52.66,4.354,normal
2026-10-02 03:20:41,F1,59.88,0.0,2.731,57.435,6.598,normal
2026-10-02 03:21:41,F1,49.156,0.0,2.459,60.259,6.954,normal
2026-10-02 03:22:41,F1,45.027,0.0,2.48,63.081,4.174,normal
2026-10-02 03:23:41,F1,50.394,0.0,3.587,41.782,7.038,normal
2026-10-02 03:24:41,F1,54.197,0.0,2.506,62.246,6.966,normal
2026-10-02 03:25:41,F1,54.152,0.0,1.972,61.506,5.844,normal
2026-10-02 03:26:41,F1,49.66,0.0,1.442,42.303,4.78,normal
2026-10-02 03:27:41,F1,69.335,0.0,2.597,52.043,5.641,normal
2026-10-02 03:28:41,F1,56.987,0.0,3.196,52.394,3.635,normal
2026-10-02 03:29:41,F1,62.784,0.0,2.213,68.959,5.465,normal
2026-10-02 03:30:41,F1,64.334,0.0,2.385,74.056,8.562,normal
2026-10-02 03:31:41,F1,55.35,0.0,3.161,50.319,4.896,normal
2026-10-02 03:32:41,F1,50.27,0.0,2.445,51.388,6.525,normal
2026-10-02 03:33:41,F1,51.787,0.0,2.098,52.21,5.453,normal
2026-10-02 03:34:41,F1,54.758,0.0,1.672,52.681,4.745,normal
2026-10-02 03:35:41,F1,57.886,0.0,2.548,43.311,4.033,normal
2026-10-02 03:36:41,F1,56.653,0.0,3.111,62.921,6.022,normal
2026-10-02 03:37:41,F1,40.426,0.0,2.547,52.021,5.98,normal
2026-10-02 03:38:41,F1,71.08,0.0,2.967,57.539,6.449,normal
2026-10-02 03:39:41,F1,58.922,0.0,2.19,48.636,4.554,normal
2026-10-02 03:40:41,F1,63.437,0.0,2.209,45.604,5.544,normal
2026-10-02 03:41:41,F1,45.476,0.0,2.773,54.556,6.723,normal
2026-10-02 03:42:41,F1,62.504,0.0,3.108,45.965,5.247,normal
2026-10-02 03:43:41,F1,46.615,0.0,2.684,57.287,5.252,normal
2026-10-02 03:44:41,F1,39.765,0.0,2.2,53.323,6.208,normal
2026-10-02 03:45:41,F1,51.097,0.0,3.04,58.135,3.851,normal
2026-10-02 03:46:41,F1,55.343,0.0,2.081,52.774,5.505,normal
2026-10-02 03:47:41,F1,56.422,0.0,1.749,56.291,5.525,normal
2026-10-02 03:48:41,F1,52.978,0.0,1.247,68.47,4.705,normal
2026-10-02 03:49:41,F1,59.417,0.0,3.059,38.212,6.555,normal
2026-10-02 03:50:41,F1,44.763,0.0,2.108,65.529,6.281,normal
2026-10-02 03:51:41,F1,54.576,0.0,2.58,62.707,2.739,normal
2026-10-02 03:52:41,F1,55.031,0.0,2.719,51.905,7.047,normal
2026-10-02 03:53:41,F1,61.351,0.0,2.28,46.447,4.434,normal
2026-10-02 03:54:41,F1,53.225,0.0,3.615,45.327,5.738,normal
2026-10-02 03:55:41,F1,51.414,0.0,2.427,44.453,4.374,normal
2026-10-02 03:56:41,F1,70.464,0.0,2.357,63.519,4.933,normal
2026-10-02 03:57:41,F1,63.117,0.0,2.427,56.045,6.131,normal
2026-10-02 03:58:41,F1,54.076,0.0,3.138,63.944,3.366,normal
2026-10-02 03:59:41,F1,58.781,0.0,2.357,54.203,1.684,normal
2026-10-02 04:00:41,F1,58.397,0.0,2.818,36.225,5.511,normal
2026-10-02 04:01:41,F1,60.712,0.0,3.493,56.622,5.272,normal
2026-10-02 04:02:41,F1,47.379,0.0,2.312,61.424,6.235,normal
2026-10-02 04:03:41,F1,46.798,0.0,3.298,58.013,7.212,normal
2026-10-02 04:04:41,F1,56.559,0.0,3.159,49.598,4.576,normal
2026-10-02 04:05:41,F1,57.459,0.0,1.996,64.359,6.756,normal
2026-10-02 04:06:41,F1,43.734,0.0,2.531,69.229,5.511,normal
2026-10-02 04:07:41,F1,43.863,0.0,2.086,64.492,5.022,normal
2026-10-02 04:08:41,F1,60.464,0.0,2.397,57.388,6.527,normal
2026-10-02 04:09:41,F1,46.377,0.0,2.905,60.371,5.496,normal
2026-10-02 04:10:41,F1,54.526,0.0,2.534,35.325,4.635,normal
2026-10-02 04:11:41,F1,52.135,0.0,2.008,48.72,5.598,normal
2026-10-02 04:12:41,F1,64.021,0.0,2.027,48.559,5.82,normal
2026-10-02 04:13:41,F1,46.743,0.0,1.946,43.257,6.134,normal
2026-10-02 04:14:41,F1,61.161,0.0,3.317,60.716,2.58,normal
2026-10-02 04:15:41,F1,53.418,0.0,2.005,57.452,5.05,normal
2026-10-02 04:16:41,F1,51.455,0.0,3.513,67.234,3.85,normal
2026-10-02 04:17:41,F1,64.255,0.0,2.761,57.179,8.296,normal
2026-10-02 04:18:41,F1,45.145,0.0,1.938,53.153,8.105,normal
2026-10-02 04:19:41,F1,52.965,0.0,2.112,51.039,5.604,normal
2026-10-02 04:20:41,F1,46.715,0.0,2.616,64.285,5.072,normal
2026-10-02 04:21:41,F1,54.911,0.0,2.341,49.162,5.102,normal
2026-10-02 04:22:41,F1,71.479,0.0,2.205,57.202,5.088,normal
2026-10-02 04:23:41,F1,52.06,0.0,3.221,51.068,4.814,normal
2026-10-02 04:24:41,F1,47.914,0.0,3.274,62.832,5.789,normal
2026-10-02 04:25:41,F1,44.027,0.0,2.662,60.095,5.71,normal
2026-10-02 04:26:41,F1,67.965,0.0,2.163,53.986,5.684,normal
2026-10-02 04:27:41,F1,46.943,0.0,2.731,62.474,5.581,normal
2026-10-02 04:28:41,F1,66.663,0.0,2.701,34.726,6.013,normal
2026-10-02 04:29:41,F1,39.964,0.0,2.357,43.832,6.977,normal
2026-10-02 04:30:41,F1,56.13,0.0,1.602,36.56,6.563,normal
2026-10-02 04:31:41,F1,44.504,0.0,2.321,60.1,3.109,normal
2026-10-02 04:32:41,F1,48.967,0.0,1.313,39.535,6.942,normal
2026-10-02 04:33:41,F1,49.581,0.0,2.152,65.24,5.447,normal
2026-10-02 04:34:41,F1,46.735,0.0,2.503,40.715,7.427,normal
2026-10-02 04:35:41,F1,59.179,0.0,2.664,47.317,6.394,normal
2026-10-02 04:36:41,F1,53.004,0.0,2.985,39.489,5.069,normal
2026-10-02 04:37:41,F1,58.175,0.0,1.742,30.527,4.942,normal
2026-10-02 04:38:41,F1,54.079,0.0,2.26,51.662,5.31,normal
2026-10-02 04:39:41,F1,62.189,0.0,2.291,58.248,7.172,normal
2026-10-02 04:40:41,F1,62.268,0.0,2.06,59.195,4.875,normal
2026-10-02 04:41:41,F1,53.355,0.0,2.116,64.919,5.212,normal
2026-10-02 04:42:41,F1,61.277,0.0,2.524,48.373,7.036,normal
2026-10-02 04:43:41,F1,45.999,0.0,3.651,44.02,4.829,normal
2026-10-02 04:44:41,F1,47.111,0.0,2.941,52.595,7.432,normal
2026-10-02 04:45:41,F1,61.801,0.0,1.912,60.006,4.381,normal
2026-10-02 04:46:41,F1,52.571,0.0,2.754,44.957,6.726,normal
2026-10-02 04:47:41,F1,59.167,0.0,2.53,40.682,5.238,normal
2026-10-02 04:48:41,F1,52.844,0.0,2.021,59.69,5.964,normal
2026-10-02 04:49:41,F1,51.584,0.0,1.638,50.314,4.84,normal
2026-10-02 04:50:41,F1,47.924,0.0,2.58,56.07,4.348,normal
2026-10-02 04:51:41,F1,53.691,0.0,2.414,54.579,7.884,normal
2026-10-02 04:52:41,F1,57.376,0.0,1.729,48.699,3.506,normal
2026-10-02 04:53:41,F1,53.386,0.0,2.616,49.428,6.69,normal
2026-10-02 04:54:41,F1,51.709,0.0,2.179,63.928,6.538,normal
2026-10-02 04:55:41,F1,48.524,0.0,3.111,63.734,4.761,normal
2026-10-02 04:56:41,F1,54.119,0.0,3.139,60.596,5.168,normal
2026-10-02 04:57:41,F1,54.09,0.0,2.137,53.087,5.402,normal
2026-10-02 04:58:41,F1,64.658,0.0,2.299,44.77,7.019,normal
2026-10-02 04:59:41,F1,54.745,0.0,1.77,52.069,5.077,normal
2026-10-02 05:00:41,F1,50.347,0.0,2.262,67.5,5.178,normal
2026-10-02 05:01:41,F1,57.928,0.0,3.535,49.071,6.899,normal
2026-10-02 05:02:41,F1,60.164,0.0,1.814,68.145,4.831,normal
2026-10-02 05:03:41,F1,43.69,0.0,2.7,56.391,6.122,normal
2026-10-02 05:04:41,F1,52.023,0.0,2.04,54.427,7.273,normal
2026-10-02 05:05:41,F1,46.996,0.0,1.693,47.373,6.157,normal
2026-10-02 05:06:41,F1,44.611,0.0,2.499,43.258,7.708,normal
2026-10-02 05:07:41,F1,52.202,0.0,2.318,54.161,7.619,normal
2026-10-02 05:08:41,F1,54.532,0.0,3.471,59.505,6.127,normal
2026-10-02 05:09:41,F1,52.452,0.0,2.721,51.29,5.274,normal
2026-10-02 05:10:41,F1,42.761,0.0,3.308,57.809,6.477,normal
2026-10-02 05:11:41,F1,46.605,0.0,2.205,56.619,7.261,normal
2026-10-02 05:12:41,F1,52.786,0.0,2.658,54.007,3.952,normal
2026-10-02 05:13:41,F1,56.557,0.0,1.638,56.938,7.133,normal
2026-10-02 05:14:41,F1,64.512,0.0,2.712,58.872,4.499,normal
2026-10-02 05:15:41,F1,38.859,0.0,2.693,57.54,6.531,normal
2026-10-02 05:16:41,F1,50.811,0.0,3.892,47.018,5.914,normal
2026-10-02 05:17:41,F1,32.114,0.0,3.991,67.963,7.127,normal
2026-10-02 05:18:41,F1,56.726,0.0,1.574,55.649,6.769,normal
2026-10-02 05:19:41,F1,60.56,0.0,2.486,57.597,4.792,normal
2026-10-02 05:20:41,F1,54.553,0.0,2.368,61.508,5.887,normal
2026-10-02 05:21:41,F1,59.085,0.0,3.926,52.608,6.333,normal
2026-10-02 05:22:41,F1,46.55,0.0,1.954,56.893,8.172,normal
2026-10-02 05:23:41,F1,46.122,0.0,2.463,49.517,5.543,normal
2026-10-02 05:24:41,F1,59.469,0.0,2.823,55.895,4.047,normal
2026-10-02 05:25:41,F1,64.376,0.0,1.465,57.83,7.412,normal
2026-10-02 05:26:41,F1,43.744,0.0,1.785,42.95,7.195,normal
2026-10-02 05:27:41,F1,56.242,0.0,3.392,48.456,7.493,normal
2026-10-02 05:28:41,F1,54.047,0.0,2.26,62.645,5.575,normal
2026-10-02 05:29:41,F1,57.466,0.0,2.789,61.335,6.203,normal
2026-10-02 05:30:41,F1,59.033,0.0,2.649,54.712,5.877,normal
2026-10-02 05:31:41,F1,61.813,0.0,2.86,55.89,3.505,normal
2026-10-02 05:32:41,F1,52.21,0.0,3.009,66.854,4.238,normal
2026-10-02 05:33:41,F1,58.39,0.0,2.077,45.339,5.34,normal
2026-10-02 05:34:41,F1,57.735,0.0,1.798,62.939,5.137,normal
2026-10-02 05:35:41,F1,60.927,0.0,3.241,51.18,5.574,normal
2026-10-02 05:36:41,F1,49.938,0.0,2.354,55.503,4.787,normal
2026-10-02 05:37:41,F1,56.07,0.0,2.643,59.929,7.738,normal
2026-10-02 05:38:41,F1,42.404,0.0,1.937,40.881,5.487,normal
2026-10-02 05:39:41,F1,58.865,0.0,2.315,51.884,6.02,normal
2026-10-02 05:40:41,F1,67.289,0.0,2.698,47.377,5.542,normal
2026-10-02 05:41:41,F1,64.099,0.0,1.577,49.613,5.238,normal
2026-10-02 05:42:41,F1,49.635,0.0,2.752,47.894,6.531,normal
2026-10-02 05:43:41,F1,59.982,0.0,2.481,44.609,3.525,normal
2026-10-02 05:44:41,F1,64.457,0.0,2.496,53.766,4.033,normal
2026-10-02 05:45:41,F1,53.549,0.0,2.877,58.788,5.224,normal
2026-10-02 05:46:41,F1,57.408,0.0,2.293,54.02,4.46,normal
2026-10-02 05:47:41,F1,42.85,0.0,1.984,59.303,5.869,normal
2026-10-02 05:48:41,F1,43.662,0.0,3.381,64.955,6.794,normal
2026-10-02 05:49:41,F1,42.332,0.0,2.03,48.024,6.294,normal
2026-10-02 05:50:41,F1,66.223,0.0,1.981,59.017,5.597,normal
2026-10-02 05:51:41,F1,52.674,0.0,1.648,60.431,5.656,normal
2026-10-02 05:52:41,F1,57.246,0.0,2.445,51.051,4.412,normal
2026-10-02 05:53:41,F1,46.623,0.0,3.255,51.666,5.948,normal
2026-10-02 05:54:41,F1,42.854,0.0,3.021,61.964,5.28,normal
2026-10-02 05:55:41,F1,48.992,0.0,2.725,37.673,6.292,normal
2026-10-02 05:56:41,F1,53.09,0.0,3.012,53.655,7.629,normal
2026-10-02 05:57:41,F1,52.9,0.0,2.745,42.906,5.272,normal
2026-10-02 05:58:41,F1,57.798,0.0,2.271,51.603,7.241,normal
2026-10-02 05:59:41,F1,63.741,0.0,4.148,67.685,6.735,normal
2026-10-02 06:00:41,F1,54.388,0.0,2.197,55.904,4.12,normal
2026-10-02 06:01:41,F1,44.917,0.0,1.182,63.797,4.128,normal
2026-10-02 06:02:41,F1,48.162,0.0,3.256,47.928,3.325,normal
2026-10-02 06:03:41,F1,57.306,0.0,2.016,53.576,5.944,normal
2026-10-02 06:04:41,F1,50.849,0.0,2.2,37.808,5.837,normal
2026-10-02 06:05:41,F1,62.393,0.0,2.706,62.813,6.686,normal
2026-10-02 06:06:41,F1,49.576,0.0,2.913,53.563,3.34,normal
2026-10-02 06:07:41,F1,54.37,0.0,3.212,49.717,5.468,normal
2026-10-02 06:08:41,F1,68.878,0.0,3.254,52.773,6.305,normal
2026-10-02 06:09:41,F1,48.374,0.0,1.373,61.124,5.889,normal
2026-10-02 06:10:41,F1,62.949,0.0,2.301,57.165,5.638,normal
2026-10-02 06:11:41,F1,54.89,0.0,1.977,49.482,6.027,normal
2026-10-02 06:12:41,F1,63.236,0.0,3.785,50.918,6.458,normal
2026-10-02 06:13:41,F1,67.935,0.0,2.163,50.688,8.762,normal
2026-10-02 06:14:41,F1,51.773,0.0,1.904,48.784,4.654,normal
2026-10-02 06:15:41,F1,64.436,0.0,2.581,48.92,5.876,normal
2026-10-02 06:16:41,F1,58.649,0.0,1.725,42.391,6.603,normal
2026-10-02 06:17:41,F1,52.381,0.0,3.794,55.366,5.108,normal
2026-10-02 06:18:41,F1,57.561,0.0,2.873,39.763,7.391,normal
2026-10-02 06:19:41,F1,47.384,0.0,2.628,59.422,7.148,normal
2026-10-02 06:20:41,F1,52.335,0.0,3.015,52.893,5.452,normal
2026-10-02 06:21:41,F1,54.256,0.0,3.157,54.815,5.43,normal
2026-10-02 06:22:41,F1,55.712,0.0,1.575,57.341,5.777,normal
2026-10-02 06:23:41,F1,51.784,0.0,2.776,48.205,4.51,normal
2026-10-02 06:24:41,F1,44.012,0.0,2.948,58.427,5.491,normal
2026-10-02 06:25:41,F1,41.56,0.0,2.658,53.557,3.694,normal
2026-10-02 06:26:41,F1,50.331,0.0,2.957,44.229,3.874,normal
2026-10-02 06:27:41,F1,42.634,0.0,3.258,56.43,7.648,normal
2026-10-02 06:28:41,F1,50.669,0.0,2.644,61.509,5.702,normal
2026-10-02 06:29:41,F1,51.723,0.0,3.644,67.793,6.338,normal
2026-10-02 06:30:41,F1,52.685,0.0,2.541,54.697,4.402,normal
2026-10-02 06:31:41,F1,70.837,0.0,3.145,58.026,5.943,normal
2026-10-02 06:32:41,F1,55.953,0.0,2.327,44.179,7.877,normal
2026-10-02 06:33:41,F1,45.249,0.0,2.365,62.173,4.069,normal
2026-10-02 06:34:41,F1,43.142,0.0,3.82,59.546,4.124,normal
2026-10-02 06:35:41,F1,52.104,0.0,2.249,57.933,5.838,normal
2026-10-02 06:36:41,F1,51.167,0.0,2.744,57.553,7.125,normal
2026-10-02 06:37:41,F1,67.487,0.0,2.308,43.833,5.624,normal
2026-10-02 06:38:41,F1,41.617,0.0,3.102,65.195,4.515,normal
2026-10-02 06:39:41,F1,43.3,0.0,2.966,40.875,6.251,normal
2026-10-02 06:40:41,F1,53.326,0.0,2.639,45.769,6.076,normal
2026-10-02 06:41:41,F1,63.419,0.0,2.97,59.919,2.968,normal
2026-10-02 06:42:41,F1,60.514,0.0,2.694,56.02,6.648,normal
2026-10-02 06:43:41,F1,57.435,0.0,3.074,54.887,3.868,normal
2026-10-02 06:44:41,F1,53.874,0.0,3.039,42.793,3.702,normal
2026-10-02 06:45:41,F1,56.679,0.0,1.563,36.938,7.843,normal
2026-10-02 06:46:41,F1,60.774,0.0,3.553,54.579,3.125,normal
2026-10-02 06:47:41,F1,52.858,0.0,2.425,41.695,4.124,normal
2026-10-02 06:48:41,F1,40.985,0.0,1.978,56.065,4.838,normal
2026-10-02 06:49:41,F1,51.59,0.0,2.288,53.046,4.534,normal
2026-10-02 06:50:41,F1,36.975,0.0,2.413,41.67,7.877,normal
2026-10-02 06:51:41,F1,43.923,0.0,1.135,41.346,4.276,normal
2026-10-02 06:52:41,F1,58.383,0.0,2.571,42.906,6.128,normal
2026-10-02 06:53:41,F1,55.208,0.0,3.18,48.818,6.242,normal
2026-10-02 06:54:41,F1,54.656,0.0,3.127,47.055,6.779,normal
2026-10-02 06:55:41,F1,48.953,0.0,2.779,38.841,5.724,normal
2026-10-02 06:56:41,F1,51.481,0.0,3.107,45.782,5.856,normal
2026-10-02 06:57:41,F1,46.739,0.0,1.761,56.03,5.948,normal
2026-10-02 06:58:41,F1,55.919,0.0,1.724,63.715,5.288,normal
2026-10-02 06:59:41,F1,50.584,0.0,2.824,69.844,5.757,normal
2026-10-02 07:00:41,F1,58.156,0.0,2.026,72.736,6.212,normal
2026-10-02 07:01:41,F1,55.161,0.0,2.363,53.547,6.337,normal
2026-10-02 07:02:41,F1,60.305,0.0,2.195,78.325,5.223,normal
2026-10-02 07:03:41,F1,57.77,0.0,3.7,53.396,6.464,normal
2026-10-02 07:04:41,F1,49.548,0.0,3.593,63.31,6.588,normal
2026-10-02 07:05:41,F1,41.77,0.0,3.274,59.608,6.875,normal
2026-10-02 07:06:41,F1,43.452,0.0,2.94,51.117,5.486,normal
2026-10-02 07:07:41,F1,49.62,0.0,2.391,60.695,5.688,normal
2026-10-02 07:08:41,F1,54.013,0.0,3.621,58.286,6.709,normal
2026-10-02 07:09:41,F1,51.025,0.0,3.21,65.798,6.399,normal
2026-10-02 07:10:41,F1,54.308,0.0,2.516,51.822,5.777,normal
2026-10-02 07:11:41,F1,66.963,0.0,1.616,54.836,5.765,normal
2026-10-02 07:12:41,F1,58.49,0.0,1.841,37.553,8.654,normal
2026-10-02 07:13:41,F1,54.849,0.0,2.535,62.425,7.813,normal
2026-10-02 07:14:41,F1,62.243,0.0,2.012,61.24,5.399,normal
2026-10-02 07:15:41,F1,45.471,0.0,1.969,53.01,6.818,normal
2026-10-02 07:16:41,F1,52.146,0.0,2.891,51.844,6.114,normal
2026-10-02 07:17:41,F1,65.384,0.0,2.646,54.857,6.09,normal
2026-10-02 07:18:41,F1,56.596,0.0,2.321,30.943,7.571,normal
2026-10-02 07:19:41,F1,50.757,0.0,2.668,57.703,5.51,normal
2026-10-02 07:20:41,F1,66.113,0.0,2.075,67.441,7.437,normal
2026-10-02 07:21:41,F1,58.383,0.0,2.475,51.895,7.072,normal
2026-10-02 07:22:41,F1,50.733,0.0,2.969,57.929,7.181,normal
2026-10-02 07:23:41,F1,60.932,0.0,4.366,50.8,7.356,normal
2026-10-02 07:24:41,F1,54.438,0.0,2.533,63.126,6.76,normal
2026-10-02 07:25:41,F1,50.163,0.0,2.802,60.254,6.647,normal
2026-10-02 07:26:41,F1,65.534,0.0,3.889,55.93,4.832,normal
2026-10-02 07:27:41,F1,62.436,0.0,3.623,58.632,5.145,normal
2026-10-02 07:28:41,F1,46.822,0.0,1.568,51.378,6.813,normal
2026-10-02 07:29:41,F1,64.982,0.0,3.342,51.253,6.109,normal
2026-10-02 07:30:41,F1,54.443,0.0,2.813,45.105,5.364,normal
2026-10-02 07:31:41,F1,60.884,0.0,3.641,55.588,6.317,normal
2026-10-02 07:32:41,F1,60.138,0.0,2.044,53.086,4.673,normal
2026-10-02 07:33:41,F1,52.75,0.0,1.923,47.836,7.246,normal
2026-10-02 07:34:41,F1,51.369,0.0,2.428,71.15,6.235,normal
2026-10-02 07:35:41,F1,59.964,0.0,3.042,37.761,5.532,normal
2026-10-02 07:36:41,F1,60.077,0.0,2.905,57.22,7.426,normal
2026-10-02 07:37:41,F1,55.172,0.0,2.384,58.724,7.18,normal
2026-10-02 07:38:41,F1,52.518,0.0,1.918,58.462,5.012,normal
2026-10-02 07:39:41,F1,64.594,0.0,2.061,59.321,6.584,normal
2026-10-02 07:40:41,F1,65.352,0.0,2.48,61.015,6.392,normal
2026-10-02 07:41:41,F1,56.376,0.0,2.801,58.307,6.425,normal
2026-10-02 07:42:41,F1,58.605,0.0,3.025,46.313,6.342,normal
2026-10-02 07:43:41,F1,45.809,0.0,2.595,54.821,6.482,normal
2026-10-02 07:44:41,F1,54.93,0.0,2.383,48.851,5.74,normal
2026-10-02 07:45:41,F1,68.198,0.0,3.027,54.529,4.635,normal
2026-10-02 07:46:41,F1,51.946,0.0,2.062,60.816,7.833,normal
2026-10-02 07:47:41,F1,26.366,0.0,2.115,45.314,6.168,normal
2026-10-02 07:48:41,F1,59.81,0.0,3.017,47.209,5.545,normal
2026-10-02 07:49:41,F1,51.799,0.0,2.54,56.76,7.227,normal
2026-10-02 07:50:41,F1,66.214,0.0,3.612,55.402,4.911,normal
2026-10-02 07:51:41,F1,55.554,0.0,3.492,49.693,5.922,normal
2026-10-02 07:52:41,F1,53.438,0.0,2.443,79.754,6.408,normal
2026-10-02 07:53:41,F1,44.611,0.0,1.637,52.676,5.132,normal
2026-10-02 07:54:41,F1,40.305,0.0,2.664,65.897,7.682,normal
2026-10-02 07:55:41,F1,50.704,0.0,2.439,59.309,6.592,normal
2026-10-02 07:56:41,F1,58.553,0.0,2.185,60.316,5.614,normal
2026-10-02 07:57:41,F1,54.432,0.0,2.608,71.96,6.239,normal
2026-10-02 07:58:41,F1,67.868,0.0,1.997,57.809,5.898,normal
2026-10-02 07:59:41,F1,39.254,0.0,3.164,54.44,5.877,normal
2026-10-02 08:00:41,F1,48.602,0.0,3.259,46.528,5.945,normal
2026-10-02 08:01:41,F1,72.933,0.0,2.042,65.134,4.428,normal
2026-10-02 08:02:41,F1,54.509,0.0,2.436,63.05,6.322,normal
2026-10-02 08:03:41,F1,63.215,0.0,2.224,63.852,5.604,normal
2026-10-02 08:04:41,F1,69.516,0.0,3.707,58.3,5.066,normal
2026-10-02 08:05:41,F1,38.327,0.0,2.827,51.381,5.034,normal
2026-10-02 08:06:41,F1,56.006,0.0,3.1,62.376,8.006,normal
2026-10-02 08:07:41,F1,54.161,0.0,2.203,48.222,4.686,normal
2026-10-02 08:08:41,F1,49.643,0.0,2.276,47.459,4.353,normal
2026-10-02 08:09:41,F1,55.624,0.0,2.014,54.309,5.29,normal
2026-10-02 08:10:41,F1,68.832,0.0,1.986,33.714,5.719,normal
2026-10-02 08:11:41,F1,63.029,0.0,2.598,60.406,6.273,normal
2026-10-02 08:12:41,F1,60.434,0.0,2.041,65.438,7.567,normal
2026-10-02 08:13:41,F1,61.894,0.0,2.264,49.789,5.706,normal
2026-10-02 08:14:41,F1,45.201,0.0,1.226,56.663,6.08,normal
2026-10-02 08:15:41,F1,54.927,0.0,4.566,43.593,4.986,normal
2026-10-02 08:16:41,F1,58.838,0.0,2.162,55.97,3.499,normal
2026-10-02 08:17:41,F1,63.907,0.0,2.826,50.651,7.314,normal
2026-10-02 08:18:41,F1,56.094,0.0,2.109,52.232,4.901,normal
2026-10-02 08:19:41,F1,46.599,0.0,3.36,59.79,6.177,normal
2026-10-02 08:20:41,F1,52.672,0.0,4.154,58.872,6.877,normal
2026-10-02 08:21:41,F1,52.527,0.0,2.549,59.648,4.735,normal
2026-10-02 08:22:41,F1,39.928,0.0,1.659,53.473,6.296,normal
2026-10-02 08:23:41,F1,69.092,0.0,2.123,58.518,4.739,normal
2026-10-02 08:24:41,F1,60.962,0.0,1.515,64.815,5.867,normal
2026-10-02 08:25:41,F1,57.7,0.0,3.539,66.103,5.048,normal
2026-10-02 08:26:41,F1,47.666,0.0,3.921,48.931,5.841,normal
2026-10-02 08:27:41,F1,54.787,0.0,3.025,56.161,4.496,normal
2026-10-02 08:28:41,F1,55.87,0.0,2.726,54.243,7.74,normal
2026-10-02 08:29:41,F1,52.021,0.0,3.626,58.29,3.335,normal
2026-10-02 08:30:41,F1,61.852,0.0,2.285,60.683,6.585,normal
2026-10-02 08:31:41,F1,51.05,0.0,2.062,46.012,6.41,normal
2026-10-02 08:32:41,F1,36.637,0.0,2.3,48.722,6.731,normal
2026-10-02 08:33:41,F1,49.495,0.0,2.111,63.52,7.925,normal
2026-10-02 08:34:41,F1,45.241,0.0,3.398,59.525,5.577,normal
2026-10-02 08:35:41,F1,49.275,0.0,4.117,62.389,6.079,normal
2026-10-02 08:36:41,F1,60.927,0.0,2.59,67.903,7.32,normal
2026-10-02 08:37:41,F1,53.585,0.0,2.879,59.537,5.372,normal
2026-10-02 08:38:41,F1,60.563,0.0,2.752,48.208,2.924,normal
2026-10-02 08:39:41,F1,48.79,0.0,2.385,70.019,6.068,normal
2026-10-02 08:40:41,F1,49.373,0.0,3.13,47.392,3.599,normal
2026-10-02 08:41:41,F1,61.048,0.0,1.642,57.661,4.249,normal
2026-10-02 08:42:41,F1,48.059,0.0,2.82,64.153,7.032,normal
2026-10-02 08:43:41,F1,50.739,0.0,2.5,49.383,6.415,normal
2026-10-02 08:44:41,F1,65.614,0.0,1.411,61.277,3.921,normal
2026-10-02 08:45:41,F1,53.111,0.0,2.52,58.528,5.003,normal
2026-10-02 08:46:41,F1,48.977,0.0,3.835,57.373,6.653,normal
2026-10-02 08:47:41,F1,57.694,0.0,2.923,43.163,5.088,normal
2026-10-02 08:48:41,F1,46.616,0.0,2.189,43.714,5.332,normal
2026-10-02 08:49:41,F1,58.5,0.0,2.869,54.759,4.24,normal
2026-10-02 08:50:41,F1,57.42,0.0,2.585,61.664,5.143,normal
2026-10-02 08:51:41,F1,19.955,0.0,2.484,48.364,7.165,normal
2026-10-02 08:52:41,F1,51.79,0.0,2.625,63.445,5.018,normal
2026-10-02 08:53:41,F1,48.259,0.0,2.361,51.799,5.976,normal
2026-10-02 08:54:41,F1,51.211,0.0,2.844,67.131,5.422,normal
2026-10-02 08:55:41,F1,64.339,0.0,2.675,54.386,7.675,normal
2026-10-02 08:56:41,F1,54.775,0.0,2.719,53.308,8.306,normal
2026-10-02 08:57:41,F1,54.372,0.0,2.875,36.097,6.928,normal
2026-10-02 08:58:41,F1,56.735,0.0,1.97,64.737,6.295,normal
2026-10-02 08:59:41,F1,47.528,0.0,2.615,61.338,7.219,normal
2026-10-02 09:00:41,F1,61.805,0.0,3.275,65.139,6.826,normal
2026-10-02 09:01:41,F1,50.012,0.0,1.567,72.352,6.398,normal
2026-10-02 09:02:41,F1,54.62,0.0,3.934,58.65,5.866,normal
2026-10-02 09:03:41,F1,47.092,0.0,2.774,56.744,5.98,normal
2026-10-02 09:04:41,F1,56.612,0.0,4.223,45.99,6.49,normal
2026-10-02 09:05:41,F1,59.763,0.0,3.093,54.551,4.255,normal
2026-10-02 09:06:41,F1,66.142,0.0,2.645,58.218,4.905,normal
2026-10-02 09:07:41,F1,43.495,0.0,2.767,39.9,7.45,normal
2026-10-02 09:08:41,F1,50.987,0.0,2.426,46.39,7.538,normal
2026-10-02 09:09:41,F1,51.049,0.0,1.92,46.632,4.531,normal
2026-10-02 09:10:41,F1,41.066,0.0,2.296,51.921,4.813,normal
2026-10-02 09:11:41,F1,66.738,0.0,3.274,54.616,5.705,normal
2026-10-02 09:12:41,F1,57.284,0.0,2.992,46.798,6.55,normal
2026-10-02 09:13:41,F1,47.871,0.0,2.965,48.203,6.969,normal
2026-10-02 09:14:41,F1,50.478,0.0,2.867,50.988,5.603,normal
2026-10-02 09:15:41,F1,51.756,0.0,2.931,42.597,6.035,normal
2026-10-02 09:16:41,F1,66.917,0.0,3.345,56.076,5.41,normal
2026-10-02 09:17:41,F1,43.513,0.138,2.882,48.279,4.697,normal
2026-10-02 09:18:41,F1,48.649,0.0,2.998,47.961,5.521,normal
2026-10-02 09:19:41,F1,47.107,0.0,2.941,70.28,7.049,normal
2026-10-02 09:20:41,F1,55.732,0.0,3.18,57.246,4.786,normal
2026-10-02 09:21:41,F1,54.371,0.0,3.6,63.261,6.707,normal
2026-10-02 09:22:41,F1,68.197,0.0,2.182,59.983,6.985,normal
2026-10-02 09:23:41,F1,44.994,0.0,3.076,60.578,6.583,normal
2026-10-02 09:24:41,F1,47.206,0.0,2.955,50.337,4.756,normal
2026-10-02 09:25:41,F1,44.34,0.0,2.379,45.422,4.586,normal
2026-10-02 09:26:41,F1,39.452,0.0,2.521,45.72,6.515,normal
2026-10-02 09:27:41,F1,49.965,0.0,1.896,50.251,8.324,normal
2026-10-02 09:28:41,F1,45.37,0.0,2.546,61.516,5.311,normal
2026-10-02 09:29:41,F1,62.34,0.0,3.075,55.951,4.786,normal
2026-10-02 09:30:41,F1,60.586,0.0,2.535,62.519,5.423,normal
2026-10-02 09:31:41,F1,58.327,0.16,2.788,49.245,5.55,normal
2026-10-02 09:32:41,F1,59.79,0.0,3.708,49.056,6.172,normal
2026-10-02 09:33:41,F1,52.539,0.0,2.034,74.503,5.531,normal
2026-10-02 09:34:41,F1,61.769,0.0,3.124,57.88,8.0,normal
2026-10-02 09:35:41,F1,60.875,0.0,3.468,51.531,6.664,normal
2026-10-02 09:36:41,F1,55.249,0.0,3.598,65.436,4.323,normal
2026-10-02 09:37:41,F1,57.059,0.0,2.93,58.139,7.258,normal
2026-10-02 09:38:41,F1,62.445,0.0,2.723,56.942,5.504,normal
2026-10-02 09:39:41,F1,55.048,0.0,3.674,67.912,3.997,normal
2026-10-02 09:40:41,F1,61.002,0.0,2.45,44.003,4.573,normal
2026-10-02 09:41:41,F1,55.737,0.0,2.888,56.918,5.953,normal
2026-10-02 09:42:41,F1,61.525,0.0,2.63,52.714,5.577,normal
2026-10-02 09:43:41,F1,51.23,0.0,2.93,50.548,4.765,normal
2026-10-02 09:44:41,F1,41.34,0.0,3.578,52.65,5.222,normal
2026-10-02 09:45:41,F1,55.927,0.0,3.963,67.219,5.391,normal
2026-10-02 09:46:41,F1,60.566,0.0,2.81,50.998,7.475,normal
2026-10-02 09:47:41,F1,50.967,0.0,2.63,68.962,5.534,normal
2026-10-02 09:48:41,F1,49.465,0.0,2.783,44.202,2.768,normal
2026-10-02 09:49:41,F1,53.415,0.0,3.285,49.083,6.411,normal
2026-10-02 09:50:41,F1,61.95,0.0,2.012,65.183,5.983,normal
2026-10-02 09:51:41,F1,51.359,0.0,2.157,51.605,6.007,normal
2026-10-02 09:52:41,F1,48.001,0.0,2.477,57.445,3.482,normal
2026-10-02 09:53:41,F1,38.984,0.0,2.523,61.558,7.386,normal
2026-10-02 09:54:41,F1,54.198,0.0,3.153,47.985,7.643,normal
2026-10-02 09:55:41,F1,52.727,0.0,3.611,58.034,4.789,normal
2026-10-02 09:56:41,F1,57.29,0.074,2.753,43.789,4.77,normal
2026-10-02 09:57:41,F1,46.624,0.0,3.261,53.924,6.058,normal
2026-10-02 09:58:41,F1,51.317,0.032,3.108,54.162,5.144,normal
2026-10-02 09:59:41,F1,60.268,0.0,3.01,79.102,5.8,normal
2026-10-02 10:00:41,F1,51.436,0.037,3.125,59.015,4.277,normal
2026-10-02 10:01:41,F1,62.068,0.0,2.767,44.821,6.334,normal
2026-10-02 10:02:41,F1,47.826,0.0,3.066,52.174,9.348,normal
2026-10-02 10:03:41,F1,57.648,0.0,3.353,46.385,5.811,normal
2026-10-02 10:04:41,F1,50.889,0.0,3.032,51.273,5.89,normal
2026-10-02 10:05:41,F1,59.605,0.0,2.989,46.886,7.113,normal
2026-10-02 10:06:41,F1,53.031,0.0,2.378,71.228,7.127,normal
2026-10-02 10:07:41,F1,56.27,0.0,2.398,52.22,5.909,normal
2026-10-02 10:08:41,F1,50.083,0.119,2.717,51.212,6.856,normal
2026-10-02 10:09:41,F1,60.089,0.0,3.009,59.758,7.183,normal
2026-10-02 10:10:41,F1,48.603,0.0,2.749,53.879,5.902,normal
2026-10-02 10:11:41,F1,59.264,0.0,3.476,62.564,6.147,normal
2026-10-02 10:12:41,F1,54.615,0.0,2.47,65.464,6.181,normal
2026-10-02 10:13:41,F1,58.313,0.0,2.312,69.227,5.716,normal
2026-10-02 10:14:41,F1,51.618,0.0,2.189,56.189,4.973,normal
2026-10-02 10:15:41,F1,62.227,0.0,2.425,54.224,5.422,normal
2026-10-02 10:16:41,F1,48.599,0.0,3.419,55.518,3.053,normal
2026-10-02 10:17:41,F1,53.055,0.0,2.528,61.68,4.931,normal
2026-10-02 10:18:41,F1,55.311,0.0,3.043,71.026,6.729,normal
2026-10-02 10:19:41,F1,52.071,0.0,3.123,46.523,3.666,normal
2026-10-02 10:20:41,F1,42.926,0.08,2.714,45.453,5.948,normal
2026-10-02 10:21:41,F1,56.454,0.0,3.083,53.021,5.995,normal
2026-10-02 10:22:41,F1,51.154,0.0,3.097,56.954,4.363,normal
2026-10-02 10:23:41,F1,62.193,0.0,3.203,57.251,5.581,normal
2026-10-02 10:24:41,F1,54.771,0.0,2.277,51.589,7.288,normal
2026-10-02 10:25:41,F1,55.506,0.0,2.49,42.977,6.887,normal
2026-10-02 10:26:41,F1,59.756,0.0,3.231,57.987,4.14,normal
2026-10-02 10:27:41,F1,56.391,0.0,3.681,38.842,4.39,normal
2026-10-02 10:28:41,F1,56.304,0.0,3.483,48.577,5.989,normal
2026-10-02 10:29:41,F1,44.198,0.068,2.167,67.982,6.223,normal
2026-10-02 10:30:41,F1,60.307,0.0,2.82,56.127,7.052,normal
2026-10-02 10:31:41,F1,52.09,0.0,3.064,48.66,8.106,normal
2026-10-02 10:32:41,F1,56.737,0.0,2.228,53.575,7.019,normal
2026-10-02 10:33:41,F1,41.589,0.0,3.05,56.76,3.399,normal
2026-10-02 10:34:41,F1,59.184,0.0,3.367,50.6,3.374,normal
2026-10-02 10:35:41,F1,51.831,0.0,2.471,44.941,5.409,normal
2026-10-02 10:36:41,F1,54.76,0.003,3.791,64.65,6.743,normal
2026-10-02 10:37:41,F1,62.927,0.0,2.673,55.753,5.549,normal
2026-10-02 10:38:41,F1,53.604,0.0,4.052,48.345,7.41,normal
2026-10-02 10:39:41,F1,39.532,0.0,2.33,50.885,6.526,normal
2026-10-02 10:40:41,F1,64.098,0.0,2.144,39.411,4.902,normal
2026-10-02 10:41:41,F1,63.945,0.063,1.67,59.815,7.366,normal
2026-10-02 10:42:41,F1,61.881,0.0,2.79,50.087,4.36,normal
2026-10-02 10:43:41,F1,47.796,0.0,3.241,55.307,6.69,normal
2026-10-02 10:44:41,F1,52.12,0.0,3.296,64.708,5.901,normal
2026-10-02 10:45:41,F1,61.346,0.007,2.644,70.222,7.461,normal
2026-10-02 10:46:41,F1,62.714,0.0,2.954,54.694,4.19,normal
2026-10-02 10:47:41,F1,50.477,0.0,3.285,34.188,5.853,normal
2026-10-02 10:48:41,F1,49.308,0.0,2.65,50.126,6.101,normal
2026-10-02 10:49:41,F1,41.197,0.0,2.306,67.987,6.282,normal
2026-10-02 10:50:41,F1,54.78,0.0,3.14,58.057,5.309,normal
2026-10-02 10:51:41,F1,38.375,0.0,2.233,58.01,4.423,normal
2026-10-02 10:52:41,F1,61.643,0.111,3.067,49.341,6.62,normal
2026-10-02 10:53:41,F1,50.161,0.0,2.442,68.2,5.305,normal
2026-10-02 10:54:41,F1,56.869,0.0,2.743,43.944,5.152,normal
2026-10-02 10:55:41,F1,64.168,0.0,2.554,56.003,5.31,normal
2026-10-02 10:56:41,F1,47.812,0.0,3.662,40.604,6.418,normal
2026-10-02 10:57:41,F1,55.743,0.0,2.357,71.077,6.652,normal
2026-10-02 10:58:41,F1,57.97,0.0,2.971,57.26,6.068,normal
2026-10-02 10:59:41,F1,68.297,0.0,2.501,61.632,5.881,normal
2026-10-02 11:00:41,F1,49.324,0.0,1.893,68.236,4.801,normal
2026-10-02 11:01:41,F1,58.117,0.0,3.767,48.285,5.508,normal
2026-10-02 11:02:41,F1,52.976,0.0,3.117,51.269,6.906,normal
2026-10-02 11:03:41,F1,74.674,0.0,2.975,62.525,5.297,normal
2026-10-02 11:04:41,F1,65.485,0.0,1.603,63.513,3.525,normal
2026-10-02 11:05:41,F1,59.704,0.0,3.458,56.526,5.609,normal
2026-10-02 11:06:41,F1,34.605,0.0,2.466,54.332,4.858,normal
2026-10-02 11:07:41,F1,58.495,0.0,2.769,52.009,5.648,normal
2026-10-02 11:08:41,F1,66.753,0.0,2.745,44.838,5.384,normal
2026-10-02 11:09:41,F1,60.127,0.0,1.817,49.25,6.488,normal
2026-10-02 11:10:41,F1,52.64,0.0,3.118,63.108,6.208,normal
2026-10-02 11:11:41,F1,54.623,0.0,1.821,41.098,5.225,normal
2026-10-02 11:12:41,F1,48.658,0.144,3.185,48.074,5.318,normal
2026-10-02 11:13:41,F1,52.912,0.0,3.239,46.439,5.637,normal
2026-10-02 11:14:41,F1,52.125,0.048,2.87,58.003,6.956,normal
2026-10-02 11:15:41,F1,57.351,0.0,3.58,41.796,7.246,normal
2026-10-02 11:16:41,F1,64.568,0.0,2.573,73.08,4.839,normal
2026-10-02 11:17:41,F1,47.018,0.0,2.679,57.898,5.685,normal
2026-10-02 11:18:41,F1,49.792,0.0,1.616,57.736,5.996,normal
2026-10-02 11:19:41,F1,59.371,0.0,1.985,48.263,7.155,normal
2026-10-02 11:20:41,F1,62.578,0.0,3.717,59.223,8.081,normal
2026-10-02 11:21:41,F1,66.629,0.0,2.7,56.757,5.666,normal
2026-10-02 11:22:41,F1,42.305,0.0,3.059,41.725,5.678,normal
2026-10-02 11:23:41,F1,46.681,0.0,2.806,53.881,6.878,normal
2026-10-02 11:24:41,F1,49.75,0.141,3.587,59.841,9.381,normal
2026-10-02 11:25:41,F1,55.31,0.035,2.781,55.771,6.683,normal
2026-10-02 11:26:41,F1,64.419,0.0,2.859,46.515,6.749,normal
2026-10-02 11:27:41,F1,32.368,0.0,2.558,50.98,2.702,normal
2026-10-02 11:28:41,F1,44.344,0.0,3.364,60.152,6.44,normal
2026-10-02 11:29:41,F1,42.058,0.0,2.145,62.705,7.675,normal
2026-10-02 11:30:41,F1,51.979,0.0,2.637,58.967,8.286,normal
2026-10-02 11:31:41,F1,45.073,0.028,3.334,59.191,4.013,normal
2026-10-02 11:32:41,F1,47.177,0.0,3.342,53.564,5.569,normal
2026-10-02 11:33:41,F1,47.777,0.0,2.547,43.635,5.313,normal
2026-10-02 11:34:41,F1,54.266,0.0,3.783,60.852,9.924,normal
2026-10-02 11:35:41,F1,52.788,0.009,3.847,29.703,7.114,normal
2026-10-02 11:36:41,F1,60.428,0.0,2.064,41.997,4.837,normal
2026-10-02 11:37:41,F1,53.295,0.0,3.211,60.906,6.392,normal
2026-10-02 11:38:41,F1,56.222,0.073,2.969,69.155,6.406,normal
2026-10-02 11:39:41,F1,57.703,0.0,3.613,43.505,6.787,normal
2026-10-02 11:40:41,F1,47.896,0.0,3.317,69.836,5.59,normal
2026-10-02 11:41:41,F1,38.371,0.0,1.828,55.698,6.961,normal
2026-10-02 11:42:41,F1,55.159,0.0,2.456,65.341,7.132,normal
2026-10-02 11:43:41,F1,59.177,0.0,2.55,64.523,7.713,normal
2026-10-02 11:44:41,F1,54.475,0.0,2.935,52.561,7.295,normal
2026-10-02 11:45:41,F1,53.495,0.087,4.038,61.822,5.964,normal
2026-10-02 11:46:41,F1,63.298,0.0,2.963,62.422,7.225,normal
2026-10-02 11:47:41,F1,61.764,0.0,2.801,47.69,7.008,normal
2026-10-02 11:48:41,F1,61.172,0.088,3.01,61.101,6.184,normal
2026-10-02 11:49:41,F1,46.812,0.0,2.697,38.847,6.781,normal
2026-10-02 11:50:41,F1,49.159,0.173,3.341,48.919,6.937,normal
2026-10-02 11:51:41,F1,58.185,0.0,2.094,52.607,4.785,normal
2026-10-02 11:52:41,F1,43.341,0.0,3.22,52.491,6.776,normal
2026-10-02 11:53:41,F1,67.6,0.0,3.079,49.688,6.253,normal
2026-10-02 11:54:41,F1,61.049,0.0,3.309,49.183,5.379,normal
2026-10-02 11:55:41,F1,52.606,0.0,4.049,43.378,6.284,normal
2026-10-02 11:56:41,F1,43.321,0.0,2.328,59.75,7.311,normal
2026-10-02 11:57:41,F1,63.686,0.0,2.547,53.618,4.997,normal
2026-10-02 11:58:41,F1,44.422,0.0,4.417,58.402,6.2,normal
2026-10-02 11:59:41,F1,51.99,0.0,3.27,49.96,7.509,normal
2026-10-02 12:00:41,F1,55.722,0.0,3.289,70.58,4.713,normal
2026-10-02 12:01:41,F1,56.064,0.212,0.306,55.921,5.243,normal
2026-10-02 12:02:41,F1,56.483,0.0,3.585,51.528,5.882,normal
2026-10-02 12:03:41,F1,47.462,0.112,3.178,43.648,7.027,normal
2026-10-02 12:04:41,F1,57.493,0.0,3.007,70.171,8.965,normal
2026-10-02 12:05:41,F1,57.208,0.0,3.492,56.194,6.44,normal
2026-10-02 12:06:41,F1,60.838,0.053,2.364,54.194,6.833,normal
2026-10-02 12:07:41,F1,59.262,0.0,2.408,68.936,5.467,normal
2026-10-02 12:08:41,F1,44.683,0.106,2.639,53.823,4.808,normal
2026-10-02 12:09:41,F1,53.374,0.0,3.777,48.727,6.948,normal
2026-10-02 12:10:41,F1,45.551,0.143,3.046,72.394,7.612,normal
2026-10-02 12:11:41,F1,67.538,0.0,3.318,51.332,6.511,normal
2026-10-02 12:12:41,F1,47.062,0.226,3.908,39.398,8.018,normal
2026-10-02 12:13:41,F1,46.032,0.0,4.284,40.48,8.297,normal
2026-10-02 12:14:41,F1,50.563,0.0,2.645,57.806,5.89,normal
2026-10-02 12:15:41,F1,35.178,0.0,3.493,52.618,4.922,normal
2026-10-02 12:16:41,F1,51.543,0.0,1.74,54.556,6.003,normal
2026-10-02 12:17:41,F1,63.166,0.0,2.936,63.836,6.928,normal
2026-10-02 12:18:41,F1,57.21,0.0,1.979,46.642,7.175,normal
2026-10-02 12:19:41,F1,60.925,0.08,2.93,60.946,5.337,normal
2026-10-02 12:20:41,F1,55.642,0.0,3.143,47.596,7.396,normal
2026-10-02 12:21:41,F1,59.057,0.081,3.873,46.812,5.524,normal
2026-10-02 12:22:41,F1,41.728,0.123,2.472,65.209,5.474,normal
2026-10-02 12:23:41,F1,54.873,0.0,3.338,60.681,3.249,normal
2026-10-02 12:24:41,F1,53.996,0.0,2.911,32.153,7.018,normal
2026-10-02 12:25:41,F1,42.437,0.0,2.946,52.752,7.223,normal
2026-10-02 12:26:41,F1,48.767,0.0,3.131,58.711,5.997,normal
2026-10-02 12:27:41,F1,55.08,0.0,4.269,50.082,7.701,normal
2026-10-02 12:28:41,F1,57.895,0.0,3.337,43.814,4.813,normal
2026-10-02 12:29:41,F1,45.025,0.165,2.911,69.115,4.761,normal
2026-10-02 12:30:41,F1,58.672,0.0,3.983,57.801,5.916,normal
2026-10-02 12:31:41,F1,54.124,0.008,3.786,68.391,8.115,normal
2026-10-02 12:32:41,F1,46.045,0.0,2.839,55.927,5.914,normal
2026-10-02 12:33:41,F1,60.209,0.0,2.493,39.945,7.35,normal
2026-10-02 12:34:41,F1,61.803,0.0,3.699,53.933,5.551,normal
2026-10-02 12:35:41,F1,61.35,0.226,3.026,61.146,6.544,normal
2026-10-02 12:36:41,F1,50.014,0.031,3.882,54.276,4.482,normal
2026-10-02 12:37:41,F1,62.111,0.123,1.974,57.785,8.368,normal
2026-10-02 12:38:41,F1,62.523,0.0,4.03,57.856,9.511,normal
2026-10-02 12:39:41,F1,45.797,0.0,2.843,54.97,7.384,normal
2026-10-02 12:40:41,F1,65.056,0.0,2.576,50.685,7.241,normal
2026-10-02 12:41:41,F1,43.879,0.009,2.939,51.618,3.696,normal
2026-10-02 12:42:41,F1,36.692,0.012,3.532,57.93,7.199,normal
2026-10-02 12:43:41,F1,60.818,0.0,1.754,64.994,6.758,normal
2026-10-02 12:44:41,F1,52.806,0.0,1.847,52.597,7.745,normal
2026-10-02 12:45:41,F1,50.089,0.0,2.84,44.677,8.219,normal
2026-10-02 12:46:41,F1,47.263,0.0,3.759,52.065,8.094,normal
2026-10-02 12:47:41,F1,55.844,0.0,2.368,51.234,7.825,normal
2026-10-02 12:48:41,F1,51.81,0.0,3.48,46.766,4.467,normal
2026-10-02 12:49:41,F1,54.777,0.0,3.881,51.633,8.248,normal
2026-10-02 12:50:41,F1,58.435,0.127,2.516,47.118,6.01,normal
2026-10-02 12:51:41,F1,57.593,0.105,3.629,50.516,5.216,normal
2026-10-02 12:52:41,F1,65.272,0.143,1.08,48.186,7.38,normal
2026-10-02 12:53:41,F1,59.987,0.001,3.844,50.452,6.824,normal
2026-10-02 12:54:41,F1,59.198,0.029,4.204,51.256,6.865,normal
2026-10-02 12:55:41,F1,46.13,0.267,2.817,50.099,5.56,normal
2026-10-02 12:56:41,F1,68.17,0.01,3.358,47.547,7.099,normal
2026-10-02 12:57:41,F1,51.635,0.19,3.172,55.604,7.73,normal
2026-10-02 12:58:41,F1,60.556,0.092,3.452,51.722,5.325,normal
2026-10-02 12:59:41,F1,56.584,0.0,3.041,51.44,4.842,normal
2026-10-02 13:00:41,F1,50.461,0.092,3.318,52.363,7.743,normal
2026-10-02 13:01:41,F1,63.098,0.0,3.477,43.11,4.236,normal
2026-10-02 13:02:41,F1,48.287,0.099,3.403,65.26,8.074,normal
2026-10-02 13:03:41,F1,79.845,0.189,4.444,59.785,8.261,normal
2026-10-02 13:04:41,F1,50.488,0.052,2.743,54.749,9.06,normal
2026-10-02 13:05:41,F1,67.067,0.169,3.334,56.41,4.609,normal
2026-10-02 13:06:41,F1,59.871,0.058,3.777,45.381,8.035,normal
2026-10-02 13:07:41,F1,45.176,0.137,2.765,53.515,7.487,normal
2026-10-02 13:08:41,F1,64.049,0.151,3.113,52.957,6.756,normal
2026-10-02 13:09:41,F1,61.476,0.0,2.619,62.824,7.125,normal
2026-10-02 13:10:41,F1,57.139,0.0,2.704,52.374,4.929,normal
2026-10-02 13:11:41,F1,62.928,0.025,2.579,49.459,5.217,normal
2026-10-02 13:12:41,F1,57.867,0.065,3.744,58.489,6.534,normal
2026-10-02 13:13:41,F1,47.039,0.0,4.705,50.782,6.362,normal
2026-10-02 13:14:41,F1,48.195,0.069,3.307,57.951,6.697,normal
2026-10-02 13:15:41,F1,51.895,0.099,3.638,64.907,7.704,normal
2026-10-02 13:16:41,F1,56.764,0.0,3.002,60.634,5.369,normal
2026-10-02 13:17:41,F1,55.018,0.0,3.072,68.692,7.963,normal
2026-10-02 13:18:41,F1,57.718,0.215,3.998,64.059,5.438,normal
2026-10-02 13:19:41,F1,47.654,0.1,3.428,53.636,5.341,normal
2026-10-02 13:20:41,F1,55.007,0.0,2.761,59.378,5.884,normal
2026-10-02 13:21:41,F1,58.911,0.071,3.184,51.703,4.413,normal
2026-10-02 13:22:41,F1,59.982,0.11,4.067,48.238,5.331,normal
2026-10-02 13:23:41,F1,63.172,0.08,2.724,46.575,4.797,normal
2026-10-02 13:24:41,F1,60.383,0.056,3.719,48.23,5.165,normal
2026-10-02 13:25:41,F1,42.635,0.261,2.452,63.319,6.552,normal
2026-10-02 13:26:41,F1,51.142,0.098,2.479,59.629,3.703,normal
2026-10-02 13:27:41,F1,49.519,0.218,2.829,39.537,6.323,normal
2026-10-02 13:28:41,F1,45.966,0.231,4.003,62.039,7.963,normal
2026-10-02 13:29:41,F1,66.223,0.086,3.314,48.716,7.154,normal
2026-10-02 13:30:41,F1,55.667,0.0,3.232,45.252,4.423,normal
2026-10-02 13:31:41,F1,62.905,0.127,3.002,56.755,4.729,normal
2026-10-02 13:32:41,F1,53.892,0.105,2.788,55.334,7.663,normal
2026-10-02 13:33:41,F1,60.217,0.0,4.045,57.803,6.462,normal
2026-10-02 13:34:41,F1,63.438,0.0,3.62,49.988,4.584,normal
2026-10-02 13:35:41,F1,66.69,0.117,2.844,56.129,7.011,normal
2026-10-02 13:36:41,F1,61.962,0.005,3.379,60.331,8.144,normal
2026-10-02 13:37:41,F1,56.322,0.008,2.272,50.812,5.06,normal
2026-10-02 13:38:41,F1,63.065,0.187,3.45,51.815,6.451,normal
2026-10-02 13:39:41,F1,49.34,0.035,3.616,46.177,6.287,normal
2026-10-02 13:40:41,F1,51.352,0.137,3.453,53.058,6.285,normal
2026-10-02 13:41:41,F1,48.627,0.053,2.17,55.172,7.993,normal
2026-10-02 13:42:41,F1,63.381,0.108,3.682,64.601,6.817,normal
2026-10-02 13:43:41,F1,56.923,0.0,3.089,52.117,4.843,normal
2026-10-02 13:44:41,F1,40.074,0.0,3.274,69.943,6.47,normal
2026-10-02 13:45:41,F1,54.548,0.054,2.987,36.835,5.243,normal
2026-10-02 13:46:41,F1,54.914,0.0,3.193,57.229,5.793,normal
2026-10-02 13:47:41,F1,61.471,0.0,4.101,50.122,6.515,normal
2026-10-02 13:48:41,F1,53.948,0.063,3.563,58.065,9.43,normal
2026-10-02 13:49:41,F1,51.998,0.202,1.77,64.384,7.747,normal
2026-10-02 13:50:41,F1,43.86,0.02,3.444,50.395,5.564,normal
2026-10-02 13:51:41,F1,59.11,0.081,2.697,50.899,8.0,normal
2026-10-02 13:52:41,F1,47.019,0.0,3.845,45.632,4.764,normal
2026-10-02 13:53:41,F1,56.258,0.06,2.531,49.201,5.951,normal
2026-10-02 13:54:41,F1,48.539,0.262,3.332,62.276,4.547,normal
2026-10-02 13:55:41,F1,38.109,0.023,3.146,59.52,6.183,normal
2026-10-02 13:56:41,F1,52.204,0.0,3.647,63.454,6.115,normal
2026-10-02 13:57:41,F1,50.629,0.041,2.688,55.971,6.23,normal
2026-10-02 13:58:41,F1,63.321,0.089,2.69,55.496,9.026,normal
2026-10-02 13:59:41,F1,49.743,0.089,3.319,63.81,4.576,normal
2026-10-02 14:00:41,F1,44.834,0.0,2.905,51.553,7.204,normal
2026-10-02 14:01:41,F1,50.668,0.178,4.618,55.465,7.579,normal
2026-10-02 14:02:41,F1,54.082,0.174,3.211,53.164,8.731,normal
2026-10-02 14:03:41,F1,60.968,0.108,3.329,50.556,6.065,normal
2026-10-02 14:04:41,F1,27.729,0.06,3.546,59.225,5.97,normal
2026-10-02 14:05:41,F1,59.505,0.213,3.26,46.242,4.589,normal
2026-10-02 14:06:41,F1,59.166,0.193,3.138,45.871,6.298,normal
2026-10-02 14:07:41,F1,54.541,0.125,3.12,64.207,6.861,normal
2026-10-02 14:08:41,F1,44.869,0.072,3.211,59.588,8.069,normal
2026-10-02 14:09:41,F1,61.389,0.046,3.299,51.127,6.116,normal
2026-10-02 14:10:41,F1,47.027,0.01,3.751,67.447,5.379,normal
2026-10-02 14:11:41,F1,59.034,0.108,4.06,47.418,6.829,normal
2026-10-02 14:12:41,F1,54.808,0.0,3.307,44.312,5.325,normal
2026-10-02 14:13:41,F1,56.527,0.227,3.101,70.081,5.587,normal
2026-10-02 14:14:41,F1,59.518,0.106,4.177,61.907,3.244,normal
2026-10-02 14:15:41,F1,52.446,0.02,3.888,46.999,6.886,normal
2026-10-02 14:16:41,F1,51.459,0.155,3.307,53.58,4.723,normal
2026-10-02 14:17:41,F1,56.503,0.186,2.669,58.995,8.584,normal
2026-10-02 14:18:41,F1,48.447,0.0,2.989,54.313,6.769,normal
2026-10-02 14:19:41,F1,56.938,0.237,4.687,48.961,6.569,normal
2026-10-02 14:20:41,F1,47.954,0.307,3.701,67.059,6.204,normal
2026-10-02 14:21:41,F1,64.013,0.119,4.289,54.15,5.541,normal
2026-10-02 14:22:41,F1,52.619,0.295,2.29,54.534,6.457,normal
2026-10-02 14:23:41,F1,53.627,0.0,4.056,51.413,4.938,normal
2026-10-02 14:24:41,F1,49.694,0.013,2.949,45.263,7.547,normal
2026-10-02 14:25:41,F1,58.537,0.205,2.646,70.196,7.48,normal
2026-10-02 14:26:41,F1,49.106,0.154,3.329,50.619,6.791,normal
2026-10-02 14:27:41,F1,49.243,0.104,3.805,59.931,6.978,normal
2026-10-02 14:28:41,F1,58.297,0.12,3.253,59.953,4.978,normal
2026-10-02 14:29:41,F1,46.966,0.098,2.724,56.425,5.066,normal
2026-10-02 14:30:41,F1,62.185,0.164,3.831,39.973,6.137,normal
2026-10-02 14:31:41,F1,52.495,0.371,3.543,46.9,5.12,normal
2026-10-02 14:32:41,F1,59.739,0.0,3.056,45.588,6.913,normal
2026-10-02 14:33:41,F1,67.447,0.127,3.954,56.748,7.094,normal
2026-10-02 14:34:41,F1,41.569,0.063,3.236,69.383,7.025,normal
2026-10-02 14:35:41,F1,61.073,0.314,3.646,55.654,6.968,normal
2026-10-02 14:36:41,F1,56.477,0.21,3.014,60.685,6.797,normal
2026-10-02 14:37:41,F1,57.492,0.175,2.271,53.509,4.208,normal
2026-10-02 14:38:41,F1,54.368,0.092,3.188,54.902,6.563,normal
2026-10-02 14:39:41,F1,55.745,0.0,2.399,55.607,5.854,normal
2026-10-02 14:40:41,F1,61.699,0.0,3.939,42.785,4.676,normal
2026-10-02 14:41:41,F1,45.509,0.247,3.386,42.101,6.578,normal
2026-10-02 14:42:41,F1,66.832,0.0,3.075,45.798,6.263,normal
2026-10-02 14:43:41,F1,75.067,0.216,3.148,68.109,7.231,normal
2026-10-02 14:44:41,F1,62.805,0.085,3.655,42.212,3.896,normal
2026-10-02 14:45:41,F1,60.082,0.124,2.775,64.484,5.265,normal
2026-10-02 14:46:41,F1,47.665,0.004,2.27,51.452,6.46,normal
2026-10-02 14:47:41,F1,60.422,0.246,4.631,53.192,7.201,normal
2026-10-02 14:48:41,F1,61.456,0.152,3.197,55.551,5.623,normal
2026-10-02 14:49:41,F1,49.842,0.161,2.315,59.061,7.919,normal
2026-10-02 14:50:41,F1,50.422,0.031,3.379,50.122,5.379,normal
2026-10-02 14:51:41,F1,59.116,0.211,2.981,58.715,5.74,normal
2026-10-02 14:52:41,F1,49.332,0.147,3.136,63.203,5.496,normal
2026-10-02 14:53:41,F1,65.914,0.147,3.312,41.35,6.331,normal
2026-10-02 14:54:41,F1,55.016,0.3,1.968,56.726,5.797,normal
2026-10-02 14:55:41,F1,40.909,0.438,3.154,45.675,5.525,normal
2026-10-02 14:56:41,F1,63.803,0.267,4.557,43.913,7.475,normal
2026-10-02 14:57:41,F1,48.405,0.288,2.184,59.477,7.508,normal
2026-10-02 14:58:41,F1,54.397,0.282,2.945,54.551,6.669,normal
2026-10-02 14:59:41,F1,56.056,0.154,3.214,48.175,6.498,normal
2026-10-02 15:00:41,F1,74.314,0.033,3.327,56.533,5.948,normal
2026-10-02 15:01:41,F1,45.938,0.162,2.927,56.618,6.076,normal
2026-10-02 15:02:41,F1,58.97,0.347,3.649,55.98,7.398,normal
2026-10-02 15:03:41,F1,67.562,0.222,3.453,62.645,7.171,normal
2026-10-02 15:04:41,F1,58.303,0.249,2.791,62.789,6.794,normal
2026-10-02 15:05:41,F1,65.905,0.142,2.816,50.888,6.02,normal
2026-10-02 15:06:41,F1,41.75,0.288,3.27,51.82,7.352,normal
2026-10-02 15:07:41,F1,53.071,0.254,3.953,56.754,7.464,normal
2026-10-02 15:08:41,F1,37.815,0.444,2.695,69.923,7.906,normal
2026-10-02 15:09:41,F1,57.545,0.0,4.082,57.838,4.651,normal
2026-10-02 15:10:41,F1,58.624,0.203,3.235,52.208,6.429,normal
2026-10-02 15:11:41,F1,53.246,0.085,3.991,61.524,5.694,normal
2026-10-02 15:12:41,F1,65.125,0.234,2.434,47.631,7.344,normal
2026-10-02 15:13:41,F1,49.166,0.14,3.202,68.247,3.084,normal
2026-10-02 15:14:41,F1,77.119,0.0,3.883,48.206,6.596,normal
2026-10-02 15:15:41,F1,61.046,0.231,3.309,42.194,8.745,normal
2026-10-02 15:16:41,F1,46.723,0.146,3.454,56.256,6.475,normal
2026-10-02 15:17:41,F1,46.579,0.031,2.813,51.672,7.014,normal
2026-10-02 15:18:41,F1,55.345,0.248,2.701,52.472,4.257,normal
2026-10-02 15:19:41,F1,51.54,0.211,2.286,45.452,6.375,normal
2026-10-02 15:20:41,F1,58.424,0.208,4.13,68.819,6.177,normal
2026-10-02 15:21:41,F1,51.072,0.24,3.195,45.068,6.987,normal
2026-10-02 15:22:41,F1,60.339,0.0,3.705,55.376,7.129,normal
2026-10-02 15:23:41,F1,64.07,0.201,3.424,52.86,7.624,normal
2026-10-02 15:24:41,F1,43.026,0.096,3.564,46.422,5.784,normal
2026-10-02 15:25:41,F1,62.078,0.441,3.233,53.131,9.222,normal
2026-10-02 15:26:41,F1,49.039,0.332,4.203,49.689,7.396,normal
2026-10-02 15:27:41,F1,45.988,0.307,3.948,65.48,8.088,normal
2026-10-02 15:28:41,F1,53.638,0.312,3.737,56.217,5.2,normal
2026-10-02 15:29:41,F1,51.952,0.37,2.747,53.561,5.802,normal
2026-10-02 15:30:41,F1,52.788,0.553,2.698,60.539,5.678,normal
2026-10-02 15:31:41,F1,57.898,0.037,2.407,68.975,5.423,normal
2026-10-02 15:32:41,F1,52.536,0.208,4.231,72.501,6.016,normal
2026-10-02 15:33:41,F1,44.473,0.294,3.198,41.983,4.883,normal
2026-10-02 15:34:41,F1,64.182,0.461,3.648,53.798,5.399,normal
2026-10-02 15:35:41,F1,58.335,0.128,2.715,50.576,5.146,normal
2026-10-02 15:36:41,F1,59.78,0.331,3.287,59.136,6.609,normal
2026-10-02 15:37:41,F1,61.042,0.159,3.794,47.656,7.056,normal
2026-10-02 15:38:41,F1,56.746,0.323,3.312,76.38,6.646,normal
2026-10-02 15:39:41,F1,56.917,0.225,3.9,43.028,5.574,normal
2026-10-02 15:40:41,F1,50.944,0.398,2.721,56.293,4.388,normal
2026-10-02 15:41:41,F1,51.077,0.028,3.012,48.509,6.586,normal
2026-10-02 15:42:41,F1,47.518,0.369,4.007,64.181,5.979,normal
2026-10-02 15:43:41,F1,56.114,0.258,3.819,64.253,6.756,normal
2026-10-02 15:44:41,F1,58.181,0.183,2.887,55.703,4.923,normal
2026-10-02 15:45:41,F1,69.892,0.239,2.86,57.99,6.584,normal
2026-10-02 15:46:41,F1,48.77,0.096,3.84,65.901,7.937,normal
2026-10-02 15:47:41,F1,44.807,0.373,3.16,53.687,6.238,normal
2026-10-02 15:48:41,F1,51.631,0.347,3.763,50.516,5.225,normal
2026-10-02 15:49:41,F1,47.945,0.052,3.776,59.12,7.562,normal
2026-10-02 15:50:41,F1,61.083,0.116,3.544,61.496,5.3,normal
2026-10-02 15:51:41,F1,58.663,0.0,3.059,48.446,8.356,normal
2026-10-02 15:52:41,F1,53.644,0.023,2.415,40.249,7.441,normal
2026-10-02 15:53:41,F1,61.536,0.201,2.542,55.667,7.309,normal
2026-10-02 15:54:41,F1,51.239,0.219,3.101,66.183,6.495,normal
2026-10-02 15:55:41,F1,54.786,0.223,2.936,64.427,6.064,normal
2026-10-02 15:56:41,F1,54.749,0.522,3.952,45.548,5.933,normal
2026-10-02 15:57:41,F1,43.26,0.341,2.735,59.7,6.631,normal
2026-10-02 15:58:41,F1,45.588,0.283,2.917,45.311,6.964,normal
2026-10-02 15:59:41,F1,62.34,0.201,3.455,53.694,6.794,normal
2026-10-02 16:00:41,F1,45.468,0.599,3.498,50.917,7.775,normal
2026-10-02 16:01:41,F1,56.751,0.515,3.118,58.533,5.258,normal
2026-10-02 16:02:41,F1,52.982,0.348,3.586,39.401,6.609,normal
2026-10-02 16:03:41,F1,57.235,0.401,2.513,58.021,5.787,normal
2026-10-02 16:04:41,F1,50.155,0.409,2.967,63.413,5.911,normal
2026-10-02 16:05:41,F1,63.105,0.276,3.718,49.975,5.402,normal
2026-10-02 16:06:41,F1,56.422,0.397,2.836,62.17,7.621,normal
2026-10-02 16:07:41,F1,59.13,0.219,2.874,56.091,3.78,normal
2026-10-02 16:08:41,F1,53.317,0.369,3.442,61.763,5.911,normal
2026-10-02 16:09:41,F1,59.954,0.104,3.469,50.453,6.201,normal
2026-10-02 16:10:41,F1,46.953,0.477,2.701,53.707,5.928,normal
2026-10-02 16:11:41,F1,49.134,0.461,3.16,52.153,7.05,normal
2026-10-02 16:12:41,F1,69.979,0.253,2.308,58.383,5.977,normal
2026-10-02 16:13:41,F1,58.31,0.328,3.464,59.623,7.497,normal
2026-10-02 16:14:41,F1,59.978,0.354,4.051,65.344,5.678,normal
2026-10-02 16:15:41,F1,42.538,0.235,2.747,54.879,4.775,normal
2026-10-02 16:16:41,F1,67.771,0.192,2.698,53.297,4.746,normal
2026-10-02 16:17:41,F1,49.573,0.218,3.747,62.901,4.945,normal
2026-10-02 16:18:41,F1,62.865,0.579,2.838,50.429,4.938,normal
2026-10-02 16:19:41,F1,58.62,0.108,3.189,67.601,9.08,normal
2026-10-02 16:20:41,F1,59.059,0.349,3.343,58.61,5.672,normal
2026-10-02 16:21:41,F1,43.24,0.232,4.059,54.608,5.621,normal
2026-10-02 16:22:41,F1,58.607,0.324,3.046,59.765,7.141,normal
2026-10-02 16:23:41,F1,60.964,0.255,4.403,56.103,6.734,normal
2026-10-02 16:24:41,F1,56.222,0.368,3.77,63.751,5.745,normal
2026-10-02 16:25:41,F1,72.823,0.411,2.723,56.64,5.258,normal
2026-10-02 16:26:41,F1,57.368,0.178,3.586,58.966,4.795,normal
2026-10-02 16:27:41,F1,53.166,0.209,4.052,44.872,5.578,normal
2026-10-02 16:28:41,F1,61.989,0.337,3.559,47.933,9.112,normal
2026-10-02 16:29:41,F1,39.454,0.292,2.858,57.526,5.247,normal
2026-10-02 16:30:41,F1,62.968,0.506,2.2,52.485,5.941,normal
2026-10-02 16:31:41,F1,61.034,0.492,2.845,65.503,6.666,normal
2026-10-02 16:32:41,F1,50.003,0.281,3.556,49.196,6.374,normal
2026-10-02 16:33:41,F1,56.922,0.493,3.42,77.069,7.055,normal
2026-10-02 16:34:41,F1,61.8,0.289,3.799,65.747,6.76,normal
2026-10-02 16:35:41,F1,58.084,0.122,3.01,45.783,6.977,normal
2026-10-02 16:36:41,F1,51.465,0.476,2.509,65.352,6.361,normal
2026-10-02 16:37:41,F1,60.118,0.229,4.111,71.602,4.507,normal
2026-10-02 16:38:41,F1,47.756,0.09,3.301,57.282,7.432,normal
2026-10-02 16:39:41,F1,45.948,0.335,4.249,50.553,6.519,normal
2026-10-02 16:40:41,F1,58.591,0.287,3.55,52.13,4.243,normal
2026-10-02 16:41:41,F1,44.871,0.272,2.942,56.131,5.16,normal
2026-10-02 16:42:41,F1,65.847,0.344,3.193,48.425,9.202,normal
2026-10-02 16:43:41,F1,58.214,0.128,3.334,74.467,3.332,normal
2026-10-02 16:44:41,F1,54.673,0.305,2.948,64.289,7.895,normal
2026-10-02 16:45:41,F1,59.018,0.195,3.236,62.242,5.811,normal
2026-10-02 16:46:41,F1,56.719,0.134,1.4,51.032,6.684,normal
2026-10-02 16:47:41,F1,47.236,0.389,2.732,53.364,6.745,normal
2026-10-02 16:48:41,F1,66.208,0.339,3.266,46.73,6.995,normal
2026-10-02 16:49:41,F1,55.105,0.408,3.492,64.029,5.996,normal
2026-10-02 16:50:41,F1,58.601,0.268,5.169,54.327,7.925,normal
2026-10-02 16:51:41,F1,49.814,0.337,3.002,73.55,5.974,normal
2026-10-02 16:52:41,F1,43.074,0.338,4.093,58.319,8.406,normal
2026-10-02 16:53:41,F1,61.179,0.26,2.413,53.78,3.423,normal
2026-10-02 16:54:41,F1,61.704,0.104,3.473,68.488,5.947,normal
2026-10-02 16:55:41,F1,67.658,0.187,2.846,45.949,7.502,normal
2026-10-02 16:56:41,F1,48.746,0.412,3.993,52.592,5.861,normal
2026-10-02 16:57:41,F1,41.445,0.365,3.527,52.804,5.713,normal
2026-10-02 16:58:41,F1,62.564,0.548,3.744,74.918,7.68,normal
2026-10-02 16:59:41,F1,67.246,0.47,2.778,57.033,5.883,normal
2026-10-02 17:00:41,F1,53.514,0.183,3.402,71.343,4.961,normal
2026-10-02 17:01:41,F1,50.654,0.192,3.642,49.986,5.819,normal
2026-10-02 17:02:41,F1,56.845,0.182,3.164,67.093,6.028,normal
2026-10-02 17:03:41,F1,64.682,0.281,3.512,58.501,6.478,normal
2026-10-02 17:04:41,F1,49.061,0.516,3.941,50.372,3.908,normal
2026-10-02 17:05:41,F1,60.16,0.38,2.906,63.101,6.873,normal
2026-10-02 17:06:41,F1,56.287,0.179,3.48,47.344,5.835,normal
2026-10-02 17:07:41,F1,57.994,0.492,3.942,52.758,7.282,normal
2026-10-02 17:08:41,F1,47.697,0.084,3.629,69.968,6.162,normal
2026-10-02 17:09:41,F1,59.803,0.288,3.596,60.476,5.307,normal
2026-10-02 17:10:41,F1,57.88,0.452,4.12,60.247,5.739,normal
2026-10-02 17:11:41,F1,44.533,0.277,3.551,63.785,6.145,normal
2026-10-02 17:12:41,F1,58.19,0.396,2.9,58.39,6.706,normal
2026-10-02 17:13:41,F1,56.198,0.049,3.939,43.252,7.133,normal
2026-10-02 17:14:41,F1,50.547,0.467,3.503,62.59,6.822,normal
2026-10-02 17:15:41,F1,66.112,0.456,3.53,64.489,8.598,normal
2026-10-02 17:16:41,F1,55.662,0.327,2.338,60.357,7.128,normal
2026-10-02 17:17:41,F1,54.243,0.353,3.448,35.274,5.3,normal
2026-10-02 17:18:41,F1,52.036,0.061,3.278,61.284,5.919,normal
2026-10-02 17:19:41,F1,55.003,0.536,2.167,52.704,5.511,normal
2026-10-02 17:20:41,F1,75.55,0.392,3.099,52.025,5.087,normal
2026-10-02 17:21:41,F1,50.072,0.364,3.478,52.504,7.861,normal
2026-10-02 17:22:41,F1,40.749,0.382,5.147,52.149,4.246,normal
2026-10-02 17:23:41,F1,61.44,0.491,3.39,44.186,5.488,normal
2026-10-02 17:24:41,F1,49.461,0.491,3.969,46.992,6.528,normal
2026-10-02 17:25:41,F1,62.376,0.33,3.228,63.773,5.128,normal
2026-10-02 17:26:41,F1,63.813,0.0,3.085,66.707,6.901,normal
2026-10-02 17:27:41,F1,52.8,0.234,3.249,66.488,6.112,normal
2026-10-02 17:28:41,F1,51.881,0.416,3.841,63.785,6.992,normal
2026-10-02 17:29:41,F1,66.285,0.251,4.241,51.282,5.96,normal
2026-10-02 17:30:41,F1,53.595,0.279,3.339,63.19,4.864,normal
2026-10-02 17:31:41,F1,49.951,0.217,4.178,62.091,5.108,normal
2026-10-02 17:32:41,F1,53.189,0.498,4.233,73.185,5.907,normal
2026-10-02 17:33:41,F1,43.44,0.269,3.837,69.888,2.854,normal
2026-10-02 17:34:41,F1,47.322,0.35,3.714,45.383,4.993,normal
2026-10-02 17:35:41,F1,51.417,0.456,3.982,54.168,9.632,normal
2026-10-02 17:36:41,F1,53.147,0.363,3.059,70.108,6.857,normal
2026-10-02 17:37:41,F1,55.558,0.377,3.511,36.163,5.519,normal
2026-10-02 17:38:41,F1,45.55,0.38,3.315,45.938,4.524,normal
2026-10-02 17:39:41,F1,50.245,0.315,3.174,56.644,7.722,normal
2026-10-02 17:40:41,F1,65.812,0.438,2.984,42.733,7.417,normal
2026-10-02 17:41:41,F1,45.751,0.129,2.947,34.962,7.189,normal
2026-10-02 17:42:41,F1,55.586,0.5,3.128,54.446,6.092,normal
2026-10-02 17:43:41,F1,51.722,0.279,3.517,42.007,8.33,normal
2026-10-02 17:44:41,F1,51.26,0.268,2.561,55.016,8.037,normal
2026-10-02 17:45:41,F1,60.041,0.572,4.338,63.045,7.979,normal
2026-10-02 17:46:41,F1,53.098,0.205,3.81,42.094,6.197,normal
2026-10-02 17:47:41,F1,61.137,0.551,3.349,50.878,7.003,normal
2026-10-02 17:48:41,F1,56.138,0.18,2.9,50.872,6.052,normal
2026-10-02 17:49:41,F1,43.879,0.228,3.317,44.84,7.253,normal
2026-10-02 17:50:41,F1,61.31,0.41,2.935,69.472,8.421,normal
2026-10-02 17:51:41,F1,59.803,0.467,4.172,69.486,5.556,normal
2026-10-02 17:52:41,F1,51.284,0.259,3.827,52.458,5.755,normal
2026-10-02 17:53:41,F1,53.262,0.157,3.57,33.032,5.403,normal
2026-10-02 17:54:41,F1,47.355,0.444,3.305,69.035,7.557,normal
2026-10-02 17:55:41,F1,54.642,0.534,3.995,64.303,7.764,normal
2026-10-02 17:56:41,F1,50.344,0.453,3.112,48.989,5.277,normal
2026-10-02 17:57:41,F1,61.616,0.433,3.673,69.5,7.906,normal
2026-10-02 17:58:41,F1,57.312,0.35,3.853,62.273,4.925,normal
2026-10-02 17:59:41,F1,60.457,0.544,3.973,51.888,6.458,normal
2026-10-02 18:00:41,F1,59.394,0.392,2.259,53.733,7.998,normal
2026-10-02 18:01:41,F1,49.25,0.365,2.494,69.278,6.733,normal
2026-10-02 18:02:41,F1,42.311,0.31,4.103,41.288,6.418,normal
2026-10-02 18:03:41,F1,49.365,0.318,2.377,52.402,8.784,normal
2026-10-02 18:04:41,F1,52.005,0.501,3.4,55.393,5.316,normal
2026-10-02 18:05:41,F1,64.218,0.545,3.713,56.868,7.011,normal
2026-10-02 18:06:41,F1,57.983,0.428,4.077,49.561,5.107,normal
2026-10-02 18:07:41,F1,54.093,0.119,3.147,52.014,6.757,normal
2026-10-02 18:08:41,F1,51.431,0.466,3.621,47.454,6.598,normal
2026-10-02 18:09:41,F1,54.627,0.492,4.016,50.463,8.167,normal
2026-10-02 18:10:41,F1,37.331,0.541,4.555,48.982,7.189,normal
2026-10-02 18:11:41,F1,72.936,0.351,3.317,58.084,7.273,normal
2026-10-02 18:12:41,F1,45.852,0.476,4.331,54.734,7.312,normal
2026-10-02 18:13:41,F1,57.691,0.182,3.794,60.271,7.481,normal
2026-10-02 18:14:41,F1,52.954,0.478,3.81,62.292,5.331,normal
2026-10-02 18:15:41,F1,56.94,0.519,3.773,42.277,5.918,normal
2026-10-02 18:16:41,F1,44.824,0.451,3.752,53.997,6.909,normal
2026-10-02 18:17:41,F1,47.94,0.421,3.922,63.917,7.008,normal
2026-10-02 18:18:41,F1,54.633,0.438,3.277,54.87,6.295,normal
2026-10-02 18:19:41,F1,45.649,0.487,2.752,36.937,6.41,normal
2026-10-02 18:20:41,F1,54.505,0.355,2.733,61.5,7.365,normal
2026-10-02 18:21:41,F1,48.066,0.409,2.515,62.805,4.866,normal
2026-10-02 18:22:41,F1,54.334,0.378,3.04,53.422,5.129,normal
2026-10-02 18:23:41,F1,55.179,0.329,3.359,48.692,4.279,normal
2026-10-02 18:24:41,F1,58.411,0.485,3.959,49.844,7.401,normal
2026-10-02 18:25:41,F1,52.177,0.493,3.466,53.398,6.078,normal
2026-10-02 18:26:41,F1,51.7,0.433,3.223,68.278,6.099,normal
2026-10-02 18:27:41,F1,52.445,0.399,3.911,57.435,7.373,normal
2026-10-02 18:28:41,F1,69.789,0.62,2.448,57.299,5.861,normal
2026-10-02 18:29:41,F1,47.422,0.395,3.292,57.286,5.941,normal
2026-10-02 18:30:41,F1,59.654,0.454,3.778,60.348,7.376,normal
2026-10-02 18:31:41,F1,58.105,0.515,2.657,54.34,7.252,normal
2026-10-02 18:32:41,F1,47.636,0.408,4.316,76.732,6.988,normal
2026-10-02 18:33:41,F1,62.124,0.406,4.391,53.859,5.886,normal
2026-10-02 18:34:41,F1,59.789,0.418,3.286,44.945,5.162,normal
2026-10-02 18:35:41,F1,54.886,0.551,4.143,55.319,6.246,normal
2026-10-02 18:36:41,F1,58.66,0.447,3.347,49.783,5.129,normal
2026-10-02 18:37:41,F1,62.74,0.524,2.824,64.126,8.857,normal
2026-10-02 18:38:41,F1,53.632,0.371,4.239,39.483,5.622,normal
2026-10-02 18:39:41,F1,61.954,0.393,3.113,70.047,7.088,normal
2026-10-02 18:40:41,F1,57.005,0.332,3.232,46.723,8.234,normal
2026-10-02 18:41:41,F1,50.973,0.296,3.915,45.791,4.704,normal
2026-10-02 18:42:41,F1,49.138,0.456,3.489,56.141,8.428,normal
2026-10-02 18:43:41,F1,54.874,0.524,3.074,61.596,7.093,normal
2026-10-02 18:44:41,F1,65.663,0.362,2.678,56.309,5.822,normal
2026-10-02 18:45:41,F1,57.627,0.312,3.259,54.35,6.257,normal
2026-10-02 18:46:41,F1,40.345,0.621,2.586,49.032,6.888,normal
2026-10-02 18:47:41,F1,65.15,0.644,3.767,49.476,5.179,normal
2026-10-02 18:48:41,F1,62.448,0.525,3.398,47.362,5.58,normal
2026-10-02 18:49:41,F1,54.643,0.598,4.066,55.019,5.411,normal
2026-10-02 18:50:41,F1,58.657,0.487,4.292,49.941,5.085,normal
2026-10-02 18:51:41,F1,53.694,0.683,4.465,43.541,6.498,normal
2026-10-02 18:52:41,F1,50.475,0.394,3.326,55.116,8.379,normal
2026-10-02 18:53:41,F1,47.307,0.931,3.21,62.931,7.755,normal
2026-10-02 18:54:41,F1,57.826,0.443,3.099,41.122,6.382,normal
2026-10-02 18:55:41,F1,46.585,0.547,3.756,54.246,7.475,normal
2026-10-02 18:56:41,F1,57.949,0.46,2.703,42.237,6.806,normal
2026-10-02 18:57:41,F1,58.847,0.455,2.938,52.984,4.611,normal
2026-10-02 18:58:41,F1,51.313,0.474,4.202,65.572,5.838,normal
2026-10-02 18:59:41,F1,53.105,0.479,3.074,59.452,7.873,normal
2026-10-02 19:00:41,F1,61.343,0.258,4.547,64.056,6.986,normal
2026-10-02 19:01:41,F1,46.281,0.261,3.195,57.682,6.802,normal
2026-10-02 19:02:41,F1,52.229,0.566,3.46,60.434,4.567,normal
2026-10-02 19:03:41,F1,47.937,0.504,4.12,41.662,4.11,normal
2026-10-02 19:04:41,F1,45.279,0.526,2.661,56.892,4.955,normal
2026-10-02 19:05:41,F1,49.836,0.496,3.43,58.594,6.548,normal
2026-10-02 19:06:41,F1,40.142,0.615,3.404,51.973,8.961,normal
2026-10-02 19:07:41,F1,66.978,0.333,3.137,49.794,6.504,normal
2026-10-02 19:08:41,F1,60.901,0.624,5.21,65.797,6.194,normal
2026-10-02 19:09:41,F1,55.822,0.549,4.136,92.943,6.272,normal
2026-10-02 19:10:41,F1,51.787,0.349,3.346,62.456,6.861,normal
2026-10-02 19:11:41,F1,52.751,0.651,3.743,33.32,7.779,normal
2026-10-02 19:12:41,F1,58.984,0.307,3.576,68.308,7.672,normal
2026-10-02 19:13:41,F1,59.229,0.689,4.613,49.348,6.592,normal
2026-10-02 19:14:41,F1,55.511,0.514,3.212,51.209,8.469,normal
2026-10-02 19:15:41,F1,67.005,0.509,2.904,56.175,8.614,normal
2026-10-02 19:16:41,F1,66.139,0.456,3.539,66.003,9.382,normal
2026-10-02 19:17:41,F1,61.9,0.594,2.896,59.061,5.52,normal
2026-10-02 19:18:41,F1,54.582,0.488,4.432,47.423,5.546,normal
2026-10-02 19:19:41,F1,68.307,0.302,3.175,38.703,6.464,normal
2026-10-02 19:20:41,F1,53.15,0.473,3.843,50.101,6.778,normal
2026-10-02 19:21:41,F1,57.316,0.662,3.218,52.711,6.53,normal
2026-10-02 19:22:41,F1,60.293,0.775,3.736,59.041,8.587,normal
2026-10-02 19:23:41,F1,43.84,0.494,3.141,57.371,5.197,normal
2026-10-02 19:24:41,F1,59.101,0.507,4.365,61.137,5.298,normal
2026-10-02 19:25:41,F1,65.734,0.673,3.01,55.344,7.183,normal
2026-10-02 19:26:41,F1,56.785,0.614,3.293,63.668,7.274,normal
2026-10-02 19:27:41,F1,51.205,0.676,3.609,59.815,7.668,normal
2026-10-02 19:28:41,F1,49.634,0.552,3.665,58.646,6.496,normal
2026-10-02 19:29:41,F1,56.428,0.66,4.611,66.828,8.139,normal
2026-10-02 19:30:41,F1,44.859,0.462,3.424,65.239,8.198,normal
2026-10-02 19:31:41,F1,50.037,0.543,3.989,58.366,7.469,normal
2026-10-02 19:32:41,F1,43.904,0.559,4.04,76.857,7.964,normal
2026-10-02 19:33:41,F1,48.424,0.469,3.746,52.378,6.454,normal
2026-10-02 19:34:41,F1,56.558,0.487,4.28,64.184,5.792,normal
2026-10-02 19:35:41,F1,53.984,0.427,3.656,48.677,7.142,normal
2026-10-02 19:36:41,F1,38.109,0.653,3.81,61.275,5.511,normal
2026-10-02 19:37:41,F1,50.487,0.416,2.599,53.515,6.943,normal
2026-10-02 19:38:41,F1,49.126,0.698,4.127,47.078,3.631,normal
2026-10-02 19:39:41,F1,64.461,0.436,3.463,62.079,6.44,normal
2026-10-02 19:40:41,F1,64.857,0.515,3.445,62.674,6.135,normal
2026-10-02 19:41:41,F1,49.58,0.431,3.593,72.561,6.415,normal
2026-10-02 19:42:41,F1,53.419,0.437,3.46,48.607,4.671,normal
2026-10-02 19:43:41,F1,55.551,0.577,3.516,54.376,7.027,normal
2026-10-02 19:44:41,F1,65.409,0.632,3.856,73.147,7.572,normal
2026-10-02 19:45:41,F1,71.939,0.305,3.162,65.215,6.907,normal
2026-10-02 19:46:41,F1,51.765,0.394,3.354,47.322,5.997,normal
2026-10-02 19:47:41,F1,59.663,0.716,3.609,58.302,8.58,normal
2026-10-02 19:48:41,F1,61.741,0.618,4.213,45.271,7.318,normal
2026-10-02 19:49:41,F1,50.793,0.58,3.79,63.373,7.022,normal
2026-10-02 19:50:41,F1,52.345,0.652,4.433,62.746,4.797,normal
2026-10-02 19:51:41,F1,40.255,0.693,4.059,49.156,7.797,normal
2026-10-02 19:52:41,F1,63.288,0.712,3.411,58.944,6.245,normal
2026-10-02 19:53:41,F1,46.328,0.462,4.39,49.729,7.706,normal
2026-10-02 19:54:41,F1,53.439,0.648,2.586,48.755,4.378,normal
2026-10-02 19:55:41,F1,63.44,0.492,3.24,58.025,6.429,normal
2026-10-02 19:56:41,F1,75.068,0.549,4.493,36.685,6.629,normal
2026-10-02 19:57:41,F1,50.892,0.572,3.428,53.414,6.933,normal
2026-10-02 19:58:41,F1,52.82,0.677,3.528,56.483,7.551,normal
2026-10-02 19:59:41,F1,64.888,0.603,3.227,51.209,5.958,normal
2026-10-02 20:00:41,F1,49.127,0.775,3.716,56.906,6.828,normal
2026-10-02 20:01:41,F1,57.513,0.48,2.722,61.129,5.941,normal
2026-10-02 20:02:41,F1,57.857,0.455,3.089,58.763,8.69,normal
2026-10-02 20:03:41,F1,62.064,0.647,4.105,56.267,8.529,normal
2026-10-02 20:04:41,F1,54.608,0.528,4.058,58.49,6.953,normal
2026-10-02 20:05:41,F1,57.98,0.604,2.676,75.778,6.679,normal
2026-10-02 20:06:41,F1,62.551,0.427,4.287,45.252,6.411,normal
2026-10-02 20:07:41,F1,51.241,0.398,3.609,49.771,7.26,normal
2026-10-02 20:08:41,F1,56.893,0.621,3.048,83.537,6.133,normal
2026-10-02 20:09:41,F1,47.086,0.605,4.232,50.376,6.516,normal
2026-10-02 20:10:41,F1,59.89,0.615,4.22,50.906,5.792,normal
2026-10-02 20:11:41,F1,48.48,0.706,3.542,53.741,5.727,normal
2026-10-02 20:12:41,F1,60.422,0.807,3.884,61.468,7.636,normal
2026-10-02 20:13:41,F1,43.685,0.83,3.232,51.348,7.519,normal
2026-10-02 20:14:41,F1,45.539,0.544,3.463,54.437,8.579,normal
2026-10-02 20:15:41,F1,58.297,0.488,3.63,61.048,6.587,normal
2026-10-02 20:16:41,F1,48.294,0.687,3.277,59.556,6.259,normal
2026-10-02 20:17:41,F1,49.457,0.854,3.31,49.918,7.119,normal
2026-10-02 20:18:41,F1,60.087,0.58,3.594,55.58,5.303,normal
2026-10-02 20:19:41,F1,53.945,0.765,3.61,59.154,7.623,normal
2026-10-02 20:20:41,F1,48.071,0.623,3.169,61.151,6.537,normal
2026-10-02 20:21:41,F1,59.779,0.656,4.559,50.112,8.358,normal
2026-10-02 20:22:41,F1,53.015,0.375,4.115,56.595,8.415,normal
2026-10-02 20:23:41,F1,47.024,0.664,3.317,52.62,7.356,normal
2026-10-02 20:24:41,F1,55.699,0.781,4.781,54.691,5.332,normal
2026-10-02 20:25:41,F1,51.598,0.695,4.157,66.708,7.157,normal
2026-10-02 20:26:41,F1,56.032,0.599,2.603,50.243,6.391,normal
2026-10-02 20:27:41,F1,47.679,0.762,3.755,63.197,7.163,normal
2026-10-02 20:28:41,F1,45.214,0.68,3.684,61.031,6.788,normal
2026-10-02 20:29:41,F1,51.833,0.627,4.222,58.995,6.299,normal
2026-10-02 20:30:41,F1,51.643,0.563,3.866,55.671,7.072,normal
2026-10-02 20:31:41,F1,50.93,0.803,4.714,46.068,5.252,normal
2026-10-02 20:32:41,F1,57.556,0.522,3.151,56.549,5.245,normal
2026-10-02 20:33:41,F1,74.047,0.763,5.32,45.177,7.26,normal
2026-10-02 20:34:41,F1,61.931,0.488,3.69,43.845,5.576,normal
2026-10-02 20:35:41,F1,63.528,0.627,3.561,55.572,4.835,normal
2026-10-02 20:36:41,F1,54.343,0.539,2.396,48.061,5.268,normal
2026-10-02 20:37:41,F1,60.836,0.554,3.983,64.131,6.741,normal
2026-10-02 20:38:41,F1,55.259,0.55,3.682,57.882,6.583,normal
2026-10-02 20:39:41,F1,54.757,0.41,3.06,48.655,7.468,normal
2026-10-02 20:40:41,F1,55.428,0.749,3.859,52.5,7.592,normal
2026-10-02 20:41:41,F1,53.934,0.529,4.177,54.25,7.757,normal
2026-10-02 20:42:41,F1,60.889,0.842,3.952,60.357,6.572,normal
2026-10-02 20:43:41,F1,51.323,0.458,3.407,43.817,6.085,normal
2026-10-02 20:44:41,F1,49.092,0.601,2.83,52.433,6.341,normal
2026-10-02 20:45:41,F1,56.885,0.725,4.581,57.995,6.675,normal
2026-10-02 20:46:41,F1,65.838,0.741,3.408,51.072,5.356,normal
2026-10-02 20:47:41,F1,43.646,0.562,4.028,48.248,6.722,normal
2026-10-02 20:48:41,F1,67.222,0.499,3.127,54.152,4.677,normal
2026-10-02 20:49:41,F1,53.879,0.66,4.518,58.934,7.255,normal
2026-10-02 20:50:41,F1,53.855,0.608,3.829,48.426,6.509,normal
2026-10-02 20:51:41,F1,50.188,0.773,3.501,61.896,7.326,normal
2026-10-02 20:52:41,F1,52.9,0.687,3.764,49.463,6.011,normal
2026-10-02 20:53:41,F1,65.338,0.668,2.735,50.764,5.716,normal
2026-10-02 20:54:41,F1,58.005,0.667,3.591,40.89,6.867,normal
2026-10-02 20:55:41,F1,51.542,0.692,3.486,55.346,5.301,normal
2026-10-02 20:56:41,F1,53.415,0.584,3.801,46.643,6.494,normal
2026-10-02 20:57:41,F1,68.364,0.348,4.603,60.141,7.98,normal
2026-10-02 20:58:41,F1,58.814,0.701,4.545,42.144,6.545,normal
2026-10-02 20:59:41,F1,44.378,0.761,3.445,81.956,5.729,normal
2026-10-02 21:00:41,F1,67.675,0.51,4.048,46.881,7.054,normal
2026-10-02 21:01:41,F1,64.452,0.439,3.952,51.385,7.439,normal
2026-10-02 21:02:41,F1,67.458,0.767,3.726,50.953,9.133,normal
2026-10-02 21:03:41,F1,64.839,0.622,3.25,44.882,7.148,normal
2026-10-02 21:04:41,F1,65.104,0.69,3.03,52.25,8.345,normal
2026-10-02 21:05:41,F1,51.938,0.731,3.285,65.436,7.206,normal
2026-10-02 21:06:41,F1,56.522,0.666,3.289,46.679,4.722,normal
2026-10-02 21:07:41,F1,60.498,0.577,3.578,56.722,5.233,normal
2026-10-02 21:08:41,F1,52.518,0.647,4.199,62.491,6.205,normal
2026-10-02 21:09:41,F1,43.194,0.484,3.309,48.039,8.382,normal
2026-10-02 21:10:41,F1,44.239,0.566,2.415,60.007,6.667,normal
2026-10-02 21:11:41,F1,47.142,0.558,3.58,54.013,6.702,normal
2026-10-02 21:12:41,F1,46.871,0.79,3.928,36.985,7.783,normal
2026-10-02 21:13:41,F1,47.025,0.592,4.601,54.107,6.863,normal
2026-10-02 21:14:41,F1,62.79,0.559,4.148,66.619,6.412,normal
2026-10-02 21:15:41,F1,53.075,0.807,4.19,66.142,5.113,normal
2026-10-02 21:16:41,F1,51.299,0.706,3.564,66.99,7.436,normal
2026-10-02 21:17:41,F1,69.821,0.881,4.614,68.415,5.704,normal
2026-10-02 21:18:41,F1,50.338,0.545,3.726,40.854,9.084,normal
2026-10-02 21:19:41,F1,55.469,0.927,3.898,69.855,7.732,normal
2026-10-02 21:20:41,F1,68.944,0.714,3.408,51.501,5.974,normal
2026-10-02 21:21:41,F1,51.884,0.456,3.955,57.86,6.52,normal
2026-10-02 21:22:41,F1,53.182,0.723,4.069,53.993,8.039,normal
2026-10-02 21:23:41,F1,50.662,0.679,4.596,66.108,6.241,normal
2026-10-02 21:24:41,F1,53.693,0.626,4.938,58.403,9.131,normal
2026-10-02 21:25:41,F1,49.306,0.834,3.298,67.237,7.225,normal
2026-10-02 21:26:41,F1,59.586,0.635,3.301,70.297,7.469,normal
2026-10-02 21:27:41,F1,57.045,0.738,2.891,59.245,4.77,normal
2026-10-02 21:28:41,F1,55.725,0.851,4.714,58.011,7.831,normal
2026-10-02 21:29:41,F1,54.242,0.767,4.678,57.174,6.822,normal
2026-10-02 21:30:41,F1,53.629,0.855,3.989,50.122,5.553,normal
2026-10-02 21:31:41,F1,59.839,0.655,3.894,63.832,6.472,normal
2026-10-02 21:32:41,F1,79.393,0.362,3.331,57.676,6.736,normal
2026-10-02 21:33:41,F1,55.156,0.913,3.513,67.896,6.339,normal
2026-10-02 21:34:41,F1,51.842,0.7,4.283,68.319,5.404,normal
2026-10-02 21:35:41,F1,38.64,0.615,4.079,61.496,7.646,normal
2026-10-02 21:36:41,F1,52.205,0.787,2.952,72.952,6.158,normal
2026-10-02 21:37:41,F1,57.101,0.532,4.258,39.271,5.605,normal
2026-10-02 21:38:41,F1,47.644,0.708,3.644,54.598,4.948,normal
2026-10-02 21:39:41,F1,55.038,0.66,3.941,46.642,6.297,normal
2026-10-02 21:40:41,F1,55.813,0.74,3.925,46.479,5.865,normal
2026-10-02 21:41:41,F1,50.729,0.896,4.186,57.942,9.132,normal
2026-10-02 21:42:41,F1,68.272,0.714,2.841,47.91,7.325,normal
2026-10-02 21:43:41,F1,53.881,0.61,4.647,56.637,6.331,normal
2026-10-02 21:44:41,F1,55.114,0.708,3.998,38.016,5.868,normal
2026-10-02 21:45:41,F1,46.318,0.825,3.328,52.065,7.629,normal
2026-10-02 21:46:41,F1,41.354,0.782,4.305,45.54,7.148,normal
2026-10-02 21:47:41,F1,60.043,0.819,3.481,71.961,6.427,normal
2026-10-02 21:48:41,F1,64.756,0.608,3.333,57.414,6.825,normal
2026-10-02 21:49:41,F1,56.737,0.79,3.407,57.467,6.523,normal
2026-10-02 21:50:41,F1,51.013,0.666,4.146,55.495,7.231,normal
2026-10-02 21:51:41,F1,48.032,0.76,4.019,41.43,7.324,normal
2026-10-02 21:52:41,F1,47.47,0.774,4.153,63.2,5.794,normal
2026-10-02 21:53:41,F1,49.045,0.929,3.476,66.659,7.194,normal
2026-10-02 21:54:41,F1,45.96,0.669,3.226,43.387,8.043,normal
2026-10-02 21:55:41,F1,71.571,0.674,3.972,55.419,6.349,normal
2026-10-02 21:56:41,F1,52.911,0.616,3.901,68.361,7.634,normal
2026-10-02 21:57:41,F1,40.092,0.801,4.113,56.886,5.411,normal
2026-10-02 21:58:41,F1,61.894,0.52,3.582,62.346,4.875,normal
2026-10-02 21:59:41,F1,61.468,0.951,4.559,68.145,4.466,normal
2026-10-02 22:00:41,F1,58.352,0.396,3.477,54.792,8.271,normal
2026-10-02 22:01:41,F1,43.577,0.665,4.32,45.083,6.719,normal
2026-10-02 22:02:41,F1,56.533,0.433,3.941,62.408,9.895,normal
2026-10-02 22:03:41,F1,43.383,0.618,5.038,58.697,6.864,normal
2026-10-02 22:04:41,F1,61.821,0.69,4.077,59.832,7.113,normal
2026-10-02 22:05:41,F1,61.35,0.445,4.665,62.311,4.851,normal
2026-10-02 22:06:41,F1,52.626,0.721,3.81,58.267,7.286,normal
2026-10-02 22:07:41,F1,62.498,0.649,4.144,37.909,6.133,normal
2026-10-02 22:08:41,F1,59.97,0.699,4.093,47.702,6.098,normal
2026-10-02 22:09:41,F1,53.295,0.808,3.47,56.312,6.817,normal
2026-10-02 22:10:41,F1,38.506,0.724,3.881,50.229,5.457,normal
2026-10-02 22:11:41,F1,56.506,0.805,4.175,51.893,3.523,normal
2026-10-02 22:12:41,F1,62.886,0.697,3.866,53.784,7.371,normal
2026-10-02 22:13:41,F1,63.708,0.589,3.007,57.293,7.175,normal
2026-10-02 22:14:41,F1,51.514,0.801,3.366,80.569,7.2,normal
2026-10-02 22:15:41,F1,46.877,0.61,4.023,55.523,6.573,normal
2026-10-02 22:16:41,F1,55.689,0.61,3.256,43.087,7.406,normal
2026-10-02 22:17:41,F1,69.528,0.625,2.706,41.026,6.611,normal
2026-10-02 22:18:41,F1,45.364,0.754,4.263,49.626,4.758,normal
2026-10-02 22:19:41,F1,52.349,0.662,3.928,51.923,8.768,normal
2026-10-02 22:20:41,F1,47.765,0.796,4.064,49.996,7.809,normal
2026-10-02 22:21:41,F1,52.83,0.692,3.624,42.203,6.182,normal
2026-10-02 22:22:41,F1,65.335,0.837,3.628,48.603,6.484,normal
2026-10-02 22:23:41,F1,66.985,0.975,3.57,65.173,9.091,normal
2026-10-02 22:24:41,F1,56.232,0.496,4.079,58.443,6.367,normal
2026-10-02 22:25:41,F1,61.335,0.745,4.319,58.292,8.25,normal
2026-10-02 22:26:41,F1,62.42,0.756,4.267,51.59,5.451,normal
2026-10-02 22:27:41,F1,46.009,0.778,3.905,59.468,6.451,normal
2026-10-02 22:28:41,F1,62.643,0.596,3.2,58.366,10.159,normal
2026-10-02 22:29:41,F1,54.004,0.554,3.989,51.341,5.726,normal
2026-10-02 22:30:41,F1,55.212,0.91,3.439,62.296,5.523,normal
2026-10-02 22:31:41,F1,56.216,0.852,3.433,58.041,8.285,normal
2026-10-02 22:32:41,F1,48.527,0.811,3.692,67.672,6.175,normal
2026-10-02 22:33:41,F1,50.149,0.86,3.553,57.507,6.613,normal
2026-10-02 22:34:41,F1,53.13,0.682,4.428,49.443,6.643,normal
2026-10-02 22:35:41,F1,53.051,0.65,2.535,52.801,6.382,normal
2026-10-02 22:36:41,F1,49.701,0.938,3.902,57.636,6.743,normal
2026-10-02 22:37:41,F1,65.539,0.824,3.918,62.591,7.588,normal
2026-10-02 22:38:41,F1,51.747,0.991,3.724,45.693,5.917,normal
2026-10-02 22:39:41,F1,64.964,0.684,3.646,61.246,9.773,normal
2026-10-02 22:40:41,F1,50.69,0.658,3.346,68.38,6.22,normal
2026-10-02 22:41:41,F1,44.806,0.576,3.605,61.663,4.331,normal
2026-10-02 22:42:41,F1,69.074,0.922,2.738,55.732,8.589,normal
2026-10-02 22:43:41,F1,48.014,0.866,3.787,59.962,13.91,normal
2026-10-02 22:44:41,F1,47.749,0.9,3.84,71.152,6.503,normal
2026-10-02 22:45:41,F1,54.445,0.971,4.143,63.336,6.534,normal
2026-10-02 22:46:41,F1,55.672,0.554,4.772,53.359,6.578,normal
2026-10-02 22:47:41,F1,50.621,0.67,3.583,52.77,6.282,normal
2026-10-02 22:48:41,F1,59.408,0.818,4.139,51.228,6.978,normal
2026-10-02 22:49:41,F1,49.879,0.611,3.456,58.295,8.737,normal
2026-10-02 22:50:41,F1,56.465,0.819,3.756,48.846,5.609,normal
2026-10-02 22:51:41,F1,52.297,0.975,3.031,63.144,6.583,normal
2026-10-02 22:52:41,F1,61.213,0.887,4.168,58.378,7.019,normal
2026-10-02 22:53:41,F1,53.546,0.939,4.416,58.399,5.375,normal
2026-10-02 22:54:41,F1,56.182,0.795,4.303,65.775,9.66,normal
2026-10-02 22:55:41,F1,52.169,0.88,4.299,53.009,6.131,normal
2026-10-02 22:56:41,F1,58.075,0.634,4.777,47.691,8.83,normal
2026-10-02 22:57:41,F1,42.816,0.91,4.284,55.481,7.44,normal
2026-10-02 22:58:41,F1,43.365,0.442,2.782,70.384,6.073,normal
2026-10-02 22:59:41,F1,57.651,0.937,3.786,48.306,5.747,normal
2026-10-02 23:00:41,F1,56.374,0.817,3.695,60.823,8.365,normal
2026-10-02 23:01:41,F1,45.368,0.772,3.386,52.848,9.476,normal
2026-10-02 23:02:41,F1,62.572,0.79,4.48,46.386,8.406,normal
2026-10-02 23:03:41,F1,63.814,0.75,3.146,60.004,7.162,normal
2026-10-02 23:04:41,F1,64.36,0.771,4.263,57.582,6.582,normal
2026-10-02 23:05:41,F1,47.49,0.929,3.357,48.638,5.112,normal
2026-10-02 23:06:41,F1,65.275,0.859,3.891,69.414,7.385,normal
2026-10-02 23:07:41,F1,54.586,0.891,3.611,60.323,7.691,normal
2026-10-02 23:08:41,F1,42.44,0.834,3.914,53.079,6.325,normal
2026-10-02 23:09:41,F1,63.303,0.752,4.355,54.778,8.33,normal
2026-10-02 23:10:41,F1,57.645,0.911,3.966,46.964,6.776,normal
2026-10-02 23:11:41,F1,63.385,0.819,4.114,62.205,5.253,normal
2026-10-02 23:12:41,F1,56.994,0.608,3.692,51.814,6.585,normal
2026-10-02 23:13:41,F1,53.442,0.726,3.1,54.428,7.305,normal
2026-10-02 23:14:41,F1,58.178,0.799,3.436,75.373,7.307,normal
2026-10-02 23:15:41,F1,58.055,0.596,3.155,50.584,8.221,normal
2026-10-02 23:16:41,F1,68.059,0.891,4.433,42.997,9.119,normal
2026-10-02 23:17:41,F1,52.399,0.787,3.752,54.103,8.278,normal
2026-10-02 23:18:41,F1,61.145,0.787,4.755,70.081,8.7,normal
2026-10-02 23:19:41,F1,61.704,1.036,3.345,51.491,6.482,normal
2026-10-02 23:20:41,F1,55.748,0.647,3.938,52.367,7.712,normal
2026-10-02 23:21:41,F1,53.451,0.879,3.571,62.417,6.329,normal
2026-10-02 23:22:41,F1,60.336,0.956,3.981,60.595,8.45,normal
2026-10-02 23:23:41,F1,45.875,0.752,3.047,47.943,5.236,normal
2026-10-02 23:24:41,F1,53.313,0.765,4.646,55.72,7.855,normal
2026-10-02 23:25:41,F1,60.844,0.8,3.466,41.953,6.59,normal
2026-10-02 23:26:41,F1,46.255,0.844,3.287,64.599,6.108,normal
2026-10-02 23:27:41,F1,55.904,0.787,4.064,72.223,6.708,normal
2026-10-02 23:28:41,F1,53.092,0.771,3.685,54.322,7.386,normal
2026-10-02 23:29:41,F1,52.648,0.769,3.349,37.677,6.726,normal
2026-10-02 23:30:41,F1,52.245,1.037,3.814,40.674,6.804,normal
2026-10-02 23:31:41,F1,66.102,0.929,3.964,53.575,7.524,normal
2026-10-02 23:32:41,F1,52.648,0.88,4.237,71.171,7.802,normal
2026-10-02 23:33:41,F1,63.168,0.949,4.918,54.511,7.871,normal
2026-10-02 23:34:41,F1,54.03,0.884,3.258,56.017,8.097,normal
2026-10-02 23:35:41,F1,58.568,0.954,4.381,62.083,5.595,normal
2026-10-02 23:36:41,F1,57.495,0.808,4.586,51.752,7.322,normal
2026-10-02 23:37:41,F1,66.403,1.092,3.557,69.436,7.312,normal
2026-10-02 23:38:41,F1,43.396,0.744,3.068,62.983,7.51,normal
2026-10-02 23:39:41,F1,49.772,0.941,3.601,48.843,6.187,normal
2026-10-02 23:40:41,F1,57.821,0.728,3.78,51.298,6.69,normal
2026-10-02 23:41:41,F1,61.06,0.849,3.769,56.227,5.922,normal
2026-10-02 23:42:41,F1,67.088,0.999,5.187,52.142,6.725,normal
2026-10-02 23:43:41,F1,43.895,0.942,3.937,52.513,8.286,normal
2026-10-02 23:44:41,F1,55.606,1.07,3.709,46.896,7.519,normal
2026-10-02 23:45:41,F1,46.945,0.978,4.233,48.122,8.194,normal
2026-10-02 23:46:41,F1,60.709,0.779,3.99,55.581,5.941,normal
2026-10-02 23:47:41,F1,49.511,0.72,4.463,35.562,6.981,normal
2026-10-02 23:48:41,F1,51.974,1.086,2.833,59.097,6.898,normal
2026-10-02 23:49:41,F1,60.279,0.877,3.4,64.059,5.686,normal
2026-10-02 23:50:41,F1,65.853,0.721,3.763,46.217,3.94,normal
2026-10-02 23:51:41,F1,46.917,0.852,3.853,51.42,6.963,normal
2026-10-02 23:52:41,F1,52.787,0.834,3.578,58.443,6.019,normal
2026-10-02 23:53:41,F1,63.454,0.9,4.099,60.918,6.921,normal
2026-10-02 23:54:41,F1,53.944,0.811,4.462,50.443,5.835,normal
2026-10-02 23:55:41,F1,56.623,0.815,3.107,47.595,7.915,normal
2026-10-02 23:56:41,F1,56.232,0.907,3.801,65.875,7.855,normal
2026-10-02 23:57:41,F1,50.134,0.823,3.605,60.858,6.706,normal
2026-10-02 23:58:41,F1,58.945,0.868,4.647,68.203,7.679,normal
2026-10-02 23:59:41,F1,56.66,0.681,4.46,63.403,8.841,normal
2026-10-03 00:00:41,F1,49.967,0.701,4.127,38.496,6.217,normal
2026-10-03 00:01:41,F1,49.724,0.826,3.359,46.791,7.401,normal
2026-10-03 00:02:41,F1,55.821,0.976,4.131,59.66,6.731,normal
2026-10-03 00:03:41,F1,54.575,0.657,2.716,55.662,10.138,normal
2026-10-03 00:04:41,F1,68.274,0.895,3.064,59.654,7.08,normal
2026-10-03 00:05:41,F1,50.594,0.962,3.515,43.969,8.083,normal
2026-10-03 00:06:41,F1,51.059,0.856,3.542,54.104,7.557,normal
2026-10-03 00:07:41,F1,61.486,0.932,3.95,58.841,8.472,normal
2026-10-03 00:08:41,F1,50.516,1.008,3.855,62.289,7.39,normal
2026-10-03 00:09:41,F1,55.004,1.03,4.368,44.347,6.609,normal
2026-10-03 00:10:41,F1,43.226,0.659,2.6,51.792,7.701,normal
2026-10-03 00:11:41,F1,57.056,1.086,3.36,57.567,7.368,normal
2026-10-03 00:12:41,F1,69.21,0.762,4.102,56.609,4.748,normal
2026-10-03 00:13:41,F1,63.511,0.638,2.499,59.358,7.882,normal
2026-10-03 00:14:41,F1,50.548,1.0,4.075,41.792,7.348,normal
2026-10-03 00:15:41,F1,47.272,0.927,3.161,62.318,4.71,normal
2026-10-03 00:16:41,F1,63.506,1.11,4.606,46.377,5.613,normal
2026-10-03 00:17:41,F1,59.432,0.798,5.13,58.251,6.281,normal
2026-10-03 00:18:41,F1,56.232,0.762,3.225,45.505,6.878,normal
2026-10-03 00:19:41,F1,57.814,1.206,3.386,46.817,5.725,normal
2026-10-03 00:20:41,F1,53.023,0.658,3.75,54.74,8.191,normal
2026-10-03 00:21:41,F1,63.28,0.879,4.013,46.58,6.465,normal
2026-10-03 00:22:41,F1,55.025,0.797,3.839,56.029,8.086,normal
2026-10-03 00:23:41,F1,59.587,1.036,3.675,36.71,6.175,normal
2026-10-03 00:24:41,F1,56.17,0.933,3.865,69.11,9.563,normal
2026-10-03 00:25:41,F1,42.709,1.062,4.339,62.944,6.467,normal
2026-10-03 00:26:41,F1,57.21,1.193,4.144,52.61,9.498,normal
2026-10-03 00:27:41,F1,61.562,0.942,4.436,49.567,7.321,normal
2026-10-03 00:28:41,F1,62.81,0.884,3.565,49.221,5.736,normal
2026-10-03 00:29:41,F1,44.129,0.833,3.966,52.131,5.832,normal
2026-10-03 00:30:41,F1,38.44,1.093,4.873,57.271,6.199,normal
2026-10-03 00:31:41,F1,51.088,0.8,4.044,66.448,8.331,normal
2026-10-03 00:32:41,F1,66.067,0.926,3.8,67.131,7.699,normal
2026-10-03 00:33:41,F1,50.73,0.853,3.611,56.651,11.997,normal
2026-10-03 00:34:41,F1,51.596,0.933,3.092,59.096,6.822,normal
2026-10-03 00:35:41,F1,51.615,1.022,3.081,47.471,6.239,normal
2026-10-03 00:36:41,F1,55.44,0.891,4.561,48.917,5.696,normal
2026-10-03 00:37:41,F1,61.026,0.979,4.28,48.47,5.98,normal
2026-10-03 00:38:41,F1,53.364,0.767,3.691,52.708,5.889,normal
2026-10-03 00:39:41,F1,61.689,0.904,4.168,53.086,7.467,normal
2026-10-03 00:40:41,F1,49.569,0.693,3.489,64.997,4.855,normal
2026-10-03 00:41:41,F1,57.806,0.847,4.161,44.254,7.88,normal
2026-10-03 00:42:41,F1,69.959,0.908,4.656,56.032,7.221,normal
2026-10-03 00:43:41,F1,61.859,0.994,3.747,57.313,7.475,normal
2026-10-03 00:44:41,F1,53.808,0.785,5.054,58.85,6.111,normal
2026-10-03 00:45:41,F1,52.418,1.008,3.634,59.406,6.19,normal
2026-10-03 00:46:41,F1,47.124,1.068,3.669,62.883,6.708,normal
2026-10-03 00:47:41,F1,56.451,0.711,3.792,46.281,6.411,normal
2026-10-03 00:48:41,F1,43.663,1.02,4.393,55.727,9.426,normal
2026-10-03 00:49:41,F1,57.204,0.804,4.279,48.871,6.711,normal
2026-10-03 00:50:41,F1,65.389,0.876,4.046,59.81,7.39,normal
2026-10-03 00:51:41,F1,59.17,0.799,4.018,57.825,7.191,normal
2026-10-03 00:52:41,F1,51.755,0.981,3.403,49.18,8.658,normal
2026-10-03 00:53:41,F1,40.808,1.138,4.483,37.604,7.891,normal
2026-10-03 00:54:41,F1,59.445,1.125,3.355,66.67,6.922,normal
2026-10-03 00:55:41,F1,53.706,0.851,3.637,59.628,5.471,normal
2026-10-03 00:56:41,F1,60.413,1.107,4.055,52.311,7.366,normal
2026-10-03 00:57:41,F1,62.843,0.918,3.847,65.034,6.948,normal
2026-10-03 00:58:41,F1,59.261,1.081,4.082,64.703,7.546,normal
2026-10-03 00:59:41,F1,59.478,1.072,3.698,55.541,6.681,normal
2026-10-03 01:00:41,F1,61.57,1.196,3.81,58.681,7.516,normal
2026-10-03 01:01:41,F1,57.342,1.044,4.334,59.273,8.016,normal
2026-10-03 01:02:41,F1,64.642,0.865,5.037,55.047,5.558,normal
2026-10-03 01:03:41,F1,56.975,0.797,4.067,55.56,6.432,normal
2026-10-03 01:04:41,F1,63.31,0.88,3.713,61.184,7.276,normal
2026-10-03 01:05:41,F1,57.668,0.972,4.29,58.059,4.651,normal
2026-10-03 01:06:41,F1,45.196,0.896,4.147,64.649,7.515,normal
2026-10-03 01:07:41,F1,56.562,1.24,3.555,48.448,8.054,normal
2026-10-03 01:08:41,F1,63.016,0.927,3.785,51.194,6.355,normal
2026-10-03 01:09:41,F1,57.646,0.896,4.058,56.137,4.778,normal
2026-10-03 01:10:41,F1,63.011,1.03,3.597,50.269,5.47,normal
2026-10-03 01:11:41,F1,53.973,0.831,3.453,48.911,6.264,normal
2026-10-03 01:12:41,F1,63.999,1.079,1.227,61.541,5.797,normal
2026-10-03 01:13:41,F1,54.757,1.068,3.299,54.675,7.492,normal
2026-10-03 01:14:41,F1,56.9,0.912,3.306,55.239,7.888,normal
2026-10-03 01:15:41,F1,57.406,0.843,4.049,30.948,4.417,normal
2026-10-03 01:16:41,F1,46.958,1.068,4.004,55.934,6.302,normal
2026-10-03 01:17:41,F1,56.838,0.92,3.364,51.74,7.43,normal
2026-10-03 01:18:41,F1,56.799,1.199,3.854,57.223,5.555,normal
2026-10-03 01:19:41,F1,44.207,1.228,3.249,39.434,8.304,normal
2026-10-03 01:20:41,F1,71.7,0.802,4.06,65.557,6.304,normal
2026-10-03 01:21:41,F1,59.642,0.976,3.419,34.104,6.665,normal
2026-10-03 01:22:41,F1,62.171,1.019,3.264,77.272,7.103,normal
2026-10-03 01:23:41,F1,51.986,0.976,4.119,55.589,6.168,normal
2026-10-03 01:24:41,F1,62.492,1.188,1.381,58.827,8.031,normal
2026-10-03 01:25:41,F1,68.664,0.896,3.266,39.794,9.106,normal
2026-10-03 01:26:41,F1,55.397,0.939,4.128,69.219,6.676,normal
2026-10-03 01:27:41,F1,62.49,0.98,4.536,54.54,7.561,normal
2026-10-03 01:28:41,F1,49.275,0.975,3.331,57.875,6.929,normal
2026-10-03 01:29:41,F1,51.903,0.99,3.876,60.97,6.918,normal
2026-10-03 01:30:41,F1,60.998,1.35,4.95,60.754,5.629,normal
2026-10-03 01:31:41,F1,44.741,1.242,3.912,51.723,6.398,normal
2026-10-03 01:32:41,F1,62.45,0.865,4.183,59.719,6.611,normal
2026-10-03 01:33:41,F1,54.737,0.933,4.387,55.819,7.369,normal
2026-10-03 01:34:41,F1,45.965,1.129,4.368,49.275,6.404,normal
2026-10-03 01:35:41,F1,42.911,0.859,4.895,60.028,5.918,normal
2026-10-03 01:36:41,F1,41.895,1.023,3.582,58.745,7.343,normal
2026-10-03 01:37:41,F1,53.253,0.977,4.468,55.773,7.094,normal
2026-10-03 01:38:41,F1,68.784,0.955,3.289,40.952,5.831,normal
2026-10-03 01:39:41,F1,52.767,0.878,4.304,56.203,7.109,normal
2026-10-03 01:40:41,F1,55.096,0.873,3.356,54.992,5.303,normal
2026-10-03 01:41:41,F1,71.339,1.044,4.17,55.862,6.517,normal
2026-10-03 01:42:41,F1,65.736,1.027,3.748,25.832,7.518,normal
2026-10-03 01:43:41,F1,55.003,0.933,5.174,56.905,6.19,normal
2026-10-03 01:44:41,F1,53.411,1.113,4.338,65.96,6.907,normal
2026-10-03 01:45:41,F1,47.837,1.175,3.6,65.57,5.389,normal
2026-10-03 01:46:41,F1,56.367,1.056,4.57,41.133,9.506,normal
2026-10-03 01:47:41,F1,44.989,0.913,3.403,45.001,5.227,normal
2026-10-03 01:48:41,F1,50.579,1.098,4.806,66.893,8.814,normal
2026-10-03 01:49:41,F1,58.632,0.897,3.738,60.815,7.348,normal
2026-10-03 01:50:41,F1,55.061,1.04,4.316,47.112,6.575,normal
2026-10-03 01:51:41,F1,64.893,1.103,4.594,55.534,5.437,normal
2026-10-03 01:52:41,F1,53.635,0.962,3.413,59.394,5.94,normal
2026-10-03 01:53:41,F1,57.816,1.125,4.234,61.126,8.14,normal
2026-10-03 01:54:41,F1,53.2,0.78,3.521,54.825,6.927,normal
2026-10-03 01:55:41,F1,61.768,1.095,4.733,48.392,7.042,normal
2026-10-03 01:56:41,F1,62.894,1.014,4.063,59.515,5.658,normal
2026-10-03 01:57:41,F1,58.44,0.989,3.958,63.203,5.894,normal
2026-10-03 01:58:41,F1,53.546,0.946,4.559,46.759,3.894,normal
2026-10-03 01:59:41,F1,69.938,1.897,4.421,62.031,4.838,normal
2026-10-03 02:00:41,F1,34.114,1.059,4.449,61.241,6.77,normal
2026-10-03 02:01:41,F1,44.168,0.941,2.741,45.639,10.053,normal
2026-10-03 02:02:41,F1,45.309,0.768,3.943,58.219,8.104,normal
2026-10-03 02:03:41,F1,61.063,0.928,3.966,50.656,7.28,normal
2026-10-03 02:04:41,F1,58.698,1.224,4.308,56.103,6.665,normal
2026-10-03 02:05:41,F1,47.972,0.783,4.357,50.766,7.275,normal
2026-10-03 02:06:41,F1,64.739,0.92,4.413,58.739,7.961,normal
2026-10-03 02:07:41,F1,52.143,1.063,4.597,44.466,8.226,normal
2026-10-03 02:08:41,F1,55.489,0.891,4.328,48.741,7.529,normal
2026-10-03 02:09:41,F1,55.881,0.898,4.285,53.018,7.746,normal
2026-10-03 02:10:41,F1,53.414,0.808,4.094,70.576,6.192,normal
2026-10-03 02:11:41,F1,63.855,0.995,4.157,46.404,5.585,normal
2026-10-03 02:12:41,F1,61.624,0.973,3.872,47.154,7.722,normal
2026-10-03 02:13:41,F1,63.891,1.251,3.973,46.302,7.5,normal
2026-10-03 02:14:41,F1,51.413,0.931,5.599,39.398,5.039,normal
2026-10-03 02:15:41,F1,61.415,1.053,3.922,65.717,5.597,normal
2026-10-03 02:16:41,F1,61.792,1.014,4.96,48.246,6.671,normal
2026-10-03 02:17:41,F1,52.275,1.265,5.552,50.352,5.854,normal
2026-10-03 02:18:41,F1,49.28,1.174,5.038,55.541,7.814,normal
2026-10-03 02:19:41,F1,59.358,1.187,4.622,56.009,6.803,normal
2026-10-03 02:20:41,F1,50.68,0.737,4.172,56.509,5.972,normal
2026-10-03 02:21:41,F1,61.195,1.037,3.98,55.017,5.08,normal
2026-10-03 02:22:41,F1,63.434,0.948,4.266,68.572,8.051,normal
2026-10-03 02:23:41,F1,39.648,0.728,4.016,52.864,6.512,normal
2026-10-03 02:24:41,F1,62.703,1.039,3.976,48.716,6.752,normal
2026-10-03 02:25:41,F1,60.374,1.185,3.997,53.603,9.168,normal
2026-10-03 02:26:41,F1,65.61,0.882,4.263,63.118,8.546,normal
2026-10-03 02:27:41,F1,53.496,0.986,4.13,67.605,6.526,normal
2026-10-03 02:28:41,F1,52.882,1.031,3.247,58.485,6.295,normal
2026-10-03 02:29:41,F1,60.479,0.988,3.966,71.142,6.643,normal
2026-10-03 02:30:41,F1,61.381,1.187,3.588,56.334,6.87,normal
2026-10-03 02:31:41,F1,55.295,0.895,4.746,46.982,12.868,normal
2026-10-03 02:32:41,F1,67.313,1.251,4.177,52.285,7.402,normal
2026-10-03 02:33:41,F1,52.954,0.865,3.226,57.125,8.659,normal
2026-10-03 02:34:41,F1,59.959,1.166,4.485,28.664,8.033,normal
2026-10-03 02:35:41,F1,53.609,1.067,4.161,60.876,8.847,normal
2026-10-03 02:36:41,F1,54.428,1.001,3.467,50.978,5.924,normal
2026-10-03 02:37:41,F1,49.896,1.312,4.0,70.478,4.908,normal
2026-10-03 02:38:41,F1,47.885,1.077,4.888,52.334,9.822,normal
2026-10-03 02:39:41,F1,53.96,1.089,4.863,52.055,9.49,normal
2026-10-03 02:40:41,F1,71.093,1.127,5.125,52.8,7.832,normal
2026-10-03 02:41:41,F1,45.587,1.019,3.654,45.309,8.684,normal
2026-10-03 02:42:41,F1,55.472,1.159,4.009,50.04,4.56,normal
2026-10-03 02:43:41,F1,65.585,1.153,4.055,70.285,7.775,failure
2026-10-03 02:44:41,F1,60.122,0.784,5.303,65.132,6.35,normal
2026-10-03 02:45:41,F1,38.042,1.275,4.109,42.385,6.511,normal
2026-10-03 02:46:41,F1,39.132,1.114,3.943,56.574,7.752,normal
2026-10-03 02:47:41,F1,61.102,1.051,4.012,38.807,7.472,normal
2026-10-03 02:48:41,F1,43.822,1.018,4.27,64.82,8.14,normal
2026-10-03 02:49:41,F1,53.752,0.867,3.979,55.782,6.936,normal
2026-10-03 02:50:41,F1,65.407,1.08,3.29,46.268,10.777,normal
2026-10-03 02:51:41,F1,62.259,1.248,4.144,50.58,6.102,normal
2026-10-03 02:52:41,F1,64.868,1.187,3.615,66.379,7.252,normal
2026-10-03 02:53:41,F1,61.005,1.051,3.914,51.863,7.033,normal
2026-10-03 02:54:41,F1,48.974,1.105,5.551,71.181,8.494,failure
2026-10-03 02:55:41,F1,68.885,0.986,4.19,51.519,7.411,normal
2026-10-03 02:56:41,F1,63.445,1.236,4.251,44.56,8.462,normal
2026-10-03 02:57:41,F1,56.375,1.248,3.542,68.209,8.711,normal
2026-10-03 02:58:41,F1,51.6,1.092,4.112,64.84,6.667,normal
2026-10-03 02:59:41,F1,51.439,1.178,4.302,59.518,4.744,normal
2026-10-03 03:00:41,F1,43.367,1.135,4.381,65.623,7.7,normal
2026-10-03 03:01:41,F1,47.485,1.146,4.249,63.352,9.234,normal
2026-10-03 03:02:41,F1,55.221,1.091,4.284,56.021,6.771,normal
2026-10-03 03:03:41,F1,65.681,1.06,4.202,43.107,9.181,normal
2026-10-03 03:04:41,F1,55.863,1.218,3.685,59.521,7.823,normal
2026-10-03 03:05:41,F1,39.364,0.815,4.193,50.571,6.088,normal
2026-10-03 03:06:41,F1,58.951,0.965,3.646,60.025,8.978,normal
2026-10-03 03:07:41,F1,62.265,1.204,5.341,53.366,6.347,normal
2026-10-03 03:08:41,F1,53.8,1.041,3.561,52.663,6.085,normal
2026-10-03 03:09:41,F1,47.314,1.145,5.116,49.126,7.511,normal
2026-10-03 03:10:41,F1,55.715,1.142,3.671,63.633,8.431,normal
2026-10-03 03:11:41,F1,59.906,1.185,4.426,52.677,7.762,normal
2026-10-03 03:12:41,F1,50.37,0.862,3.983,64.666,8.351,normal
2026-10-03 03:13:41,F1,44.821,0.979,4.722,52.346,5.698,normal
2026-10-03 03:14:41,F1,59.321,1.064,4.359,61.035,10.689,normal
2026-10-03 03:15:41,F1,55.942,1.265,4.266,70.313,7.689,normal
2026-10-03 03:16:41,F1,53.459,1.152,5.385,48.172,7.422,normal
2026-10-03 03:17:41,F1,55.524,1.079,4.499,48.736,7.309,normal
2026-10-03 03:18:41,F1,50.95,1.178,3.512,60.546,7.707,normal
2026-10-03 03:19:41,F1,55.705,1.055,5.281,61.508,8.464,normal
2026-10-03 03:20:41,F1,55.847,1.159,4.964,50.009,7.935,normal
2026-10-03 03:21:41,F1,42.165,1.134,4.733,58.941,7.761,normal
2026-10-03 03:22:41,F1,55.307,1.282,3.571,61.374,7.917,normal
2026-10-03 03:23:41,F1,64.663,1.039,3.81,56.61,8.067,normal
2026-10-03 03:24:41,F1,54.934,1.313,3.497,47.245,7.554,normal
2026-10-03 03:25:41,F1,52.017,0.985,4.294,51.148,9.642,normal
2026-10-03 03:26:41,F1,65.273,0.925,2.227,49.904,6.7,normal
2026-10-03 03:27:41,F1,45.076,1.229,4.7,61.605,8.435,normal
2026-10-03 03:28:41,F1,59.904,1.183,4.625,37.993,6.894,normal
2026-10-03 03:29:41,F1,50.977,0.992,4.665,67.328,7.586,normal
2026-10-03 03:30:41,F1,51.091,1.049,3.91,59.82,6.384,normal
2026-10-03 03:31:41,F1,50.087,1.226,4.009,46.448,8.776,normal
2026-10-03 03:32:41,F1,60.406,0.943,4.324,50.45,6.06,normal
2026-10-03 03:33:41,F1,54.664,1.253,3.94,58.948,6.512,normal
2026-10-03 03:34:41,F1,55.438,1.125,3.55,52.775,8.609,normal
2026-10-03 03:35:41,F1,65.425,0.988,4.948,53.24,8.02,normal
2026-10-03 03:36:41,F1,48.483,1.107,4.401,63.891,4.801,normal
2026-10-03 03:37:41,F1,47.931,1.004,3.391,60.638,7.971,normal
2026-10-03 03:38:41,F1,45.869,1.207,5.655,39.584,7.485,normal
2026-10-03 03:39:41,F1,55.866,1.331,4.752,49.889,11.074,failure
2026-10-03 03:40:41,F1,63.669,1.04,3.495,48.61,8.149,normal
2026-10-03 03:41:41,F1,46.52,1.134,3.767,58.472,7.214,normal
2026-10-03 03:42:41,F1,49.67,1.411,5.297,51.326,8.063,normal
2026-10-03 03:43:41,F1,57.035,1.112,3.79,67.704,9.076,normal
2026-10-03 03:44:41,F1,61.553,1.205,4.935,55.079,6.542,normal
2026-10-03 03:45:41,F1,62.628,1.249,3.64,42.317,4.715,normal
2026-10-03 03:46:41,F1,69.021,1.249,4.75,52.803,7.146,failure
2026-10-03 03:47:41,F1,50.0,1.219,4.244,71.544,7.865,normal
2026-10-03 03:48:41,F1,57.713,0.767,5.314,70.795,8.263,normal
2026-10-03 03:49:41,F1,55.416,1.118,4.205,40.227,7.456,normal
2026-10-03 03:50:41,F1,53.923,1.109,4.609,61.466,11.234,normal
2026-10-03 03:51:41,F1,50.553,1.275,4.95,49.707,6.73,normal
2026-10-03 03:52:41,F1,60.218,1.03,4.565,55.325,7.045,normal
2026-10-03 03:53:41,F1,55.343,1.182,4.401,37.858,6.989,normal
2026-10-03 03:54:41,F1,41.326,0.893,3.616,46.598,7.385,normal
2026-10-03 03:55:41,F1,65.954,1.106,4.366,67.709,7.546,normal
2026-10-03 03:56:41,F1,55.799,1.067,4.15,43.044,7.7,normal
2026-10-03 03:57:41,F1,68.95,1.244,4.497,34.651,5.253,normal
2026-10-03 03:58:41,F1,57.144,0.926,4.49,53.907,8.797,normal
2026-10-03 03:59:41,F1,48.726,1.226,4.017,45.99,7.109,normal
2026-10-03 04:00:41,F1,58.665,1.136,3.5,60.477,6.555,normal
2026-10-03 04:01:41,F1,59.61,1.47,4.238,60.798,7.55,normal
2026-10-03 04:02:41,F1,61.892,1.186,3.434,50.039,6.901,normal
2026-10-03 04:03:41,F1,56.622,1.308,4.109,53.823,5.263,normal
2026-10-03 04:04:41,F1,51.988,1.1,4.303,44.434,7.517,normal
2026-10-03 04:05:41,F1,62.408,1.134,4.515,50.235,7.366,normal
2026-10-03 04:06:41,F1,60.339,1.138,4.278,68.37,6.776,normal
2026-10-03 04:07:41,F1,53.535,1.387,3.953,56.599,7.533,normal
2026-10-03 04:08:41,F1,58.603,0.955,2.681,54.074,5.877,normal
2026-10-03 04:09:41,F1,51.119,1.297,2.979,63.484,6.553,normal
2026-10-03 04:10:41,F1,59.774,1.141,4.299,56.22,8.355,normal
2026-10-03 04:11:41,F1,36.941,1.116,4.857,60.886,5.46,normal
2026-10-03 04:12:41,F1,56.345,1.35,4.477,50.566,6.535,normal
2026-10-03 04:13:41,F1,64.101,1.068,4.584,54.048,7.651,normal
2026-10-03 04:14:41,F1,45.989,1.211,4.069,53.746,7.136,normal
2026-10-03 04:15:41,F1,45.67,1.008,4.426,67.865,8.821,normal
2026-10-03 04:16:41,F1,58.157,1.23,3.779,62.068,5.888,normal
2026-10-03 04:17:41,F1,55.217,0.905,4.024,63.654,8.263,normal
2026-10-03 04:18:41,F1,56.331,1.27,4.559,72.616,5.443,normal
2026-10-03 04:19:41,F1,49.081,1.12,4.379,56.454,8.489,normal
2026-10-03 04:20:41,F1,59.272,1.077,3.923,52.221,7.955,normal
2026-10-03 04:21:41,F1,71.329,1.105,4.42,63.743,6.064,normal
2026-10-03 04:22:41,F1,56.136,1.199,4.164,44.39,5.375,normal
2026-10-03 04:23:41,F1,54.872,1.206,4.065,60.009,9.398,normal
2026-10-03 04:24:41,F1,47.404,1.126,3.88,40.718,8.445,normal
2026-10-03 04:25:41,F1,54.235,1.295,4.052,57.09,9.43,normal
2026-10-03 04:26:41,F1,58.417,1.245,4.359,49.22,8.392,normal
2026-10-03 04:27:41,F1,64.228,1.046,4.352,52.402,8.889,normal
2026-10-03 04:28:41,F1,51.695,1.175,5.208,54.636,5.832,normal
2026-10-03 04:29:41,F1,56.857,1.142,3.901,77.918,7.249,normal
2026-10-03 04:30:41,F1,51.057,1.176,3.711,55.937,6.936,normal
2026-10-03 04:31:41,F1,58.043,1.058,4.056,55.251,7.752,normal
2026-10-03 04:32:41,F1,68.208,1.403,3.988,49.312,6.425,normal
2026-10-03 04:33:41,F1,50.975,1.156,3.56,57.606,5.731,normal
2026-10-03 04:34:41,F1,58.444,1.164,4.697,57.836,7.145,normal
2026-10-03 04:35:41,F1,52.454,1.017,3.65,51.792,6.239,normal
2026-10-03 04:36:41,F1,55.558,1.236,3.493,34.886,7.599,normal
2026-10-03 04:37:41,F1,54.285,1.204,4.893,55.67,7.377,normal
2026-10-03 04:38:41,F1,50.5,1.257,4.269,63.322,5.736,normal
2026-10-03 04:39:41,F1,51.007,1.204,4.396,50.047,7.483,normal
2026-10-03 04:40:41,F1,56.421,1.373,4.084,43.381,9.479,normal
2026-10-03 04:41:41,F1,62.647,1.186,3.679,47.724,7.339,normal
2026-10-03 04:42:41,F1,44.909,1.303,4.431,62.821,7.684,normal
2026-10-03 04:43:41,F1,49.139,1.081,4.143,73.758,6.804,normal
2026-10-03 04:44:41,F1,38.811,0.993,4.871,53.348,5.69,normal
2026-10-03 04:45:41,F1,55.179,1.26,4.23,61.976,8.739,normal
2026-10-03 04:46:41,F1,65.109,1.101,5.256,60.537,6.979,normal
2026-10-03 04:47:41,F1,53.823,1.387,4.054,55.187,5.86,normal
2026-10-03 04:48:41,F1,66.559,1.264,4.383,39.965,8.93,normal
2026-10-03 04:49:41,F1,47.106,1.1,5.051,57.263,6.267,normal
2026-10-03 04:50:41,F1,49.034,1.256,3.702,61.682,7.654,normal
2026-10-03 04:51:41,F1,61.804,1.197,4.639,47.556,8.113,normal
2026-10-03 04:52:41,F1,60.042,1.277,4.093,61.871,6.574,normal
2026-10-03 04:53:41,F1,48.746,1.138,4.384,41.37,6.965,normal
2026-10-03 04:54:41,F1,50.093,1.11,4.607,44.199,7.418,normal
2026-10-03 04:55:41,F1,56.205,1.117,3.937,54.378,4.903,normal
2026-10-03 04:56:41,F1,58.834,1.017,3.413,56.184,6.664,normal
2026-10-03 04:57:41,F1,49.593,1.023,3.851,64.086,7.968,normal
2026-10-03 04:58:41,F1,59.281,1.093,5.445,63.047,5.333,normal
2026-10-03 04:59:41,F1,59.301,1.211,4.512,54.663,8.043,normal
2026-10-03 05:00:41,F1,59.665,1.242,3.557,64.957,7.852,normal
2026-10-03 05:01:41,F1,65.102,1.452,4.577,73.245,6.74,normal
2026-10-03 05:02:41,F1,61.452,1.057,4.185,53.744,7.875,normal
2026-10-03 05:03:41,F1,53.742,1.055,4.16,71.079,9.171,normal
2026-10-03 05:04:41,F1,52.941,1.088,2.912,69.376,10.128,normal
2026-10-03 05:05:41,F1,61.625,1.374,3.273,52.704,8.161,normal
2026-10-03 05:06:41,F1,49.182,1.209,4.657,53.392,6.294,normal
2026-10-03 05:07:41,F1,58.797,1.206,4.82,55.454,6.168,normal
2026-10-03 05:08:41,F1,62.949,1.219,5.028,73.213,7.11,normal
2026-10-03 05:09:41,F1,64.142,1.307,4.296,49.024,9.315,normal
2026-10-03 05:10:41,F1,62.298,1.042,4.385,47.115,7.385,normal
2026-10-03 05:11:41,F1,57.195,1.35,3.633,60.741,9.524,normal
2026-10-03 05:12:41,F1,53.5,1.324,4.116,62.159,6.743,normal
2026-10-03 05:13:41,F1,60.051,1.199,3.595,56.682,8.06,normal
2026-10-03 05:14:41,F1,54.432,1.269,4.233,65.767,7.908,normal
2026-10-03 05:15:41,F1,43.938,1.206,5.096,66.294,6.76,normal
2026-10-03 05:16:41,F1,52.417,1.299,4.777,54.49,8.176,normal
2026-10-03 05:17:41,F1,52.042,1.389,5.391,69.428,5.87,failure
2026-10-03 05:18:41,F1,63.953,1.05,3.81,49.425,8.709,normal
2026-10-03 05:19:41,F1,49.813,1.309,3.271,73.32,6.51,normal
2026-10-03 05:20:41,F1,66.499,1.339,3.801,53.618,8.169,failure
2026-10-03 05:21:41,F1,57.475,1.289,4.18,65.361,4.816,normal
2026-10-03 05:22:41,F1,49.243,1.24,4.565,41.973,7.965,normal
2026-10-03 05:23:41,F1,66.009,1.172,4.605,44.7,8.867,normal
2026-10-03 05:24:41,F1,45.307,1.078,3.659,46.403,8.313,normal
2026-10-03 05:25:41,F1,56.415,1.19,3.806,44.755,6.433,normal
2026-10-03 05:26:41,F1,70.104,1.103,4.291,68.217,7.574,normal
2026-10-03 05:27:41,F1,57.631,1.297,3.572,53.796,8.507,normal
2026-10-03 05:28:41,F1,53.437,1.241,4.583,63.849,8.447,normal
2026-10-03 05:29:41,F1,45.449,1.216,4.169,59.567,7.783,normal
2026-10-03 05:30:41,F1,60.892,1.292,5.021,70.72,5.761,normal
2026-10-03 05:31:41,F1,59.736,1.148,4.339,41.718,6.114,normal
2026-10-03 05:32:41,F1,48.035,1.339,3.156,63.25,7.107,normal
2026-10-03 05:33:41,F1,48.586,1.257,5.261,53.307,8.459,normal
2026-10-03 05:34:41,F1,64.535,1.227,4.626,57.325,5.793,normal
2026-10-03 05:35:41,F1,53.623,1.376,3.482,37.219,9.395,normal
2026-10-03 05:36:41,F1,55.967,1.285,4.69,47.378,10.037,normal
2026-10-03 05:37:41,F1,51.967,1.353,4.541,57.222,7.711,normal
2026-10-03 05:38:41,F1,48.297,1.197,3.951,59.886,7.884,normal
2026-10-03 05:39:41,F1,54.197,0.995,3.428,44.79,8.213,normal
2026-10-03 05:40:41,F1,45.555,1.133,4.587,54.715,8.262,normal
2026-10-03 05:41:41,F1,63.121,1.021,5.065,26.281,8.994,failure
2026-10-03 05:42:41,F1,56.727,1.116,4.719,62.087,6.728,normal
2026-10-03 05:43:41,F1,52.03,1.328,4.487,64.192,6.655,normal
2026-10-03 05:44:41,F1,47.29,1.299,3.731,56.688,7.694,normal
2026-10-03 05:45:41,F1,45.814,1.258,4.2,56.994,7.37,normal
2026-10-03 05:46:41,F1,50.768,1.234,4.168,59.056,8.103,normal
2026-10-03 05:47:41,F1,48.787,1.148,4.763,54.991,6.493,normal
2026-10-03 05:48:41,F1,60.73,1.453,3.664,50.573,8.609,normal
2026-10-03 05:49:41,F1,60.866,1.304,4.735,54.044,6.75,normal
2026-10-03 05:50:41,F1,52.659,1.207,3.708,54.886,9.389,normal
2026-10-03 05:51:41,F1,57.491,1.019,5.096,44.879,7.411,normal
2026-10-03 05:52:41,F1,61.788,1.218,3.615,62.863,9.82,normal
2026-10-03 05:53:41,F1,41.851,1.02,4.55,49.631,6.968,normal
2026-10-03 05:54:41,F1,66.773,1.218,3.53,48.648,8.131,normal
2026-10-03 05:55:41,F1,54.62,1.243,3.905,67.539,7.154,normal
2026-10-03 05:56:41,F1,56.457,1.158,3.701,47.657,5.043,normal
2026-10-03 05:57:41,F1,50.944,1.5,3.616,46.869,6.976,normal
2026-10-03 05:58:41,F1,53.536,1.282,4.81,40.938,9.371,normal
2026-10-03 05:59:41,F1,43.01,1.195,4.326,32.537,8.111,normal
2026-10-03 06:00:41,F1,60.167,1.226,4.412,64.022,9.653,normal
2026-10-03 06:01:41,F1,47.382,1.247,3.917,71.455,8.09,normal
2026-10-03 06:02:41,F1,56.129,1.192,3.743,43.636,10.135,normal
2026-10-03 06:03:41,F1,68.605,1.304,5.147,53.267,9.662,failure
2026-10-03 06:04:41,F1,65.255,1.343,4.514,62.543,8.631,failure
2026-10-03 06:05:41,F1,49.036,1.387,4.592,62.858,7.879,normal
2026-10-03 06:06:41,F1,58.07,1.212,4.29,50.08,6.004,normal
2026-10-03 06:07:41,F1,57.455,1.225,4.04,56.003,7.131,normal
2026-10-03 06:08:41,F1,42.142,1.296,4.08,49.502,8.295,normal
2026-10-03 06:09:41,F1,54.964,1.27,4.279,47.436,8.385,normal
2026-10-03 06:10:41,F1,47.417,1.208,4.28,44.971,7.964,normal
2026-10-03 06:11:41,F1,42.874,1.386,4.326,48.661,7.071,normal
2026-10-03 06:12:41,F1,65.075,1.082,3.923,44.89,8.244,normal
2026-10-03 06:13:41,F1,56.869,1.336,4.892,41.793,6.556,normal
2026-10-03 06:14:41,F1,51.173,1.257,3.66,48.096,7.753,normal
2026-10-03 06:15:41,F1,50.913,1.152,3.685,46.28,10.274,normal
2026-10-03 06:16:41,F1,65.58,1.193,3.671,66.374,5.874,normal
2026-10-03 06:17:41,F1,67.191,1.083,4.783,71.102,7.522,normal
2026-10-03 06:18:41,F1,55.792,1.22,4.004,41.838,6.81,normal
2026-10-03 06:19:41,F1,57.261,1.266,4.61,59.353,6.177,normal
2026-10-03 06:20:41,F1,50.195,1.406,4.127,52.389,4.311,normal
2026-10-03 06:21:41,F1,64.077,1.269,5.195,51.975,5.847,normal
2026-10-03 06:22:41,F1,57.951,1.139,3.983,52.459,4.846,normal
2026-10-03 06:23:41,F1,52.622,1.419,4.342,52.508,4.943,normal
2026-10-03 06:24:41,F1,44.099,1.253,5.279,52.59,7.369,normal
2026-10-03 06:25:41,F1,72.28,1.336,3.969,51.665,8.49,normal
2026-10-03 06:26:41,F1,62.764,1.246,4.39,49.993,9.749,normal
2026-10-03 06:27:41,F1,57.942,1.433,5.341,65.416,6.473,normal
2026-10-03 06:28:41,F1,62.726,1.272,4.489,57.112,5.935,normal
2026-10-03 06:29:41,F1,62.096,1.297,4.566,59.844,6.486,normal
2026-10-03 06:30:41,F1,50.33,1.227,5.023,52.384,6.93,normal
2026-10-03 06:31:41,F1,60.255,1.493,4.093,50.745,6.672,normal
2026-10-03 06:32:41,F1,62.763,1.333,4.646,60.351,9.133,failure
2026-10-03 06:33:41,F1,58.092,1.277,4.442,77.152,8.772,failure
2026-10-03 06:34:41,F1,50.546,1.345,4.5,69.074,7.942,normal
2026-10-03 06:35:41,F1,88.54,1.273,3.646,74.944,6.433,normal
2026-10-03 06:36:41,F1,62.385,1.317,3.676,45.201,8.227,failure
2026-10-03 06:37:41,F1,49.61,1.472,4.828,48.936,9.232,normal
2026-10-03 06:38:41,F1,69.364,1.207,4.751,42.627,4.271,normal
2026-10-03 06:39:41,F1,49.347,1.317,4.371,57.327,7.257,normal
2026-10-03 06:40:41,F1,66.111,1.124,5.231,64.004,7.218,failure
2026-10-03 06:41:41,F1,53.945,1.187,4.033,55.666,9.416,normal
2026-10-03 06:42:41,F1,61.34,1.263,4.259,51.59,7.771,normal
2026-10-03 06:43:41,F1,59.203,1.576,5.175,46.237,5.94,normal
2026-10-03 06:44:41,F1,55.852,1.386,4.43,60.717,6.624,normal
2026-10-03 06:45:41,F1,56.668,1.273,4.61,50.663,5.65,normal
2026-10-03 06:46:41,F1,55.334,0.993,4.743,52.744,11.18,normal
2026-10-03 06:47:41,F1,55.594,1.059,4.496,47.905,8.32,normal
2026-10-03 06:48:41,F1,61.229,1.272,4.864,44.39,7.256,normal
2026-10-03 06:49:41,F1,52.034,1.453,4.884,51.394,7.413,normal
2026-10-03 06:50:41,F1,52.587,1.329,3.767,70.755,8.067,normal
2026-10-03 06:51:41,F1,50.259,0.925,4.673,65.41,7.239,failure
2026-10-03 06:52:41,F1,53.239,1.12,4.95,55.673,9.057,normal
2026-10-03 06:53:41,F1,54.913,1.226,4.252,59.316,9.335,normal
2026-10-03 06:54:41,F1,51.503,1.371,4.434,49.289,8.216,normal
2026-10-03 06:55:41,F1,49.239,1.306,3.795,56.761,9.091,normal
2026-10-03 06:56:41,F1,59.465,1.314,5.131,67.017,7.999,normal
2026-10-03 06:57:41,F1,65.693,1.201,5.213,71.15,7.622,failure
2026-10-03 06:58:41,F1,54.075,0.92,4.348,54.811,7.837,normal
2026-10-03 06:59:41,F1,60.298,1.476,4.619,57.894,7.357,normal
2026-10-03 07:00:41,F1,52.888,1.41,4.539,47.212,6.886,normal
2026-10-03 07:01:41,F1,55.945,1.17,3.959,41.621,6.315,normal
2026-10-03 07:02:41,F1,66.882,1.592,5.106,52.871,8.213,failure
2026-10-03 07:03:41,F1,57.997,1.319,4.436,58.003,5.856,normal
2026-10-03 07:04:41,F1,62.336,1.205,4.446,53.752,5.996,normal
2026-10-03 07:05:41,F1,59.68,1.428,4.482,55.594,6.339,normal
2026-10-03 07:06:41,F1,63.989,1.219,3.705,49.679,7.709,normal
2026-10-03 07:07:41,F1,51.132,1.447,5.552,58.217,7.077,normal
2026-10-03 07:08:41,F1,63.378,1.224,3.849,53.251,5.948,normal
2026-10-03 07:09:41,F1,57.702,1.546,4.353,51.093,6.275,failure
2026-10-03 07:10:41,F1,75.746,1.435,4.448,38.006,6.502,normal
2026-10-03 07:11:41,F1,53.048,1.25,4.708,52.234,7.507,normal
2026-10-03 07:12:41,F1,63.639,1.296,3.845,51.179,5.165,normal
2026-10-03 07:13:41,F1,45.863,1.225,3.641,58.003,7.126,normal
2026-10-03 07:14:41,F1,53.482,1.222,5.159,67.165,8.553,normal
2026-10-03 07:15:41,F1,58.087,1.148,4.489,46.473,7.026,normal
2026-10-03 07:16:41,F1,49.817,1.102,4.981,59.801,8.095,normal
2026-10-03 07:17:41,F1,59.243,1.329,4.183,57.616,12.281,normal
2026-10-03 07:18:41,F1,45.856,1.239,5.781,34.441,9.315,normal
2026-10-03 07:19:41,F1,54.768,1.344,4.236,52.544,9.652,normal
2026-10-03 07:20:41,F1,60.136,1.566,5.372,48.742,8.294,normal
2026-10-03 07:21:41,F1,49.551,1.456,6.416,73.909,6.832,normal
2026-10-03 07:22:41,F1,58.262,1.134,4.22,64.979,7.478,normal
2026-10-03 07:23:41,F1,43.75,1.266,4.792,57.866,7.637,normal
2026-10-03 07:24:41,F1,46.829,1.291,4.447,46.153,11.139,normal
2026-10-03 07:25:41,F1,68.89,1.597,4.766,53.228,7.335,normal
2026-10-03 07:26:41,F1,61.399,1.063,4.54,68.253,6.802,normal
2026-10-03 07:27:41,F1,60.69,1.227,4.548,62.721,7.5,normal
2026-10-03 07:28:41,F1,61.508,1.249,3.988,59.681,6.266,normal
2026-10-03 07:29:41,F1,39.069,1.388,3.679,62.669,7.173,normal
2026-10-03 07:30:41,F1,54.334,1.248,3.938,54.45,8.778,normal
2026-10-03 07:31:41,F1,54.794,1.496,5.096,78.559,7.033,failure
2026-10-03 07:32:41,F1,63.273,1.44,4.262,62.544,5.685,normal
2026-10-03 07:33:41,F1,56.092,1.509,4.31,53.086,9.521,normal
2026-10-03 07:34:41,F1,68.916,1.358,4.656,46.698,8.907,normal
2026-10-03 07:35:41,F1,55.765,1.236,4.232,56.063,9.816,normal
2026-10-03 07:36:41,F1,59.284,1.108,4.149,65.314,8.996,normal
2026-10-03 07:37:41,F1,54.586,1.304,4.564,69.61,7.745,normal
2026-10-03 07:38:41,F1,42.328,1.29,4.499,51.73,8.629,normal
2026-10-03 07:39:41,F1,59.303,1.238,4.235,48.585,6.405,normal
2026-10-03 07:40:41,F1,62.073,1.281,4.758,54.31,7.248,normal
2026-10-03 07:41:41,F1,59.232,1.444,4.317,56.437,7.721,normal
2026-10-03 07:42:41,F1,50.595,1.432,4.197,45.074,6.664,normal
2026-10-03 07:43:41,F1,54.806,1.224,3.863,54.73,5.69,normal
2026-10-03 07:44:41,F1,58.707,1.632,4.212,51.713,8.179,normal
2026-10-03 07:45:41,F1,54.776,1.138,3.972,53.108,8.05,normal
2026-10-03 07:46:41,F1,69.884,1.312,5.177,66.838,9.011,normal
2026-10-03 07:47:41,F1,57.25,1.163,4.164,55.809,6.16,normal
2026-10-03 07:48:41,F1,53.943,1.332,4.824,61.115,7.996,normal
2026-10-03 07:49:41,F1,48.264,1.56,4.263,52.62,4.575,normal
2026-10-03 07:50:41,F1,64.754,1.397,4.777,63.138,8.307,failure
2026-10-03 07:51:41,F1,63.831,1.354,3.237,51.015,7.843,normal
2026-10-03 07:52:41,F1,52.592,1.165,4.164,66.752,8.883,normal
2026-10-03 07:53:41,F1,72.657,1.621,4.82,49.748,7.35,failure
2026-10-03 07:54:41,F1,55.443,1.34,4.325,64.219,6.653,normal
2026-10-03 07:55:41,F1,65.499,1.478,3.923,61.513,6.12,normal
2026-10-03 07:56:41,F1,56.929,1.313,4.505,51.237,6.865,normal
2026-10-03 07:57:41,F1,61.088,1.47,4.914,52.897,7.121,normal
2026-10-03 07:58:41,F1,54.07,1.42,4.034,56.639,5.853,normal
2026-10-03 07:59:41,F1,59.672,1.482,4.358,51.55,6.633,normal
2026-10-03 08:00:41,F1,64.476,1.283,5.002,44.596,8.207,normal
2026-10-03 08:01:41,F1,63.153,1.45,5.123,48.812,8.386,failure
2026-10-03 08:02:41,F1,60.084,1.459,3.373,55.545,5.808,normal
2026-10-03 08:03:41,F1,43.632,1.403,3.937,66.434,6.427,normal
2026-10-03 08:04:41,F1,60.929,1.279,4.544,63.744,7.068,normal
2026-10-03 08:05:41,F1,47.625,1.341,4.582,49.704,7.035,normal
2026-10-03 08:06:41,F1,55.906,1.189,2.972,46.647,9.585,normal
2026-10-03 08:07:41,F1,45.618,1.367,5.025,61.445,7.474,normal
2026-10-03 08:08:41,F1,47.843,1.513,4.557,43.25,7.378,normal
2026-10-03 08:09:41,F1,61.495,1.221,4.191,52.151,6.909,normal
2026-10-03 08:10:41,F1,64.011,1.043,3.143,58.333,8.931,normal
2026-10-03 08:11:41,F1,49.292,1.363,5.398,50.468,5.932,normal
2026-10-03 08:12:41,F1,49.449,1.384,4.45,56.576,7.316,normal
2026-10-03 08:13:41,F1,49.783,1.142,3.153,56.215,8.155,normal
2026-10-03 08:14:41,F1,65.994,1.227,3.485,58.321,6.844,normal
2026-10-03 08:15:41,F1,58.721,1.439,4.323,46.641,7.673,failure
2026-10-03 08:16:41,F1,47.288,1.408,4.256,62.529,8.679,normal
2026-10-03 08:17:41,F1,50.529,1.388,3.875,59.09,7.65,normal
2026-10-03 08:18:41,F1,62.983,1.4,4.366,50.261,7.521,normal
2026-10-03 08:19:41,F1,56.344,1.322,4.576,52.024,9.341,failure
2026-10-03 08:20:41,F1,58.624,1.467,4.51,38.355,7.484,normal
2026-10-03 08:21:41,F1,57.567,0.996,4.981,64.485,10.467,normal
2026-10-03 08:22:41,F1,48.543,1.325,4.472,43.561,7.787,normal
2026-10-03 08:23:41,F1,50.471,1.314,4.186,56.001,8.72,failure
2026-10-03 08:24:41,F1,50.826,1.499,5.808,56.471,7.7,normal
2026-10-03 08:25:41,F1,53.887,1.333,4.248,55.831,8.453,normal
2026-10-03 08:26:41,F1,61.108,1.228,5.519,57.62,5.41,normal
2026-10-03 08:27:41,F1,57.639,1.406,4.169,45.217,5.619,normal
2026-10-03 08:28:41,F1,62.891,1.242,5.071,40.804,5.927,normal
2026-10-03 08:29:41,F1,42.839,1.424,3.492,65.832,7.832,normal
2026-10-03 08:30:41,F1,66.96,1.302,4.604,47.525,5.671,normal
2026-10-03 08:31:41,F1,65.016,1.387,4.102,56.281,5.353,normal
2026-10-03 08:32:41,F1,64.652,1.45,4.095,50.619,6.732,normal
2026-10-03 08:33:41,F1,65.616,1.489,5.19,48.005,6.213,failure
2026-10-03 08:34:41,F1,63.034,1.62,4.489,57.993,7.697,normal
2026-10-03 08:35:41,F1,49.598,1.563,4.747,59.027,7.4,normal
2026-10-03 08:36:41,F1,66.03,1.106,4.647,45.625,7.294,normal
2026-10-03 08:37:41,F1,52.935,1.233,4.089,62.187,7.868,normal
2026-10-03 08:38:41,F1,52.848,1.411,4.154,53.947,8.118,normal
2026-10-03 08:39:41,F1,62.428,1.349,3.937,14.152,6.655,normal
2026-10-03 08:40:41,F1,47.666,1.383,4.132,53.914,5.454,normal
2026-10-03 08:41:41,F1,52.534,1.539,4.754,52.016,7.224,normal
2026-10-03 08:42:41,F1,65.252,1.35,4.656,51.354,6.239,normal
2026-10-03 08:43:41,F1,48.338,1.327,3.922,52.011,7.313,normal
2026-10-03 08:44:41,F1,53.386,1.523,4.632,47.757,7.735,normal
2026-10-03 08:45:41,F1,52.111,1.592,5.823,41.981,6.227,normal
2026-10-03 08:46:41,F1,42.225,1.395,4.126,52.718,6.827,normal
2026-10-03 08:47:41,F1,57.746,1.381,4.598,67.501,8.526,normal
2026-10-03 08:48:41,F1,58.182,1.447,4.698,39.929,9.059,normal
2026-10-03 08:49:41,F1,58.678,1.528,4.297,53.358,8.57,failure
2026-10-03 08:50:41,F1,58.788,1.305,4.94,59.021,6.846,normal
2026-10-03 08:51:41,F1,49.309,1.258,4.14,61.547,7.356,normal
2026-10-03 08:52:41,F1,60.452,1.43,4.163,60.416,7.502,normal
2026-10-03 08:53:41,F1,50.988,1.172,4.399,49.967,7.165,normal
2026-10-03 08:54:41,F1,52.304,1.363,4.74,66.283,6.825,normal
2026-10-03 08:55:41,F1,47.58,1.453,4.056,58.797,10.014,normal
2026-10-03 08:56:41,F1,48.421,1.607,4.228,46.042,6.687,normal
2026-10-03 08:57:41,F1,45.38,0.905,4.962,57.564,8.599,normal
2026-10-03 08:58:41,F1,52.361,1.258,4.203,58.991,9.509,normal
2026-10-03 08:59:41,F1,58.967,1.499,4.242,46.562,8.02,normal
2026-10-03 09:00:41,F1,41.774,1.376,4.804,50.013,7.856,normal
2026-10-03 09:01:41,F1,55.967,1.476,5.149,50.141,6.151,normal
2026-10-03 09:02:41,F1,58.775,1.567,4.262,69.177,6.609,normal
2026-10-03 09:03:41,F1,63.183,1.526,3.763,62.986,6.861,failure
2026-10-03 09:04:41,F1,64.959,1.409,5.697,52.173,9.418,failure
2026-10-03 09:05:41,F1,60.621,1.323,4.46,48.581,9.244,normal
2026-10-03 09:06:41,F1,47.061,1.099,4.711,55.716,7.39,normal
2026-10-03 09:07:41,F1,63.684,1.304,3.899,68.041,8.696,normal
2026-10-03 09:08:41,F1,63.772,1.403,3.365,53.881,8.065,failure
2026-10-03 09:09:41,F1,45.785,1.531,4.643,65.7,9.915,normal
2026-10-03 09:10:41,F1,38.858,1.354,4.857,43.79,7.328,normal
2026-10-03 09:11:41,F1,52.871,1.384,4.323,64.603,7.135,normal
2026-10-03 09:12:41,F1,65.164,1.477,5.477,49.477,6.668,normal
2026-10-03 09:13:41,F1,50.897,1.412,4.622,73.692,6.848,failure
2026-10-03 09:14:41,F1,52.888,1.49,5.488,55.911,4.366,failure
2026-10-03 09:15:41,F1,67.308,1.377,4.762,50.354,10.501,failure
2026-10-03 09:16:41,F1,57.468,1.409,5.421,54.886,12.896,failure
2026-10-03 09:17:41,F1,57.814,1.428,4.549,68.87,7.295,normal
2026-10-03 09:18:41,F1,73.668,1.326,4.339,55.148,10.11,failure
2026-10-03 09:19:41,F1,64.221,1.487,3.796,53.408,5.578,normal
2026-10-03 09:20:41,F1,50.573,1.451,3.384,57.755,8.56,normal
2026-10-03 09:21:41,F1,55.029,1.223,4.527,43.7,5.879,normal
2026-10-03 09:22:41,F1,63.154,1.518,4.218,48.858,6.123,normal
2026-10-03 09:23:41,F1,51.447,1.118,4.411,59.913,8.2,failure
2026-10-03 09:24:41,F1,54.635,1.356,4.875,72.192,10.238,normal
2026-10-03 09:25:41,F1,56.622,1.394,3.581,40.963,9.219,normal
2026-10-03 09:26:41,F1,48.171,1.408,5.333,51.276,7.999,normal
2026-10-03 09:27:41,F1,56.184,1.506,5.231,63.55,7.795,normal
2026-10-03 09:28:41,F1,59.974,1.452,5.036,63.304,8.157,normal
2026-10-03 09:29:41,F1,68.855,1.213,5.249,39.303,8.392,normal
2026-10-03 09:30:41,F1,57.477,1.415,2.359,55.396,6.742,normal
2026-10-03 09:31:41,F1,62.834,1.536,3.979,63.616,7.03,normal
2026-10-03 09:32:41,F1,46.978,1.448,4.265,61.359,8.273,normal
2026-10-03 09:33:41,F1,56.582,1.653,4.245,62.215,7.505,normal
2026-10-03 09:34:41,F1,47.447,1.628,5.224,44.95,6.117,normal
2026-10-03 09:35:41,F1,49.649,1.159,5.149,64.582,6.167,normal
2026-10-03 09:36:41,F1,59.497,1.537,3.91,60.26,8.129,normal
2026-10-03 09:37:41,F1,54.118,1.384,4.505,58.343,11.234,normal
2026-10-03 09:38:41,F1,46.753,1.515,3.623,50.063,7.514,normal
2026-10-03 09:39:41,F1,62.116,1.345,4.701,48.368,7.075,failure
2026-10-03 09:40:41,F1,62.579,1.267,4.602,35.844,7.6,normal
2026-10-03 09:41:41,F1,54.314,1.454,4.742,58.284,8.377,normal
2026-10-03 09:42:41,F1,57.212,1.557,3.924,54.169,8.798,failure
2026-10-03 09:43:41,F1,45.707,1.536,3.759,48.332,8.711,normal
2026-10-03 09:44:41,F1,54.099,1.334,3.818,46.795,8.214,normal
2026-10-03 09:45:41,F1,67.713,1.475,3.988,48.264,8.193,normal
2026-10-03 09:46:41,F1,57.977,1.607,4.363,54.329,6.933,normal
2026-10-03 09:47:41,F1,58.068,1.277,4.493,55.51,9.459,normal
2026-10-03 09:48:41,F1,57.761,1.454,4.47,51.53,5.126,normal
2026-10-03 09:49:41,F1,55.151,1.586,3.777,64.886,7.324,normal
2026-10-03 09:50:41,F1,59.377,1.508,3.763,46.862,6.917,normal
2026-10-03 09:51:41,F1,58.692,1.563,4.353,58.527,8.028,normal
2026-10-03 09:52:41,F1,43.312,1.502,3.748,53.541,7.14,normal
2026-10-03 09:53:41,F1,51.025,1.61,3.581,61.649,6.574,normal
2026-10-03 09:54:41,F1,45.579,1.273,4.514,58.533,8.049,normal
2026-10-03 09:55:41,F1,57.771,1.199,4.9,61.228,8.585,normal
2026-10-03 09:56:41,F1,61.904,1.587,5.606,48.64,7.261,normal
2026-10-03 09:57:41,F1,58.647,1.457,4.763,50.897,5.84,normal
2026-10-03 09:58:41,F1,55.577,1.321,4.654,42.067,7.967,normal
2026-10-03 09:59:41,F1,47.282,1.505,5.129,52.149,7.818,normal
2026-10-03 10:00:41,F1,52.968,1.676,5.494,58.731,7.392,normal
2026-10-03 10:01:41,F1,54.898,1.516,4.697,63.38,6.677,normal
2026-10-03 10:02:41,F1,42.347,1.406,4.138,60.966,5.827,normal
2026-10-03 10:03:41,F1,48.452,1.493,5.459,49.412,9.825,normal
2026-10-03 10:04:41,F1,64.848,1.424,4.792,56.872,6.594,normal
2026-10-03 10:05:41,F1,51.772,1.418,3.899,46.198,6.448,normal
2026-10-03 10:06:41,F1,58.903,1.461,3.615,46.736,8.476,normal
2026-10-03 10:07:41,F1,64.207,1.601,5.0,59.311,5.57,failure
2026-10-03 10:08:41,F1,59.866,1.511,4.916,47.791,8.248,failure
2026-10-03 10:09:41,F1,45.767,1.638,3.096,61.742,8.459,normal
2026-10-03 10:10:41,F1,52.895,1.526,3.704,65.369,8.095,normal
2026-10-03 10:11:41,F1,65.497,1.313,4.369,59.544,8.631,normal
2026-10-03 10:12:41,F1,58.473,1.283,4.225,54.577,8.313,normal
2026-10-03 10:13:41,F1,62.112,1.408,6.207,61.933,7.96,failure
2026-10-03 10:14:41,F1,72.816,1.469,4.497,43.947,8.154,failure
2026-10-03 10:15:41,F1,59.037,1.463,4.273,40.527,8.593,failure
2026-10-03 10:16:41,F1,56.157,1.456,4.63,47.638,8.006,normal
2026-10-03 10:17:41,F1,54.177,1.412,3.803,65.496,8.167,normal
2026-10-03 10:18:41,F1,57.078,1.671,4.199,62.945,11.421,failure
2026-10-03 10:19:41,F1,42.236,1.282,4.657,53.379,5.55,normal
2026-10-03 10:20:41,F1,45.62,1.207,4.475,54.825,9.003,normal
2026-10-03 10:21:41,F1,72.581,1.369,4.128,74.161,8.056,normal
2026-10-03 10:22:41,F1,58.111,1.382,5.014,61.873,7.602,failure
2026-10-03 10:23:41,F1,74.31,1.455,4.886,57.562,3.8,normal
2026-10-03 10:24:41,F1,42.324,1.514,4.207,56.03,7.258,normal
2026-10-03 10:25:41,F1,51.073,1.211,4.542,40.876,7.488,normal
2026-10-03 10:26:41,F1,55.58,1.26,3.719,56.545,9.122,normal
2026-10-03 10:27:41,F1,48.453,1.505,4.768,72.71,6.493,failure
2026-10-03 10:28:41,F1,42.167,1.498,5.089,45.891,4.362,normal
2026-10-03 10:29:41,F1,59.185,1.322,4.532,61.54,9.335,normal
2026-10-03 10:30:41,F1,60.916,1.39,4.526,37.497,7.568,normal
2026-10-03 10:31:41,F1,55.485,1.608,4.583,51.022,8.213,normal
2026-10-03 10:32:41,F1,65.698,1.521,4.459,62.479,10.171,failure
2026-10-03 10:33:41,F1,49.011,1.718,5.041,48.37,7.507,normal
2026-10-03 10:34:41,F1,69.675,1.166,4.925,55.235,8.196,normal
2026-10-03 10:35:41,F1,56.239,1.333,4.368,45.349,7.938,normal
2026-10-03 10:36:41,F1,50.906,1.528,3.918,54.605,6.2,normal
2026-10-03 10:37:41,F1,48.368,1.324,5.334,50.827,8.563,normal
2026-10-03 10:38:41,F1,67.476,1.444,4.341,67.705,7.476,normal
2026-10-03 10:39:41,F1,47.454,1.483,4.058,55.537,6.944,normal
2026-10-03 10:40:41,F1,53.302,1.392,4.219,55.182,4.557,normal
2026-10-03 10:41:41,F1,55.648,1.318,4.988,50.039,14.863,normal
2026-10-03 10:42:41,F1,39.705,1.444,4.463,47.811,6.856,normal
2026-10-03 10:43:41,F1,55.054,1.478,5.34,60.501,9.04,normal
2026-10-03 10:44:41,F1,50.031,1.283,4.413,43.714,6.993,normal
2026-10-03 10:45:41,F1,51.848,1.557,4.609,59.731,8.819,normal
2026-10-03 10:46:41,F1,53.789,1.519,4.867,60.903,5.243,normal
2026-10-03 10:47:41,F1,66.008,1.392,4.205,65.692,5.383,normal
2026-10-03 10:48:41,F1,57.199,1.452,4.183,55.576,7.465,normal
2026-10-03 10:49:41,F1,49.041,1.499,5.518,47.665,9.083,failure
2026-10-03 10:50:41,F1,51.179,1.533,4.009,55.411,7.074,normal
2026-10-03 10:51:41,F1,66.24,1.557,5.407,52.261,7.444,failure
2026-10-03 10:52:41,F1,59.482,1.519,5.223,58.788,8.204,normal
2026-10-03 10:53:41,F1,62.097,1.464,4.728,73.984,8.394,failure
2026-10-03 10:54:41,F1,44.515,1.482,5.0,59.746,7.754,normal
2026-10-03 10:55:41,F1,52.181,1.539,5.411,53.848,8.817,normal
2026-10-03 10:56:41,F1,63.651,1.431,5.765,49.176,6.308,normal
2026-10-03 10:57:41,F1,55.575,1.801,4.368,65.818,8.316,failure
2026-10-03 10:58:41,F1,61.43,1.463,4.708,48.791,7.924,normal
2026-10-03 10:59:41,F1,43.172,1.47,5.342,56.614,7.593,normal
2026-10-03 11:00:41,F1,55.596,1.6,4.388,45.349,8.389,normal
2026-10-03 11:01:41,F1,64.731,1.388,5.628,52.361,7.528,failure
2026-10-03 11:02:41,F1,55.56,1.485,3.938,54.576,8.089,normal
2026-10-03 11:03:41,F1,55.858,1.608,3.739,49.93,6.635,normal
2026-10-03 11:04:41,F1,56.605,1.599,4.088,51.961,6.164,normal
2026-10-03 11:05:41,F1,64.988,1.069,3.588,50.203,7.228,normal
2026-10-03 11:06:41,F1,59.807,1.62,5.073,63.876,8.16,failure
2026-10-03 11:07:41,F1,50.04,1.592,4.998,54.726,8.471,normal
2026-10-03 11:08:41,F1,43.59,1.225,3.942,65.58,8.34,normal
2026-10-03 11:09:41,F1,51.81,1.445,5.206,50.924,8.103,normal
2026-10-03 11:10:41,F1,48.016,1.485,4.643,50.492,8.75,failure
2026-10-03 11:11:41,F1,57.441,1.702,5.604,54.04,8.299,normal
2026-10-03 11:12:41,F1,48.229,1.292,4.206,55.123,6.433,normal
2026-10-03 11:13:41,F1,65.528,1.513,5.541,45.744,7.257,failure
2026-10-03 11:14:41,F1,56.281,1.492,5.077,56.688,7.549,normal
2026-10-03 11:15:41,F1,35.325,1.596,3.501,54.234,8.38,normal
2026-10-03 11:16:41,F1,53.797,1.359,3.578,53.861,10.017,normal
2026-10-03 11:17:41,F1,58.769,1.286,4.63,54.76,9.302,normal
2026-10-03 11:18:41,F1,54.254,1.614,5.085,57.38,10.54,normal
2026-10-03 11:19:41,F1,43.707,1.521,5.994,53.77,7.478,normal
2026-10-03 11:20:41,F1,56.514,1.728,4.393,53.907,6.54,failure
2026-10-03 11:21:41,F1,47.468,1.341,4.581,61.715,5.837,normal
2026-10-03 11:22:41,F1,47.108,1.788,5.824,63.308,8.318,failure
2026-10-03 11:23:41,F1,61.587,1.467,5.131,35.041,6.348,normal
2026-10-03 11:24:41,F1,54.382,1.435,4.657,61.002,7.365,failure
2026-10-03 11:25:41,F1,51.899,1.481,4.292,61.441,8.072,normal
2026-10-03 11:26:41,F1,49.282,1.357,4.776,62.374,8.29,normal
2026-10-03 11:27:41,F1,60.698,1.554,4.684,49.0,9.376,failure
2026-10-03 11:28:41,F1,54.05,1.363,6.129,61.438,8.354,normal
2026-10-03 11:29:41,F1,64.739,1.409,4.83,72.723,7.106,normal
2026-10-03 11:30:41,F1,58.104,1.513,4.271,63.4,7.184,normal
2026-10-03 11:31:41,F1,54.87,1.342,4.366,52.801,8.887,normal
2026-10-03 11:32:41,F1,55.414,1.732,5.444,51.924,6.462,normal
2026-10-03 11:33:41,F1,56.247,1.581,4.9,68.745,7.607,normal
2026-10-03 11:34:41,F1,67.801,1.56,4.003,66.105,8.571,normal
2026-10-03 11:35:41,F1,58.208,1.559,4.374,45.779,6.822,normal
2026-10-03 11:36:41,F1,62.358,1.464,4.877,64.338,7.535,normal
2026-10-03 11:37:41,F1,56.108,1.289,3.992,46.821,7.212,normal
2026-10-03 11:38:41,F1,55.34,1.558,5.026,36.471,7.966,normal
2026-10-03 11:39:41,F1,62.54,1.506,4.436,51.726,7.271,normal
2026-10-03 11:40:41,F1,57.677,1.663,4.418,59.593,7.703,failure
2026-10-03 11:41:41,F1,58.958,1.376,4.737,55.893,7.973,normal
2026-10-03 11:42:41,F1,53.469,1.609,4.71,63.832,7.733,normal
2026-10-03 11:43:41,F1,54.935,1.419,4.104,62.971,6.71,normal
2026-10-03 11:44:41,F1,53.252,1.568,4.52,46.869,8.238,normal
2026-10-03 11:45:41,F1,65.87,1.355,4.402,46.256,6.554,normal
2026-10-03 11:46:41,F1,52.865,1.417,4.963,53.899,8.677,normal
2026-10-03 11:47:41,F1,44.284,1.502,4.925,58.852,7.937,normal
2026-10-03 11:48:41,F1,60.255,1.407,3.389,57.496,6.736,normal
2026-10-03 11:49:41,F1,57.544,1.502,4.974,73.148,7.538,failure
2026-10-03 11:50:41,F1,68.827,1.421,4.14,69.484,9.127,failure
2026-10-03 11:51:41,F1,63.725,1.428,5.247,55.309,8.897,failure
2026-10-03 11:52:41,F1,65.009,1.458,4.938,67.115,10.061,failure
2026-10-03 11:53:41,F1,58.946,1.546,4.289,46.181,7.386,normal
2026-10-03 11:54:41,F1,58.948,1.53,4.083,50.108,8.408,normal
2026-10-03 11:55:41,F1,50.268,1.403,4.011,65.626,5.641,normal
2026-10-03 11:56:41,F1,56.237,1.486,5.266,43.482,5.372,normal
2026-10-03 11:57:41,F1,56.125,1.512,4.405,56.519,7.228,normal
2026-10-03 11:58:41,F1,51.822,1.501,4.887,61.74,6.63,normal
2026-10-03 11:59:41,F1,56.072,1.363,3.566,41.769,5.98,normal
2026-10-03 12:00:41,F1,55.66,1.5,4.655,53.096,6.91,failure
2026-10-03 12:01:41,F1,64.918,1.444,3.962,47.545,9.654,normal
2026-10-03 12:02:41,F1,65.488,1.529,4.296,66.135,7.076,normal
2026-10-03 12:03:41,F1,62.328,1.502,5.047,61.104,6.957,normal
2026-10-03 12:04:41,F1,68.294,1.682,5.583,66.292,8.266,failure
2026-10-03 12:05:41,F1,61.273,1.487,3.909,54.384,6.196,normal
2026-10-03 12:06:41,F1,70.412,1.446,4.696,45.724,8.308,failure
2026-10-03 12:07:41,F1,53.876,1.531,4.851,44.2,6.366,normal
2026-10-03 12:08:41,F1,44.314,1.492,4.616,47.1,8.543,normal
2026-10-03 12:09:41,F1,47.208,1.444,3.724,68.784,8.346,normal
2026-10-03 12:10:41,F1,53.874,1.605,4.491,54.954,9.005,normal
2026-10-03 12:11:41,F1,56.41,1.506,4.281,55.872,7.384,failure
2026-10-03 12:12:41,F1,56.915,1.773,4.121,50.969,9.113,normal
2026-10-03 12:13:41,F1,57.445,1.523,4.585,59.019,6.547,normal
2026-10-03 12:14:41,F1,59.134,0.711,5.053,57.785,6.896,failure
2026-10-03 12:15:41,F1,52.253,1.667,3.434,48.605,7.992,normal
2026-10-03 12:16:41,F1,56.766,1.582,4.336,43.83,6.784,normal
2026-10-03 12:17:41,F1,39.696,1.495,3.988,62.166,6.737,normal
2026-10-03 12:18:41,F1,61.074,1.17,4.975,51.643,5.444,normal
2026-10-03 12:19:41,F1,58.676,1.413,5.348,55.472,6.062,normal
2026-10-03 12:20:41,F1,56.047,1.464,4.383,74.695,6.029,normal
2026-10-03 12:21:41,F1,58.519,1.496,4.905,58.616,7.982,failure
2026-10-03 12:22:41,F1,55.933,1.537,4.813,34.408,9.096,normal
2026-10-03 12:23:41,F1,55.745,1.608,4.684,52.344,9.421,normal
2026-10-03 12:24:41,F1,60.075,1.387,4.967,45.095,9.983,normal
2026-10-03 12:25:41,F1,55.041,1.423,4.742,67.241,8.667,normal
2026-10-03 12:26:41,F1,56.196,1.475,4.312,50.171,9.185,normal
2026-10-03 12:27:41,F1,58.323,1.544,4.618,56.258,6.752,normal
2026-10-03 12:28:41,F1,50.166,1.555,4.569,72.856,9.878,normal
2026-10-03 12:29:41,F1,63.46,1.599,4.463,64.784,7.857,failure
2026-10-03 12:30:41,F1,57.718,1.38,3.835,56.271,8.794,normal
2026-10-03 12:31:41,F1,44.035,1.266,4.482,54.346,7.306,normal
2026-10-03 12:32:41,F1,60.995,1.327,3.41,62.978,7.112,normal
2026-10-03 12:33:41,F1,62.885,1.677,4.34,65.113,7.186,failure
2026-10-03 12:34:41,F1,54.9,1.385,3.406,55.0,7.895,normal
2026-10-03 12:35:41,F1,64.817,1.474,5.027,54.932,9.152,failure
2026-10-03 12:36:41,F1,43.523,1.462,3.951,53.45,8.271,normal
2026-10-03 12:37:41,F1,51.894,1.915,5.048,63.713,10.34,failure
2026-10-03 12:38:41,F1,60.312,1.836,5.041,63.227,7.037,failure
2026-10-03 12:39:41,F1,54.759,1.442,4.3,72.039,8.707,normal
2026-10-03 12:40:41,F1,49.815,1.382,4.839,52.166,8.445,normal
2026-10-03 12:41:41,F1,52.777,1.753,5.215,49.22,8.091,failure
2026-10-03 12:42:41,F1,50.519,1.502,4.43,49.492,8.267,normal
2026-10-03 12:43:41,F1,61.603,1.47,4.977,43.415,6.814,failure
2026-10-03 12:44:41,F1,45.262,1.592,4.531,46.0,7.917,normal
2026-10-03 12:45:41,F1,59.223,1.637,4.901,59.644,5.414,normal
2026-10-03 12:46:41,F1,53.671,1.729,5.897,48.026,5.543,failure
2026-10-03 12:47:41,F1,55.427,1.426,3.615,40.435,8.768,normal
2026-10-03 12:48:41,F1,47.198,1.371,5.276,55.139,8.494,normal
2026-10-03 12:49:41,F1,62.81,1.629,4.502,50.925,9.169,failure
2026-10-03 12:50:41,F1,60.18,1.393,3.874,52.602,7.721,normal
2026-10-03 12:51:41,F1,51.702,1.495,3.986,67.17,7.07,normal
2026-10-03 12:52:41,F1,55.359,1.366,3.428,51.553,9.015,normal
2026-10-03 12:53:41,F1,53.766,1.494,4.893,57.173,8.311,normal
2026-10-03 12:54:41,F1,64.624,1.632,5.09,58.327,9.606,failure
2026-10-03 12:55:41,F1,66.743,1.733,4.44,58.749,8.057,failure
2026-10-03 12:56:41,F1,43.092,1.552,5.15,46.674,7.697,normal
2026-10-03 12:57:41,F1,50.095,1.521,3.663,64.094,6.54,normal
2026-10-03 12:58:41,F1,51.509,1.559,3.809,54.411,6.989,normal
2026-10-03 12:59:41,F1,36.137,1.512,4.373,36.042,8.336,normal
2026-10-03 13:00:41,F1,54.217,1.308,5.088,53.163,8.341,normal
2026-10-03 13:01:41,F1,55.674,1.362,5.033,60.198,6.087,normal
2026-10-03 13:02:41,F1,60.15,1.597,4.177,45.7,8.139,normal
2026-10-03 13:03:41,F1,52.652,1.603,4.828,44.744,8.104,normal
2026-10-03 13:04:41,F1,55.094,1.473,4.949,61.939,9.807,failure
2026-10-03 13:05:41,F1,54.305,1.51,4.116,70.456,8.672,normal
2026-10-03 13:06:41,F1,41.163,1.372,4.595,43.545,9.56,normal
2026-10-03 13:07:41,F1,55.195,1.471,4.045,53.117,5.897,normal
2026-10-03 13:08:41,F1,58.899,1.571,4.314,47.069,6.382,normal
2026-10-03 13:09:41,F1,57.492,1.414,4.411,53.373,9.694,failure
2026-10-03 13:10:41,F1,68.024,1.355,3.838,66.654,6.271,normal
2026-10-03 13:11:41,F1,61.649,1.548,4.182,58.576,6.644,normal
2026-10-03 13:12:41,F1,45.469,1.479,4.866,56.357,7.79,failure
2026-10-03 13:13:41,F1,39.706,1.257,5.058,48.339,5.882,normal
2026-10-03 13:14:41,F1,47.453,1.439,5.02,53.283,8.578,normal
2026-10-03 13:15:41,F1,58.669,1.243,5.165,48.291,7.823,failure
2026-10-03 13:16:41,F1,57.307,1.193,5.259,53.783,5.847,normal
2026-10-03 13:17:41,F1,50.827,1.583,4.824,53.693,6.803,normal
2026-10-03 13:18:41,F1,60.608,1.494,3.772,64.077,6.068,normal
2026-10-03 13:19:41,F1,59.657,1.706,5.411,51.492,8.65,failure
2026-10-03 13:20:41,F1,49.38,1.273,4.455,56.842,7.546,normal
2026-10-03 13:21:41,F1,55.782,1.466,4.704,68.355,9.399,normal
2026-10-03 13:22:41,F1,59.844,1.639,4.809,47.154,7.737,normal
2026-10-03 13:23:41,F1,52.324,1.292,4.873,47.966,7.614,normal
2026-10-03 13:24:41,F1,56.088,1.467,4.559,63.908,8.592,failure
2026-10-03 13:25:41,F1,56.105,1.593,4.985,65.794,7.177,failure
2026-10-03 13:26:41,F1,63.84,1.482,4.667,51.04,6.745,failure
2026-10-03 13:27:41,F1,64.541,1.511,4.081,64.999,6.541,normal
2026-10-03 13:28:41,F1,57.472,1.459,3.681,64.839,5.298,normal
2026-10-03 13:29:41,F1,54.434,1.201,4.445,56.3,8.456,normal
2026-10-03 13:30:41,F1,57.456,1.612,4.419,59.964,7.471,normal
2026-10-03 13:31:41,F1,51.969,1.446,4.451,61.136,8.414,normal
2026-10-03 13:32:41,F1,63.297,1.762,4.926,62.168,8.313,failure
2026-10-03 13:33:41,F1,46.089,1.706,4.563,61.786,7.003,normal
2026-10-03 13:34:41,F1,63.554,1.458,4.81,54.116,7.128,normal
2026-10-03 13:35:41,F1,68.637,1.538,4.233,53.163,6.944,failure
2026-10-03 13:36:41,F1,55.51,1.624,3.867,55.369,7.892,normal
2026-10-03 13:37:41,F1,60.737,1.518,5.728,48.25,8.369,normal
2026-10-03 13:38:41,F1,61.08,1.444,4.064,50.042,7.37,normal
2026-10-03 13:39:41,F1,60.902,1.54,3.892,64.721,8.173,normal
2026-10-03 13:40:41,F1,59.421,1.607,4.619,55.352,8.599,normal
2026-10-03 13:41:41,F1,56.1,1.698,4.331,46.151,9.793,failure
2026-10-03 13:42:41,F1,60.957,1.623,4.724,55.24,8.377,normal
2026-10-03 13:43:41,F1,51.667,1.483,4.073,56.784,5.873,normal
2026-10-03 13:44:41,F1,46.798,1.287,3.693,53.683,8.036,normal
2026-10-03 13:45:41,F1,53.69,1.789,4.517,49.709,8.041,normal
2026-10-03 13:46:41,F1,62.954,1.539,5.114,47.272,7.234,failure
2026-10-03 13:47:41,F1,54.524,1.593,4.604,47.803,6.745,normal
2026-10-03 13:48:41,F1,55.598,1.335,4.784,68.263,7.717,normal
2026-10-03 13:49:41,F1,62.502,1.575,4.195,58.363,6.437,normal
2026-10-03 13:50:41,F1,51.805,1.64,4.925,58.056,8.659,normal
2026-10-03 13:51:41,F1,55.619,1.569,5.252,63.138,7.429,failure
2026-10-03 13:52:41,F1,64.5,1.251,3.266,41.311,7.028,normal
2026-10-03 13:53:41,F1,55.457,1.49,4.38,37.94,5.96,normal
2026-10-03 13:54:41,F1,56.176,1.629,4.287,46.335,8.051,normal
2026-10-03 13:55:41,F1,51.364,1.585,4.377,51.175,9.421,failure
2026-10-03 13:56:41,F1,56.695,1.597,4.362,44.546,8.742,failure
2026-10-03 13:57:41,F1,56.499,1.624,5.332,64.798,6.375,failure
2026-10-03 13:58:41,F1,58.986,1.675,4.542,48.917,7.184,normal
2026-10-03 13:59:41,F1,57.759,1.514,3.7,56.223,6.744,normal
2026-10-03 14:00:41,F1,56.961,1.586,2.204,50.955,7.658,failure
2026-10-03 14:01:41,F1,51.902,1.483,5.414,55.338,8.514,failure
2026-10-03 14:02:41,F1,55.14,1.765,6.135,54.32,9.178,normal
2026-10-03 14:03:41,F1,58.52,1.634,5.001,61.363,6.279,normal
2026-10-03 14:04:41,F1,70.379,1.621,4.757,62.709,8.986,failure
2026-10-03 14:05:41,F1,60.319,1.532,3.17,52.77,6.469,normal
2026-10-03 14:06:41,F1,42.463,1.572,3.821,61.356,7.399,normal
2026-10-03 14:07:41,F1,56.952,1.492,4.363,53.556,10.012,failure
2026-10-03 14:08:41,F1,53.891,1.616,4.661,59.991,7.512,normal
2026-10-03 14:09:41,F1,64.64,1.274,4.083,55.224,9.104,failure
2026-10-03 14:10:41,F1,59.278,1.488,3.76,55.381,7.898,normal
2026-10-03 14:11:41,F1,55.203,1.529,3.849,67.69,4.797,normal
2026-10-03 14:12:41,F1,53.13,1.779,4.112,54.645,8.554,normal
2026-10-03 14:13:41,F1,62.624,1.219,3.602,57.113,9.059,normal
2026-10-03 14:14:41,F1,56.736,1.407,5.057,58.492,7.912,normal
2026-10-03 14:15:41,F1,61.557,1.458,4.737,54.377,5.745,normal
2026-10-03 14:16:41,F1,53.018,1.433,4.387,42.863,9.474,normal
2026-10-03 14:17:41,F1,45.006,1.302,4.754,44.849,7.702,normal
2026-10-03 14:18:41,F1,54.909,1.647,4.031,41.634,7.581,normal
2026-10-03 14:19:41,F1,54.283,1.601,4.695,54.971,9.786,normal
2026-10-03 14:20:41,F1,52.531,1.422,4.342,43.928,7.76,normal
2026-10-03 14:21:41,F1,61.17,1.45,4.838,58.704,9.905,normal
2026-10-03 14:22:41,F1,58.674,1.73,4.592,53.605,7.254,normal
2026-10-03 14:23:41,F1,53.046,1.775,5.44,62.836,7.635,normal
2026-10-03 14:24:41,F1,51.539,1.234,4.573,53.753,9.624,normal
2026-10-03 14:25:41,F1,47.886,1.498,3.912,36.768,10.063,normal
2026-10-03 14:26:41,F1,51.224,1.542,4.991,63.833,8.234,failure
2026-10-03 14:27:41,F1,60.716,1.501,4.605,48.519,6.75,failure
2026-10-03 14:28:41,F1,61.975,1.585,3.817,60.895,7.079,normal
2026-10-03 14:29:41,F1,56.214,1.341,5.091,55.413,8.265,failure
2026-10-03 14:30:41,F1,58.36,1.569,3.258,74.9,8.368,normal
2026-10-03 14:31:41,F1,52.67,1.517,4.124,58.562,6.107,normal
2026-10-03 14:32:41,F1,54.5,1.463,3.729,44.599,9.526,normal
2026-10-03 14:33:41,F1,59.829,1.592,4.76,60.307,9.307,failure
2026-10-03 14:34:41,F1,62.41,1.551,5.115,68.299,7.195,failure
2026-10-03 14:35:41,F1,53.825,1.526,5.045,46.635,6.048,normal
2026-10-03 14:36:41,F1,62.906,1.433,4.705,65.856,6.304,failure
2026-10-03 14:37:41,F1,58.632,1.483,4.158,65.215,7.399,normal
2026-10-03 14:38:41,F1,54.882,1.655,4.746,59.508,8.833,failure
2026-10-03 14:39:41,F1,56.294,1.443,4.105,47.843,7.669,normal
2026-10-03 14:40:41,F1,51.724,1.679,4.49,47.669,5.986,normal
2026-10-03 14:41:41,F1,43.028,1.387,4.386,74.932,5.922,normal
2026-10-03 14:42:41,F1,59.435,1.626,4.966,64.39,6.66,normal
2026-10-03 14:43:41,F1,36.715,1.377,4.405,51.694,8.175,normal
2026-10-03 14:44:41,F1,48.197,1.651,4.538,67.569,8.168,normal
2026-10-03 14:45:41,F1,57.246,1.69,4.298,55.702,7.845,normal
2026-10-03 14:46:41,F1,53.113,1.654,4.849,58.796,7.953,normal
2026-10-03 14:47:41,F1,70.383,1.628,3.734,51.073,7.457,normal
2026-10-03 14:48:41,F1,55.324,1.563,4.464,56.39,8.77,failure
2026-10-03 14:49:41,F1,65.772,1.187,5.596,46.383,8.416,normal
2026-10-03 14:50:41,F1,72.377,1.54,5.426,65.137,6.986,failure
2026-10-03 14:51:41,F1,66.336,1.658,4.424,55.936,7.149,failure
2026-10-03 14:52:41,F1,40.641,1.648,5.097,52.821,8.636,normal
2026-10-03 14:53:41,F1,62.074,1.687,4.773,56.382,8.033,failure
2026-10-03 14:54:41,F1,51.566,1.461,5.917,56.55,5.992,normal
2026-10-03 14:55:41,F1,61.017,1.636,5.552,59.814,6.048,normal
2026-10-03 14:56:41,F1,63.272,1.62,3.796,26.191,11.268,failure
2026-10-03 14:57:41,F1,73.618,1.703,5.91,37.856,7.144,failure
2026-10-03 14:58:41,F1,67.15,1.568,4.114,47.18,9.241,failure
2026-10-03 14:59:41,F1,62.233,1.666,4.772,58.713,7.436,failure
2026-10-03 15:00:41,F1,56.695,1.526,4.505,57.405,7.572,normal
2026-10-03 15:01:41,F1,67.635,1.499,3.248,49.471,8.423,failure
2026-10-03 15:02:41,F1,47.83,1.641,3.72,60.973,8.171,normal
2026-10-03 15:03:41,F1,60.803,1.295,4.962,53.263,7.693,normal
2026-10-03 15:04:41,F1,64.72,1.779,4.136,44.439,9.339,failure
2026-10-03 15:05:41,F1,47.586,1.779,4.366,45.999,9.514,normal
2026-10-03 15:06:41,F1,59.882,1.72,4.112,31.722,8.797,normal
2026-10-03 15:07:41,F1,67.617,1.562,4.606,66.126,7.613,failure
2026-10-03 15:08:41,F1,55.783,1.33,4.183,58.631,8.684,normal
2026-10-03 15:09:41,F1,57.413,1.614,4.683,53.184,6.038,normal
2026-10-03 15:10:41,F1,59.479,1.657,4.184,59.051,6.473,normal
2026-10-03 15:11:41,F1,63.421,1.598,4.938,51.014,7.903,failure
2026-10-03 15:12:41,F1,57.401,1.526,4.267,55.958,7.524,normal
2026-10-03 15:13:41,F1,47.115,1.412,4.591,58.334,6.996,normal
2026-10-03 15:14:41,F1,58.441,1.429,5.002,44.976,9.211,failure
2026-10-03 15:15:41,F1,64.806,1.623,3.98,71.034,7.176,normal
2026-10-03 15:16:41,F1,42.908,1.588,4.486,55.467,8.771,normal
2026-10-03 15:17:41,F1,50.932,1.706,3.893,32.107,9.822,normal
2026-10-03 15:18:41,F1,65.143,1.576,4.528,44.116,7.497,failure
2026-10-03 15:19:41,F1,59.922,1.682,4.793,71.575,5.707,normal
2026-10-03 15:20:41,F1,51.245,1.529,4.516,58.825,6.906,normal
2026-10-03 15:21:41,F1,68.507,1.628,4.151,71.499,8.13,failure
2026-10-03 15:22:41,F1,60.217,1.63,3.595,55.072,6.27,normal
2026-10-03 15:23:41,F1,62.255,1.61,5.421,57.673,9.324,failure
2026-10-03 15:24:41,F1,54.569,1.529,4.057,48.696,7.55,normal
2026-10-03 15:25:41,F1,52.458,1.603,5.155,50.468,6.288,normal
2026-10-03 15:26:41,F1,61.264,1.506,4.883,48.861,8.76,normal
2026-10-03 15:27:41,F1,54.297,1.46,4.616,60.74,10.082,normal
2026-10-03 15:28:41,F1,38.714,1.427,3.955,60.13,8.334,normal
2026-10-03 15:29:41,F1,63.416,1.343,4.541,53.506,6.517,normal
2026-10-03 15:30:41,F1,49.427,1.599,5.492,52.934,8.056,normal
2026-10-03 15:31:41,F1,42.808,1.524,3.973,53.422,8.199,normal
2026-10-03 15:32:41,F1,63.651,1.303,5.524,56.632,8.046,normal
2026-10-03 15:33:41,F1,53.399,1.536,4.806,46.356,9.375,normal
2026-10-03 15:34:41,F1,46.611,1.557,3.722,35.64,5.873,normal
2026-10-03 15:35:41,F1,71.834,1.593,5.064,57.515,8.018,failure
2026-10-03 15:36:41,F1,56.85,1.349,4.955,52.523,7.889,normal
2026-10-03 15:37:41,F1,51.332,1.836,4.151,52.077,8.472,normal
2026-10-03 15:38:41,F1,50.12,1.643,5.586,51.15,8.522,normal
2026-10-03 15:39:41,F1,57.233,1.211,3.909,47.632,6.055,normal
2026-10-03 15:40:41,F1,57.509,1.504,4.79,59.548,7.829,normal
2026-10-03 15:41:41,F1,58.29,1.34,3.288,47.066,8.451,normal
2026-10-03 15:42:41,F1,44.625,1.682,3.97,51.518,7.849,normal
2026-10-03 15:43:41,F1,51.822,1.875,4.842,47.807,8.851,failure
2026-10-03 15:44:41,F1,58.119,1.632,4.897,41.849,6.737,normal
2026-10-03 15:45:41,F1,56.847,1.83,4.139,58.137,7.026,failure
2026-10-03 15:46:41,F1,55.65,1.497,4.099,56.828,6.217,normal
2026-10-03 15:47:41,F1,56.208,1.629,3.47,53.666,8.633,normal
2026-10-03 15:48:41,F1,52.865,1.476,4.476,60.436,6.223,normal
2026-10-03 15:49:41,F1,67.31,1.614,3.905,63.49,8.692,failure
2026-10-03 15:50:41,F1,50.277,1.648,5.257,52.163,8.741,failure
2026-10-03 15:51:41,F1,62.987,1.605,4.206,59.051,8.916,normal
2026-10-03 15:52:41,F1,41.364,1.555,4.541,41.182,8.753,normal
2026-10-03 15:53:41,F1,66.329,1.533,4.507,61.396,8.229,normal
2026-10-03 15:54:41,F1,57.736,1.535,4.516,50.554,6.464,normal
2026-10-03 15:55:41,F1,63.789,1.67,5.231,76.125,7.967,failure
2026-10-03 15:56:41,F1,58.838,1.604,4.807,52.495,7.363,normal
2026-10-03 15:57:41,F1,55.546,1.36,4.708,46.917,6.734,normal
2026-10-03 15:58:41,F1,49.084,1.661,3.748,55.436,9.316,normal
2026-10-03 15:59:41,F1,52.835,1.386,4.189,63.142,8.58,normal
2026-10-03 16:00:41,F1,43.207,1.493,4.563,51.908,9.706,normal
2026-10-03 16:01:41,F1,53.871,1.631,6.835,61.437,9.778,normal
2026-10-03 16:02:41,F1,58.999,1.453,4.335,56.808,6.43,failure
2026-10-03 16:03:41,F1,59.632,1.517,4.42,56.809,7.767,normal
2026-10-03 16:04:41,F1,51.266,1.574,5.038,54.429,8.395,normal
2026-10-03 16:05:41,F1,57.053,1.541,3.164,57.807,7.604,normal
2026-10-03 16:06:41,F1,53.801,1.38,4.513,53.556,8.018,normal
2026-10-03 16:07:41,F1,56.376,1.455,3.849,52.755,7.513,normal
2026-10-03 16:08:41,F1,59.061,1.663,4.647,53.48,7.377,normal
2026-10-03 16:09:41,F1,48.486,1.461,4.852,56.474,7.37,normal
2026-10-03 16:10:41,F1,61.296,1.549,4.686,54.833,6.983,normal
2026-10-03 16:11:41,F1,47.041,1.267,4.401,62.307,6.969,normal
2026-10-03 16:12:41,F1,52.713,1.728,3.834,56.621,5.757,normal
2026-10-03 16:13:41,F1,49.473,1.303,4.937,45.596,7.354,normal
2026-10-03 16:14:41,F1,55.714,1.824,5.127,62.457,8.4,failure
2026-10-03 16:15:41,F1,50.872,1.753,4.341,59.94,9.478,normal
2026-10-03 16:16:41,F1,52.455,1.528,4.436,55.378,8.497,normal
2026-10-03 16:17:41,F1,49.83,1.454,4.903,51.451,7.156,normal
2026-10-03 16:18:41,F1,61.454,1.323,4.352,68.713,6.412,normal
2026-10-03 16:19:41,F1,51.492,1.593,5.027,49.436,9.077,normal
2026-10-03 16:20:41,F1,48.919,1.477,5.912,64.533,8.808,normal
2026-10-03 16:21:41,F1,54.596,1.465,3.552,63.722,6.705,normal
2026-10-03 16:22:41,F1,51.838,1.5,4.307,43.479,6.924,normal
2026-10-03 16:23:41,F1,64.785,1.573,4.498,74.184,8.158,failure
2026-10-03 16:24:41,F1,50.317,1.54,5.374,61.373,9.906,failure
2026-10-03 16:25:41,F1,60.902,1.924,4.337,51.265,7.91,failure
2026-10-03 16:26:41,F1,54.486,1.502,5.245,55.063,6.684,normal
2026-10-03 16:27:41,F1,53.61,1.508,5.185,48.991,6.775,failure
2026-10-03 16:28:41,F1,54.874,1.309,5.697,50.193,5.475,normal
2026-10-03 16:29:41,F1,49.089,1.672,5.313,64.976,7.877,normal
2026-10-03 16:30:41,F1,54.903,1.457,4.711,55.904,7.0,normal
2026-10-03 16:31:41,F1,46.829,1.548,4.47,67.345,7.471,normal
2026-10-03 16:32:41,F1,53.182,1.6,4.097,53.217,5.765,normal
2026-10-03 16:33:41,F1,48.573,1.43,4.314,43.932,9.234,normal
2026-10-03 16:34:41,F1,54.34,1.691,4.296,55.807,8.35,normal
2026-10-03 16:35:41,F1,59.694,1.367,4.2,66.649,8.929,normal
2026-10-03 16:36:41,F1,53.441,1.689,4.073,64.025,7.15,normal
2026-10-03 16:37:41,F1,56.818,1.717,3.885,46.139,5.546,normal
2026-10-03 16:38:41,F1,56.345,1.568,4.517,48.507,8.257,normal
2026-10-03 16:39:41,F1,58.406,1.465,4.617,66.533,7.536,normal
2026-10-03 16:40:41,F1,61.294,1.459,4.66,54.086,8.684,failure
2026-10-03 16:41:41,F1,62.865,1.498,4.327,52.054,7.466,normal
2026-10-03 16:42:41,F1,44.291,1.603,4.148,32.562,7.008,normal
2026-10-03 16:43:41,F1,46.129,1.698,4.223,55.897,6.949,normal
2026-10-03 16:44:41,F1,55.781,1.655,4.743,57.17,8.912,failure
2026-10-03 16:45:41,F1,51.8,1.529,5.086,64.049,8.631,failure
2026-10-03 16:46:41,F1,56.27,1.585,3.467,53.671,8.762,failure
2026-10-03 16:47:41,F1,57.46,0.823,4.475,57.262,8.844,failure
2026-10-03 16:48:41,F1,52.799,1.58,4.285,61.493,7.342,normal
2026-10-03 16:49:41,F1,60.62,1.631,5.254,58.057,7.384,failure
2026-10-03 16:50:41,F1,52.134,1.684,4.543,62.385,7.903,normal
2026-10-03 16:51:41,F1,55.013,1.49,4.364,62.754,7.626,normal
2026-10-03 16:52:41,F1,44.798,1.383,4.687,53.295,7.474,normal
2026-10-03 16:53:41,F1,72.985,1.709,4.406,62.118,6.15,normal
2026-10-03 16:54:41,F1,49.708,1.335,4.261,67.386,5.456,normal
2026-10-03 16:55:41,F1,80.341,1.434,3.926,55.876,6.298,failure
2026-10-03 16:56:41,F1,56.71,1.739,5.386,47.696,8.156,normal
2026-10-03 16:57:41,F1,71.117,1.461,4.494,51.602,7.224,normal
2026-10-03 16:58:41,F1,70.567,1.51,4.818,62.853,8.447,failure
2026-10-03 16:59:41,F1,58.712,1.656,5.226,46.934,8.481,normal
2026-10-03 17:00:41,F1,54.016,1.466,4.583,54.823,9.382,normal
2026-10-03 17:01:41,F1,65.169,1.542,4.046,55.646,7.205,failure
2026-10-03 17:02:41,F1,61.213,1.532,3.552,47.657,6.293,normal
2026-10-03 17:03:41,F1,52.105,1.602,4.625,57.332,8.222,normal
2026-10-03 17:04:41,F1,56.718,1.475,4.296,69.516,7.773,normal
2026-10-03 17:05:41,F1,56.204,1.87,4.98,48.871,7.651,failure
2026-10-03 17:06:41,F1,56.927,1.561,5.522,63.835,7.768,failure
2026-10-03 17:07:41,F1,54.293,1.288,4.337,66.205,7.54,normal
2026-10-03 17:08:41,F1,59.843,1.475,4.611,55.605,7.918,normal
2026-10-03 17:09:41,F1,57.841,1.356,4.298,48.701,8.132,normal
2026-10-03 17:10:41,F1,68.799,1.581,4.607,89.796,7.103,failure
2026-10-03 17:11:41,F1,56.642,1.675,4.495,56.807,8.402,failure
2026-10-03 17:12:41,F1,69.546,1.623,4.875,48.255,8.62,failure
2026-10-03 17:13:41,F1,41.338,1.561,4.682,60.805,7.121,normal
2026-10-03 17:14:41,F1,58.666,1.401,3.448,47.69,8.911,normal
2026-10-03 17:15:41,F1,62.108,1.561,5.68,48.716,7.613,failure
2026-10-03 17:16:41,F1,67.664,1.674,4.457,49.659,7.234,normal
2026-10-03 17:17:41,F1,42.206,1.471,4.297,62.42,5.611,normal
2026-10-03 17:18:41,F1,62.283,1.347,5.055,42.419,7.876,normal
2026-10-03 17:19:41,F1,60.285,1.534,4.657,49.44,9.968,normal
2026-10-03 17:20:41,F1,48.626,1.461,4.43,48.946,5.799,normal
2026-10-03 17:21:41,F1,54.978,1.638,4.252,62.119,8.681,normal
2026-10-03 17:22:41,F1,45.606,1.658,3.946,59.59,7.125,normal
2026-10-03 17:23:41,F1,57.634,1.534,5.011,62.488,8.223,failure
2026-10-03 17:24:41,F1,47.483,1.718,4.084,54.569,7.592,normal
2026-10-03 17:25:41,F1,49.509,1.671,4.343,58.731,7.09,normal
2026-10-03 17:26:41,F1,41.112,1.47,5.434,68.333,6.635,normal
2026-10-03 17:27:41,F1,48.675,1.585,4.176,67.766,6.36,normal
2026-10-03 17:28:41,F1,52.266,1.595,4.809,43.322,8.912,failure
2026-10-03 17:29:41,F1,56.565,1.769,5.188,58.437,7.919,failure
2026-10-03 17:30:41,F1,62.77,1.486,5.249,48.818,9.806,failure
2026-10-03 17:31:41,F1,63.286,1.386,4.882,54.238,5.932,failure
2026-10-03 17:32:41,F1,51.365,1.542,5.41,60.865,6.796,normal
2026-10-03 17:33:41,F1,49.63,1.722,4.412,54.833,8.782,failure
2026-10-03 17:34:41,F1,54.545,1.418,4.788,51.865,8.336,normal
2026-10-03 17:35:41,F1,49.72,1.612,4.759,50.318,9.622,normal
2026-10-03 17:36:41,F1,62.229,1.405,4.873,64.984,8.408,normal
2026-10-03 17:37:41,F1,57.111,1.626,4.475,47.664,7.792,failure
2026-10-03 17:38:41,F1,60.244,1.705,4.596,66.355,8.302,failure
2026-10-03 17:39:41,F1,57.969,1.483,5.075,59.582,8.209,failure
2026-10-03 17:40:41,F1,54.333,1.482,4.332,53.049,8.796,normal
2026-10-03 17:41:41,F1,53.981,1.48,4.451,55.792,7.325,normal
2026-10-03 17:42:41,F1,58.122,1.244,4.992,58.33,6.601,normal
2026-10-03 17:43:41,F1,75.286,1.591,4.169,58.991,9.332,failure
2026-10-03 17:44:41,F1,52.53,1.568,4.173,58.382,7.019,normal
2026-10-03 17:45:41,F1,58.719,1.455,4.336,49.063,5.908,normal
2026-10-03 17:46:41,F1,58.305,1.509,4.975,46.974,8.068,normal
2026-10-03 17:47:41,F1,50.069,1.638,4.071,54.527,8.255,normal
2026-10-03 17:48:41,F1,65.586,1.293,4.326,77.286,8.608,normal
2026-10-03 17:49:41,F1,56.512,1.549,4.689,67.404,6.312,normal
2026-10-03 17:50:41,F1,59.488,1.709,4.398,57.922,9.122,failure
2026-10-03 17:51:41,F1,54.475,1.375,4.569,57.634,8.654,normal
2026-10-03 17:52:41,F1,56.801,1.573,5.168,55.112,8.399,normal
2026-10-03 17:53:41,F1,73.62,1.306,5.351,68.891,7.45,failure
2026-10-03 17:54:41,F1,59.153,1.32,4.616,65.521,6.714,failure
2026-10-03 17:55:41,F1,44.076,1.437,4.834,66.772,8.606,normal
2026-10-03 17:56:41,F1,55.37,1.34,4.432,68.39,8.29,normal
2026-10-03 17:57:41,F1,51.684,1.542,4.786,44.494,7.669,normal
2026-10-03 17:58:41,F1,54.851,1.7,4.189,51.459,6.492,normal
2026-10-03 17:59:41,F1,44.769,1.553,4.466,58.559,8.992,normal
2026-10-03 18:00:41,F1,45.866,1.552,4.651,55.222,8.185,normal
2026-10-03 18:01:41,F1,47.058,1.579,3.689,52.044,7.802,failure
2026-10-03 18:02:41,F1,58.083,1.558,4.037,46.582,6.577,normal
2026-10-03 18:03:41,F1,56.408,1.603,4.021,77.46,7.674,normal
2026-10-03 18:04:41,F1,57.833,1.451,5.452,52.155,9.128,failure
2026-10-03 18:05:41,F1,53.882,1.386,5.348,54.918,7.895,normal
2026-10-03 18:06:41,F1,51.196,1.433,5.191,66.337,7.426,normal
2026-10-03 18:07:41,F1,51.1,1.68,3.945,63.614,6.875,normal
2026-10-03 18:08:41,F1,55.715,1.462,5.506,59.95,5.774,normal
2026-10-03 18:09:41,F1,59.976,1.602,4.071,53.378,7.724,normal
2026-10-03 18:10:41,F1,61.225,1.855,5.537,54.286,8.23,failure
2026-10-03 18:11:41,F1,66.09,1.447,4.259,52.666,6.044,failure
2026-10-03 18:12:41,F1,52.078,1.595,4.454,56.649,6.161,normal
2026-10-03 18:13:41,F1,59.31,1.549,4.938,51.531,8.781,failure
2026-10-03 18:14:41,F1,53.07,1.347,4.664,41.031,6.802,normal
2026-10-03 18:15:41,F1,53.909,1.547,4.995,58.006,5.055,normal
2026-10-03 18:16:41,F1,60.043,1.529,4.965,64.331,7.912,normal
2026-10-03 18:17:41,F1,62.993,1.605,4.925,61.825,7.471,normal
2026-10-03 18:18:41,F1,56.921,1.543,4.142,46.567,6.017,normal
2026-10-03 18:19:41,F1,68.602,1.499,4.644,50.039,8.052,failure
2026-10-03 18:20:41,F1,43.598,1.491,3.68,54.667,5.095,normal
2026-10-03 18:21:41,F1,60.362,1.548,4.6,44.643,5.095,normal
2026-10-03 18:22:41,F1,45.518,1.601,4.179,44.635,6.355,normal
2026-10-03 18:23:41,F1,62.025,1.499,3.46,56.488,6.828,normal
2026-10-03 18:24:41,F1,59.106,1.437,4.817,64.739,8.562,failure
2026-10-03 18:25:41,F1,61.821,1.528,4.971,61.521,7.968,normal
2026-10-03 18:26:41,F1,55.92,1.603,4.54,66.366,7.541,failure
2026-10-03 18:27:41,F1,68.651,1.474,5.214,56.57,8.48,normal
2026-10-03 18:28:41,F1,61.091,1.443,5.404,47.86,7.883,failure
2026-10-03 18:29:41,F1,65.837,1.297,3.527,48.941,7.694,normal
2026-10-03 18:30:41,F1,57.747,1.647,3.519,54.991,8.211,normal
2026-10-03 18:31:41,F1,72.005,1.464,4.167,45.381,8.7,failure
2026-10-03 18:32:41,F1,67.578,1.751,4.145,45.198,11.025,failure
2026-10-03 18:33:41,F1,44.739,1.626,5.019,62.93,6.5,normal
2026-10-03 18:34:41,F1,58.531,1.478,4.204,63.012,7.322,normal
2026-10-03 18:35:41,F1,53.96,1.402,4.552,51.154,7.455,failure
2026-10-03 18:36:41,F1,60.329,1.392,5.013,53.238,8.909,normal
2026-10-03 18:37:41,F1,54.712,1.489,4.91,68.134,8.116,normal
2026-10-03 18:38:41,F1,57.081,1.446,4.926,59.441,6.362,normal
2026-10-03 18:39:41,F1,53.269,1.495,4.315,62.95,7.503,normal
2026-10-03 18:40:41,F1,63.475,1.547,5.241,50.059,6.479,normal
2026-10-03 18:41:41,F1,47.651,1.489,4.709,56.906,6.416,normal
2026-10-03 18:42:41,F1,59.923,1.47,5.028,59.375,9.594,failure
2026-10-03 18:43:41,F1,59.147,1.401,4.177,52.579,8.498,normal
2026-10-03 18:44:41,F1,57.386,1.563,4.225,43.471,5.852,failure
2026-10-03 18:45:41,F1,60.719,1.314,4.464,44.614,7.556,normal
2026-10-03 18:46:41,F1,49.346,1.361,4.105,56.522,7.111,normal
2026-10-03 18:47:41,F1,60.926,1.395,4.21,59.398,6.551,normal
2026-10-03 18:48:41,F1,59.206,1.671,3.946,55.0,8.156,normal
2026-10-03 18:49:41,F1,59.224,1.258,3.805,62.557,6.156,normal
2026-10-03 18:50:41,F1,46.283,1.754,5.114,58.128,7.627,failure
2026-10-03 18:51:41,F1,64.597,1.631,4.177,60.12,8.431,failure
2026-10-03 18:52:41,F1,57.733,1.553,4.969,55.901,4.239,normal
2026-10-03 18:53:41,F1,51.884,1.337,4.184,55.25,5.304,normal
2026-10-03 18:54:41,F1,64.768,1.266,5.684,60.881,5.666,normal
2026-10-03 18:55:41,F1,52.82,1.634,4.539,55.951,6.217,normal
2026-10-03 18:56:41,F1,48.893,1.691,6.03,62.228,7.691,failure
2026-10-03 18:57:41,F1,55.354,1.407,3.955,57.992,5.589,normal
2026-10-03 18:58:41,F1,71.784,1.634,4.844,63.151,6.777,normal
2026-10-03 18:59:41,F1,66.786,1.461,4.719,60.639,7.153,failure
2026-10-03 19:00:41,F1,60.762,1.412,4.627,51.804,7.851,normal
2026-10-03 19:01:41,F1,50.035,1.55,3.73,44.791,7.838,normal
2026-10-03 19:02:41,F1,47.597,1.664,4.784,44.884,6.283,normal
2026-10-03 19:03:41,F1,47.719,1.404,4.507,58.398,8.669,normal
2026-10-03 19:04:41,F1,53.291,1.3,4.405,54.099,6.877,normal
2026-10-03 19:05:41,F1,59.03,1.361,4.284,52.011,9.066,failure
2026-10-03 19:06:41,F1,51.768,1.352,6.026,65.458,6.821,normal
2026-10-03 19:07:41,F1,51.56,1.324,4.148,45.826,6.913,normal
2026-10-03 19:08:41,F1,55.154,1.717,4.508,53.883,7.473,normal
2026-10-03 19:09:41,F1,45.56,1.49,4.673,56.39,7.213,normal
2026-10-03 19:10:41,F1,66.786,1.405,4.878,62.197,8.447,failure
2026-10-03 19:11:41,F1,45.431,1.604,4.534,31.145,9.216,normal
2026-10-03 19:12:41,F1,47.522,1.56,4.814,42.391,9.792,normal
2026-10-03 19:13:41,F1,44.215,1.592,4.313,41.853,6.268,normal
2026-10-03 19:14:41,F1,61.532,1.685,4.533,41.189,7.941,failure
2026-10-03 19:15:41,F1,53.144,1.438,3.784,54.905,8.767,normal
2026-10-03 19:16:41,F1,56.009,1.516,5.011,47.796,5.099,normal
2026-10-03 19:17:41,F1,57.976,1.389,3.445,48.493,6.808,normal
2026-10-03 19:18:41,F1,45.057,1.443,5.295,51.593,8.56,normal
2026-10-03 19:19:41,F1,55.566,1.488,5.05,59.667,7.928,failure
2026-10-03 19:20:41,F1,61.108,1.574,5.157,55.989,8.228,failure
2026-10-03 19:21:41,F1,53.85,1.353,4.723,71.423,6.249,normal
2026-10-03 19:22:41,F1,58.254,1.37,4.351,72.654,9.804,normal
2026-10-03 19:23:41,F1,67.19,1.407,3.751,53.759,6.446,normal
2026-10-03 19:24:41,F1,52.244,1.568,5.046,57.445,8.353,normal
2026-10-03 19:25:41,F1,54.425,1.642,4.873,48.34,8.339,normal
2026-10-03 19:26:41,F1,40.637,1.521,4.932,54.162,8.631,normal
2026-10-03 19:27:41,F1,45.993,1.69,5.034,55.506,9.487,normal
2026-10-03 19:28:41,F1,57.49,1.59,3.965,45.439,6.343,normal
2026-10-03 19:29:41,F1,65.638,1.7,4.841,73.022,8.203,failure
2026-10-03 19:30:41,F1,61.602,1.368,4.263,54.538,10.417,failure
2026-10-03 19:31:41,F1,58.589,1.623,4.042,50.344,9.845,normal
2026-10-03 19:32:41,F1,53.357,1.553,3.957,61.893,6.922,normal
2026-10-03 19:33:41,F1,57.827,1.657,3.607,59.908,6.542,normal
2026-10-03 19:34:41,F1,59.738,1.432,4.869,35.018,9.349,failure
2026-10-03 19:35:41,F1,52.066,1.599,4.998,83.177,9.154,normal
2026-10-03 19:36:41,F1,48.09,1.668,4.276,68.683,6.967,normal
2026-10-03 19:37:41,F1,53.742,1.527,5.18,52.781,7.478,failure
2026-10-03 19:38:41,F1,59.484,1.572,4.574,62.126,6.2,normal
2026-10-03 19:39:41,F1,61.02,1.539,4.414,51.079,8.843,normal
2026-10-03 19:40:41,F1,52.958,1.634,4.436,52.205,8.316,normal
2026-10-03 19:41:41,F1,52.878,1.38,4.487,53.261,6.618,normal
2026-10-03 19:42:41,F1,54.54,1.921,5.371,55.121,7.639,failure
2026-10-03 19:43:41,F1,52.146,1.426,5.284,51.294,7.836,normal
2026-10-03 19:44:41,F1,58.132,1.665,5.286,61.604,5.345,normal
2026-10-03 19:45:41,F1,68.836,1.676,5.679,58.964,7.269,failure
2026-10-03 19:46:41,F1,50.124,1.517,4.715,56.587,8.098,normal
2026-10-03 19:47:41,F1,54.642,1.453,4.657,58.946,6.464,failure
2026-10-03 19:48:41,F1,54.782,1.548,4.533,56.511,8.281,normal
2026-10-03 19:49:41,F1,42.748,1.554,3.581,54.862,6.232,normal
2026-10-03 19:50:41,F1,60.912,1.568,4.678,63.866,7.973,normal
2026-10-03 19:51:41,F1,57.519,1.645,4.921,59.316,6.695,normal
2026-10-03 19:52:41,F1,54.047,1.414,3.797,68.091,7.932,normal
2026-10-03 19:53:41,F1,55.12,1.706,5.783,54.169,8.98,failure
2026-10-03 19:54:41,F1,56.518,1.654,3.796,56.694,7.998,normal
2026-10-03 19:55:41,F1,55.511,1.497,3.65,47.148,6.49,normal
2026-10-03 19:56:41,F1,61.484,1.144,4.111,62.109,7.658,failure
2026-10-03 19:57:41,F1,59.483,1.672,4.631,62.399,8.343,normal
2026-10-03 19:58:41,F1,59.434,1.49,5.026,56.232,8.326,normal
2026-10-03 19:59:41,F1,56.129,1.554,3.817,38.778,5.981,normal
2026-10-03 20:00:41,F1,48.366,1.579,4.443,54.726,6.102,normal
2026-10-03 20:01:41,F1,48.973,1.433,4.479,62.999,6.404,normal
2026-10-03 20:02:41,F1,65.062,1.566,3.904,57.837,8.718,normal
2026-10-03 20:03:41,F1,56.457,1.514,4.185,56.015,6.548,normal
2026-10-03 20:04:41,F1,45.803,1.743,4.246,42.848,7.189,normal
2026-10-03 20:05:41,F1,58.789,1.35,4.323,57.829,5.676,normal
2026-10-03 20:06:41,F1,54.657,1.756,4.455,47.895,6.491,normal
2026-10-03 20:07:41,F1,61.386,1.54,3.955,69.112,7.365,normal
2026-10-03 20:08:41,F1,56.06,1.433,4.079,67.454,8.836,normal
2026-10-03 20:09:41,F1,42.53,1.646,5.475,63.086,8.888,normal
2026-10-03 20:10:41,F1,46.302,1.535,3.788,57.227,6.894,normal
2026-10-03 20:11:41,F1,57.206,1.306,4.36,47.455,8.723,normal
2026-10-03 20:12:41,F1,53.606,1.603,4.158,44.781,5.971,normal
2026-10-03 20:13:41,F1,50.677,1.562,5.327,46.124,9.282,normal
2026-10-03 20:14:41,F1,49.134,1.593,3.589,54.103,8.214,normal
2026-10-03 20:15:41,F1,60.946,1.621,5.716,49.056,7.788,failure
2026-10-03 20:16:41,F1,59.151,1.73,3.297,56.271,4.223,normal
2026-10-03 20:17:41,F1,72.916,1.447,5.168,69.155,7.613,failure
2026-10-03 20:18:41,F1,53.058,1.577,4.636,63.363,7.397,normal
2026-10-03 20:19:41,F1,51.388,1.28,5.514,48.261,11.713,normal
2026-10-03 20:20:41,F1,61.704,1.657,4.224,43.867,6.316,failure
2026-10-03 20:21:41,F1,52.623,1.262,4.747,50.849,9.781,normal
2026-10-03 20:22:41,F1,42.73,1.613,4.038,53.361,6.408,normal
2026-10-03 20:23:41,F1,63.943,1.575,3.891,48.685,6.549,normal
2026-10-03 20:24:41,F1,48.796,1.733,3.876,72.242,6.406,normal
2026-10-03 20:25:41,F1,56.336,1.214,4.469,42.281,10.122,normal
2026-10-03 20:26:41,F1,47.38,1.751,5.864,65.03,8.806,failure
2026-10-03 20:27:41,F1,53.993,1.442,5.291,48.972,8.392,normal
2026-10-03 20:28:41,F1,60.34,1.646,4.301,69.025,7.741,normal
2026-10-03 20:29:41,F1,49.744,1.354,4.923,58.927,6.88,normal
2026-10-03 20:30:41,F1,69.182,1.477,4.556,72.71,8.771,normal
2026-10-03 20:31:41,F1,61.219,1.692,4.911,58.224,10.62,failure
2026-10-03 20:32:41,F1,59.495,1.712,4.433,56.706,7.182,normal
2026-10-03 20:33:41,F1,46.569,1.648,4.119,58.326,6.923,normal
2026-10-03 20:34:41,F1,54.756,1.456,5.149,49.544,9.086,failure
2026-10-03 20:35:41,F1,55.231,1.474,3.69,61.609,8.804,normal
2026-10-03 20:36:41,F1,57.628,1.39,4.029,50.671,7.651,normal
2026-10-03 20:37:41,F1,57.637,1.251,4.557,53.922,9.213,normal
2026-10-03 20:38:41,F1,61.515,1.528,4.669,56.539,7.71,normal
2026-10-03 20:39:41,F1,55.156,1.344,4.469,52.813,8.969,normal
2026-10-03 20:40:41,F1,60.732,1.496,5.416,50.07,9.433,failure
2026-10-03 20:41:41,F1,52.135,1.548,4.039,58.015,5.64,normal
2026-10-03 20:42:41,F1,61.689,1.38,4.046,67.794,7.075,normal
2026-10-03 20:43:41,F1,43.53,1.421,4.866,59.817,10.808,failure
2026-10-03 20:44:41,F1,63.17,1.222,5.031,64.035,7.266,normal
2026-10-03 20:45:41,F1,59.206,1.437,5.966,51.036,7.078,normal
2026-10-03 20:46:41,F1,55.943,1.617,4.41,58.617,8.856,normal
2026-10-03 20:47:41,F1,52.819,1.404,3.983,67.084,7.859,normal
2026-10-03 20:48:41,F1,75.003,1.622,4.441,60.625,8.242,failure
2026-10-03 20:49:41,F1,54.922,1.481,3.463,58.853,7.756,normal
2026-10-03 20:50:41,F1,50.309,1.505,4.411,73.164,6.248,normal
2026-10-03 20:51:41,F1,52.897,1.402,4.508,64.243,8.373,normal
2026-10-03 20:52:41,F1,55.761,1.505,4.633,54.988,7.096,failure
2026-10-03 20:53:41,F1,58.717,1.484,3.995,54.571,8.26,failure
2026-10-03 20:54:41,F1,45.555,1.378,4.224,42.755,6.082,normal
2026-10-03 20:55:41,F1,48.339,1.562,4.45,71.534,7.69,normal
2026-10-03 20:56:41,F1,60.226,1.483,5.067,65.336,7.33,normal
2026-10-03 20:57:41,F1,55.142,1.568,4.768,56.209,7.594,normal
2026-10-03 20:58:41,F1,69.301,1.398,4.659,58.81,8.582,normal
2026-10-03 20:59:41,F1,47.771,1.409,4.366,67.966,5.809,normal
2026-10-03 21:00:41,F1,46.358,1.462,4.145,67.317,8.198,normal
2026-10-03 21:01:41,F1,71.581,1.538,5.627,60.303,6.529,failure
2026-10-03 21:02:41,F1,45.477,1.408,3.697,53.73,5.583,normal
2026-10-03 21:03:41,F1,59.949,1.521,4.31,59.506,6.83,normal
2026-10-03 21:04:41,F1,66.822,1.751,5.201,52.822,8.022,failure
2026-10-03 21:05:41,F1,51.247,1.329,3.602,45.195,7.369,normal
2026-10-03 21:06:41,F1,66.956,1.588,5.481,46.472,7.894,failure
2026-10-03 21:07:41,F1,65.193,1.479,4.335,54.659,5.92,normal
2026-10-03 21:08:41,F1,54.191,1.637,4.774,54.394,6.506,normal
2026-10-03 21:09:41,F1,42.293,1.567,5.724,69.324,6.901,normal
2026-10-03 21:10:41,F1,48.429,1.502,4.109,64.551,5.532,normal
2026-10-03 21:11:41,F1,47.664,1.6,4.056,56.682,7.077,normal
2026-10-03 21:12:41,F1,55.908,1.334,4.13,61.791,8.029,normal
2026-10-03 21:13:41,F1,52.968,1.286,5.093,69.366,7.117,normal
2026-10-03 21:14:41,F1,55.451,1.364,5.689,46.556,7.395,normal
2026-10-03 21:15:41,F1,49.622,1.423,4.453,45.389,7.088,failure
2026-10-03 21:16:41,F1,41.855,1.685,5.285,51.538,7.068,failure
2026-10-03 21:17:41,F1,53.891,1.56,3.908,73.641,6.212,normal
2026-10-03 21:18:41,F1,58.982,1.478,4.379,40.609,9.977,normal
2026-10-03 21:19:41,F1,61.703,1.44,4.003,59.115,8.831,failure
2026-10-03 21:20:41,F1,58.396,1.506,3.986,69.032,8.424,normal
2026-10-03 21:21:41,F1,60.667,1.636,5.129,49.037,6.662,normal
2026-10-03 21:22:41,F1,67.818,1.547,4.66,65.558,7.857,failure
2026-10-03 21:23:41,F1,52.745,1.513,5.623,42.64,8.316,normal
2026-10-03 21:24:41,F1,60.57,1.594,5.174,59.064,8.372,normal
2026-10-03 21:25:41,F1,54.54,1.577,5.604,44.15,5.426,failure
2026-10-03 21:26:41,F1,46.909,1.589,4.325,51.234,9.083,normal
2026-10-03 21:27:41,F1,58.998,1.533,4.468,62.316,7.661,normal
2026-10-03 21:28:41,F1,44.349,1.432,4.633,54.818,8.671,failure
2026-10-03 21:29:41,F1,62.861,1.508,4.482,45.891,5.676,normal
2026-10-03 21:30:41,F1,55.87,1.578,4.321,76.111,7.46,failure
2026-10-03 21:31:41,F1,68.277,1.498,4.209,55.701,7.317,normal
2026-10-03 21:32:41,F1,65.126,1.656,4.556,43.048,8.495,failure
2026-10-03 21:33:41,F1,68.207,1.494,3.719,47.423,9.182,normal
2026-10-03 21:34:41,F1,62.823,1.632,4.394,49.036,6.049,failure
2026-10-03 21:35:41,F1,53.248,1.629,4.69,48.81,7.429,normal
2026-10-03 21:36:41,F1,75.53,1.642,5.213,50.415,9.071,failure
2026-10-03 21:37:41,F1,55.853,1.359,4.33,62.811,7.501,normal
2026-10-03 21:38:41,F1,66.423,1.476,4.986,54.926,6.795,normal
2026-10-03 21:39:41,F1,53.442,1.485,5.094,54.926,9.802,normal
2026-10-03 21:40:41,F1,56.007,1.462,4.893,33.454,9.102,normal
2026-10-03 21:41:41,F1,54.939,1.355,4.435,63.371,6.196,normal
2026-10-03 21:42:41,F1,60.869,1.357,3.935,53.556,7.551,normal
2026-10-03 21:43:41,F1,62.028,1.375,4.752,64.157,8.601,failure
2026-10-03 21:44:41,F1,47.354,1.533,5.208,45.954,8.039,normal
2026-10-03 21:45:41,F1,57.878,1.391,4.341,57.936,6.69,normal
2026-10-03 21:46:41,F1,55.165,1.551,4.068,57.826,7.415,normal
2026-10-03 21:47:41,F1,47.1,1.562,4.768,46.938,8.8,normal
2026-10-03 21:48:41,F1,57.962,1.694,5.183,58.559,8.962,normal
2026-10-03 21:49:41,F1,54.331,1.548,5.156,49.099,8.179,normal
2026-10-03 21:50:41,F1,54.712,1.332,4.754,49.296,6.914,normal
2026-10-03 21:51:41,F1,62.724,1.434,4.297,41.463,7.612,failure
2026-10-03 21:52:41,F1,52.907,1.615,3.754,47.201,9.164,normal
2026-10-03 21:53:41,F1,56.342,1.599,4.976,54.695,7.09,normal
2026-10-03 21:54:41,F1,62.315,1.564,3.704,65.445,8.139,normal
2026-10-03 21:55:41,F1,54.669,1.505,4.389,57.284,5.74,failure
2026-10-03 21:56:41,F1,51.855,1.322,4.527,60.501,8.069,normal
2026-10-03 21:57:41,F1,46.041,1.698,4.36,53.852,7.623,normal
2026-10-03 21:58:41,F1,51.675,1.694,4.673,53.29,7.247,normal
2026-10-03 21:59:41,F1,54.38,1.461,5.277,55.779,6.217,normal
2026-10-03 22:00:41,F1,57.899,1.666,4.237,46.964,6.66,normal
2026-10-03 22:01:41,F1,50.967,1.345,5.354,55.112,5.89,normal
2026-10-03 22:02:41,F1,58.594,1.5,5.144,46.996,7.891,failure
2026-10-03 22:03:41,F1,59.445,1.476,3.653,56.369,6.475,normal
2026-10-03 22:04:41,F1,54.189,1.573,4.737,48.337,7.209,normal
2026-10-03 22:05:41,F1,60.192,1.322,4.061,70.532,6.475,normal
2026-10-03 22:06:41,F1,64.047,1.26,5.095,63.135,9.433,normal
2026-10-03 22:07:41,F1,48.928,1.405,5.223,56.876,7.08,normal
2026-10-03 22:08:41,F1,52.927,1.386,4.696,54.892,7.872,normal
2026-10-03 22:09:41,F1,62.698,1.517,5.107,69.397,7.612,normal
2026-10-03 22:10:41,F1,56.95,1.519,4.264,57.344,7.972,normal
2026-10-03 22:11:41,F1,54.912,1.536,3.983,54.157,6.415,normal
2026-10-03 22:12:41,F1,58.15,1.581,5.28,57.091,8.186,normal
2026-10-03 22:13:41,F1,66.17,1.341,4.214,49.064,9.388,normal
2026-10-03 22:14:41,F1,63.963,1.221,4.403,52.903,9.483,normal
2026-10-03 22:15:41,F1,48.752,1.464,4.954,65.035,8.645,normal
2026-10-03 22:16:41,F1,45.334,1.431,4.999,60.212,6.107,normal
2026-10-03 22:17:41,F1,66.218,1.352,5.161,55.32,6.547,normal
2026-10-03 22:18:41,F1,51.641,1.592,3.534,67.539,7.43,normal
2026-10-03 22:19:41,F1,62.262,1.38,4.269,56.16,8.743,failure
2026-10-03 22:20:41,F1,51.456,1.348,2.981,37.883,7.696,normal
2026-10-03 22:21:41,F1,60.951,1.444,4.327,51.424,6.483,normal
2026-10-03 22:22:41,F1,45.827,1.493,5.241,46.947,7.438,normal
2026-10-03 22:23:41,F1,36.173,1.318,4.878,55.407,7.737,normal
2026-10-03 22:24:41,F1,57.952,1.098,3.526,47.187,8.397,normal
2026-10-03 22:25:41,F1,54.27,1.346,5.003,73.461,9.193,normal
2026-10-03 22:26:41,F1,56.639,1.321,4.875,61.129,5.729,failure
2026-10-03 22:27:41,F1,59.42,1.498,4.562,51.759,7.87,failure
2026-10-03 22:28:41,F1,64.733,1.438,3.998,35.78,5.556,normal
2026-10-03 22:29:41,F1,40.591,1.352,5.807,57.127,7.421,normal
2026-10-03 22:30:41,F1,53.016,1.492,3.861,75.201,6.109,failure
2026-10-03 22:31:41,F1,52.917,1.669,5.035,57.686,5.195,normal
2026-10-03 22:32:41,F1,62.907,1.459,3.643,62.456,9.563,failure
2026-10-03 22:33:41,F1,68.91,1.735,4.674,48.004,9.729,normal
2026-10-03 22:34:41,F1,48.802,1.572,3.509,63.084,8.155,failure
2026-10-03 22:35:41,F1,56.353,1.487,3.722,50.856,5.754,normal
2026-10-03 22:36:41,F1,53.611,1.75,4.562,66.838,8.39,normal
2026-10-03 22:37:41,F1,43.424,1.229,4.386,50.119,7.159,normal
2026-10-03 22:38:41,F1,67.46,1.527,3.127,59.683,6.146,normal
2026-10-03 22:39:41,F1,53.326,1.556,4.78,33.81,8.024,normal
2026-10-03 22:40:41,F1,50.073,1.644,4.179,53.442,6.327,normal
2026-10-03 22:41:41,F1,51.002,1.388,4.695,51.946,7.398,normal
2026-10-03 22:42:41,F1,57.954,1.049,5.768,60.603,5.827,normal
2026-10-03 22:43:41,F1,60.286,1.63,4.935,58.792,7.996,normal
2026-10-03 22:44:41,F1,64.916,1.505,5.183,42.201,9.443,normal
2026-10-03 22:45:41,F1,63.837,1.491,4.287,51.453,7.574,normal
2026-10-03 22:46:41,F1,61.632,1.371,4.42,62.234,7.563,normal
2026-10-03 22:47:41,F1,59.212,1.636,3.951,54.032,9.103,failure
2026-10-03 22:48:41,F1,52.692,1.406,3.967,65.373,6.971,normal
2026-10-03 22:49:41,F1,60.57,1.553,5.131,58.094,6.885,normal
2026-10-03 22:50:41,F1,55.381,1.688,3.915,44.096,7.749,normal
2026-10-03 22:51:41,F1,56.336,1.653,5.393,44.242,7.6,normal
2026-10-03 22:52:41,F1,60.763,1.541,5.16,75.67,9.774,failure
2026-10-03 22:53:41,F1,49.232,1.596,4.947,49.471,7.022,normal
2026-10-03 22:54:41,F1,48.417,1.181,4.845,54.389,9.922,normal
2026-10-03 22:55:41,F1,57.116,1.696,4.207,54.209,7.173,normal
2026-10-03 22:56:41,F1,49.129,1.367,5.281,53.473,7.442,normal
2026-10-03 22:57:41,F1,59.897,1.347,4.023,64.664,8.915,normal
2026-10-03 22:58:41,F1,51.198,1.563,4.075,31.929,5.765,normal
2026-10-03 22:59:41,F1,50.363,1.616,3.96,62.1,7.736,normal
2026-10-03 23:00:41,F1,59.955,1.608,3.784,56.129,7.98,normal
2026-10-03 23:01:41,F1,49.439,1.558,4.879,66.116,7.233,failure
2026-10-03 23:02:41,F1,54.131,1.377,4.895,63.393,8.769,normal
2026-10-03 23:03:41,F1,45.691,1.27,5.445,55.892,6.593,normal
2026-10-03 23:04:41,F1,56.462,1.617,4.308,51.51,7.126,failure
2026-10-03 23:05:41,F1,69.865,1.335,4.384,58.97,6.743,normal
2026-10-03 23:06:41,F1,53.14,1.564,3.707,68.221,7.32,normal
2026-10-03 23:07:41,F1,46.776,1.288,4.61,42.383,8.089,normal
2026-10-03 23:08:41,F1,58.345,1.403,3.313,51.296,5.395,normal
2026-10-03 23:09:41,F1,62.948,1.363,4.427,60.301,8.215,normal
2026-10-03 23:10:41,F1,55.5,1.451,4.523,68.199,6.544,normal
2026-10-03 23:11:41,F1,67.389,1.583,4.816,54.894,4.923,normal
2026-10-03 23:12:41,F1,72.082,1.48,5.312,51.306,8.696,normal
2026-10-03 23:13:41,F1,53.135,1.463,4.837,50.297,6.754,normal
2026-10-03 23:14:41,F1,60.837,1.386,4.6,52.606,7.703,normal
2026-10-03 23:15:41,F1,59.009,1.355,4.657,64.138,9.448,normal
2026-10-03 23:16:41,F1,57.24,1.509,3.757,59.67,6.965,normal
2026-10-03 23:17:41,F1,62.975,1.492,4.708,56.182,7.061,normal
2026-10-03 23:18:41,F1,56.149,1.515,4.768,58.973,7.763,normal
2026-10-03 23:19:41,F1,58.75,1.511,4.394,56.973,8.983,normal
2026-10-03 23:20:41,F1,59.762,1.527,4.81,57.115,9.063,normal
2026-10-03 23:21:41,F1,64.698,1.496,4.208,52.795,7.806,normal
2026-10-03 23:22:41,F1,58.475,1.147,5.011,49.261,6.133,normal
2026-10-03 23:23:41,F1,61.303,1.47,3.947,49.149,9.418,normal
2026-10-03 23:24:41,F1,55.539,1.16,3.605,59.985,7.24,normal
2026-10-03 23:25:41,F1,61.348,1.574,4.101,64.966,6.678,normal
2026-10-03 23:26:41,F1,53.669,1.599,4.656,67.291,8.555,normal
2026-10-03 23:27:41,F1,64.492,1.304,4.801,46.018,9.597,normal
2026-10-03 23:28:41,F1,53.089,1.389,4.107,49.658,7.691,normal
2026-10-03 23:29:41,F1,46.768,1.467,5.08,57.151,6.386,normal
2026-10-03 23:30:41,F1,43.516,1.631,4.619,58.58,7.286,normal
2026-10-03 23:31:41,F1,58.413,1.515,3.97,76.252,8.007,normal
2026-10-03 23:32:41,F1,58.748,1.293,4.284,52.929,7.377,normal
2026-10-03 23:33:41,F1,55.591,1.586,5.106,51.945,10.401,failure
2026-10-03 23:34:41,F1,66.227,1.627,4.255,52.238,5.058,normal
2026-10-03 23:35:41,F1,55.876,1.508,5.247,43.716,6.365,normal
2026-10-03 23:36:41,F1,54.636,1.103,3.814,64.518,9.336,normal
2026-10-03 23:37:41,F1,60.625,1.514,3.362,48.738,9.628,normal
2026-10-03 23:38:41,F1,69.158,1.242,4.45,51.249,6.135,failure
2026-10-03 23:39:41,F1,53.562,1.445,4.465,61.12,9.113,normal
2026-10-03 23:40:41,F1,60.855,1.404,4.691,51.974,6.74,failure
2026-10-03 23:41:41,F1,54.62,1.306,5.107,45.384,5.404,normal
2026-10-03 23:42:41,F1,52.343,1.283,4.86,63.561,7.589,normal
2026-10-03 23:43:41,F1,49.07,1.5,4.339,72.222,6.676,normal
2026-10-03 23:44:41,F1,55.645,1.673,4.604,43.484,7.571,failure
2026-10-03 23:45:41,F1,63.504,1.625,3.784,54.006,7.691,failure
2026-10-03 23:46:41,F1,73.737,1.41,4.823,46.589,9.165,failure
2026-10-03 23:47:41,F1,52.807,1.101,4.887,58.872,8.684,normal
2026-10-03 23:48:41,F1,57.074,1.601,4.255,58.881,8.443,normal
2026-10-03 23:49:41,F1,60.715,1.331,4.785,54.598,7.043,normal
2026-10-03 23:50:41,F1,54.736,1.338,4.908,58.567,6.009,normal
2026-10-03 23:51:41,F1,64.872,1.241,4.508,63.731,7.101,normal
2026-10-03 23:52:41,F1,54.05,1.552,4.185,63.923,7.224,failure
2026-10-03 23:53:41,F1,40.999,1.32,4.465,73.138,7.385,normal
2026-10-03 23:54:41,F1,53.348,1.261,4.615,61.039,8.106,normal
2026-10-03 23:55:41,F1,70.062,1.456,3.915,48.544,8.864,failure
2026-10-03 23:56:41,F1,47.834,1.464,3.966,52.328,9.001,normal
2026-10-03 23:57:41,F1,53.355,1.494,4.618,60.192,8.955,failure
2026-10-03 23:58:41,F1,57.53,1.389,4.342,73.283,6.841,normal
2026-10-03 23:59:41,F1,52.689,1.212,4.266,55.382,7.666,normal
2026-10-04 00:00:41,F1,55.266,1.48,4.607,68.303,6.448,normal
2026-10-04 00:01:41,F1,59.673,1.265,5.27,72.771,7.545,failure
2026-10-04 00:02:41,F1,68.142,1.233,4.823,46.085,9.203,normal
2026-10-04 00:03:41,F1,60.723,1.51,4.292,54.688,8.082,normal
2026-10-04 00:04:41,F1,62.309,1.32,3.149,62.122,2.845,normal
2026-10-04 00:05:41,F1,57.268,1.293,4.803,58.005,7.753,normal
2026-10-04 00:06:41,F1,49.302,1.44,3.546,72.672,8.918,normal
2026-10-04 00:07:41,F1,54.058,1.438,5.025,42.733,7.793,normal
2026-10-04 00:08:41,F1,64.898,1.239,4.864,62.244,7.274,normal
2026-10-04 00:09:41,F1,51.995,1.171,4.68,39.489,7.424,normal
2026-10-04 00:10:41,F1,62.135,1.611,5.786,61.389,8.426,failure
2026-10-04 00:11:41,F1,58.152,1.2,3.76,46.824,9.507,normal
2026-10-04 00:12:41,F1,62.217,1.504,4.532,67.081,8.499,normal
2026-10-04 00:13:41,F1,59.751,1.289,3.539,55.728,7.166,normal
2026-10-04 00:14:41,F1,47.733,1.337,4.873,50.934,6.853,normal
2026-10-04 00:15:41,F1,62.155,1.558,4.575,47.596,5.988,normal
2026-10-04 00:16:41,F1,51.492,1.305,4.502,38.167,6.939,normal
2026-10-04 00:17:41,F1,61.075,1.264,4.019,65.069,7.802,normal
2026-10-04 00:18:41,F1,62.08,1.358,5.467,56.009,8.326,normal
2026-10-04 00:19:41,F1,56.014,1.176,3.131,64.164,8.767,normal
2026-10-04 00:20:41,F1,60.398,1.675,4.292,34.073,6.229,normal
2026-10-04 00:21:41,F1,47.853,1.371,4.671,49.382,8.391,normal
2026-10-04 00:22:41,F1,72.566,1.533,5.132,59.193,5.899,normal
2026-10-04 00:23:41,F1,51.326,1.055,4.523,62.547,8.85,normal
2026-10-04 00:24:41,F1,63.297,1.527,4.093,71.513,8.63,failure
2026-10-04 00:25:41,F1,48.276,1.466,4.441,66.8,6.325,normal
2026-10-04 00:26:41,F1,56.027,1.394,4.208,61.208,6.347,normal
2026-10-04 00:27:41,F1,49.101,1.4,4.775,69.225,9.421,normal
2026-10-04 00:28:41,F1,68.043,1.362,4.562,54.804,9.501,normal
2026-10-04 00:29:41,F1,53.135,1.327,5.231,50.823,6.144,normal
2026-10-04 00:30:41,F1,58.106,1.198,3.512,44.924,9.682,normal
2026-10-04 00:31:41,F1,63.707,1.438,4.522,49.812,7.869,normal
2026-10-04 00:32:41,F1,66.715,1.465,4.213,59.85,10.382,failure
2026-10-04 00:33:41,F1,46.227,1.242,4.358,67.365,9.439,normal
2026-10-04 00:34:41,F1,50.261,1.49,5.337,50.929,5.668,normal
2026-10-04 00:35:41,F1,50.341,1.246,3.35,54.186,8.345,normal
2026-10-04 00:36:41,F1,57.055,1.32,4.526,50.723,6.764,normal
2026-10-04 00:37:41,F1,62.664,1.426,4.029,64.467,6.554,normal
2026-10-04 00:38:41,F1,40.553,1.33,4.221,62.556,7.674,normal
2026-10-04 00:39:41,F1,48.765,1.36,5.14,62.209,9.219,normal
2026-10-04 00:40:41,F1,54.97,1.384,3.636,80.587,6.049,normal
2026-10-04 00:41:41,F1,52.881,1.357,5.31,51.273,7.678,normal
2026-10-04 00:42:41,F1,68.91,1.29,4.751,57.592,6.238,failure
2026-10-04 00:43:41,F1,61.677,1.42,4.82,60.402,8.428,failure
2026-10-04 00:44:41,F1,57.151,1.449,3.533,59.542,9.033,normal
2026-10-04 00:45:41,F1,33.538,1.337,3.822,55.806,5.344,normal
2026-10-04 00:46:41,F1,66.342,1.128,4.407,49.356,7.753,normal
2026-10-04 00:47:41,F1,60.851,1.226,3.595,43.919,9.533,normal
2026-10-04 00:48:41,F1,56.211,1.457,4.176,60.206,6.273,normal
2026-10-04 00:49:41,F1,49.709,1.441,4.593,61.64,8.264,normal
2026-10-04 00:50:41,F1,60.109,1.556,4.518,52.499,5.686,normal
2026-10-04 00:51:41,F1,44.559,1.367,4.115,56.513,7.23,normal
2026-10-04 00:52:41,F1,56.929,1.419,4.626,49.919,6.411,normal
2026-10-04 00:53:41,F1,59.218,1.569,5.766,45.604,8.302,failure
2026-10-04 00:54:41,F1,56.052,1.476,4.652,62.454,7.663,failure
2026-10-04 00:55:41,F1,56.084,1.267,4.682,65.091,9.11,normal
2026-10-04 00:56:41,F1,61.165,1.259,4.77,59.846,7.314,normal
2026-10-04 00:57:41,F1,47.515,1.27,4.649,61.532,7.956,normal
2026-10-04 00:58:41,F1,66.413,1.232,3.502,60.805,7.954,normal
2026-10-04 00:59:41,F1,57.631,1.42,4.017,64.568,6.666,normal
2026-10-04 01:00:41,F1,56.653,1.267,4.98,56.941,8.3,normal
2026-10-04 01:01:41,F1,29.461,1.307,4.565,57.833,7.566,normal
2026-10-04 01:02:41,F1,60.881,1.062,5.602,77.899,6.741,failure
2026-10-04 01:03:41,F1,57.054,1.326,3.906,55.523,9.113,normal
2026-10-04 01:04:41,F1,61.092,1.493,4.006,51.851,6.953,normal
2026-10-04 01:05:41,F1,54.351,1.499,4.31,58.36,7.095,normal
2026-10-04 01:06:41,F1,61.674,1.17,4.745,62.381,8.828,normal
2026-10-04 01:07:41,F1,51.817,1.414,4.637,54.41,7.043,normal
2026-10-04 01:08:41,F1,39.242,1.173,4.846,57.656,6.768,normal
2026-10-04 01:09:41,F1,51.398,1.46,4.621,52.635,7.215,normal
2026-10-04 01:10:41,F1,40.014,1.331,4.59,53.284,6.736,normal
2026-10-04 01:11:41,F1,60.645,1.247,4.918,51.907,7.65,normal
2026-10-04 01:12:41,F1,64.935,1.274,4.96,50.0,6.765,normal
2026-10-04 01:13:41,F1,39.066,1.32,4.224,43.244,7.175,normal
2026-10-04 01:14:41,F1,47.375,1.512,4.187,49.174,5.562,normal
2026-10-04 01:15:41,F1,47.239,1.266,4.231,57.638,12.891,normal
2026-10-04 01:16:41,F1,60.098,1.632,3.531,59.066,7.076,normal
2026-10-04 01:17:41,F1,58.108,1.25,4.793,56.544,6.243,normal
2026-10-04 01:18:41,F1,70.548,1.197,4.538,53.118,6.892,normal
2026-10-04 01:19:41,F1,56.639,1.535,4.068,54.753,6.872,normal
2026-10-04 01:20:41,F1,58.54,1.322,4.197,41.139,8.576,normal
2026-10-04 01:21:41,F1,59.771,1.287,4.914,55.124,7.008,normal
2026-10-04 01:22:41,F1,58.121,1.384,4.486,52.103,8.112,normal
2026-10-04 01:23:41,F1,58.671,1.238,4.083,40.943,9.106,failure
2026-10-04 01:24:41,F1,58.421,1.366,5.316,62.441,6.908,normal
2026-10-04 01:25:41,F1,41.04,1.603,4.242,51.54,7.584,normal
2026-10-04 01:26:41,F1,38.911,1.316,3.415,52.751,10.042,normal
2026-10-04 01:27:41,F1,68.743,1.411,4.972,58.876,8.021,normal
2026-10-04 01:28:41,F1,58.382,1.28,4.631,48.695,6.71,normal
2026-10-04 01:29:41,F1,58.118,1.512,4.118,65.602,6.427,normal
2026-10-04 01:30:41,F1,46.735,1.039,5.145,46.439,6.978,normal
2026-10-04 01:31:41,F1,65.624,1.312,5.091,51.712,8.907,failure
2026-10-04 01:32:41,F1,38.838,1.231,5.106,56.659,7.643,normal
2026-10-04 01:33:41,F1,57.954,1.268,4.279,44.068,6.807,normal
2026-10-04 01:34:41,F1,52.0,1.402,4.621,54.381,8.989,normal
2026-10-04 01:35:41,F1,60.988,1.577,4.329,67.996,7.718,failure
2026-10-04 01:36:41,F1,44.901,1.218,5.035,51.316,6.03,normal
2026-10-04 01:37:41,F1,52.897,1.3,3.592,63.753,6.879,normal
2026-10-04 01:38:41,F1,55.528,1.489,4.108,60.824,5.016,normal
2026-10-04 01:39:41,F1,57.826,1.425,4.695,50.083,7.24,normal
2026-10-04 01:40:41,F1,57.689,1.273,4.471,58.361,7.012,normal
2026-10-04 01:41:41,F1,62.672,1.098,3.678,48.247,8.285,normal
2026-10-04 01:42:41,F1,63.721,1.269,5.213,61.378,6.77,normal
2026-10-04 01:43:41,F1,61.365,1.182,4.363,57.019,10.045,normal
2026-10-04 01:44:41,F1,60.487,1.079,5.069,62.789,7.854,normal
2026-10-04 01:45:41,F1,51.085,1.482,4.352,65.058,6.097,normal
2026-10-04 01:46:41,F1,66.223,1.367,4.666,56.824,8.617,failure
2026-10-04 01:47:41,F1,60.019,1.215,4.237,48.436,7.932,normal
2026-10-04 01:48:41,F1,44.964,1.166,4.35,70.919,6.852,normal
2026-10-04 01:49:41,F1,50.743,1.075,4.478,61.925,5.813,normal
2026-10-04 01:50:41,F1,63.659,1.342,5.502,43.046,6.152,normal
2026-10-04 01:51:41,F1,53.261,1.229,4.999,45.928,6.226,normal
2026-10-04 01:52:41,F1,48.819,1.288,4.606,53.169,7.915,normal
2026-10-04 01:53:41,F1,48.6,1.363,5.03,64.282,8.889,normal
2026-10-04 01:54:41,F1,55.416,1.481,3.602,47.98,8.182,normal
2026-10-04 01:55:41,F1,65.827,1.183,4.294,64.003,7.692,normal
2026-10-04 01:56:41,F1,50.143,1.21,4.697,58.343,8.544,normal
2026-10-04 01:57:41,F1,62.602,1.319,4.934,48.831,8.479,normal
2026-10-04 01:58:41,F1,52.829,1.34,4.28,52.252,7.492,normal
2026-10-04 01:59:41,F1,40.769,1.248,4.812,40.322,8.571,normal
2026-10-04 02:00:41,F1,59.039,1.499,4.468,58.138,7.496,normal
2026-10-04 02:01:41,F1,54.62,1.371,4.747,57.762,8.711,normal
2026-10-04 02:02:41,F1,68.067,1.31,4.43,38.149,8.4,normal
2026-10-04 02:03:41,F1,60.493,1.43,4.212,53.748,8.268,normal
2026-10-04 02:04:41,F1,46.152,1.236,4.427,54.864,8.461,normal
2026-10-04 02:05:41,F1,61.742,1.096,4.682,47.066,7.67,normal
2026-10-04 02:06:41,F1,51.078,1.474,4.762,61.575,6.004,normal
2026-10-04 02:07:41,F1,60.006,1.332,4.644,43.923,7.831,normal
2026-10-04 02:08:41,F1,56.6,1.429,3.608,56.14,8.205,normal
2026-10-04 02:09:41,F1,62.526,1.461,4.919,57.194,7.674,normal
2026-10-04 02:10:41,F1,43.184,1.616,4.567,52.196,7.454,normal
2026-10-04 02:11:41,F1,54.13,1.445,5.34,70.731,6.418,normal
2026-10-04 02:12:41,F1,56.513,1.314,4.192,53.499,5.629,normal
2026-10-04 02:13:41,F1,69.058,1.043,4.591,62.117,7.394,normal
2026-10-04 02:14:41,F1,63.961,1.23,4.805,46.702,8.559,normal
2026-10-04 02:15:41,F1,62.757,1.406,3.896,41.041,7.831,normal
2026-10-04 02:16:41,F1,70.502,1.202,4.094,55.719,6.389,normal
2026-10-04 02:17:41,F1,51.528,1.543,4.2,56.622,6.721,normal
2026-10-04 02:18:41,F1,57.944,1.421,5.291,47.795,8.176,normal
2026-10-04 02:19:41,F1,41.38,1.214,3.514,61.311,5.654,normal
2026-10-04 02:20:41,F1,52.292,1.322,3.512,50.07,8.466,normal
2026-10-04 02:21:41,F1,50.557,1.33,4.336,62.049,6.515,normal
2026-10-04 02:22:41,F1,55.377,1.639,4.659,50.666,8.738,failure
2026-10-04 02:23:41,F1,55.539,1.049,3.928,48.856,6.596,normal
2026-10-04 02:24:41,F1,51.356,1.055,3.31,51.135,7.199,normal
2026-10-04 02:25:41,F1,46.47,1.449,5.151,60.511,8.052,normal
2026-10-04 02:26:41,F1,60.137,1.157,5.047,61.836,8.798,normal
2026-10-04 02:27:41,F1,63.966,1.416,4.045,49.824,7.839,normal
2026-10-04 02:28:41,F1,55.118,1.332,4.018,49.785,9.174,normal
2026-10-04 02:29:41,F1,50.637,1.33,3.347,53.909,8.618,normal
2026-10-04 02:30:41,F1,57.24,1.289,5.082,47.238,7.665,normal
2026-10-04 02:31:41,F1,62.633,1.319,5.222,65.698,7.23,normal
2026-10-04 02:32:41,F1,50.757,1.358,4.705,54.551,9.153,normal
2026-10-04 02:33:41,F1,42.453,1.103,3.855,45.01,8.885,normal
2026-10-04 02:34:41,F1,60.968,1.483,4.594,57.904,4.584,normal
2026-10-04 02:35:41,F1,60.167,1.258,3.52,61.467,6.04,normal
2026-10-04 02:36:41,F1,48.847,1.284,5.102,58.114,7.696,normal
2026-10-04 02:37:41,F1,51.378,1.366,3.978,41.367,7.586,normal
2026-10-04 02:38:41,F1,56.164,1.1,4.871,55.248,5.984,normal
2026-10-04 02:39:41,F1,64.143,1.398,3.945,57.25,7.577,normal
2026-10-04 02:40:41,F1,64.343,1.362,4.014,53.915,5.769,normal
2026-10-04 02:41:41,F1,45.289,1.272,5.378,70.598,4.342,normal
2026-10-04 02:42:41,F1,66.466,1.289,4.44,62.659,8.776,normal
2026-10-04 02:43:41,F1,54.645,1.266,3.386,57.358,7.465,normal
2026-10-04 02:44:41,F1,66.446,1.189,4.996,58.441,6.282,normal
2026-10-04 02:45:41,F1,61.957,1.137,4.246,72.759,7.911,normal
2026-10-04 02:46:41,F1,55.357,1.54,4.686,58.026,6.554,failure
2026-10-04 02:47:41,F1,52.585,1.465,4.358,53.171,6.958,normal
2026-10-04 02:48:41,F1,62.455,1.343,4.371,51.562,8.159,normal
2026-10-04 02:49:41,F1,46.947,1.26,4.758,65.865,8.77,normal
2026-10-04 02:50:41,F1,50.968,1.292,3.6,39.588,9.221,normal
2026-10-04 02:51:41,F1,58.235,1.066,5.286,54.607,7.236,normal
2026-10-04 02:52:41,F1,52.957,1.371,4.949,55.512,8.675,failure
2026-10-04 02:53:41,F1,49.945,1.139,3.932,63.26,5.245,normal
2026-10-04 02:54:41,F1,64.387,1.249,4.116,59.861,5.757,normal
2026-10-04 02:55:41,F1,50.044,1.07,4.782,51.72,8.023,normal
2026-10-04 02:56:41,F1,46.031,1.248,4.738,59.535,5.419,normal
2026-10-04 02:57:41,F1,58.408,1.318,3.47,60.285,7.865,normal
2026-10-04 02:58:41,F1,56.186,1.418,5.178,62.766,6.717,normal
2026-10-04 02:59:41,F1,62.63,1.084,5.081,55.462,8.458,normal
2026-10-04 03:00:41,F1,61.515,1.197,4.654,59.468,9.296,failure
2026-10-04 03:01:41,F1,51.465,1.272,4.669,43.35,7.042,normal
2026-10-04 03:02:41,F1,55.608,1.375,4.191,46.296,9.728,normal
2026-10-04 03:03:41,F1,55.653,1.296,5.002,70.314,7.275,normal
2026-10-04 03:04:41,F1,55.928,1.37,4.924,68.468,7.971,normal
2026-10-04 03:05:41,F1,46.799,1.048,4.772,57.986,5.968,normal
2026-10-04 03:06:41,F1,63.012,1.271,4.676,52.772,6.932,normal
2026-10-04 03:07:41,F1,57.504,1.333,4.282,46.518,5.843,normal
2026-10-04 03:08:41,F1,60.963,1.338,4.162,54.853,9.063,normal
2026-10-04 03:09:41,F1,50.502,1.329,4.004,40.028,8.901,normal
2026-10-04 03:10:41,F1,52.709,1.134,3.496,51.079,8.377,normal
2026-10-04 03:11:41,F1,64.054,1.336,3.913,62.548,6.332,normal
2026-10-04 03:12:41,F1,46.04,1.518,4.502,43.995,8.454,failure
2026-10-04 03:13:41,F1,59.194,1.181,4.129,53.008,7.789,normal
2026-10-04 03:14:41,F1,45.871,1.043,4.576,53.053,5.258,normal
2026-10-04 03:15:41,F1,69.75,1.252,3.933,48.968,6.788,normal
2026-10-04 03:16:41,F1,57.713,1.204,5.125,57.03,7.344,normal
2026-10-04 03:17:41,F1,62.242,1.339,3.996,55.67,5.725,normal
2026-10-04 03:18:41,F1,58.744,1.081,3.735,63.962,7.785,normal
2026-10-04 03:19:41,F1,48.3,1.247,4.566,51.794,5.884,normal
2026-10-04 03:20:41,F1,56.98,1.136,4.238,59.043,8.414,normal
2026-10-04 03:21:41,F1,52.15,1.317,3.302,68.796,10.419,normal
2026-10-04 03:22:41,F1,58.717,1.35,5.146,56.216,7.451,normal
2026-10-04 03:23:41,F1,45.402,1.088,3.499,65.134,6.091,normal
2026-10-04 03:24:41,F1,47.274,1.171,5.149,62.324,8.032,normal
2026-10-04 03:25:41,F1,57.802,1.33,4.383,65.683,5.944,normal
2026-10-04 03:26:41,F1,58.225,1.416,3.419,64.196,8.409,normal
2026-10-04 03:27:41,F1,58.813,1.22,4.947,44.878,7.085,normal
2026-10-04 03:28:41,F1,53.941,1.34,5.895,51.927,6.323,failure
2026-10-04 03:29:41,F1,58.285,1.257,3.736,42.233,7.354,normal
2026-10-04 03:30:41,F1,51.975,1.325,3.669,41.657,8.618,normal
2026-10-04 03:31:41,F1,58.367,1.364,4.724,62.558,9.699,normal
2026-10-04 03:32:41,F1,55.448,1.429,4.107,47.747,5.962,normal
2026-10-04 03:33:41,F1,65.582,1.333,4.908,55.039,7.877,normal
2026-10-04 03:34:41,F1,62.195,1.449,4.298,46.366,6.263,normal
2026-10-04 03:35:41,F1,57.575,1.21,5.059,52.163,7.076,normal
2026-10-04 03:36:41,F1,62.731,1.405,3.975,47.067,4.338,normal
2026-10-04 03:37:41,F1,57.364,1.291,4.791,59.062,7.985,normal
2026-10-04 03:38:41,F1,52.439,1.297,4.063,64.913,7.353,normal
2026-10-04 03:39:41,F1,47.968,1.171,3.507,41.319,8.357,normal
2026-10-04 03:40:41,F1,42.212,1.554,4.243,66.69,6.823,normal
2026-10-04 03:41:41,F1,44.724,1.34,4.571,64.615,5.651,normal
2026-10-04 03:42:41,F1,57.996,1.199,4.534,53.015,7.574,normal
2026-10-04 03:43:41,F1,66.445,1.379,4.139,58.066,6.623,failure
2026-10-04 03:44:41,F1,61.373,1.187,3.892,65.245,8.887,normal
2026-10-04 03:45:41,F1,54.441,1.248,4.501,61.786,6.406,normal
2026-10-04 03:46:41,F1,63.629,1.219,4.412,59.383,6.284,normal
2026-10-04 03:47:41,F1,68.476,1.309,4.146,48.951,7.503,normal
2026-10-04 03:48:41,F1,56.663,1.255,5.314,67.022,7.635,normal
2026-10-04 03:49:41,F1,55.71,1.353,4.406,62.034,8.115,normal
2026-10-04 03:50:41,F1,41.778,1.224,4.778,54.163,7.534,normal
2026-10-04 03:51:41,F1,58.28,1.016,4.079,68.146,5.964,normal
2026-10-04 03:52:41,F1,56.583,1.407,4.346,67.437,5.384,normal
2026-10-04 03:53:41,F1,52.397,1.412,4.516,60.568,5.288,normal
2026-10-04 03:54:41,F1,59.8,1.332,3.153,45.21,6.269,normal
2026-10-04 03:55:41,F1,55.212,1.347,4.745,48.875,7.581,normal
2026-10-04 03:56:41,F1,54.339,1.387,3.548,56.131,7.07,normal
2026-10-04 03:57:41,F1,39.232,1.123,3.242,81.168,7.861,normal
2026-10-04 03:58:41,F1,55.83,1.067,3.939,69.234,6.922,normal
2026-10-04 03:59:41,F1,46.897,1.4,4.145,67.068,9.175,normal
2026-10-04 04:00:41,F1,57.658,1.066,4.22,33.262,8.141,normal
2026-10-04 04:01:41,F1,61.797,1.236,4.76,53.187,7.779,normal
2026-10-04 04:02:41,F1,33.054,1.332,3.978,58.509,7.228,normal
2026-10-04 04:03:41,F1,75.375,1.37,4.776,55.277,8.561,normal
2026-10-04 04:04:41,F1,61.043,1.016,3.908,55.848,6.897,normal
2026-10-04 04:05:41,F1,67.943,1.162,4.963,54.446,6.767,normal
2026-10-04 04:06:41,F1,60.82,1.209,3.649,53.591,5.566,normal
2026-10-04 04:07:41,F1,52.33,1.097,3.947,52.245,7.801,normal
2026-10-04 04:08:41,F1,52.331,1.238,4.103,58.76,5.062,normal
2026-10-04 04:09:41,F1,57.449,1.233,4.849,51.804,8.315,normal
2026-10-04 04:10:41,F1,49.509,1.273,4.02,54.749,7.287,normal
2026-10-04 04:11:41,F1,51.615,1.264,4.584,67.135,8.37,normal
2026-10-04 04:12:41,F1,52.715,1.098,3.979,53.521,9.28,normal
2026-10-04 04:13:41,F1,62.911,1.176,3.959,68.959,7.809,normal
2026-10-04 04:14:41,F1,51.853,1.075,3.428,57.795,5.874,normal
2026-10-04 04:15:41,F1,64.996,1.402,5.005,49.002,6.084,normal
2026-10-04 04:16:41,F1,58.091,1.18,4.548,54.423,8.525,normal
2026-10-04 04:17:41,F1,51.055,1.081,4.975,68.778,7.166,failure
2026-10-04 04:18:41,F1,45.621,1.479,3.566,50.59,7.533,normal
2026-10-04 04:19:41,F1,67.317,1.148,3.45,50.868,9.466,normal
2026-10-04 04:20:41,F1,56.523,1.363,5.541,60.47,5.68,normal
2026-10-04 04:21:41,F1,59.37,1.127,4.187,45.355,8.789,normal
2026-10-04 04:22:41,F1,57.175,1.524,4.219,51.436,7.727,normal
2026-10-04 04:23:41,F1,48.963,1.1,4.37,72.435,7.978,normal
2026-10-04 04:24:41,F1,56.519,1.128,3.238,53.33,7.705,normal
2026-10-04 04:25:41,F1,62.989,1.279,4.279,58.689,8.753,normal
2026-10-04 04:26:41,F1,61.313,1.092,3.867,62.883,8.156,normal
2026-10-04 04:27:41,F1,61.079,1.286,4.104,64.785,5.619,normal
2026-10-04 04:28:41,F1,67.322,1.314,4.463,54.375,6.585,normal
2026-10-04 04:29:41,F1,60.156,1.247,4.397,40.795,5.618,normal
2026-10-04 04:30:41,F1,45.362,1.066,4.01,46.579,9.159,normal
2026-10-04 04:31:41,F1,56.515,1.053,4.164,63.125,7.24,normal
2026-10-04 04:32:41,F1,53.764,1.189,4.897,47.674,6.761,normal
2026-10-04 04:33:41,F1,63.182,1.251,3.264,55.22,7.732,normal
2026-10-04 04:34:41,F1,60.083,1.068,4.582,53.322,6.724,normal
2026-10-04 04:35:41,F1,58.593,1.252,4.212,49.613,7.124,normal
2026-10-04 04:36:41,F1,53.201,1.071,3.682,77.087,7.023,normal
2026-10-04 04:37:41,F1,54.606,1.112,4.125,60.974,8.989,normal
2026-10-04 04:38:41,F1,61.901,1.3,3.227,62.862,6.555,normal
2026-10-04 04:39:41,F1,55.482,1.085,4.788,65.366,7.688,normal
2026-10-04 04:40:41,F1,45.976,1.088,4.549,63.034,4.931,normal
2026-10-04 04:41:41,F1,43.335,1.329,5.239,68.849,7.824,normal
2026-10-04 04:42:41,F1,42.554,1.209,4.881,35.12,6.152,normal
2026-10-04 04:43:41,F1,60.001,1.25,5.316,56.911,7.31,normal
2026-10-04 04:44:41,F1,48.033,1.187,4.134,54.735,6.436,normal
2026-10-04 04:45:41,F1,60.525,1.269,3.939,70.264,5.975,normal
2026-10-04 04:46:41,F1,57.474,1.329,3.628,62.706,7.081,normal
2026-10-04 04:47:41,F1,64.201,1.019,4.149,43.617,7.764,normal
2026-10-04 04:48:41,F1,51.578,1.23,4.713,48.634,6.768,normal
2026-10-04 04:49:41,F1,48.826,0.974,3.949,50.446,7.324,normal
2026-10-04 04:50:41,F1,61.515,0.897,4.417,52.765,6.23,normal
2026-10-04 04:51:41,F1,50.657,1.211,3.96,59.588,6.41,normal
2026-10-04 04:52:41,F1,59.877,1.162,5.005,56.773,9.669,normal
2026-10-04 04:53:41,F1,61.169,1.071,3.596,66.31,5.77,normal
2026-10-04 04:54:41,F1,45.424,1.116,5.302,49.328,7.648,normal
2026-10-04 04:55:41,F1,45.43,1.411,4.211,63.79,3.587,normal
2026-10-04 04:56:41,F1,63.292,1.124,4.19,49.157,8.325,normal
2026-10-04 04:57:41,F1,60.271,1.1,4.111,55.479,6.566,normal
2026-10-04 04:58:41,F1,53.315,1.209,3.49,63.731,8.079,normal
2026-10-04 04:59:41,F1,45.598,1.321,5.15,57.222,6.908,normal
2026-10-04 05:00:41,F1,56.907,1.37,4.698,46.048,7.058,normal
2026-10-04 05:01:41,F1,62.81,1.34,5.259,53.687,7.857,failure
2026-10-04 05:02:41,F1,56.468,1.086,4.686,59.177,6.562,normal
2026-10-04 05:03:41,F1,56.506,1.078,4.426,63.743,8.408,normal
2026-10-04 05:04:41,F1,41.594,1.041,4.384,45.74,7.499,normal
2026-10-04 05:05:41,F1,66.06,1.021,4.383,56.031,10.095,normal
2026-10-04 05:06:41,F1,58.43,1.015,4.087,58.249,6.166,normal
2026-10-04 05:07:41,F1,64.239,1.033,2.98,41.466,5.987,normal
2026-10-04 05:08:41,F1,52.942,1.143,4.701,56.501,8.022,normal
2026-10-04 05:09:41,F1,51.785,1.221,3.325,64.001,8.886,normal
2026-10-04 05:10:41,F1,47.126,1.333,4.056,54.645,7.722,normal
2026-10-04 05:11:41,F1,64.885,1.052,3.98,54.588,6.982,normal
2026-10-04 05:12:41,F1,48.318,0.914,4.272,54.164,5.551,normal
2026-10-04 05:13:41,F1,72.089,1.289,3.525,55.014,7.146,normal
2026-10-04 05:14:41,F1,72.146,1.357,4.81,75.051,10.687,normal
2026-10-04 05:15:41,F1,55.71,1.279,5.339,40.018,8.508,normal
2026-10-04 05:16:41,F1,59.075,1.257,3.746,58.364,7.827,normal
2026-10-04 05:17:41,F1,47.105,1.023,5.096,58.465,6.837,normal
2026-10-04 05:18:41,F1,63.812,1.306,4.688,45.608,6.252,normal
2026-10-04 05:19:41,F1,48.208,1.087,5.32,56.154,4.122,normal
2026-10-04 05:20:41,F1,45.196,1.264,3.841,50.012,6.687,normal
2026-10-04 05:21:41,F1,51.144,1.243,3.903,66.357,6.447,normal
2026-10-04 05:22:41,F1,53.127,1.153,3.953,63.957,5.966,normal
2026-10-04 05:23:41,F1,54.978,1.05,5.448,55.372,6.683,normal
2026-10-04 05:24:41,F1,45.694,0.929,2.751,67.005,6.66,normal
2026-10-04 05:25:41,F1,65.896,1.003,4.198,50.83,6.37,normal
2026-10-04 05:26:41,F1,57.246,1.264,3.852,65.432,5.19,normal
2026-10-04 05:27:41,F1,62.275,1.265,4.211,68.656,6.588,normal
2026-10-04 05:28:41,F1,53.599,1.103,3.946,42.01,6.939,normal
2026-10-04 05:29:41,F1,57.419,1.231,4.538,61.724,5.917,normal
2026-10-04 05:30:41,F1,63.32,0.845,3.843,58.527,5.94,normal
2026-10-04 05:31:41,F1,61.992,0.957,3.826,59.847,10.124,normal
2026-10-04 05:32:41,F1,67.05,1.411,3.654,54.636,9.874,normal
2026-10-04 05:33:41,F1,53.96,1.26,3.464,57.963,7.663,normal
2026-10-04 05:34:41,F1,56.555,1.15,4.072,54.314,4.774,normal
2026-10-04 05:35:41,F1,47.536,0.987,4.405,48.791,9.438,normal
2026-10-04 05:36:41,F1,45.485,1.161,3.928,62.721,8.28,normal
2026-10-04 05:37:41,F1,51.712,1.157,4.091,51.773,7.728,normal
2026-10-04 05:38:41,F1,55.723,0.822,3.461,69.263,8.27,normal
2026-10-04 05:39:41,F1,55.418,1.159,4.593,39.379,8.324,normal
2026-10-04 05:40:41,F1,54.087,1.043,4.585,49.366,8.552,normal
2026-10-04 05:41:41,F1,47.999,1.225,4.132,50.315,6.353,normal
2026-10-04 05:42:41,F1,56.734,1.084,3.845,48.994,8.55,normal
2026-10-04 05:43:41,F1,52.822,1.206,4.353,53.098,6.873,normal
2026-10-04 05:44:41,F1,59.224,0.985,3.489,54.001,6.99,normal
2026-10-04 05:45:41,F1,49.963,0.942,4.674,58.934,8.873,normal
2026-10-04 05:46:41,F1,49.929,1.274,4.566,69.167,6.286,normal
2026-10-04 05:47:41,F1,49.116,1.063,4.179,56.293,5.75,normal
2026-10-04 05:48:41,F1,49.651,1.193,4.75,56.451,5.152,normal
2026-10-04 05:49:41,F1,51.456,0.963,3.982,59.882,9.466,normal
2026-10-04 05:50:41,F1,47.194,1.071,3.92,56.556,9.14,normal
2026-10-04 05:51:41,F1,58.719,0.978,5.102,64.497,7.563,normal
2026-10-04 05:52:41,F1,49.189,1.071,3.844,59.496,6.904,normal
2026-10-04 05:53:41,F1,53.228,1.266,3.855,51.555,6.862,normal
2026-10-04 05:54:41,F1,61.47,1.113,4.01,72.643,5.676,normal
2026-10-04 05:55:41,F1,49.446,1.006,4.516,53.483,6.062,normal
2026-10-04 05:56:41,F1,58.123,1.094,3.675,62.538,8.597,normal
2026-10-04 05:57:41,F1,62.883,1.006,4.296,62.549,10.259,normal
2026-10-04 05:58:41,F1,57.906,1.228,4.85,50.649,8.548,normal
2026-10-04 05:59:41,F1,64.647,1.024,4.398,51.395,8.204,normal
2026-10-04 06:00:41,F1,49.16,1.109,3.716,57.975,7.514,normal
2026-10-04 06:01:41,F1,66.254,1.194,4.42,66.217,7.913,normal
2026-10-04 06:02:41,F1,63.137,0.849,5.187,48.19,7.192,normal
2026-10-04 06:03:41,F1,62.561,1.284,4.0,36.313,8.028,normal
2026-10-04 06:04:41,F1,64.187,1.248,4.546,54.32,6.994,normal
2026-10-04 06:05:41,F1,54.983,1.119,4.509,60.371,6.794,normal
2026-10-04 06:06:41,F1,62.774,0.986,4.571,57.051,8.292,normal
2026-10-04 06:07:41,F1,51.252,0.973,4.552,52.314,7.65,normal
2026-10-04 06:08:41,F1,55.481,1.392,4.522,60.423,6.637,normal
2026-10-04 06:09:41,F1,52.798,1.198,3.212,56.555,8.104,normal
2026-10-04 06:10:41,F1,51.493,1.224,4.333,57.321,9.884,normal
2026-10-04 06:11:41,F1,59.857,1.103,4.476,59.298,6.297,normal
2026-10-04 06:12:41,F1,61.887,1.203,4.282,62.452,7.264,normal
2026-10-04 06:13:41,F1,57.273,1.14,3.859,57.919,7.323,normal
2026-10-04 06:14:41,F1,47.15,0.836,3.248,64.425,8.241,normal
2026-10-04 06:15:41,F1,57.448,1.144,4.136,52.243,8.577,normal
2026-10-04 06:16:41,F1,61.67,1.04,4.748,66.08,8.092,normal
2026-10-04 06:17:41,F1,54.555,1.178,4.338,52.04,8.506,normal
2026-10-04 06:18:41,F1,68.438,0.933,3.688,61.019,8.142,failure
2026-10-04 06:19:41,F1,55.575,0.864,2.687,45.025,6.313,normal
2026-10-04 06:20:41,F1,62.127,1.096,4.193,58.929,6.385,normal
2026-10-04 06:21:41,F1,48.987,1.002,3.686,59.902,5.692,normal
2026-10-04 06:22:41,F1,51.624,1.176,4.732,54.987,5.366,normal
2026-10-04 06:23:41,F1,52.707,1.036,3.831,51.65,6.747,normal
2026-10-04 06:24:41,F1,64.763,1.098,4.634,66.699,7.871,normal
2026-10-04 06:25:41,F1,58.166,1.017,3.618,53.038,6.329,normal
2026-10-04 06:26:41,F1,66.515,1.36,4.033,53.665,7.621,normal
2026-10-04 06:27:41,F1,50.655,1.208,3.971,46.278,7.069,normal
2026-10-04 06:28:41,F1,49.877,1.246,2.856,59.084,7.375,normal
2026-10-04 06:29:41,F1,53.659,0.805,3.91,58.21,7.756,normal
2026-10-04 06:30:41,F1,53.988,1.167,4.377,55.212,5.628,normal
2026-10-04 06:31:41,F1,65.19,1.152,3.406,58.575,7.529,normal
2026-10-04 06:32:41,F1,46.344,1.141,3.738,58.141,6.851,normal
2026-10-04 06:33:41,F1,54.406,1.131,4.461,61.239,7.456,normal
2026-10-04 06:34:41,F1,61.612,0.838,4.51,67.006,8.22,normal
2026-10-04 06:35:41,F1,45.86,1.046,3.424,53.805,6.492,normal
2026-10-04 06:36:41,F1,58.056,1.058,4.439,51.387,6.006,normal
2026-10-04 06:37:41,F1,58.987,2.049,5.675,60.851,9.325,failure
2026-10-04 06:38:41,F1,55.947,1.053,3.175,67.323,6.867,normal
2026-10-04 06:39:41,F1,41.026,1.137,4.96,50.67,7.044,normal
2026-10-04 06:40:41,F1,43.048,1.134,4.296,61.694,7.903,normal
2026-10-04 06:41:41,F1,58.125,1.091,3.838,63.941,6.366,normal
2026-10-04 06:42:41,F1,46.662,0.892,4.06,63.522,8.507,normal
2026-10-04 06:43:41,F1,57.664,1.02,3.679,61.495,8.917,normal
2026-10-04 06:44:41,F1,69.006,1.157,4.683,51.539,8.902,normal
2026-10-04 06:45:41,F1,49.819,1.117,4.825,63.252,7.132,normal
2026-10-04 06:46:41,F1,53.568,0.796,4.086,59.842,6.796,normal
2026-10-04 06:47:41,F1,68.886,1.092,4.627,73.145,5.613,normal
2026-10-04 06:48:41,F1,45.374,1.109,4.078,52.618,7.329,normal
2026-10-04 06:49:41,F1,51.274,1.279,3.748,56.033,8.964,normal
2026-10-04 06:50:41,F1,64.308,0.936,4.329,48.415,6.129,normal
2026-10-04 06:51:41,F1,61.174,1.137,4.786,59.444,8.016,normal
2026-10-04 06:52:41,F1,53.112,1.13,4.478,52.222,7.98,normal
2026-10-04 06:53:41,F1,50.924,1.042,4.316,56.304,7.167,normal
2026-10-04 06:54:41,F1,60.182,1.051,3.737,64.638,6.151,normal
2026-10-04 06:55:41,F1,66.732,0.91,4.199,68.516,6.069,normal
2026-10-04 06:56:41,F1,44.245,1.032,4.209,55.444,7.919,normal
2026-10-04 06:57:41,F1,58.127,1.135,4.487,50.248,6.319,normal
2026-10-04 06:58:41,F1,60.01,0.967,3.412,53.948,6.682,normal
2026-10-04 06:59:41,F1,57.377,1.035,4.384,60.586,6.537,normal
2026-10-04 07:00:41,F1,62.27,1.179,2.982,81.861,6.766,normal
2026-10-04 07:01:41,F1,50.954,1.058,3.465,65.085,6.384,normal
2026-10-04 07:02:41,F1,62.277,1.195,4.19,52.91,7.66,normal
2026-10-04 07:03:41,F1,44.167,1.316,3.948,67.216,8.279,normal
2026-10-04 07:04:41,F1,57.844,0.958,3.532,72.99,8.897,normal
2026-10-04 07:05:41,F1,52.463,0.914,3.327,62.154,7.185,normal
2026-10-04 07:06:41,F1,56.858,0.841,4.392,55.145,6.946,normal
2026-10-04 07:07:41,F1,49.2,1.179,4.39,46.027,7.69,normal
2026-10-04 07:08:41,F1,63.25,1.158,3.968,48.285,7.188,normal
2026-10-04 07:09:41,F1,52.402,1.116,4.281,54.905,6.469,normal
2026-10-04 07:10:41,F1,53.038,0.835,4.329,63.733,6.509,normal
2026-10-04 07:11:41,F1,55.472,1.103,4.098,61.612,4.317,normal
2026-10-04 07:12:41,F1,50.081,1.103,5.251,46.175,6.954,normal
2026-10-04 07:13:41,F1,60.451,1.065,3.437,44.326,6.715,normal
2026-10-04 07:14:41,F1,45.079,0.866,4.092,62.255,6.566,normal
2026-10-04 07:15:41,F1,67.362,1.202,4.063,51.238,4.833,normal
2026-10-04 07:16:41,F1,60.573,0.977,4.536,60.751,7.254,normal
2026-10-04 07:17:41,F1,47.688,1.18,3.634,65.136,6.571,normal
2026-10-04 07:18:41,F1,65.826,1.041,3.649,49.15,6.617,normal
2026-10-04 07:19:41,F1,48.762,0.927,3.896,59.419,6.635,normal
2026-10-04 07:20:41,F1,53.128,1.077,3.403,47.941,5.216,normal
2026-10-04 07:21:41,F1,53.534,1.211,4.566,47.973,4.662,normal
2026-10-04 07:22:41,F1,63.779,1.042,4.308,45.293,5.535,normal
2026-10-04 07:23:41,F1,47.932,1.0,3.685,55.48,8.808,normal
2026-10-04 07:24:41,F1,59.94,1.096,3.823,69.673,8.215,normal
2026-10-04 07:25:41,F1,63.662,0.948,4.232,58.201,5.301,normal
2026-10-04 07:26:41,F1,59.25,1.175,4.001,41.897,5.693,normal
2026-10-04 07:27:41,F1,61.639,0.991,3.519,55.259,7.221,normal
2026-10-04 07:28:41,F1,49.893,0.877,4.416,52.21,7.693,normal
2026-10-04 07:29:41,F1,53.544,0.858,3.927,54.257,5.313,normal
2026-10-04 07:30:41,F1,66.818,1.181,3.709,60.485,7.248,normal
2026-10-04 07:31:41,F1,60.362,1.015,3.77,50.552,8.097,normal
2026-10-04 07:32:41,F1,59.869,1.186,4.451,52.392,5.902,normal
2026-10-04 07:33:41,F1,62.853,1.072,4.395,45.853,7.576,normal
2026-10-04 07:34:41,F1,55.21,1.068,4.448,50.144,9.526,failure
2026-10-04 07:35:41,F1,55.159,1.087,4.267,48.284,7.701,normal
2026-10-04 07:36:41,F1,52.233,1.016,4.162,49.121,7.968,normal
2026-10-04 07:37:41,F1,58.317,1.073,4.194,54.963,8.05,normal
2026-10-04 07:38:41,F1,56.019,1.041,4.291,47.299,7.52,normal
2026-10-04 07:39:41,F1,56.213,1.11,3.847,60.816,6.915,normal
2026-10-04 07:40:41,F1,39.957,0.88,5.302,50.978,9.815,normal
2026-10-04 07:41:41,F1,44.036,0.981,3.589,58.979,8.112,normal
2026-10-04 07:42:41,F1,59.751,1.167,3.955,56.961,7.183,normal
2026-10-04 07:43:41,F1,62.123,1.019,4.084,68.278,6.117,normal
2026-10-04 07:44:41,F1,47.043,1.115,4.494,50.232,6.222,normal
2026-10-04 07:45:41,F1,65.897,1.244,3.62,62.012,7.57,normal
2026-10-04 07:46:41,F1,48.825,0.86,3.598,59.335,6.908,normal
2026-10-04 07:47:41,F1,57.833,1.156,3.467,68.314,8.653,normal
2026-10-04 07:48:41,F1,66.569,1.014,4.825,57.818,5.947,normal
2026-10-04 07:49:41,F1,56.546,1.04,3.845,66.654,7.31,normal
2026-10-04 07:50:41,F1,56.354,1.055,3.075,54.935,6.381,normal
2026-10-04 07:51:41,F1,59.203,0.905,4.665,55.668,8.795,normal
2026-10-04 07:52:41,F1,58.446,1.05,4.581,71.168,7.812,normal
2026-10-04 07:53:41,F1,48.079,1.139,3.207,58.002,7.435,normal
2026-10-04 07:54:41,F1,64.451,0.832,4.54,62.275,6.468,normal
2026-10-04 07:55:41,F1,53.729,0.845,3.246,56.708,4.893,normal
2026-10-04 07:56:41,F1,51.495,1.028,3.433,53.743,8.009,normal
2026-10-04 07:57:41,F1,53.949,0.813,4.659,51.818,8.97,normal
2026-10-04 07:58:41,F1,58.559,0.863,3.416,46.565,5.624,normal
2026-10-04 07:59:41,F1,48.958,1.317,4.606,55.405,8.452,normal
2026-10-04 08:00:41,F1,66.564,1.061,4.361,52.987,8.71,normal
2026-10-04 08:01:41,F1,56.013,0.925,3.906,57.162,7.598,normal
2026-10-04 08:02:41,F1,66.719,1.036,3.924,57.447,7.773,normal
2026-10-04 08:03:41,F1,53.401,0.931,4.103,50.006,6.017,normal
2026-10-04 08:04:41,F1,46.969,0.819,4.295,51.069,8.194,normal
2026-10-04 08:05:41,F1,45.594,0.954,3.862,71.283,6.558,normal
2026-10-04 08:06:41,F1,54.776,0.966,3.824,60.39,4.677,normal
2026-10-04 08:07:41,F1,48.453,1.119,3.575,60.15,5.111,normal
2026-10-04 08:08:41,F1,66.215,1.128,3.938,58.284,5.103,normal
2026-10-04 08:09:41,F1,48.948,0.946,3.551,47.856,5.668,normal
2026-10-04 08:10:41,F1,58.594,0.984,3.675,46.136,7.809,normal
2026-10-04 08:11:41,F1,57.406,0.875,3.658,60.692,6.215,normal
2026-10-04 08:12:41,F1,61.573,0.882,2.751,55.075,6.816,normal
2026-10-04 08:13:41,F1,58.344,1.028,3.741,42.405,5.707,normal
2026-10-04 08:14:41,F1,67.397,0.775,3.878,51.486,5.535,normal
2026-10-04 08:15:41,F1,39.351,0.78,4.337,41.332,8.074,normal
2026-10-04 08:16:41,F1,49.297,1.088,3.759,51.599,7.379,normal
2026-10-04 08:17:41,F1,56.318,1.083,3.733,46.912,8.654,normal
2026-10-04 08:18:41,F1,61.681,0.857,4.417,67.857,6.179,normal
2026-10-04 08:19:41,F1,61.948,0.847,3.615,46.754,6.748,normal
2026-10-04 08:20:41,F1,64.253,0.938,4.618,54.438,7.418,normal
2026-10-04 08:21:41,F1,57.356,1.017,3.769,56.983,5.393,normal
2026-10-04 08:22:41,F1,60.232,0.98,4.525,57.783,6.677,normal
2026-10-04 08:23:41,F1,52.257,0.541,3.801,31.943,8.146,normal
2026-10-04 08:24:41,F1,58.712,0.87,4.216,43.339,8.211,normal
2026-10-04 08:25:41,F1,59.497,0.866,4.13,49.562,7.623,normal
2026-10-04 08:26:41,F1,61.015,0.776,4.324,56.335,5.941,normal
2026-10-04 08:27:41,F1,53.296,0.698,4.157,57.82,7.496,normal
2026-10-04 08:28:41,F1,55.233,0.873,4.129,52.533,7.941,normal
2026-10-04 08:29:41,F1,50.615,0.83,3.922,45.25,8.287,normal
2026-10-04 08:30:41,F1,60.831,0.891,4.832,56.069,6.463,normal
2026-10-04 08:31:41,F1,53.829,1.098,3.657,57.835,6.749,normal
2026-10-04 08:32:41,F1,53.925,1.185,2.27,50.93,5.943,normal
2026-10-04 08:33:41,F1,57.771,0.829,4.033,60.905,6.55,normal
2026-10-04 08:34:41,F1,41.898,0.915,3.135,57.073,8.081,normal
2026-10-04 08:35:41,F1,48.697,0.967,2.955,55.711,7.736,normal
2026-10-04 08:36:41,F1,45.145,0.968,2.98,40.082,8.61,normal
2026-10-04 08:37:41,F1,51.168,0.953,3.361,56.898,7.098,normal
2026-10-04 08:38:41,F1,54.553,1.023,4.004,57.213,6.123,normal
2026-10-04 08:39:41,F1,55.192,1.028,4.153,54.483,7.315,normal
2026-10-04 08:40:41,F1,53.458,0.87,3.819,53.524,6.884,normal
2026-10-04 08:41:41,F1,69.411,0.913,3.1,62.399,5.581,normal
2026-10-04 08:42:41,F1,43.295,0.884,4.611,51.155,7.348,normal
2026-10-04 08:43:41,F1,50.421,0.788,3.906,40.502,7.11,normal
2026-10-04 08:44:41,F1,52.775,0.982,4.443,61.11,7.143,normal
2026-10-04 08:45:41,F1,53.889,0.822,3.936,49.669,5.431,normal
2026-10-04 08:46:41,F1,49.416,0.826,3.676,47.361,6.355,normal
2026-10-04 08:47:41,F1,45.572,1.066,3.356,60.633,8.701,normal
2026-10-04 08:48:41,F1,62.407,0.842,3.494,52.618,5.571,normal
2026-10-04 08:49:41,F1,57.994,0.876,4.555,54.493,6.705,normal
2026-10-04 08:50:41,F1,63.972,0.707,4.195,68.766,7.459,normal
2026-10-04 08:51:41,F1,60.738,0.874,4.145,67.767,6.896,normal
2026-10-04 08:52:41,F1,48.661,0.988,3.627,66.123,7.425,normal
2026-10-04 08:53:41,F1,59.92,1.159,3.097,52.304,7.752,normal
2026-10-04 08:54:41,F1,68.985,0.858,4.765,50.757,8.675,normal
2026-10-04 08:55:41,F1,61.717,0.88,4.079,51.015,7.34,normal
2026-10-04 08:56:41,F1,55.597,1.028,3.927,52.847,7.098,normal
2026-10-04 08:57:41,F1,41.096,0.846,4.069,56.715,10.464,normal
2026-10-04 08:58:41,F1,54.838,0.955,3.268,48.882,9.229,normal
2026-10-04 08:59:41,F1,53.419,1.011,4.075,55.864,8.354,normal
2026-10-04 09:00:41,F1,52.911,1.001,4.181,47.496,6.94,normal
2026-10-04 09:01:41,F1,44.154,0.742,4.368,70.795,5.384,normal
2026-10-04 09:02:41,F1,49.66,0.787,3.634,48.301,5.432,normal
2026-10-04 09:03:41,F1,53.549,0.872,3.068,42.808,7.784,normal
2026-10-04 09:04:41,F1,54.015,0.72,4.355,63.808,6.87,normal
2026-10-04 09:05:41,F1,56.415,0.873,3.252,52.016,5.799,normal
2026-10-04 09:06:41,F1,56.965,0.897,4.338,47.15,8.686,normal
2026-10-04 09:07:41,F1,66.716,1.088,4.055,46.346,7.824,normal
2026-10-04 09:08:41,F1,47.229,0.762,3.815,41.913,7.182,normal
2026-10-04 09:09:41,F1,53.337,1.063,4.765,43.422,7.726,normal
2026-10-04 09:10:41,F1,67.226,0.876,3.951,50.104,5.595,normal
2026-10-04 09:11:41,F1,46.515,0.865,3.711,45.851,9.298,normal
2026-10-04 09:12:41,F1,64.028,1.056,3.664,64.763,7.599,normal
2026-10-04 09:13:41,F1,48.414,1.055,3.717,60.161,8.373,normal
2026-10-04 09:14:41,F1,57.606,0.84,3.087,56.486,7.448,normal
2026-10-04 09:15:41,F1,57.991,0.943,4.529,50.726,7.011,normal
2026-10-04 09:16:41,F1,53.943,0.675,4.066,58.721,5.327,normal
2026-10-04 09:17:41,F1,43.002,0.975,4.36,45.287,8.027,normal
2026-10-04 09:18:41,F1,51.397,0.871,3.981,38.53,6.532,normal
2026-10-04 09:19:41,F1,45.464,0.711,3.235,49.715,5.957,normal
2026-10-04 09:20:41,F1,49.397,1.005,4.069,54.818,6.422,normal
2026-10-04 09:21:41,F1,61.401,0.822,3.075,61.45,7.4,normal
2026-10-04 09:22:41,F1,49.384,0.817,3.453,60.405,6.803,normal
2026-10-04 09:23:41,F1,58.551,0.758,3.704,58.849,7.291,normal
2026-10-04 09:24:41,F1,74.015,0.86,3.417,44.451,8.272,normal
2026-10-04 09:25:41,F1,41.47,0.764,3.303,54.397,6.76,normal
2026-10-04 09:26:41,F1,58.111,0.805,4.066,45.225,5.158,normal
2026-10-04 09:27:41,F1,53.511,0.771,3.958,51.252,6.247,normal
2026-10-04 09:28:41,F1,61.324,0.784,4.612,46.491,7.689,normal
2026-10-04 09:29:41,F1,62.805,0.976,4.367,55.298,5.553,normal
2026-10-04 09:30:41,F1,53.421,0.575,3.206,61.674,4.73,normal
2026-10-04 09:31:41,F1,59.771,0.7,3.926,65.717,6.663,normal
2026-10-04 09:32:41,F1,53.029,0.896,4.29,67.31,7.962,normal
2026-10-04 09:33:41,F1,59.98,1.144,4.717,57.237,5.717,normal
2026-10-04 09:34:41,F1,51.565,0.9,4.666,57.673,9.301,normal
2026-10-04 09:35:41,F1,53.841,0.681,3.71,51.622,5.432,normal
2026-10-04 09:36:41,F1,62.505,0.867,4.23,65.794,7.18,normal
2026-10-04 09:37:41,F1,66.111,1.037,4.157,62.804,6.715,normal
2026-10-04 09:38:41,F1,57.261,0.955,4.157,67.87,7.501,normal
2026-10-04 09:39:41,F1,42.399,1.015,3.195,52.491,8.964,normal
2026-10-04 09:40:41,F1,69.216,0.629,3.473,63.059,7.909,normal
2026-10-04 09:41:41,F1,43.729,0.816,4.222,63.168,7.878,normal
2026-10-04 09:42:41,F1,48.947,1.089,4.16,60.114,8.386,normal
2026-10-04 09:43:41,F1,51.53,0.853,5.161,53.253,7.925,normal
2026-10-04 09:44:41,F1,62.284,1.017,3.351,53.505,8.24,normal
2026-10-04 09:45:41,F1,47.62,0.775,4.058,52.872,6.161,normal
2026-10-04 09:46:41,F1,47.122,1.02,4.529,53.07,7.878,normal
2026-10-04 09:47:41,F1,65.484,0.91,4.872,51.614,7.122,normal
2026-10-04 09:48:41,F1,59.57,0.94,3.253,71.058,7.195,normal
2026-10-04 09:49:41,F1,46.664,1.014,5.001,60.636,5.206,normal
2026-10-04 09:50:41,F1,53.533,0.996,3.656,55.525,8.274,normal
2026-10-04 09:51:41,F1,58.38,0.814,4.483,51.04,5.724,normal
2026-10-04 09:52:41,F1,61.827,0.914,4.421,66.058,6.482,normal
2026-10-04 09:53:41,F1,63.754,0.946,3.588,52.194,8.61,normal
2026-10-04 09:54:41,F1,52.604,0.853,5.232,40.446,6.708,normal
2026-10-04 09:55:41,F1,59.061,0.891,4.094,51.916,6.847,normal
2026-10-04 09:56:41,F1,49.61,0.812,4.447,63.899,5.797,normal
2026-10-04 09:57:41,F1,50.106,1.005,4.105,38.733,7.937,normal
2026-10-04 09:58:41,F1,61.87,0.893,3.711,46.458,7.967,normal
2026-10-04 09:59:41,F1,66.806,0.766,3.821,57.711,8.001,normal
2026-10-04 10:00:41,F1,64.951,0.757,3.336,52.92,6.615,normal
2026-10-04 10:01:41,F1,64.755,0.951,4.136,50.295,7.248,normal
2026-10-04 10:02:41,F1,55.084,0.59,3.964,62.463,6.546,normal
2026-10-04 10:03:41,F1,57.447,0.839,4.979,48.374,5.584,normal
2026-10-04 10:04:41,F1,67.024,0.881,3.734,60.575,7.35,normal
2026-10-04 10:05:41,F1,65.261,0.715,3.237,56.838,7.566,normal
2026-10-04 10:06:41,F1,60.64,0.911,3.22,38.066,6.81,normal
2026-10-04 10:07:41,F1,49.434,1.102,3.973,56.99,8.721,normal
2026-10-04 10:08:41,F1,56.961,0.665,3.891,52.473,7.36,normal
2026-10-04 10:09:41,F1,67.613,0.916,3.453,68.602,8.092,normal
2026-10-04 10:10:41,F1,49.642,0.9,3.873,68.515,4.427,normal
2026-10-04 10:11:41,F1,52.848,0.961,4.255,37.44,7.228,normal
2026-10-04 10:12:41,F1,69.934,0.746,2.763,55.431,7.484,normal
2026-10-04 10:13:41,F1,47.58,0.774,2.981,71.803,6.461,normal
2026-10-04 10:14:41,F1,64.388,0.713,4.688,59.4,6.519,normal
2026-10-04 10:15:41,F1,58.1,0.766,3.741,47.449,7.909,normal
2026-10-04 10:16:41,F1,54.176,0.87,3.375,48.832,6.37,normal
2026-10-04 10:17:41,F1,59.137,0.838,4.686,51.821,5.872,normal
2026-10-04 10:18:41,F1,50.031,0.791,4.28,49.913,6.823,normal
2026-10-04 10:19:41,F1,48.398,0.628,4.531,39.461,8.251,normal
2026-10-04 10:20:41,F1,44.997,0.786,4.489,48.854,7.322,normal
2026-10-04 10:21:41,F1,55.697,0.637,3.516,61.853,8.951,normal
2026-10-04 10:22:41,F1,47.575,0.919,4.075,64.429,6.185,normal
2026-10-04 10:23:41,F1,67.206,0.963,5.078,63.517,6.845,normal
2026-10-04 10:24:41,F1,61.789,0.473,4.259,58.072,7.842,normal
2026-10-04 10:25:41,F1,49.784,0.947,2.87,48.313,7.662,normal
2026-10-04 10:26:41,F1,45.772,0.701,3.861,53.882,5.341,normal
2026-10-04 10:27:41,F1,56.089,0.947,4.407,59.225,6.738,normal
2026-10-04 10:28:41,F1,47.816,0.662,3.318,48.511,7.524,normal
2026-10-04 10:29:41,F1,52.595,0.674,3.477,51.565,6.88,normal
2026-10-04 10:30:41,F1,68.147,0.574,4.1,56.514,4.875,normal
2026-10-04 10:31:41,F1,55.434,0.93,3.133,49.168,7.481,normal
2026-10-04 10:32:41,F1,59.707,0.532,3.033,61.84,7.473,normal
2026-10-04 10:33:41,F1,51.096,0.648,3.203,59.866,5.921,normal
2026-10-04 10:34:41,F1,49.157,0.73,4.098,47.462,8.236,normal
2026-10-04 10:35:41,F1,60.935,0.778,4.473,43.91,9.747,normal
2026-10-04 10:36:41,F1,59.177,0.674,3.528,45.476,7.472,normal
2026-10-04 10:37:41,F1,45.573,0.869,5.159,57.655,6.016,normal
2026-10-04 10:38:41,F1,57.655,0.9,3.741,63.26,7.8,normal
2026-10-04 10:39:41,F1,67.974,0.899,2.833,50.033,7.797,normal
2026-10-04 10:40:41,F1,46.069,0.72,2.505,59.855,8.502,normal
2026-10-04 10:41:41,F1,59.609,0.731,3.483,64.448,8.403,normal
2026-10-04 10:42:41,F1,57.066,0.907,4.003,55.593,8.148,normal
2026-10-04 10:43:41,F1,53.087,0.695,3.654,64.727,6.604,normal
2026-10-04 10:44:41,F1,46.312,0.68,4.296,40.748,5.598,normal
2026-10-04 10:45:41,F1,68.858,1.095,4.425,56.905,7.278,normal
2026-10-04 10:46:41,F1,47.454,0.791,5.233,53.926,7.157,normal
2026-10-04 10:47:41,F1,54.288,0.751,3.856,44.0,8.055,normal
2026-10-04 10:48:41,F1,59.899,0.892,4.112,56.407,6.469,normal
2026-10-04 10:49:41,F1,54.051,0.79,3.322,52.015,7.769,normal
2026-10-04 10:50:41,F1,53.732,0.732,2.902,63.311,4.878,normal
2026-10-04 10:51:41,F1,55.919,0.804,4.699,51.836,6.343,normal
2026-10-04 10:52:41,F1,55.213,0.724,4.388,47.83,4.93,normal
2026-10-04 10:53:41,F1,52.027,0.927,3.923,48.411,5.327,normal
2026-10-04 10:54:41,F1,50.906,0.82,4.695,63.679,7.214,normal
2026-10-04 10:55:41,F1,57.015,0.761,2.804,67.639,6.534,normal
2026-10-04 10:56:41,F1,50.262,0.732,3.482,51.757,5.413,normal
2026-10-04 10:57:41,F1,56.424,0.847,3.573,48.401,5.576,normal
2026-10-04 10:58:41,F1,65.375,0.621,2.76,41.708,6.83,normal
2026-10-04 10:59:41,F1,50.787,0.876,3.544,55.062,8.626,normal
2026-10-04 11:00:41,F1,52.566,0.943,3.958,62.91,7.149,normal
2026-10-04 11:01:41,F1,54.304,0.778,4.476,59.18,6.667,normal
2026-10-04 11:02:41,F1,55.831,0.727,3.678,51.036,6.304,normal
2026-10-04 11:03:41,F1,45.658,0.823,3.952,46.152,7.764,normal
2026-10-04 11:04:41,F1,52.874,0.796,3.73,63.755,6.294,normal
2026-10-04 11:05:41,F1,39.335,0.684,4.242,69.723,6.444,normal
2026-10-04 11:06:41,F1,59.763,0.7,3.988,45.584,6.861,normal
2026-10-04 11:07:41,F1,47.568,0.549,3.945,55.525,8.13,normal
2026-10-04 11:08:41,F1,64.866,0.699,3.058,53.629,6.058,normal
2026-10-04 11:09:41,F1,40.742,0.724,4.628,52.291,8.846,normal
2026-10-04 11:10:41,F1,52.93,0.808,3.421,44.276,7.698,normal
2026-10-04 11:11:41,F1,59.49,0.788,3.673,56.674,6.562,normal
2026-10-04 11:12:41,F1,51.171,0.643,3.476,49.444,7.841,normal
2026-10-04 11:13:41,F1,45.321,0.746,4.456,57.423,9.265,normal
2026-10-04 11:14:41,F1,57.373,0.986,4.242,54.543,6.473,normal
2026-10-04 11:15:41,F1,53.258,0.614,4.354,43.846,6.86,normal
2026-10-04 11:16:41,F1,47.469,0.702,3.276,55.747,9.615,normal
2026-10-04 11:17:41,F1,46.747,0.953,3.662,55.575,6.31,normal
2026-10-04 11:18:41,F1,62.614,0.633,3.909,48.867,6.746,normal
2026-10-04 11:19:41,F1,55.199,0.683,3.531,61.703,6.256,normal
2026-10-04 11:20:41,F1,49.85,0.635,3.6,61.489,5.894,normal
2026-10-04 11:21:41,F1,60.836,0.718,4.761,49.08,7.814,normal
2026-10-04 11:22:41,F1,47.748,0.885,4.839,65.796,6.685,normal
2026-10-04 11:23:41,F1,49.021,0.782,3.091,43.62,6.407,normal
2026-10-04 11:24:41,F1,47.607,0.813,3.344,57.564,8.277,normal
2026-10-04 11:25:41,F1,58.97,0.453,2.549,53.325,6.497,normal
2026-10-04 11:26:41,F1,43.566,0.73,4.091,47.476,6.538,normal
2026-10-04 11:27:41,F1,53.061,0.499,3.932,67.706,7.087,normal
2026-10-04 11:28:41,F1,51.464,0.602,3.129,46.518,5.121,normal
2026-10-04 11:29:41,F1,49.565,0.713,3.379,71.282,8.241,normal
2026-10-04 11:30:41,F1,59.782,0.638,3.966,40.113,8.69,normal
2026-10-04 11:31:41,F1,41.72,0.711,2.691,64.923,8.146,normal
2026-10-04 11:32:41,F1,61.497,0.738,3.089,54.186,6.306,normal
2026-10-04 11:33:41,F1,50.22,0.656,4.192,50.533,5.717,normal
2026-10-04 11:34:41,F1,52.069,0.803,3.09,45.076,6.418,normal
2026-10-04 11:35:41,F1,53.152,0.592,3.503,41.35,7.164,normal
2026-10-04 11:36:41,F1,68.25,0.549,3.674,37.94,9.193,normal
2026-10-04 11:37:41,F1,56.557,0.672,3.541,52.108,9.809,normal
2026-10-04 11:38:41,F1,55.507,0.608,4.315,56.67,7.842,normal
2026-10-04 11:39:41,F1,62.908,0.728,4.051,45.804,7.289,normal
2026-10-04 11:40:41,F1,39.545,0.579,5.558,58.802,7.202,normal
2026-10-04 11:41:41,F1,60.699,0.795,4.542,64.789,8.426,normal
2026-10-04 11:42:41,F1,50.258,0.445,4.864,50.884,7.624,normal
2026-10-04 11:43:41,F1,56.619,0.761,4.103,62.256,6.332,normal
2026-10-04 11:44:41,F1,55.211,0.581,3.748,45.324,6.213,normal
2026-10-04 11:45:41,F1,58.829,0.545,4.286,57.161,7.612,normal
2026-10-04 11:46:41,F1,50.893,0.666,3.102,63.783,7.952,normal
2026-10-04 11:47:41,F1,38.491,0.823,2.276,49.343,7.603,normal
2026-10-04 11:48:41,F1,57.708,0.797,3.732,64.064,8.702,normal
2026-10-04 11:49:41,F1,45.51,0.737,3.37,55.683,7.829,normal
2026-10-04 11:50:41,F1,58.433,0.801,3.804,41.725,7.395,normal
2026-10-04 11:51:41,F1,52.572,0.771,3.464,69.368,7.124,normal
2026-10-04 11:52:41,F1,53.372,0.647,3.673,40.867,7.0,normal
2026-10-04 11:53:41,F1,59.727,0.631,4.09,53.43,6.332,normal
2026-10-04 11:54:41,F1,58.142,0.738,4.09,53.828,7.513,normal
2026-10-04 11:55:41,F1,45.716,0.873,2.336,51.899,6.97,normal
2026-10-04 11:56:41,F1,53.687,0.584,3.474,62.012,7.502,normal
2026-10-04 11:57:41,F1,51.579,0.715,3.376,58.472,7.379,normal
2026-10-04 11:58:41,F1,54.41,0.65,3.395,56.581,5.859,normal
2026-10-04 11:59:41,F1,55.575,0.648,2.453,47.366,9.532,normal
2026-10-04 12:00:41,F1,58.109,0.592,3.692,50.359,7.316,normal
2026-10-04 12:01:41,F1,50.105,0.63,3.473,61.184,6.974,normal
2026-10-04 12:02:41,F1,59.457,1.037,3.527,58.279,6.713,normal
2026-10-04 12:03:41,F1,55.966,0.679,2.982,46.969,7.955,normal
2026-10-04 12:04:41,F1,75.595,0.232,3.408,60.398,7.405,normal
2026-10-04 12:05:41,F1,49.254,0.627,2.896,57.28,5.972,normal
2026-10-04 12:06:41,F1,56.753,0.696,3.992,63.931,7.323,normal
2026-10-04 12:07:41,F1,56.125,0.955,3.249,48.125,4.737,normal
2026-10-04 12:08:41,F1,67.048,0.729,3.507,36.447,6.766,normal
2026-10-04 12:09:41,F1,52.501,0.863,4.205,59.337,7.955,normal
2026-10-04 12:10:41,F1,66.571,0.587,3.748,44.163,6.351,normal
2026-10-04 12:11:41,F1,49.004,0.455,4.144,53.985,6.166,normal
2026-10-04 12:12:41,F1,59.537,0.428,3.677,46.649,6.526,normal
2026-10-04 12:13:41,F1,60.284,0.561,3.229,41.477,8.188,normal
2026-10-04 12:14:41,F1,59.257,0.814,4.185,52.206,4.975,normal
2026-10-04 12:15:41,F1,63.528,0.386,3.913,57.915,2.384,normal
2026-10-04 12:16:41,F1,52.008,0.701,3.279,63.306,6.447,normal
2026-10-04 12:17:41,F1,54.494,0.686,3.769,57.294,6.004,normal
2026-10-04 12:18:41,F1,56.524,0.874,3.771,44.74,5.888,normal
2026-10-04 12:19:41,F1,56.646,0.909,3.922,42.267,5.505,normal
2026-10-04 12:20:41,F1,39.505,0.568,4.099,59.191,5.484,normal
2026-10-04 12:21:41,F1,60.413,0.795,3.154,41.105,7.238,normal
2026-10-04 12:22:41,F1,44.85,0.714,4.052,51.728,6.198,normal
2026-10-04 12:23:41,F1,62.606,0.895,2.927,62.448,7.078,normal
2026-10-04 12:24:41,F1,61.809,0.82,4.306,54.538,5.617,normal
2026-10-04 12:25:41,F1,51.215,0.593,4.631,59.841,5.622,normal
2026-10-04 12:26:41,F1,52.938,0.854,4.393,57.576,5.435,normal
2026-10-04 12:27:41,F1,46.678,0.802,3.192,65.473,5.179,normal
2026-10-04 12:28:41,F1,54.708,0.692,4.102,42.207,6.579,normal
2026-10-04 12:29:41,F1,65.02,0.524,3.383,61.657,7.72,normal
2026-10-04 12:30:41,F1,54.891,0.704,3.145,50.611,3.235,normal
2026-10-04 12:31:41,F1,60.941,0.632,4.097,53.685,6.204,normal
2026-10-04 12:32:41,F1,44.852,0.745,3.72,64.341,8.479,normal
2026-10-04 12:33:41,F1,49.621,0.7,3.488,49.61,4.155,normal
2026-10-04 12:34:41,F1,47.688,0.456,4.054,60.793,4.449,normal
2026-10-04 12:35:41,F1,61.103,0.655,2.981,50.404,7.555,normal
2026-10-04 12:36:41,F1,47.967,0.702,3.677,47.102,6.572,normal
2026-10-04 12:37:41,F1,57.78,0.427,4.095,47.748,7.624,normal
2026-10-04 12:38:41,F1,54.778,0.527,6.807,51.132,6.454,normal
2026-10-04 12:39:41,F1,48.729,0.538,4.328,46.273,7.821,normal
2026-10-04 12:40:41,F1,52.974,0.637,4.216,45.635,6.025,normal
2026-10-04 12:41:41,F1,64.786,0.676,3.268,47.701,4.901,normal
2026-10-04 12:42:41,F1,58.582,0.355,2.988,56.959,5.925,normal
2026-10-04 12:43:41,F1,48.291,0.432,3.243,46.364,6.3,normal
2026-10-04 12:44:41,F1,56.663,0.718,3.132,45.08,7.189,normal
2026-10-04 12:45:41,F1,62.981,0.473,4.453,30.881,8.462,normal
2026-10-04 12:46:41,F1,49.647,0.409,3.9,63.136,8.49,normal
2026-10-04 12:47:41,F1,50.436,0.579,3.867,65.929,6.756,normal
2026-10-04 12:48:41,F1,46.484,0.735,3.969,52.041,7.555,normal
2026-10-04 12:49:41,F1,52.191,0.628,3.804,55.332,6.578,normal
2026-10-04 12:50:41,F1,67.559,0.696,2.525,54.666,6.236,normal
2026-10-04 12:51:41,F1,57.108,0.609,4.582,63.225,5.826,normal
2026-10-04 12:52:41,F1,54.967,0.532,4.022,61.154,6.934,normal
2026-10-04 12:53:41,F1,52.75,0.818,4.206,56.116,8.1,normal
2026-10-04 12:54:41,F1,52.04,0.79,3.205,54.857,5.826,normal
2026-10-04 12:55:41,F1,52.105,0.432,3.395,66.117,5.423,normal
2026-10-04 12:56:41,F1,48.598,0.7,2.496,63.892,5.379,normal
2026-10-04 12:57:41,F1,56.156,0.564,4.03,50.515,5.195,normal
2026-10-04 12:58:41,F1,67.349,0.583,4.162,51.938,6.777,normal
2026-10-04 12:59:41,F1,66.239,0.66,3.221,59.869,5.561,normal
2026-10-04 13:00:41,F1,69.741,0.695,3.952,54.572,7.833,normal
2026-10-04 13:01:41,F1,50.041,0.2,3.591,67.53,9.081,normal
2026-10-04 13:02:41,F1,58.312,0.559,3.448,52.024,6.19,normal
2026-10-04 13:03:41,F1,58.663,0.419,3.184,60.206,7.794,normal
2026-10-04 13:04:41,F1,49.062,0.434,3.467,33.71,4.53,normal
2026-10-04 13:05:41,F1,53.887,0.711,3.616,55.981,5.804,normal
2026-10-04 13:06:41,F1,48.167,0.516,3.652,49.436,5.066,normal
2026-10-04 13:07:41,F1,69.1,0.674,2.922,40.696,6.605,normal
2026-10-04 13:08:41,F1,67.935,0.622,3.526,43.677,6.251,normal
2026-10-04 13:09:41,F1,45.594,0.607,3.539,53.417,6.929,normal
2026-10-04 13:10:41,F1,25.521,0.658,3.638,50.996,7.127,normal
2026-10-04 13:11:41,F1,57.88,0.76,3.816,49.797,5.446,normal
2026-10-04 13:12:41,F1,58.883,0.457,2.957,63.194,5.878,normal
2026-10-04 13:13:41,F1,55.601,0.553,4.022,56.876,6.271,normal
2026-10-04 13:14:41,F1,62.424,0.559,3.12,46.258,7.04,normal
2026-10-04 13:15:41,F1,51.143,0.392,4.268,56.962,3.119,normal
2026-10-04 13:16:41,F1,46.882,0.557,3.798,36.453,4.508,normal
2026-10-04 13:17:41,F1,64.289,0.476,3.67,53.218,5.609,normal
2026-10-04 13:18:41,F1,62.456,0.706,3.711,47.356,6.465,normal
2026-10-04 13:19:41,F1,50.666,0.621,3.353,52.587,6.288,normal
2026-10-04 13:20:41,F1,55.628,0.583,4.012,46.187,5.92,normal
2026-10-04 13:21:41,F1,46.067,0.552,3.831,52.945,7.739,normal
2026-10-04 13:22:41,F1,45.696,0.465,3.999,67.249,5.496,normal
2026-10-04 13:23:41,F1,50.277,0.709,3.46,53.199,6.662,normal
2026-10-04 13:24:41,F1,45.679,0.522,3.8,53.252,5.684,normal
2026-10-04 13:25:41,F1,59.205,0.475,2.419,57.97,7.247,normal
2026-10-04 13:26:41,F1,50.323,0.585,3.344,55.999,6.974,normal
2026-10-04 13:27:41,F1,57.604,0.831,3.719,72.191,5.843,normal
2026-10-04 13:28:41,F1,42.361,0.606,3.067,48.466,8.846,normal
2026-10-04 13:29:41,F1,55.301,0.672,3.552,66.66,7.718,normal
2026-10-04 13:30:41,F1,59.726,0.449,4.752,46.647,8.131,normal
2026-10-04 13:31:41,F1,63.2,0.503,3.452,57.253,7.35,normal
2026-10-04 13:32:41,F1,52.825,0.646,3.747,57.61,5.026,normal
2026-10-04 13:33:41,F1,58.689,0.722,4.186,56.268,9.1,normal
2026-10-04 13:34:41,F1,50.067,0.766,2.529,65.768,6.512,normal
2026-10-04 13:35:41,F1,49.016,0.591,3.551,73.03,7.469,normal
2026-10-04 13:36:41,F1,56.019,0.834,3.318,46.799,6.88,normal
2026-10-04 13:37:41,F1,70.299,0.549,3.688,44.158,6.644,normal
2026-10-04 13:38:41,F1,57.844,0.74,3.111,42.683,7.406,normal
2026-10-04 13:39:41,F1,55.86,0.538,2.954,50.679,6.625,normal
2026-10-04 13:40:41,F1,52.897,0.576,3.152,48.163,5.546,normal
2026-10-04 13:41:41,F1,50.94,0.503,2.802,64.196,5.141,normal
2026-10-04 13:42:41,F1,42.633,0.462,3.05,63.064,6.965,normal
2026-10-04 13:43:41,F1,61.194,0.397,3.279,66.467,3.59,normal
2026-10-04 13:44:41,F1,53.204,0.629,3.222,65.942,7.13,normal
2026-10-04 13:45:41,F1,60.551,0.477,3.719,48.352,6.798,normal
2026-10-04 13:46:41,F1,48.81,0.544,4.053,58.085,5.352,normal
2026-10-04 13:47:41,F1,43.866,0.438,3.793,63.352,8.284,normal
2026-10-04 13:48:41,F1,63.155,0.282,3.627,40.844,6.893,normal
2026-10-04 13:49:41,F1,42.216,0.486,3.636,55.289,6.79,normal
2026-10-04 13:50:41,F1,54.694,0.618,3.808,57.141,6.792,normal
2026-10-04 13:51:41,F1,52.197,0.767,3.212,45.588,5.466,normal
2026-10-04 13:52:41,F1,64.565,0.589,2.559,47.93,8.757,normal
2026-10-04 13:53:41,F1,51.474,0.367,3.483,43.984,8.026,normal
2026-10-04 13:54:41,F1,54.427,0.621,3.53,70.467,5.633,normal
2026-10-04 13:55:41,F1,49.213,0.755,4.399,39.79,8.259,normal
2026-10-04 13:56:41,F1,54.219,0.594,3.708,42.845,5.315,normal
2026-10-04 13:57:41,F1,63.674,0.457,3.43,36.734,9.31,normal
2026-10-04 13:58:41,F1,47.994,0.527,3.92,56.592,6.371,normal
2026-10-04 13:59:41,F1,63.717,0.6,4.098,64.125,5.945,normal
2026-10-04 14:00:41,F1,65.039,0.637,4.094,48.537,6.325,normal
2026-10-04 14:01:41,F1,54.079,0.838,3.094,51.47,6.126,normal
2026-10-04 14:02:41,F1,43.894,0.712,2.435,65.194,7.091,normal
2026-10-04 14:03:41,F1,54.673,0.837,4.34,62.494,6.616,normal
2026-10-04 14:04:41,F1,57.741,0.299,3.196,45.363,5.576,normal
2026-10-04 14:05:41,F1,63.287,0.652,3.084,26.125,4.494,normal
2026-10-04 14:06:41,F1,62.077,0.471,2.568,59.352,7.889,normal
2026-10-04 14:07:41,F1,51.253,0.454,3.953,50.862,5.777,normal
2026-10-04 14:08:41,F1,49.633,0.65,3.948,50.022,7.378,normal
2026-10-04 14:09:41,F1,60.063,0.361,3.973,49.735,7.514,normal
2026-10-04 14:10:41,F1,57.347,0.495,3.016,57.64,4.628,normal
2026-10-04 14:11:41,F1,60.809,0.559,3.707,50.509,4.91,normal
2026-10-04 14:12:41,F1,60.852,0.652,3.205,57.406,7.265,normal
2026-10-04 14:13:41,F1,53.967,0.622,4.13,41.001,6.629,normal
2026-10-04 14:14:41,F1,46.651,0.377,4.857,50.891,7.134,normal
2026-10-04 14:15:41,F1,61.877,0.447,4.025,46.808,7.175,normal
2026-10-04 14:16:41,F1,69.026,0.599,3.536,44.834,6.949,normal
2026-10-04 14:17:41,F1,53.29,0.383,3.458,59.453,6.557,normal
2026-10-04 14:18:41,F1,55.69,0.616,2.694,46.534,5.249,normal
2026-10-04 14:19:41,F1,61.528,0.361,4.047,65.409,5.305,normal
2026-10-04 14:20:41,F1,54.543,0.625,2.875,45.575,4.582,normal
2026-10-04 14:21:41,F1,52.569,0.403,4.304,51.628,7.408,normal
2026-10-04 14:22:41,F1,50.009,0.637,4.23,57.846,5.698,normal
2026-10-04 14:23:41,F1,49.731,0.404,3.886,47.751,9.456,normal
2026-10-04 14:24:41,F1,53.535,0.441,2.628,59.482,7.143,normal
2026-10-04 14:25:41,F1,58.567,0.618,3.821,59.053,6.109,normal
2026-10-04 14:26:41,F1,49.315,0.369,2.61,62.069,5.548,normal
2026-10-04 14:27:41,F1,56.224,0.667,3.681,52.441,6.626,normal
2026-10-04 14:28:41,F1,56.726,0.497,2.909,59.39,6.148,normal
2026-10-04 14:29:41,F1,40.808,0.491,3.613,63.443,5.002,normal
2026-10-04 14:30:41,F1,53.876,0.45,4.041,63.662,7.242,normal
2026-10-04 14:31:41,F1,49.522,0.627,3.483,34.745,6.317,normal
2026-10-04 14:32:41,F1,58.338,0.409,3.664,58.532,7.892,normal
2026-10-04 14:33:41,F1,50.503,0.527,4.058,43.514,5.349,normal
2026-10-04 14:34:41,F1,56.643,0.615,2.667,43.385,6.734,normal
2026-10-04 14:35:41,F1,60.759,0.548,3.123,65.979,6.123,normal
2026-10-04 14:36:41,F1,50.987,0.483,3.573,48.318,5.131,normal
2026-10-04 14:37:41,F1,58.595,0.526,3.427,53.842,6.558,normal
2026-10-04 14:38:41,F1,54.436,0.736,3.997,45.821,5.483,normal
2026-10-04 14:39:41,F1,42.075,0.368,3.15,49.744,6.946,normal
2026-10-04 14:40:41,F1,61.492,0.293,4.11,45.193,5.214,normal
2026-10-04 14:41:41,F1,59.698,0.601,4.192,45.808,4.64,normal
2026-10-04 14:42:41,F1,39.218,0.528,3.68,55.018,7.927,normal
2026-10-04 14:43:41,F1,56.516,0.484,3.168,48.103,5.115,normal
2026-10-04 14:44:41,F1,56.151,0.46,2.858,76.367,7.003,normal
2026-10-04 14:45:41,F1,53.103,0.185,3.408,45.379,6.67,normal
2026-10-04 14:46:41,F1,54.726,0.335,3.409,54.143,7.905,normal
2026-10-04 14:47:41,F1,61.53,0.327,3.745,63.321,8.343,normal
2026-10-04 14:48:41,F1,46.801,0.514,3.418,61.738,7.14,normal
2026-10-04 14:49:41,F1,59.44,0.312,4.401,54.689,6.467,normal
2026-10-04 14:50:41,F1,52.031,0.312,3.201,53.756,7.207,normal
2026-10-04 14:51:41,F1,44.378,0.222,3.778,58.409,4.701,normal
2026-10-04 14:52:41,F1,48.876,0.58,3.773,58.997,7.058,normal
2026-10-04 14:53:41,F1,62.161,0.497,3.431,45.546,5.179,normal
2026-10-04 14:54:41,F1,65.436,0.492,4.061,56.434,7.752,normal
2026-10-04 14:55:41,F1,55.963,0.612,2.142,48.036,4.214,normal
2026-10-04 14:56:41,F1,63.972,0.453,2.703,66.712,8.485,normal
2026-10-04 14:57:41,F1,59.033,0.602,2.969,46.195,9.715,normal
2026-10-04 14:58:41,F1,56.889,0.4,3.131,57.816,5.039,normal
2026-10-04 14:59:41,F1,57.823,0.358,2.66,50.655,6.01,normal
2026-10-04 15:00:41,F1,55.735,0.311,3.47,59.34,8.485,normal
2026-10-04 15:01:41,F1,56.386,0.353,2.948,56.934,8.384,normal
2026-10-04 15:02:41,F1,51.405,0.487,4.138,46.099,6.718,normal
2026-10-04 15:03:41,F1,64.512,0.388,3.368,55.537,5.341,normal
2026-10-04 15:04:41,F1,55.882,0.388,2.336,55.156,6.939,normal
2026-10-04 15:05:41,F1,45.556,0.327,3.657,56.706,7.523,normal
2026-10-04 15:06:41,F1,51.839,0.347,3.827,33.657,10.481,normal
2026-10-04 15:07:41,F1,45.077,0.624,3.48,51.359,5.632,normal
2026-10-04 15:08:41,F1,62.389,0.238,3.673,74.785,6.225,normal
2026-10-04 15:09:41,F1,55.485,0.53,3.444,56.774,6.075,normal
2026-10-04 15:10:41,F1,55.746,0.54,4.22,58.994,8.789,normal
2026-10-04 15:11:41,F1,57.194,0.033,3.397,49.47,5.156,normal
2026-10-04 15:12:41,F1,66.517,0.488,3.595,61.315,6.049,normal
2026-10-04 15:13:41,F1,41.682,0.475,3.028,57.895,5.47,normal
2026-10-04 15:14:41,F1,58.081,0.36,3.232,53.657,5.953,normal
2026-10-04 15:15:41,F1,65.751,0.237,3.07,54.776,5.729,normal
2026-10-04 15:16:41,F1,56.758,0.319,3.074,50.145,5.026,normal
2026-10-04 15:17:41,F1,56.921,0.474,2.564,71.406,5.147,normal
2026-10-04 15:18:41,F1,55.581,0.612,3.741,53.763,4.877,normal
2026-10-04 15:19:41,F1,43.78,0.561,4.354,52.473,7.095,normal
2026-10-04 15:20:41,F1,60.665,0.344,2.926,56.901,5.637,normal
2026-10-04 15:21:41,F1,55.02,0.505,4.179,54.214,6.793,normal
2026-10-04 15:22:41,F1,44.851,0.218,3.427,44.997,7.452,normal
2026-10-04 15:23:41,F1,56.309,0.303,2.5,53.013,3.412,normal
2026-10-04 15:24:41,F1,50.941,0.328,3.079,67.386,3.628,normal
2026-10-04 15:25:41,F1,59.299,0.278,2.974,49.529,7.918,normal
2026-10-04 15:26:41,F1,38.311,0.362,2.946,42.841,5.723,normal
2026-10-04 15:27:41,F1,58.973,0.417,2.82,60.76,4.527,normal
2026-10-04 15:28:41,F1,59.975,0.429,4.868,42.273,4.44,normal
2026-10-04 15:29:41,F1,60.063,0.006,3.356,58.555,8.135,normal
2026-10-04 15:30:41,F1,60.382,0.327,3.44,43.075,5.711,normal
2026-10-04 15:31:41,F1,54.404,0.273,2.424,48.335,5.914,normal
2026-10-04 15:32:41,F1,47.074,0.446,3.092,61.863,9.381,normal
2026-10-04 15:33:41,F1,61.974,0.308,4.478,63.808,7.398,normal
2026-10-04 15:34:41,F1,45.636,0.454,3.037,46.079,7.22,normal
2026-10-04 15:35:41,F1,42.387,0.495,2.451,57.859,5.241,normal
2026-10-04 15:36:41,F1,51.434,0.291,5.087,69.78,7.33,normal
2026-10-04 15:37:41,F1,63.28,0.285,3.392,48.96,6.843,normal
2026-10-04 15:38:41,F1,43.05,0.311,3.516,76.191,4.835,normal
2026-10-04 15:39:41,F1,65.304,0.521,4.024,67.628,7.789,normal
2026-10-04 15:40:41,F1,55.414,0.291,3.455,57.254,5.729,normal
2026-10-04 15:41:41,F1,55.215,0.45,3.564,51.128,7.973,normal
2026-10-04 15:42:41,F1,53.948,0.584,4.439,58.954,6.938,normal
2026-10-04 15:43:41,F1,55.363,0.592,2.395,38.44,6.585,normal
2026-10-04 15:44:41,F1,63.282,0.362,4.338,45.717,6.235,normal
2026-10-04 15:45:41,F1,55.297,0.355,3.536,51.548,5.039,normal
2026-10-04 15:46:41,F1,47.901,0.466,2.801,46.661,6.636,normal
2026-10-04 15:47:41,F1,65.861,0.265,4.307,61.472,4.754,normal
2026-10-04 15:48:41,F1,67.251,0.35,4.099,71.512,6.902,normal
2026-10-04 15:49:41,F1,56.326,0.407,2.243,63.924,5.848,normal
2026-10-04 15:50:41,F1,59.547,0.339,2.514,63.261,6.891,normal
2026-10-04 15:51:41,F1,59.736,0.178,3.92,44.77,5.886,normal
2026-10-04 15:52:41,F1,73.625,0.579,3.494,69.625,7.458,normal
2026-10-04 15:53:41,F1,52.988,0.354,3.151,46.622,6.719,normal
2026-10-04 15:54:41,F1,54.931,0.318,3.216,56.832,6.128,normal
2026-10-04 15:55:41,F1,45.814,0.564,3.69,54.591,7.707,normal
2026-10-04 15:56:41,F1,46.182,0.515,3.067,60.17,5.743,normal
2026-10-04 15:57:41,F1,54.941,0.399,3.1,57.46,6.984,normal
2026-10-04 15:58:41,F1,54.897,0.403,4.331,53.429,5.568,normal
2026-10-04 15:59:41,F1,51.885,0.314,3.364,40.854,5.714,normal
2026-10-04 16:00:41,F1,58.556,0.327,3.021,65.552,7.368,normal
2026-10-04 16:01:41,F1,64.179,0.373,3.173,57.235,8.656,normal
2026-10-04 16:02:41,F1,50.039,0.587,3.892,64.059,7.651,normal
2026-10-04 16:03:41,F1,60.508,0.433,3.815,62.588,6.032,normal
2026-10-04 16:04:41,F1,46.005,0.222,3.195,46.144,6.013,normal
2026-10-04 16:05:41,F1,49.921,0.477,4.085,58.905,6.84,normal
2026-10-04 16:06:41,F1,47.584,0.609,3.574,55.987,9.285,normal
2026-10-04 16:07:41,F1,61.451,0.463,3.63,72.988,7.66,normal
2026-10-04 16:08:41,F1,62.927,0.28,3.468,56.761,6.107,normal
2026-10-04 16:09:41,F1,47.884,0.259,3.826,66.736,7.846,normal
2026-10-04 16:10:41,F1,58.46,0.191,2.968,52.859,6.509,normal
2026-10-04 16:11:41,F1,64.059,0.428,3.577,54.125,6.752,normal
2026-10-04 16:12:41,F1,54.239,0.501,3.376,50.185,5.321,normal
2026-10-04 16:13:41,F1,50.321,0.254,2.849,57.918,8.119,normal
2026-10-04 16:14:41,F1,59.919,0.411,3.778,62.589,7.803,normal
2026-10-04 16:15:41,F1,61.575,0.287,2.147,61.243,5.434,normal
2026-10-04 16:16:41,F1,48.605,0.152,3.665,57.956,6.777,normal
2026-10-04 16:17:41,F1,67.426,0.467,3.038,56.143,7.786,normal
2026-10-04 16:18:41,F1,65.046,0.313,3.03,51.964,7.674,normal
2026-10-04 16:19:41,F1,45.733,0.516,3.852,55.495,7.964,normal
2026-10-04 16:20:41,F1,63.544,0.572,4.076,66.872,6.828,normal
2026-10-04 16:21:41,F1,49.484,0.444,2.695,62.139,4.961,normal
2026-10-04 16:22:41,F1,45.72,0.383,2.064,55.233,6.267,normal
2026-10-04 16:23:41,F1,47.233,0.344,2.267,37.052,6.96,normal
2026-10-04 16:24:41,F1,56.249,0.344,4.572,58.319,6.624,normal
2026-10-04 16:25:41,F1,60.155,0.138,2.407,57.453,6.292,normal
2026-10-04 16:26:41,F1,70.493,0.457,3.665,40.103,4.183,normal
2026-10-04 16:27:41,F1,69.78,0.301,4.014,57.359,8.157,normal
2026-10-04 16:28:41,F1,54.364,0.162,3.502,41.103,6.982,normal
2026-10-04 16:29:41,F1,58.633,0.376,3.82,55.864,6.13,normal
2026-10-04 16:30:41,F1,68.529,0.443,2.944,66.405,6.953,normal
2026-10-04 16:31:41,F1,51.924,0.443,4.076,58.295,7.15,normal
2026-10-04 16:32:41,F1,57.768,0.34,3.47,58.066,4.83,normal
2026-10-04 16:33:41,F1,60.346,0.091,4.141,57.164,5.847,normal
2026-10-04 16:34:41,F1,67.428,0.377,3.288,44.786,7.632,normal
2026-10-04 16:35:41,F1,53.8,0.258,3.171,57.705,6.77,normal
2026-10-04 16:36:41,F1,65.758,0.449,3.337,59.183,9.045,normal
2026-10-04 16:37:41,F1,52.774,0.304,3.831,50.245,7.445,normal
2026-10-04 16:38:41,F1,42.67,0.261,3.773,55.553,6.378,normal
2026-10-04 16:39:41,F1,53.353,0.191,4.634,47.238,7.236,normal
2026-10-04 16:40:41,F1,46.651,0.178,3.612,57.558,5.828,normal
2026-10-04 16:41:41,F1,56.363,0.0,3.119,49.886,3.276,normal
2026-10-04 16:42:41,F1,54.724,0.299,3.854,58.176,5.956,normal
2026-10-04 16:43:41,F1,42.744,0.111,3.284,59.236,7.353,normal
2026-10-04 16:44:41,F1,60.228,0.296,3.636,61.604,6.682,normal
2026-10-04 16:45:41,F1,57.715,0.286,2.496,50.181,6.798,normal
2026-10-04 16:46:41,F1,49.081,0.278,4.156,70.468,7.211,normal
2026-10-04 16:47:41,F1,54.698,0.293,3.318,55.036,5.656,normal
2026-10-04 16:48:41,F1,59.38,0.373,4.211,50.254,6.217,normal
2026-10-04 16:49:41,F1,62.931,0.175,4.162,50.788,6.455,normal
2026-10-04 16:50:41,F1,50.815,0.351,2.448,45.623,6.499,normal
2026-10-04 16:51:41,F1,51.744,0.53,3.754,66.432,7.396,normal
2026-10-04 16:52:41,F1,49.664,0.579,4.068,61.773,5.089,normal
2026-10-04 16:53:41,F1,57.046,0.251,3.821,56.938,4.767,normal
2026-10-04 16:54:41,F1,48.143,0.123,3.684,61.911,5.718,normal
2026-10-04 16:55:41,F1,63.672,0.644,3.51,60.151,5.821,normal
2026-10-04 16:56:41,F1,53.901,0.506,3.574,55.484,6.812,normal
2026-10-04 16:57:41,F1,59.19,0.348,3.647,37.786,7.67,normal
2026-10-04 16:58:41,F1,69.13,0.213,3.758,57.321,7.495,normal
2026-10-04 16:59:41,F1,55.228,0.219,2.578,47.637,6.92,normal
2026-10-04 17:00:41,F1,47.606,0.445,3.634,68.886,6.369,normal
2026-10-04 17:01:41,F1,56.059,0.367,2.908,46.64,6.551,normal
2026-10-04 17:02:41,F1,40.915,0.376,2.517,62.409,5.46,normal
2026-10-04 17:03:41,F1,61.12,0.286,3.127,53.292,5.518,normal
2026-10-04 17:04:41,F1,56.789,0.082,3.091,56.574,7.849,normal
2026-10-04 17:05:41,F1,53.45,0.074,2.905,47.201,3.565,normal
2026-10-04 17:06:41,F1,40.556,0.369,3.713,41.787,7.297,normal
2026-10-04 17:07:41,F1,46.321,0.374,4.223,51.581,7.586,normal
2026-10-04 17:08:41,F1,62.669,0.331,3.939,59.504,6.907,normal
2026-10-04 17:09:41,F1,52.609,0.468,3.831,42.647,4.265,normal
2026-10-04 17:10:41,F1,54.743,0.377,3.081,51.239,6.102,normal
2026-10-04 17:11:41,F1,53.393,0.166,2.718,49.062,5.8,normal
2026-10-04 17:12:41,F1,54.867,0.223,2.31,60.513,6.76,normal
2026-10-04 17:13:41,F1,57.997,0.355,3.099,45.034,7.689,normal
2026-10-04 17:14:41,F1,54.849,0.152,2.497,44.4,8.025,normal
2026-10-04 17:15:41,F1,58.828,0.354,3.028,45.831,4.981,normal
2026-10-04 17:16:41,F1,49.352,0.385,3.18,46.358,6.064,normal
2026-10-04 17:17:41,F1,61.581,0.195,2.994,49.517,6.756,normal
2026-10-04 17:18:41,F1,50.747,0.313,3.359,61.788,6.101,normal
2026-10-04 17:19:41,F1,52.519,0.204,3.712,45.568,3.488,normal
2026-10-04 17:20:41,F1,55.378,0.248,3.371,64.197,6.494,normal
2026-10-04 17:21:41,F1,50.489,0.092,3.019,51.535,7.676,normal
2026-10-04 17:22:41,F1,44.912,0.063,2.712,47.868,6.812,normal
2026-10-04 17:23:41,F1,49.494,0.245,3.562,53.882,5.552,normal
2026-10-04 17:24:41,F1,53.949,0.32,2.431,63.166,5.475,normal
2026-10-04 17:25:41,F1,57.721,0.104,2.679,66.743,5.752,normal
2026-10-04 17:26:41,F1,49.795,0.275,3.078,59.854,4.775,normal
2026-10-04 17:27:41,F1,50.855,0.369,4.522,53.477,7.179,normal
2026-10-04 17:28:41,F1,55.522,0.226,4.14,59.298,7.964,normal
2026-10-04 17:29:41,F1,43.814,0.303,2.842,60.001,8.793,normal
2026-10-04 17:30:41,F1,52.704,0.163,2.911,53.803,4.031,normal
2026-10-04 17:31:41,F1,57.909,0.117,3.204,51.313,5.175,normal
2026-10-04 17:32:41,F1,60.665,0.218,2.997,51.996,5.952,normal
2026-10-04 17:33:41,F1,48.622,0.445,2.696,67.225,7.904,normal
2026-10-04 17:34:41,F1,45.676,0.022,2.547,59.265,4.117,normal
2026-10-04 17:35:41,F1,61.333,0.215,3.317,53.18,7.895,normal
2026-10-04 17:36:41,F1,63.909,0.0,3.257,62.977,6.038,normal
2026-10-04 17:37:41,F1,60.703,0.412,2.804,50.477,5.992,normal
2026-10-04 17:38:41,F1,60.297,0.211,2.332,65.298,7.046,normal
2026-10-04 17:39:41,F1,44.916,0.0,3.153,40.672,8.353,normal
2026-10-04 17:40:41,F1,60.826,0.389,3.525,58.258,7.223,normal
2026-10-04 17:41:41,F1,61.675,0.084,3.387,65.253,5.245,normal
2026-10-04 17:42:41,F1,65.568,0.15,4.693,62.367,6.991,normal
2026-10-04 17:43:41,F1,79.29,0.0,3.475,43.637,5.434,normal
2026-10-04 17:44:41,F1,60.918,0.196,2.625,58.893,4.713,normal
2026-10-04 17:45:41,F1,62.659,0.284,3.747,50.902,5.581,normal
2026-10-04 17:46:41,F1,63.277,0.271,2.429,54.832,4.889,normal
2026-10-04 17:47:41,F1,48.44,0.248,2.848,66.019,6.747,normal
2026-10-04 17:48:41,F1,55.241,0.338,2.823,54.972,8.362,normal
2026-10-04 17:49:41,F1,60.887,0.509,3.693,55.286,6.246,normal
2026-10-04 17:50:41,F1,66.017,0.411,3.379,42.712,8.057,normal
2026-10-04 17:51:41,F1,49.71,0.331,3.113,51.931,5.944,normal
2026-10-04 17:52:41,F1,50.074,0.283,3.88,56.312,5.218,normal
2026-10-04 17:53:41,F1,55.397,0.323,3.864,60.001,5.983,normal
2026-10-04 17:54:41,F1,61.711,0.138,4.253,57.105,6.95,normal
2026-10-04 17:55:41,F1,60.101,0.368,3.589,56.102,5.913,normal
2026-10-04 17:56:41,F1,49.813,0.289,3.47,49.573,6.101,normal
2026-10-04 17:57:41,F1,62.887,0.0,3.041,69.314,4.488,normal
2026-10-04 17:58:41,F1,53.86,0.373,3.4,59.803,5.71,normal
2026-10-04 17:59:41,F1,53.428,0.383,2.561,47.179,7.207,normal
2026-10-04 18:00:41,F1,65.419,0.144,3.307,65.8,8.699,normal
2026-10-04 18:01:41,F1,50.798,0.05,3.953,57.729,8.085,normal
2026-10-04 18:02:41,F1,47.538,0.341,3.452,52.074,5.814,normal
2026-10-04 18:03:41,F1,44.139,0.0,2.969,60.973,7.591,normal
2026-10-04 18:04:41,F1,51.924,0.106,2.843,55.195,4.622,normal
2026-10-04 18:05:41,F1,55.661,0.393,3.152,60.182,7.064,normal
2026-10-04 18:06:41,F1,50.505,0.148,2.961,51.092,7.572,normal
2026-10-04 18:07:41,F1,50.311,0.325,3.581,58.785,5.556,normal
2026-10-04 18:08:41,F1,48.848,0.254,2.55,53.675,6.426,normal
2026-10-04 18:09:41,F1,60.409,0.204,3.223,62.459,7.286,normal
2026-10-04 18:10:41,F1,41.985,0.435,2.624,55.28,5.816,normal
2026-10-04 18:11:41,F1,53.941,0.201,2.414,50.014,5.651,normal
2026-10-04 18:12:41,F1,56.227,0.184,1.961,56.488,5.341,normal
2026-10-04 18:13:41,F1,52.668,0.0,3.96,53.449,6.852,normal
2026-10-04 18:14:41,F1,48.651,0.369,2.885,39.864,8.289,normal
2026-10-04 18:15:41,F1,51.847,0.075,3.336,60.3,8.613,normal
2026-10-04 18:16:41,F1,61.172,0.104,3.461,53.767,5.721,normal
2026-10-04 18:17:41,F1,55.452,0.051,4.66,75.97,6.744,normal
2026-10-04 18:18:41,F1,38.607,0.182,3.576,63.849,5.912,normal
2026-10-04 18:19:41,F1,42.819,0.271,3.369,58.088,6.762,normal
2026-10-04 18:20:41,F1,53.884,0.067,1.851,54.102,7.019,normal
2026-10-04 18:21:41,F1,52.637,0.376,3.026,48.326,6.653,normal
2026-10-04 18:22:41,F1,57.854,0.256,2.617,43.516,9.195,normal
2026-10-04 18:23:41,F1,44.149,0.247,4.751,45.436,6.29,normal
2026-10-04 18:24:41,F1,55.303,0.287,2.45,68.859,7.631,normal
2026-10-04 18:25:41,F1,64.214,0.11,3.269,53.451,7.23,normal
2026-10-04 18:26:41,F1,40.478,0.07,2.695,46.68,3.648,normal
2026-10-04 18:27:41,F1,54.616,0.334,3.628,56.884,7.175,normal
2026-10-04 18:28:41,F1,55.095,0.276,3.577,64.048,7.706,normal
2026-10-04 18:29:41,F1,54.096,0.091,3.943,54.48,6.549,normal
2026-10-04 18:30:41,F1,39.123,0.0,3.151,58.178,6.261,normal
2026-10-04 18:31:41,F1,59.371,0.137,4.22,43.167,8.099,normal
2026-10-04 18:32:41,F1,59.137,0.338,3.019,44.218,5.433,normal
2026-10-04 18:33:41,F1,52.493,0.296,2.934,70.438,6.905,normal
2026-10-04 18:34:41,F1,49.567,0.296,3.073,48.978,5.965,normal
2026-10-04 18:35:41,F1,54.755,0.182,2.759,67.407,6.305,normal
2026-10-04 18:36:41,F1,51.789,0.119,2.015,56.727,6.751,normal
2026-10-04 18:37:41,F1,52.104,0.033,2.813,65.703,5.755,normal
2026-10-04 18:38:41,F1,55.353,0.164,3.649,61.434,7.431,normal
2026-10-04 18:39:41,F1,51.863,0.109,2.848,68.83,5.821,normal
2026-10-04 18:40:41,F1,54.935,0.207,3.227,50.341,4.996,normal
2026-10-04 18:41:41,F1,50.203,0.096,2.955,53.172,7.344,normal
2026-10-04 18:42:41,F1,54.161,0.0,3.411,47.55,7.149,normal
2026-10-04 18:43:41,F1,64.177,0.273,3.392,56.848,8.001,normal
2026-10-04 18:44:41,F1,65.971,0.355,3.129,59.196,4.589,normal
2026-10-04 18:45:41,F1,63.577,0.409,3.435,72.445,6.185,normal
2026-10-04 18:46:41,F1,58.382,0.176,3.075,47.587,7.842,normal
2026-10-04 18:47:41,F1,48.495,0.0,2.497,62.072,5.361,normal
2026-10-04 18:48:41,F1,69.871,0.092,4.515,55.122,7.071,normal
2026-10-04 18:49:41,F1,57.665,0.073,3.744,59.356,6.513,normal
2026-10-04 18:50:41,F1,55.344,0.117,3.566,56.74,7.329,normal
2026-10-04 18:51:41,F1,52.322,0.0,3.534,51.923,7.07,normal
2026-10-04 18:52:41,F1,63.59,0.274,3.256,59.418,5.335,normal
2026-10-04 18:53:41,F1,58.507,0.066,3.63,59.318,7.99,normal
2026-10-04 18:54:41,F1,62.619,0.197,2.652,58.607,4.721,normal
2026-10-04 18:55:41,F1,48.614,0.08,2.996,50.274,5.531,normal
2026-10-04 18:56:41,F1,51.412,0.315,2.623,53.467,6.453,normal
2026-10-04 18:57:41,F1,55.397,0.0,2.672,54.32,4.876,normal
2026-10-04 18:58:41,F1,52.014,0.146,3.017,44.372,7.054,normal
2026-10-04 18:59:41,F1,56.493,0.093,3.281,50.489,4.424,normal
2026-10-04 19:00:41,F1,46.4,0.407,3.3,23.345,7.716,normal
2026-10-04 19:01:41,F1,45.881,0.135,3.582,54.21,6.023,normal
2026-10-04 19:02:41,F1,49.201,0.165,3.458,48.681,6.992,normal
2026-10-04 19:03:41,F1,52.414,0.345,2.71,68.497,6.683,normal
2026-10-04 19:04:41,F1,57.2,0.223,2.473,64.601,5.647,normal
2026-10-04 19:05:41,F1,66.754,0.0,1.26,63.288,7.68,normal
2026-10-04 19:06:41,F1,58.708,0.046,3.44,59.561,6.19,normal
2026-10-04 19:07:41,F1,59.883,0.216,3.464,61.903,6.778,normal
2026-10-04 19:08:41,F1,63.253,0.196,3.786,61.966,6.01,normal
2026-10-04 19:09:41,F1,63.538,0.156,2.693,52.826,8.498,normal
2026-10-04 19:10:41,F1,40.021,0.026,2.307,42.071,6.943,normal
2026-10-04 19:11:41,F1,58.202,0.052,3.085,63.316,6.656,normal
2026-10-04 19:12:41,F1,44.097,0.0,2.921,44.876,5.854,normal
2026-10-04 19:13:41,F1,57.255,0.144,4.052,34.761,8.988,normal
2026-10-04 19:14:41,F1,66.907,0.204,3.155,43.299,6.379,normal
2026-10-04 19:15:41,F1,60.71,0.106,3.171,50.571,6.483,normal
2026-10-04 19:16:41,F1,63.909,0.0,3.251,54.012,6.682,normal
2026-10-04 19:17:41,F1,45.177,0.112,3.53,37.64,3.559,normal
2026-10-04 19:18:41,F1,55.307,0.14,2.853,51.631,6.034,normal
2026-10-04 19:19:41,F1,62.845,0.02,3.847,56.433,7.061,normal
2026-10-04 19:20:41,F1,58.142,0.0,2.699,71.055,5.525,normal
2026-10-04 19:21:41,F1,48.028,0.157,3.592,54.591,6.655,normal
2026-10-04 19:22:41,F1,32.226,0.0,3.88,57.057,6.771,normal
2026-10-04 19:23:41,F1,64.54,0.133,3.639,58.563,4.875,normal
2026-10-04 19:24:41,F1,66.029,0.083,2.55,48.917,6.64,normal
2026-10-04 19:25:41,F1,64.825,0.0,2.791,58.334,6.657,normal
2026-10-04 19:26:41,F1,45.641,0.289,2.076,47.744,5.721,normal
2026-10-04 19:27:41,F1,59.935,0.0,3.479,58.627,5.931,normal
2026-10-04 19:28:41,F1,47.953,0.081,2.501,70.42,7.039,normal
2026-10-04 19:29:41,F1,62.525,0.0,3.824,52.375,6.408,normal
2026-10-04 19:30:41,F1,58.686,0.298,3.419,50.005,4.81,normal
2026-10-04 19:31:41,F1,43.651,0.0,2.734,50.0,6.165,normal
2026-10-04 19:32:41,F1,67.859,0.0,3.947,60.276,7.125,normal
2026-10-04 19:33:41,F1,72.51,0.182,2.504,56.902,2.744,normal
2026-10-04 19:34:41,F1,64.624,0.313,2.739,66.239,6.076,normal
2026-10-04 19:35:41,F1,65.172,0.058,3.762,52.183,5.857,normal
2026-10-04 19:36:41,F1,63.599,0.252,3.349,56.681,6.65,normal
2026-10-04 19:37:41,F1,62.7,0.163,3.788,58.037,7.375,normal
2026-10-04 19:38:41,F1,52.977,0.0,3.059,55.596,6.296,normal
2026-10-04 19:39:41,F1,64.722,0.163,2.917,45.799,5.849,normal
2026-10-04 19:40:41,F1,54.343,0.202,3.145,52.284,8.456,normal
2026-10-04 19:41:41,F1,42.592,0.1,2.707,55.81,6.106,normal
2026-10-04 19:42:41,F1,54.139,0.03,2.707,51.438,5.302,normal
2026-10-04 19:43:41,F1,54.504,0.226,2.771,47.975,5.385,normal
2026-10-04 19:44:41,F1,46.925,0.031,3.395,56.149,4.762,normal
2026-10-04 19:45:41,F1,45.725,0.237,3.364,63.983,6.09,normal
2026-10-04 19:46:41,F1,59.372,0.135,2.631,55.716,4.741,normal
2026-10-04 19:47:41,F1,58.872,0.087,5.919,41.799,6.655,normal
2026-10-04 19:48:41,F1,54.318,0.0,3.292,57.1,6.462,normal
2026-10-04 19:49:41,F1,59.108,0.014,2.924,57.997,7.687,normal
2026-10-04 19:50:41,F1,59.713,0.0,3.317,54.353,7.315,normal
2026-10-04 19:51:41,F1,54.169,0.15,2.917,54.549,5.964,normal
2026-10-04 19:52:41,F1,62.102,0.0,3.577,50.408,6.57,normal
2026-10-04 19:53:41,F1,50.861,0.158,3.319,56.72,4.469,normal
2026-10-04 19:54:41,F1,63.356,0.104,3.59,51.331,6.058,normal
2026-10-04 19:55:41,F1,45.362,0.0,1.724,47.769,4.395,normal
2026-10-04 19:56:41,F1,57.282,0.0,2.92,45.246,5.719,normal
2026-10-04 19:57:41,F1,48.189,0.149,3.131,38.307,6.806,normal
2026-10-04 19:58:41,F1,50.876,0.013,2.98,47.182,8.814,normal
2026-10-04 19:59:41,F1,60.61,0.033,2.865,52.712,7.141,normal
2026-10-04 20:00:41,F1,57.302,0.066,3.811,54.263,5.01,normal
2026-10-04 20:01:41,F1,58.052,0.16,3.433,48.532,8.26,normal
2026-10-04 20:02:41,F1,53.917,0.0,3.184,64.314,5.301,normal
2026-10-04 20:03:41,F1,55.121,0.0,4.26,48.076,7.488,normal
2026-10-04 20:04:41,F1,62.631,0.126,2.883,56.796,8.743,normal
2026-10-04 20:05:41,F1,62.565,0.245,3.605,52.67,7.566,normal
2026-10-04 20:06:41,F1,56.216,0.0,3.173,50.973,5.436,normal
2026-10-04 20:07:41,F1,40.552,0.102,3.37,59.192,6.859,normal
2026-10-04 20:08:41,F1,52.89,0.0,3.436,38.324,6.652,normal
2026-10-04 20:09:41,F1,43.748,0.0,2.378,60.759,3.969,normal
2026-10-04 20:10:41,F1,77.404,0.0,2.766,38.183,7.206,normal
2026-10-04 20:11:41,F1,52.19,0.0,3.344,40.616,5.596,normal
2026-10-04 20:12:41,F1,49.659,0.209,2.44,38.356,6.555,normal
2026-10-04 20:13:41,F1,43.973,0.081,2.564,64.208,6.656,normal
2026-10-04 20:14:41,F1,63.752,0.0,3.099,59.03,4.576,normal
2026-10-04 20:15:41,F1,48.451,0.206,3.736,49.976,7.161,normal
2026-10-04 20:16:41,F1,55.679,0.0,2.411,60.573,6.061,normal
2026-10-04 20:17:41,F1,44.501,0.113,3.44,52.052,7.304,normal
2026-10-04 20:18:41,F1,64.063,0.068,4.007,52.56,6.189,normal
2026-10-04 20:19:41,F1,50.81,0.0,3.21,42.869,6.46,normal
2026-10-04 20:20:41,F1,59.947,0.0,3.124,49.814,6.871,normal
2026-10-04 20:21:41,F1,51.697,0.252,2.86,69.15,4.516,normal
2026-10-04 20:22:41,F1,43.776,0.009,3.04,57.36,6.75,normal
2026-10-04 20:23:41,F1,60.976,0.0,3.749,40.843,9.524,normal
2026-10-04 20:24:41,F1,35.51,0.045,3.287,52.953,6.484,normal
2026-10-04 20:25:41,F1,50.297,0.087,2.314,63.682,6.688,normal
2026-10-04 20:26:41,F1,42.186,0.143,3.178,42.457,5.086,normal
2026-10-04 20:27:41,F1,55.172,0.0,3.433,51.75,3.763,normal
2026-10-04 20:28:41,F1,51.545,0.076,3.267,52.05,5.867,normal
2026-10-04 20:29:41,F1,65.865,0.0,2.748,56.009,5.487,normal
2026-10-04 20:30:41,F1,55.234,0.168,2.84,69.697,7.635,normal
2026-10-04 20:31:41,F1,60.452,0.0,2.304,45.781,8.42,normal
2026-10-04 20:32:41,F1,61.217,0.0,4.449,60.767,6.818,normal
2026-10-04 20:33:41,F1,54.369,0.0,3.248,48.539,6.993,normal
2026-10-04 20:34:41,F1,53.703,0.0,3.205,51.621,6.595,normal
2026-10-04 20:35:41,F1,57.439,0.049,2.73,62.953,5.171,normal
2026-10-04 20:36:41,F1,66.571,0.075,3.364,50.777,6.809,normal
2026-10-04 20:37:41,F1,54.382,0.0,2.667,51.437,7.591,normal
2026-10-04 20:38:41,F1,53.058,0.0,3.415,55.781,4.706,normal
2026-10-04 20:39:41,F1,57.614,0.0,2.602,54.808,6.796,normal
2026-10-04 20:40:41,F1,59.232,0.119,2.086,50.783,8.031,normal
2026-10-04 20:41:41,F1,49.119,0.033,3.475,65.48,4.92,normal
2026-10-04 20:42:41,F1,59.339,0.154,3.15,50.773,5.158,normal
2026-10-04 20:43:41,F1,53.988,0.167,2.809,56.936,6.889,normal
2026-10-04 20:44:41,F1,58.681,0.332,3.443,55.845,5.091,normal
2026-10-04 20:45:41,F1,66.697,0.179,2.594,58.153,6.779,normal
2026-10-04 20:46:41,F1,73.299,0.025,3.083,35.411,6.477,normal
2026-10-04 20:47:41,F1,49.419,0.052,2.648,46.58,7.144,normal
2026-10-04 20:48:41,F1,44.796,0.071,2.92,48.635,6.832,normal
2026-10-04 20:49:41,F1,43.171,0.0,2.91,66.258,8.841,normal
2026-10-04 20:50:41,F1,69.293,0.256,2.523,63.419,8.356,normal
2026-10-04 20:51:41,F1,50.002,0.234,2.492,55.452,5.769,normal
2026-10-04 20:52:41,F1,53.478,0.0,3.481,50.168,4.977,normal
2026-10-04 20:53:41,F1,58.875,0.0,2.725,56.66,5.705,normal
2026-10-04 20:54:41,F1,55.329,0.0,2.933,57.532,5.579,normal
2026-10-04 20:55:41,F1,56.073,0.207,2.905,64.423,6.487,normal
2026-10-04 20:56:41,F1,48.386,0.0,3.863,49.974,6.394,normal
2026-10-04 20:57:41,F1,56.923,0.0,1.689,50.845,7.069,normal
2026-10-04 20:58:41,F1,60.808,0.0,3.865,47.625,5.885,normal
2026-10-04 20:59:41,F1,54.105,0.0,2.641,69.354,5.477,normal
2026-10-04 21:00:41,F1,43.361,0.019,3.082,48.447,5.736,normal
2026-10-04 21:01:41,F1,42.104,0.027,2.993,50.267,7.88,normal
2026-10-04 21:02:41,F1,54.286,0.0,2.971,58.997,4.746,normal
2026-10-04 21:03:41,F1,37.726,0.049,2.798,57.457,7.357,normal
2026-10-04 21:04:41,F1,49.138,0.0,3.199,58.451,7.897,normal
2026-10-04 21:05:41,F1,53.117,0.023,2.961,53.843,5.09,normal
2026-10-04 21:06:41,F1,66.485,0.0,3.521,44.078,5.259,normal
2026-10-04 21:07:41,F1,51.735,0.0,2.922,86.099,3.278,normal
2026-10-04 21:08:41,F1,64.381,0.262,2.089,55.493,7.937,normal
2026-10-04 21:09:41,F1,49.88,0.065,3.079,58.943,6.198,normal
2026-10-04 21:10:41,F1,54.877,0.0,3.641,60.996,5.202,normal
2026-10-04 21:11:41,F1,50.476,0.023,2.513,57.665,7.584,normal
2026-10-04 21:12:41,F1,70.196,0.0,1.988,52.908,6.884,normal
2026-10-04 21:13:41,F1,41.45,0.0,3.321,63.062,5.92,normal
2026-10-04 21:14:41,F1,53.027,0.041,2.916,39.77,3.652,normal
2026-10-04 21:15:41,F1,57.107,0.0,3.15,56.209,6.676,normal
2026-10-04 21:16:41,F1,40.389,0.0,2.548,51.047,5.823,normal
2026-10-04 21:17:41,F1,49.894,0.008,2.898,60.864,6.279,normal
2026-10-04 21:18:41,F1,48.655,0.0,2.845,60.229,6.397,normal
2026-10-04 21:19:41,F1,34.521,0.092,2.92,55.28,4.567,normal
2026-10-04 21:20:41,F1,61.127,0.089,2.488,57.129,3.975,normal
2026-10-04 21:21:41,F1,52.96,0.0,3.262,61.583,5.906,normal
2026-10-04 21:22:41,F1,53.953,0.196,3.08,52.454,3.615,normal
2026-10-04 21:23:41,F1,55.466,0.267,3.163,58.503,5.537,normal
2026-10-04 21:24:41,F1,64.658,0.0,3.427,52.891,6.078,normal
2026-10-04 21:25:41,F1,50.322,0.0,2.51,40.893,3.688,normal
2026-10-04 21:26:41,F1,53.242,0.0,2.302,55.073,6.264,normal
2026-10-04 21:27:41,F1,59.405,0.013,2.327,64.443,5.307,normal
2026-10-04 21:28:41,F1,58.448,0.0,3.444,59.646,8.441,normal
2026-10-04 21:29:41,F1,67.738,0.0,3.287,56.511,7.664,normal
2026-10-04 21:30:41,F1,48.379,0.0,3.785,62.702,5.72,normal
2026-10-04 21:31:41,F1,46.103,0.0,2.337,58.46,5.278,normal
2026-10-04 21:32:41,F1,44.212,0.016,2.848,44.551,5.696,normal
2026-10-04 21:33:41,F1,66.069,0.0,3.145,59.733,5.342,normal
2026-10-04 21:34:41,F1,53.798,0.0,2.686,57.712,3.893,normal
2026-10-04 21:35:41,F1,52.66,0.0,2.2,35.057,6.378,normal
2026-10-04 21:36:41,F1,62.239,0.0,2.173,33.351,6.045,normal
2026-10-04 21:37:41,F1,54.061,0.0,3.198,56.105,4.896,normal
2026-10-04 21:38:41,F1,61.654,0.0,3.229,45.71,7.228,normal
2026-10-04 21:39:41,F1,50.251,0.0,2.782,47.221,5.207,normal
2026-10-04 21:40:41,F1,48.988,0.088,2.832,67.245,5.228,normal
2026-10-04 21:41:41,F1,46.718,0.0,2.713,58.944,5.026,normal
2026-10-04 21:42:41,F1,56.418,0.0,3.17,57.857,4.632,normal
2026-10-04 21:43:41,F1,45.321,0.0,2.626,51.249,6.554,normal
2026-10-04 21:44:41,F1,49.719,0.0,3.048,54.816,5.632,normal
2026-10-04 21:45:41,F1,56.968,0.0,2.314,35.932,7.164,normal
2026-10-04 21:46:41,F1,59.597,0.0,2.065,54.099,6.583,normal
2026-10-04 21:47:41,F1,58.042,0.0,2.705,57.594,6.691,normal
2026-10-04 21:48:41,F1,55.64,0.155,3.653,75.44,7.842,normal
2026-10-04 21:49:41,F1,57.433,0.0,3.38,60.528,7.161,normal
2026-10-04 21:50:41,F1,60.919,0.257,3.447,59.393,6.81,normal
2026-10-04 21:51:41,F1,65.071,0.0,3.26,54.678,5.629,normal
2026-10-04 21:52:41,F1,61.662,0.0,3.375,61.795,6.037,normal
2026-10-04 21:53:41,F1,57.276,0.0,3.413,43.031,5.717,normal
2026-10-04 21:54:41,F1,58.377,0.0,3.368,51.791,6.082,normal
2026-10-04 21:55:41,F1,42.763,0.043,3.124,66.695,5.328,normal
2026-10-04 21:56:41,F1,47.573,0.0,3.819,59.686,6.125,normal
2026-10-04 21:57:41,F1,60.353,0.0,2.857,52.494,5.037,normal
2026-10-04 21:58:41,F1,52.341,0.0,2.345,53.314,5.47,normal
2026-10-04 21:59:41,F1,51.124,0.0,2.066,50.515,8.077,normal
2026-10-04 22:00:41,F1,56.213,0.058,3.512,51.44,7.169,normal
2026-10-04 22:01:41,F1,38.635,0.0,2.155,62.13,7.624,normal
2026-10-04 22:02:41,F1,75.988,0.0,3.399,49.479,5.863,normal
2026-10-04 22:03:41,F1,59.476,0.0,3.454,51.518,8.307,normal
2026-10-04 22:04:41,F1,65.715,0.0,3.741,51.635,3.871,normal
2026-10-04 22:05:41,F1,57.232,0.118,3.982,50.459,5.915,normal
2026-10-04 22:06:41,F1,56.403,0.0,2.434,50.547,6.312,normal
2026-10-04 22:07:41,F1,55.979,0.0,2.51,63.066,5.016,normal
2026-10-04 22:08:41,F1,58.626,0.0,4.09,44.492,6.346,normal
2026-10-04 22:09:41,F1,61.187,0.0,3.145,60.77,5.66,normal
2026-10-04 22:10:41,F1,61.29,0.0,3.999,61.691,5.364,normal
2026-10-04 22:11:41,F1,58.019,0.0,4.089,58.706,3.012,normal
2026-10-04 22:12:41,F1,45.709,0.0,2.657,50.397,5.277,normal
2026-10-04 22:13:41,F1,57.457,0.0,4.167,55.671,4.269,normal
2026-10-04 22:14:41,F1,48.902,0.0,2.552,60.265,4.671,normal
2026-10-04 22:15:41,F1,52.446,0.0,2.708,48.768,5.885,normal
2026-10-04 22:16:41,F1,68.696,0.0,3.343,74.078,6.53,normal
2026-10-04 22:17:41,F1,57.62,0.0,2.826,51.32,8.126,normal
2026-10-04 22:18:41,F1,61.666,0.038,3.301,55.381,6.216,normal
2026-10-04 22:19:41,F1,63.019,0.0,2.708,55.434,6.104,normal
2026-10-04 22:20:41,F1,48.933,0.0,3.57,64.768,5.076,normal
2026-10-04 22:21:41,F1,47.962,0.0,3.774,59.412,7.773,normal
2026-10-04 22:22:41,F1,64.071,0.0,2.89,45.288,4.951,normal
2026-10-04 22:23:41,F1,49.153,0.0,3.754,59.102,6.53,normal
2026-10-04 22:24:41,F1,61.014,0.065,3.087,52.88,6.168,normal
2026-10-04 22:25:41,F1,69.056,0.0,2.853,45.823,5.445,normal
2026-10-04 22:26:41,F1,54.551,0.0,1.977,51.211,5.89,normal
2026-10-04 22:27:41,F1,62.522,0.0,3.328,53.657,6.502,normal
2026-10-04 22:28:41,F1,54.603,0.0,2.569,49.079,6.364,normal
2026-10-04 22:29:41,F1,52.566,0.0,2.584,64.898,5.824,normal
2026-10-04 22:30:41,F1,56.301,0.003,1.417,65.59,6.071,normal
2026-10-04 22:31:41,F1,56.123,0.0,2.44,52.962,5.955,normal
2026-10-04 22:32:41,F1,55.204,0.0,2.793,62.315,6.538,normal
2026-10-04 22:33:41,F1,41.979,0.0,2.294,48.018,5.487,normal
2026-10-04 22:34:41,F1,50.327,0.0,4.181,54.656,6.939,normal
2026-10-04 22:35:41,F1,54.819,0.0,1.929,43.34,4.421,normal
2026-10-04 22:36:41,F1,54.604,0.0,2.434,50.926,6.441,normal
2026-10-04 22:37:41,F1,55.843,0.0,2.418,62.341,9.032,normal
2026-10-04 22:38:41,F1,55.697,0.0,4.048,53.163,5.5,normal
2026-10-04 22:39:41,F1,56.837,0.093,2.742,32.368,5.492,normal
2026-10-04 22:40:41,F1,46.97,0.0,2.347,54.172,5.913,normal
2026-10-04 22:41:41,F1,55.522,0.0,2.537,66.35,6.581,normal
2026-10-04 22:42:41,F1,59.382,0.0,3.729,63.808,5.189,normal
2026-10-04 22:43:41,F1,32.006,0.0,3.553,38.076,4.919,normal
2026-10-04 22:44:41,F1,55.821,0.0,2.537,35.811,8.138,normal
2026-10-04 22:45:41,F1,60.509,0.0,3.206,61.514,7.001,normal
2026-10-04 22:46:41,F1,51.301,0.0,3.161,52.053,5.349,normal
2026-10-04 22:47:41,F1,53.312,0.0,2.823,53.425,5.745,normal
2026-10-04 22:48:41,F1,71.334,0.0,2.768,69.486,6.246,normal
2026-10-04 22:49:41,F1,53.863,0.0,2.405,57.41,6.993,normal
2026-10-04 22:50:41,F1,63.851,0.0,2.751,60.137,8.377,normal
2026-10-04 22:51:41,F1,46.652,0.0,2.767,55.927,5.262,normal
2026-10-04 22:52:41,F1,56.379,0.0,3.209,34.818,5.688,normal
2026-10-04 22:53:41,F1,51.071,0.0,2.395,62.998,6.349,normal
2026-10-04 22:54:41,F1,64.899,0.012,2.481,56.196,5.559,normal
2026-10-04 22:55:41,F1,54.747,0.022,2.674,47.926,5.297,normal
2026-10-04 22:56:41,F1,50.286,0.0,4.741,60.493,6.835,normal
2026-10-04 22:57:41,F1,65.308,0.0,2.687,49.592,6.923,normal
2026-10-04 22:58:41,F1,53.104,0.0,2.663,51.523,7.186,normal
2026-10-04 22:59:41,F1,36.285,0.0,3.422,60.964,4.569,normal
2026-10-04 23:00:41,F1,45.219,0.0,1.896,54.677,5.408,normal
2026-10-04 23:01:41,F1,59.832,0.0,2.944,45.423,6.925,normal
2026-10-04 23:02:41,F1,36.677,0.0,3.035,50.324,6.366,normal
2026-10-04 23:03:41,F1,49.065,0.0,3.873,60.654,4.896,normal
2026-10-04 23:04:41,F1,53.7,0.0,2.849,59.624,3.831,normal
2026-10-04 23:05:41,F1,67.437,0.0,1.976,48.76,5.599,normal
2026-10-04 23:06:41,F1,47.217,0.0,2.56,61.612,5.954,normal
2026-10-04 23:07:41,F1,56.401,0.0,2.274,38.03,7.665,normal
2026-10-04 23:08:41,F1,57.258,0.0,2.672,49.903,4.486,normal
2026-10-04 23:09:41,F1,51.893,0.0,2.378,71.27,5.548,normal
2026-10-04 23:10:41,F1,53.401,0.0,3.219,56.101,5.836,normal
2026-10-04 23:11:41,F1,45.47,0.049,2.708,103.678,5.892,normal
2026-10-04 23:12:41,F1,54.819,0.0,3.008,46.784,4.927,normal
2026-10-04 23:13:41,F1,50.421,0.0,2.909,53.251,8.183,normal
2026-10-04 23:14:41,F1,64.178,0.0,2.194,51.12,7.445,normal
2026-10-04 23:15:41,F1,43.035,0.0,2.375,68.282,5.447,normal
2026-10-04 23:16:41,F1,52.532,0.0,3.178,41.54,4.875,normal
2026-10-04 23:17:41,F1,52.64,0.0,3.512,53.91,6.392,normal
2026-10-04 23:18:41,F1,50.798,0.0,3.685,50.609,5.778,normal
2026-10-04 23:19:41,F1,54.635,0.0,3.109,64.931,6.867,normal
2026-10-04 23:20:41,F1,63.829,0.0,3.287,52.463,4.973,normal
2026-10-04 23:21:41,F1,55.809,0.0,3.113,43.111,5.344,normal
2026-10-04 23:22:41,F1,50.773,0.0,1.964,40.306,5.86,normal
2026-10-04 23:23:41,F1,48.002,0.0,2.439,46.538,4.664,normal
2026-10-04 23:24:41,F1,55.82,0.0,2.884,51.862,6.32,normal
2026-10-04 23:25:41,F1,46.173,0.0,3.169,46.959,3.301,normal
2026-10-04 23:26:41,F1,53.962,0.168,2.574,67.846,6.354,normal
2026-10-04 23:27:41,F1,51.709,0.0,3.269,56.784,4.614,normal
2026-10-04 23:28:41,F1,53.413,0.0,3.378,52.685,6.723,normal
2026-10-04 23:29:41,F1,58.344,0.0,3.523,47.785,7.621,normal
2026-10-04 23:30:41,F1,56.701,0.0,2.423,47.456,8.645,normal
2026-10-04 23:31:41,F1,57.387,0.0,3.321,56.237,6.831,normal
2026-10-04 23:32:41,F1,67.7,0.0,3.87,56.46,4.852,normal
2026-10-04 23:33:41,F1,58.069,0.0,2.679,61.824,7.426,normal
2026-10-04 23:34:41,F1,60.368,0.0,3.98,48.553,6.354,normal
2026-10-04 23:35:41,F1,52.676,0.0,3.961,46.732,6.332,normal
2026-10-04 23:36:41,F1,55.215,0.0,2.357,57.388,6.554,normal
2026-10-04 23:37:41,F1,62.941,0.0,2.993,48.036,2.927,normal
2026-10-04 23:38:41,F1,53.845,0.0,4.309,54.242,6.755,normal
2026-10-04 23:39:41,F1,51.927,0.0,2.795,55.588,8.63,normal
2026-10-04 23:40:41,F1,52.098,0.0,3.536,43.981,5.635,normal
2026-10-04 23:41:41,F1,63.984,0.0,3.072,58.995,4.912,normal
2026-10-04 23:42:41,F1,44.451,0.0,2.27,66.156,7.167,normal
2026-10-04 23:43:41,F1,55.422,0.0,2.95,44.038,6.318,normal
2026-10-04 23:44:41,F1,46.131,0.0,1.78,47.625,6.795,normal
2026-10-04 23:45:41,F1,53.22,0.0,2.843,57.644,5.982,normal
2026-10-04 23:46:41,F1,59.655,0.0,2.847,33.566,6.04,normal
2026-10-04 23:47:41,F1,48.854,0.0,3.213,51.534,8.011,normal
2026-10-04 23:48:41,F1,59.668,0.237,2.16,53.512,8.631,normal
2026-10-04 23:49:41,F1,53.432,0.0,2.224,37.448,6.604,normal
2026-10-04 23:50:41,F1,46.85,0.0,2.472,63.125,7.47,normal
2026-10-04 23:51:41,F1,67.513,0.0,2.211,55.164,6.712,normal
2026-10-04 23:52:41,F1,51.0,0.0,2.903,41.479,5.214,normal
2026-10-04 23:53:41,F1,48.31,0.0,3.107,57.281,6.827,normal
2026-10-04 23:54:41,F1,55.283,0.0,2.673,52.075,7.424,normal
2026-10-04 23:55:41,F1,52.037,0.0,2.653,54.076,5.22,normal
2026-10-04 23:56:41,F1,52.49,0.0,2.344,45.813,6.42,normal
2026-10-04 23:57:41,F1,54.242,0.0,2.635,45.56,7.05,normal
2026-10-04 23:58:41,F1,61.605,0.0,2.029,67.065,7.043,normal
2026-10-04 23:59:41,F1,56.621,0.0,3.022,43.468,8.527,normal
2026-10-05 00:00:41,F1,65.523,0.0,2.681,46.333,6.27,normal
2026-10-05 00:01:41,F1,55.066,0.0,2.367,53.509,4.486,normal
2026-10-05 00:02:41,F1,61.458,0.0,3.833,47.156,7.133,normal
2026-10-05 00:03:41,F1,54.819,0.0,3.232,42.292,6.262,normal
2026-10-05 00:04:41,F1,59.621,0.0,3.643,35.456,4.733,normal
2026-10-05 00:05:41,F1,65.173,0.0,2.19,68.654,3.962,normal
2026-10-05 00:06:41,F1,57.24,0.0,2.578,66.044,6.318,normal
2026-10-05 00:07:41,F1,48.096,0.0,2.448,55.594,6.739,normal
2026-10-05 00:08:41,F1,60.07,0.0,2.958,53.284,5.651,normal
2026-10-05 00:09:41,F1,68.71,0.0,1.728,65.633,4.864,normal
2026-10-05 00:10:41,F1,46.786,0.0,2.722,57.943,7.105,normal
2026-10-05 00:11:41,F1,60.231,0.0,2.878,66.762,5.235,normal
2026-10-05 00:12:41,F1,61.391,0.0,2.409,62.442,5.156,normal
2026-10-05 00:13:41,F1,53.87,0.0,2.834,57.133,5.887,normal
2026-10-05 00:14:41,F1,64.611,0.0,2.471,53.568,5.079,normal
2026-10-05 00:15:41,F1,47.23,0.067,1.663,52.478,4.471,normal
2026-10-05 00:16:41,F1,66.463,0.0,1.264,53.327,6.451,normal
2026-10-05 00:17:41,F1,58.472,0.025,3.121,61.342,7.857,normal
2026-10-05 00:18:41,F1,58.17,0.0,2.524,53.048,6.81,normal
2026-10-05 00:19:41,F1,50.095,0.0,2.133,67.115,4.694,normal
2026-10-05 00:20:41,F1,46.844,0.0,2.294,49.674,7.582,normal
2026-10-05 00:21:41,F1,42.32,0.0,2.035,43.446,6.028,normal
2026-10-05 00:22:41,F1,45.723,0.0,2.697,52.175,8.258,normal
2026-10-05 00:23:41,F1,55.49,0.0,2.44,49.665,3.457,normal
2026-10-05 00:24:41,F1,57.579,0.0,3.204,67.616,6.111,normal
2026-10-05 00:25:41,F1,58.829,0.0,2.439,54.847,5.638,normal
2026-10-05 00:26:41,F1,52.732,0.0,2.44,48.22,4.592,normal
2026-10-05 00:27:41,F1,61.98,0.0,2.483,50.101,4.968,normal
2026-10-05 00:28:41,F1,53.999,0.0,3.666,53.185,5.072,normal
2026-10-05 00:29:41,F1,51.099,0.0,2.26,50.956,7.043,normal
2026-10-05 00:30:41,F1,43.786,0.0,2.978,51.091,7.062,normal
2026-10-05 00:31:41,F1,57.5,0.0,2.878,54.51,7.052,normal
2026-10-05 00:32:41,F1,42.108,0.0,2.738,44.942,4.978,normal
2026-10-05 00:33:41,F1,47.562,0.0,2.974,51.858,5.915,normal
2026-10-05 00:34:41,F1,57.654,0.0,2.878,45.41,6.4,normal
2026-10-05 00:35:41,F1,51.383,0.0,3.202,55.558,7.059,normal
2026-10-05 00:36:41,F1,63.153,0.0,2.532,53.304,5.867,normal
2026-10-05 00:37:41,F1,57.905,0.0,2.765,50.255,6.267,normal
2026-10-05 00:38:41,F1,53.381,0.0,2.67,50.133,6.181,normal
2026-10-05 00:39:41,F1,62.478,0.0,3.178,51.535,6.35,normal
2026-10-05 00:40:41,F1,47.147,0.0,2.294,45.78,4.91,normal
2026-10-05 00:41:41,F1,49.143,0.0,3.394,53.099,7.059,normal
2026-10-05 00:42:41,F1,60.509,0.0,3.278,61.041,7.523,normal
2026-10-05 00:43:41,F1,55.426,0.0,1.887,58.033,4.957,normal
2026-10-05 00:44:41,F1,48.925,0.0,2.352,52.635,5.408,normal
2026-10-05 00:45:41,F1,55.03,0.0,1.763,48.436,7.124,normal
2026-10-05 00:46:41,F1,59.148,0.0,2.228,55.343,5.923,normal
2026-10-05 00:47:41,F1,54.558,0.0,2.842,55.929,5.262,normal
2026-10-05 00:48:41,F1,39.907,0.0,3.038,54.674,4.516,normal
2026-10-05 00:49:41,F1,62.175,0.0,3.404,56.014,3.082,normal
2026-10-05 00:50:41,F1,53.832,0.0,3.625,56.439,6.52,normal
2026-10-05 00:51:41,F1,59.806,0.0,1.494,46.326,3.96,normal
2026-10-05 00:52:41,F1,63.602,0.0,3.079,65.3,6.533,normal
2026-10-05 00:53:41,F1,66.18,0.0,2.509,55.84,4.179,normal
2026-10-05 00:54:41,F1,64.794,0.0,3.469,48.377,3.736,normal
2026-10-05 00:55:41,F1,65.566,0.0,2.264,63.977,6.541,normal
2026-10-05 00:56:41,F1,50.521,0.0,3.056,55.02,4.502,normal
2026-10-05 00:57:41,F1,67.766,0.0,2.486,52.55,4.032,normal
2026-10-05 00:58:41,F1,64.021,0.0,2.667,35.97,5.366,normal
2026-10-05 00:59:41,F1,45.912,0.0,3.07,59.103,4.734,normal
2026-10-05 01:00:41,F1,59.581,0.0,3.104,51.512,7.599,normal
2026-10-05 01:01:41,F1,43.975,0.0,3.541,54.805,5.263,normal
2026-10-05 01:02:41,F1,59.537,0.0,2.353,46.553,8.22,normal
2026-10-05 01:03:41,F1,51.176,0.0,2.258,54.967,7.511,normal
2026-10-05 01:04:41,F1,52.068,0.0,2.407,52.201,5.38,normal
2026-10-05 01:05:41,F1,57.232,0.0,3.028,48.848,5.944,normal
2026-10-05 01:06:41,F1,50.039,0.0,2.647,51.644,5.05,normal
2026-10-05 01:07:41,F1,51.073,0.0,2.325,49.475,5.31,normal
2026-10-05 01:08:41,F1,62.362,0.0,2.13,54.918,7.183,normal
2026-10-05 01:09:41,F1,49.051,0.0,2.101,56.239,4.976,normal
2026-10-05 01:10:41,F1,68.378,0.0,3.137,52.522,4.877,normal
2026-10-05 01:11:41,F1,58.642,0.0,2.626,57.073,4.449,normal
2026-10-05 01:12:41,F1,55.616,0.0,3.071,37.544,7.416,normal
2026-10-05 01:13:41,F1,47.241,0.0,4.819,41.194,5.776,normal
2026-10-05 01:14:41,F1,34.327,0.0,3.54,59.648,6.635,normal
2026-10-05 01:15:41,F1,50.408,0.0,2.526,48.169,7.312,normal
2026-10-05 01:16:41,F1,61.384,0.0,3.196,62.333,5.987,normal
2026-10-05 01:17:41,F1,56.071,0.0,2.606,56.947,6.476,normal
2026-10-05 01:18:41,F1,55.059,0.296,2.618,55.061,4.77,normal
2026-10-05 01:19:41,F1,60.059,0.0,2.524,57.31,4.977,normal
2026-10-05 01:20:41,F1,58.155,0.0,1.994,48.806,5.049,normal
2026-10-05 01:21:41,F1,60.852,0.0,3.324,54.502,6.839,normal
2026-10-05 01:22:41,F1,46.887,0.0,3.305,55.23,5.667,normal
2026-10-05 01:23:41,F1,61.068,0.0,3.412,51.174,6.942,normal
2026-10-05 01:24:41,F1,46.684,0.0,2.26,58.135,5.215,normal
2026-10-05 01:25:41,F1,61.363,0.0,1.506,52.457,7.176,normal
2026-10-05 01:26:41,F1,71.771,0.0,3.47,61.323,6.544,normal
2026-10-05 01:27:41,F1,45.315,0.0,2.944,49.951,5.512,normal
2026-10-05 01:28:41,F1,55.024,0.0,2.027,46.537,7.078,normal
2026-10-05 01:29:41,F1,53.178,0.0,2.094,62.654,7.278,normal
2026-10-05 01:30:41,F1,50.394,0.0,2.794,55.851,3.375,normal
2026-10-05 01:31:41,F1,44.242,0.0,2.844,64.203,6.408,normal
2026-10-05 01:32:41,F1,60.076,0.0,2.275,51.737,4.618,normal
2026-10-05 01:33:41,F1,52.783,0.0,3.479,53.292,4.4,normal
2026-10-05 01:34:41,F1,59.656,0.0,2.705,53.22,6.405,normal
2026-10-05 01:35:41,F1,58.332,0.0,2.265,53.735,5.026,normal
2026-10-05 01:36:41,F1,56.572,0.0,3.528,56.832,4.388,normal
2026-10-05 01:37:41,F1,60.923,0.0,2.611,56.139,5.292,normal
2026-10-05 01:38:41,F1,52.544,0.0,2.344,53.583,5.563,normal
2026-10-05 01:39:41,F1,49.87,0.0,2.38,48.041,5.253,normal
2026-10-05 01:40:41,F1,45.755,0.037,2.438,60.937,5.892,normal
2026-10-05 01:41:41,F1,64.922,0.0,3.199,52.93,4.612,normal
2026-10-05 01:42:41,F1,49.435,0.0,2.476,60.061,9.132,normal
2026-10-05 01:43:41,F1,58.861,0.0,2.74,43.41,6.514,normal
2026-10-05 01:44:41,F1,65.239,0.0,3.08,45.516,6.722,normal
2026-10-05 01:45:41,F1,54.727,0.0,2.129,63.802,6.384,normal
2026-10-05 01:46:41,F1,56.81,0.0,2.347,53.346,5.783,normal
2026-10-05 01:47:41,F1,49.121,0.0,2.386,59.872,6.788,normal
2026-10-05 01:48:41,F1,39.556,0.0,3.262,57.984,6.905,normal
2026-10-05 01:49:41,F1,54.344,0.0,3.537,56.35,6.38,normal
2026-10-05 01:50:41,F1,42.275,0.0,3.461,48.034,5.062,normal
2026-10-05 01:51:41,F1,54.72,0.0,2.826,50.029,4.248,normal
2026-10-05 01:52:41,F1,53.425,0.0,2.847,62.306,6.533,normal
2026-10-05 01:53:41,F1,61.772,0.0,3.246,44.462,4.485,normal
2026-10-05 01:54:41,F1,56.857,0.0,2.586,67.027,5.866,normal
2026-10-05 01:55:41,F1,61.106,0.0,1.683,65.219,3.939,normal
2026-10-05 01:56:41,F1,51.422,0.0,1.459,52.242,6.597,normal
2026-10-05 01:57:41,F1,52.539,0.0,2.439,49.524,3.894,normal
2026-10-05 01:58:41,F1,45.404,0.0,2.964,50.485,6.071,normal
2026-10-05 01:59:41,F1,56.633,0.0,3.444,54.143,4.476,normal
2026-10-05 02:00:41,F1,54.641,0.0,3.272,60.281,6.157,normal
2026-10-05 02:01:41,F1,64.429,0.0,2.657,47.122,5.883,normal
2026-10-05 02:02:41,F1,44.314,0.0,2.033,38.216,7.643,normal
2026-10-05 02:03:41,F1,50.279,0.0,2.552,46.946,5.469,normal
2026-10-05 02:04:41,F1,54.505,0.0,3.006,69.678,5.103,normal
2026-10-05 02:05:41,F1,55.393,0.0,1.975,51.332,4.685,normal
2026-10-05 02:06:41,F1,58.931,0.0,2.327,40.959,5.853,normal
2026-10-05 02:07:41,F1,66.213,0.0,2.626,59.517,5.567,normal
2026-10-05 02:08:41,F1,62.944,0.0,2.801,64.519,5.98,normal
2026-10-05 02:09:41,F1,48.43,0.0,3.355,57.269,4.819,normal
2026-10-05 02:10:41,F1,70.161,0.0,2.756,69.955,6.671,normal
2026-10-05 02:11:41,F1,50.196,0.0,2.74,33.198,4.27,normal
2026-10-05 02:12:41,F1,46.028,0.0,3.459,50.743,5.691,normal
2026-10-05 02:13:41,F1,40.412,0.0,3.273,37.645,6.638,normal
2026-10-05 02:14:41,F1,43.314,0.0,2.228,65.043,7.498,normal
2026-10-05 02:15:41,F1,49.884,0.0,3.152,58.004,7.065,normal
2026-10-05 02:16:41,F1,55.996,0.0,2.485,64.224,7.1,normal
2026-10-05 02:17:41,F1,41.755,0.0,2.037,58.588,5.438,normal
2026-10-05 02:18:41,F1,59.235,0.0,2.487,34.765,4.944,normal
2026-10-05 02:19:41,F1,43.437,0.0,1.67,51.107,7.331,normal
2026-10-05 02:20:41,F1,59.015,0.0,3.188,47.652,4.607,normal
2026-10-05 02:21:41,F1,63.409,0.0,2.235,43.956,3.693,normal
2026-10-05 02:22:41,F1,65.009,0.0,2.235,65.947,6.408,normal
2026-10-05 02:23:41,F1,70.076,0.0,2.754,56.87,6.105,normal
2026-10-05 02:24:41,F1,56.515,0.0,3.164,53.708,6.437,normal
2026-10-05 02:25:41,F1,50.88,0.0,1.881,53.69,5.194,normal
2026-10-05 02:26:41,F1,57.438,0.0,3.341,37.948,6.17,normal
2026-10-05 02:27:41,F1,54.861,0.0,2.422,62.642,3.049,normal
2026-10-05 02:28:41,F1,53.772,0.0,3.211,59.557,4.264,normal
2026-10-05 02:29:41,F1,50.319,0.0,1.758,63.632,3.458,normal
2026-10-05 02:30:41,F1,62.691,0.0,2.732,54.35,6.761,normal
2026-10-05 02:31:41,F1,53.416,0.0,2.258,47.513,7.914,normal
2026-10-05 02:32:41,F1,52.482,0.0,2.809,32.927,5.503,normal
2026-10-05 02:33:41,F1,27.908,0.0,3.159,44.726,7.839,normal
2026-10-05 02:34:41,F1,55.751,0.0,2.232,55.306,5.693,normal
2026-10-05 02:35:41,F1,51.092,0.0,2.665,39.145,4.578,normal
2026-10-05 02:36:41,F1,60.026,0.0,3.292,39.128,4.945,normal
2026-10-05 02:37:41,F1,40.056,0.0,1.971,45.548,7.457,normal
2026-10-05 02:38:41,F1,54.077,0.0,3.624,43.06,6.68,normal
2026-10-05 02:39:41,F1,60.196,0.0,2.346,50.215,5.89,normal
2026-10-05 02:40:41,F1,52.949,0.0,2.705,43.281,6.341,normal
2026-10-05 02:41:41,F1,56.382,0.0,2.151,57.387,6.772,normal
2026-10-05 02:42:41,F1,46.701,0.0,3.428,66.329,5.547,normal
2026-10-05 02:43:41,F1,52.377,0.0,2.046,58.634,7.471,normal
2026-10-05 02:44:41,F1,67.941,0.0,3.246,60.62,6.73,normal
2026-10-05 02:45:41,F1,71.428,0.0,1.85,45.747,8.131,normal
2026-10-05 02:46:41,F1,52.163,0.0,2.546,70.098,4.903,normal
2026-10-05 02:47:41,F1,62.104,0.0,2.357,54.236,7.232,normal
2026-10-05 02:48:41,F1,40.178,0.0,2.547,49.263,6.803,normal
2026-10-05 02:49:41,F1,57.558,0.0,3.63,60.945,5.189,normal
2026-10-05 02:50:41,F1,56.369,0.0,2.845,57.074,5.637,normal
2026-10-05 02:51:41,F1,58.523,0.0,2.177,47.416,5.748,normal
2026-10-05 02:52:41,F1,62.358,0.0,2.256,58.718,7.816,normal
2026-10-05 02:53:41,F1,51.014,0.0,3.326,51.603,5.402,normal
2026-10-05 02:54:41,F1,58.847,0.0,2.86,60.224,5.113,normal
2026-10-05 02:55:41,F1,55.14,0.0,2.055,50.767,4.766,normal
2026-10-05 02:56:41,F1,54.459,0.0,2.139,42.402,4.155,normal
2026-10-05 02:57:41,F1,59.811,0.0,2.326,57.967,5.788,normal
2026-10-05 02:58:41,F1,44.981,0.0,2.919,61.058,7.168,normal
2026-10-05 02:59:41,F1,46.752,0.0,3.133,57.156,5.345,normal
2026-10-05 03:00:41,F1,46.322,0.0,2.162,64.063,4.69,normal
2026-10-05 03:01:41,F1,62.696,0.0,3.047,36.396,6.098,normal
2026-10-05 03:02:41,F1,54.454,0.0,3.154,47.2,5.169,normal
2026-10-05 03:03:41,F1,38.992,0.0,2.839,45.936,7.074,normal
2026-10-05 03:04:41,F1,50.701,0.0,1.844,59.269,4.168,normal
2026-10-05 03:05:41,F1,60.775,0.0,2.35,45.035,4.682,normal
2026-10-05 03:06:41,F1,45.68,0.0,1.731,54.58,3.765,normal
2026-10-05 03:07:41,F1,56.642,0.0,2.168,44.337,4.763,normal
2026-10-05 03:08:41,F1,57.692,0.0,2.64,40.292,7.53,normal
2026-10-05 03:09:41,F1,58.864,0.0,1.894,54.467,5.647,normal
2026-10-05 03:10:41,F1,61.105,0.0,2.158,46.805,4.929,normal
2026-10-05 03:11:41,F1,54.866,0.0,2.864,52.821,5.528,normal
2026-10-05 03:12:41,F1,64.194,0.0,2.272,49.113,6.59,normal
2026-10-05 03:13:41,F1,47.21,0.0,1.936,54.618,7.365,normal
2026-10-05 03:14:41,F1,52.533,0.0,2.845,53.053,5.53,normal
2026-10-05 03:15:41,F1,58.085,0.0,2.741,47.607,4.01,normal
2026-10-05 03:16:41,F1,56.127,0.0,1.594,54.644,4.023,normal
2026-10-05 03:17:41,F1,47.977,0.0,1.721,49.401,5.613,normal
2026-10-05 03:18:41,F1,48.954,0.0,2.607,60.949,6.508,normal
2026-10-05 03:19:41,F1,53.871,0.0,2.338,69.212,6.832,normal
2026-10-05 03:20:41,F1,60.436,0.0,2.423,54.243,5.806,normal
2026-10-05 03:21:41,F1,49.715,0.0,2.263,65.983,4.567,normal
2026-10-05 03:22:41,F1,55.792,0.0,2.285,42.65,7.707,normal
2026-10-05 03:23:41,F1,54.881,0.0,2.684,67.032,5.935,normal
2026-10-05 03:24:41,F1,54.565,0.0,2.551,60.041,5.105,normal
2026-10-05 03:25:41,F1,52.791,0.0,3.198,59.577,6.383,normal
2026-10-05 03:26:41,F1,57.95,0.0,4.52,47.842,6.616,normal
2026-10-05 03:27:41,F1,52.574,0.0,1.701,52.661,4.053,normal
2026-10-05 03:28:41,F1,57.669,0.0,2.184,51.65,6.869,normal
2026-10-05 03:29:41,F1,58.492,0.0,1.766,59.485,6.265,normal
2026-10-05 03:30:41,F1,56.501,0.0,2.835,55.871,5.33,normal
2026-10-05 03:31:41,F1,57.458,0.0,2.725,68.231,7.709,normal
2026-10-05 03:32:41,F1,50.498,0.0,2.442,59.013,4.994,normal
2026-10-05 03:33:41,F1,46.566,0.0,2.57,63.826,5.566,normal
2026-10-05 03:34:41,F1,41.347,0.0,2.83,46.718,6.581,normal
2026-10-05 03:35:41,F1,57.036,0.0,2.241,55.033,5.523,normal
2026-10-05 03:36:41,F1,62.77,0.0,1.158,60.839,4.711,normal
2026-10-05 03:37:41,F1,44.205,0.0,2.187,46.52,4.213,normal
2026-10-05 03:38:41,F1,55.629,0.0,2.648,60.414,6.149,normal
2026-10-05 03:39:41,F1,43.331,0.0,1.41,41.973,6.223,normal
2026-10-05 03:40:41,F1,42.533,0.0,2.795,58.07,6.398,normal
2026-10-05 03:41:41,F1,61.323,0.0,3.235,59.826,4.65,normal
2026-10-05 03:42:41,F1,53.884,0.0,2.074,62.214,4.194,normal
2026-10-05 03:43:41,F1,45.431,0.0,2.61,40.532,6.626,normal
2026-10-05 03:44:41,F1,63.805,0.0,2.539,53.478,3.003,normal
2026-10-05 03:45:41,F1,46.763,0.0,1.841,57.459,6.326,normal
2026-10-05 03:46:41,F1,47.139,0.0,3.419,45.367,4.496,normal
2026-10-05 03:47:41,F1,58.463,0.0,3.078,62.099,5.734,normal
2026-10-05 03:48:41,F1,44.666,0.0,3.183,36.819,6.612,normal
2026-10-05 03:49:41,F1,71.268,0.0,2.285,47.083,3.868,normal
2026-10-05 03:50:41,F1,61.694,0.0,2.877,51.124,5.254,normal
2026-10-05 03:51:41,F1,49.136,0.0,3.388,38.806,6.195,normal
2026-10-05 03:52:41,F1,62.062,0.0,2.914,48.335,4.288,normal
2026-10-05 03:53:41,F1,63.609,0.0,2.739,48.798,6.434,normal
2026-10-05 03:54:41,F1,49.027,0.0,2.298,54.62,4.022,normal
2026-10-05 03:55:41,F1,56.76,0.0,1.84,56.786,4.366,normal
2026-10-05 03:56:41,F1,63.006,0.0,4.145,42.977,7.462,normal
2026-10-05 03:57:41,F1,41.426,0.0,2.205,53.38,5.228,normal
2026-10-05 03:58:41,F1,52.984,0.0,1.951,44.308,4.309,normal
2026-10-05 03:59:41,F1,55.206,0.0,2.32,65.495,5.221,normal
2026-10-05 04:00:41,F1,49.928,0.0,2.322,57.713,5.8,normal
2026-10-05 04:01:41,F1,52.042,0.0,2.35,43.655,6.143,normal
2026-10-05 04:02:41,F1,55.46,0.0,2.333,48.798,6.374,normal
2026-10-05 04:03:41,F1,53.31,0.0,2.285,64.637,6.907,normal
2026-10-05 04:04:41,F1,49.824,0.0,2.757,44.226,5.07,normal
2026-10-05 04:05:41,F1,55.32,0.0,2.971,45.528,3.97,normal
2026-10-05 04:06:41,F1,45.504,0.0,2.542,31.204,7.12,normal
2026-10-05 04:07:41,F1,61.5,0.0,2.07,48.279,4.166,normal
2026-10-05 04:08:41,F1,59.549,0.0,2.529,55.926,5.012,normal
2026-10-05 04:09:41,F1,56.439,0.0,2.166,50.241,5.325,normal
2026-10-05 04:10:41,F1,53.14,0.0,3.389,49.219,4.438,normal
2026-10-05 04:11:41,F1,52.052,0.0,2.653,57.358,7.24,normal
2026-10-05 04:12:41,F1,52.538,0.0,2.002,59.743,3.621,normal
2026-10-05 04:13:41,F1,58.441,0.0,1.304,44.105,5.209,normal
2026-10-05 04:14:41,F1,59.088,0.0,2.066,58.434,5.311,normal
2026-10-05 04:15:41,F1,40.5,0.0,2.238,53.625,8.348,normal
2026-10-05 04:16:41,F1,51.602,0.0,2.87,54.879,6.468,normal
2026-10-05 04:17:41,F1,55.996,0.0,2.582,52.64,5.32,normal
2026-10-05 04:18:41,F1,55.369,0.0,2.147,50.068,6.7,normal
2026-10-05 04:19:41,F1,51.278,0.0,2.699,62.766,5.78,normal
2026-10-05 04:20:41,F1,51.157,0.0,2.484,56.994,5.063,normal
2026-10-05 04:21:41,F1,62.541,0.0,2.312,45.827,5.435,normal
2026-10-05 04:22:41,F1,49.621,0.0,3.275,60.348,7.25,normal
2026-10-05 04:23:41,F1,53.9,0.0,2.75,50.962,5.735,normal
2026-10-05 04:24:41,F1,47.964,0.0,2.815,38.481,1.41,normal
2026-10-05 04:25:41,F1,60.38,0.0,2.499,54.404,4.432,normal
2026-10-05 04:26:41,F1,51.189,0.0,1.565,57.517,7.381,normal
2026-10-05 04:27:41,F1,58.108,0.0,2.327,63.185,2.767,normal
2026-10-05 04:28:41,F1,56.699,0.0,2.514,51.939,7.093,normal
2026-10-05 04:29:41,F1,49.851,0.0,2.44,48.873,6.964,normal
2026-10-05 04:30:41,F1,57.501,0.0,2.277,47.804,6.755,normal
2026-10-05 04:31:41,F1,57.497,0.0,2.01,72.476,3.681,normal
2026-10-05 04:32:41,F1,56.095,0.0,3.512,58.947,7.593,normal
2026-10-05 04:33:41,F1,61.539,0.0,2.668,67.033,5.217,normal
2026-10-05 04:34:41,F1,62.532,0.0,2.174,48.96,4.915,normal
2026-10-05 04:35:41,F1,58.673,0.0,2.712,62.644,5.654,normal
2026-10-05 04:36:41,F1,58.377,0.0,2.693,62.711,4.851,normal
2026-10-05 04:37:41,F1,61.437,0.0,2.43,50.222,4.406,normal
2026-10-05 04:38:41,F1,55.921,0.0,2.109,49.315,6.032,normal
2026-10-05 04:39:41,F1,59.546,0.0,2.677,43.759,6.863,normal
2026-10-05 04:40:41,F1,51.633,0.0,2.19,64.721,6.964,normal
2026-10-05 04:41:41,F1,53.101,0.0,1.644,55.287,3.463,normal
2026-10-05 04:42:41,F1,43.747,0.0,2.614,66.592,7.259,normal
2026-10-05 04:43:41,F1,51.498,0.0,1.996,47.729,4.012,normal
2026-10-05 04:44:41,F1,59.384,0.0,2.348,54.023,6.108,normal
2026-10-05 04:45:41,F1,59.958,0.0,2.902,52.003,7.959,normal
2026-10-05 04:46:41,F1,49.313,0.0,1.098,59.335,5.24,normal
2026-10-05 04:47:41,F1,55.556,0.0,2.813,34.092,5.677,normal
2026-10-05 04:48:41,F1,48.696,0.0,1.005,48.66,6.128,normal
2026-10-05 04:49:41,F1,53.116,0.0,3.321,55.963,7.394,normal
2026-10-05 04:50:41,F1,52.25,0.0,2.93,56.87,7.316,normal
2026-10-05 04:51:41,F1,63.408,0.0,2.776,52.623,6.285,normal
2026-10-05 04:52:41,F1,53.762,0.0,2.522,51.317,6.439,normal
2026-10-05 04:53:41,F1,54.288,0.0,2.914,57.389,4.344,normal
2026-10-05 04:54:41,F1,65.943,0.0,2.041,41.922,5.886,normal
2026-10-05 04:55:41,F1,57.108,0.0,2.067,54.864,2.589,normal
2026-10-05 04:56:41,F1,51.252,0.0,2.893,61.965,5.821,normal
2026-10-05 04:57:41,F1,60.144,0.0,3.423,47.632,6.207,normal
2026-10-05 04:58:41,F1,54.132,0.0,1.916,60.938,5.595,normal
2026-10-05 04:59:41,F1,50.901,0.0,1.948,79.762,6.497,normal
2026-10-05 05:00:41,F1,57.028,0.0,2.033,56.19,6.383,normal
2026-10-05 05:01:41,F1,52.44,0.0,2.211,53.368,5.368,normal
2026-10-05 05:02:41,F1,57.775,0.0,3.57,41.794,8.151,normal
2026-10-05 05:03:41,F1,52.815,0.0,2.921,49.242,7.129,normal
2026-10-05 05:04:41,F1,63.535,0.0,3.649,42.916,4.917,normal
2026-10-05 05:05:41,F1,54.708,0.0,2.258,40.167,4.648,normal
2026-10-05 05:06:41,F1,62.602,0.0,2.144,56.429,5.42,normal
2026-10-05 05:07:41,F1,53.969,0.0,2.347,39.124,6.436,normal
2026-10-05 05:08:41,F1,67.254,0.0,2.724,55.628,3.375,normal
2026-10-05 05:09:41,F1,54.666,0.0,2.079,61.463,4.574,normal
2026-10-05 05:10:41,F1,49.993,0.0,1.877,51.901,8.1,normal
2026-10-05 05:11:41,F1,62.271,0.0,1.553,36.874,5.912,normal
2026-10-05 05:12:41,F1,39.546,0.0,2.844,46.965,6.402,normal
2026-10-05 05:13:41,F1,41.881,0.0,1.669,60.042,6.446,normal
2026-10-05 05:14:41,F1,53.603,0.0,2.931,49.236,5.415,normal
2026-10-05 05:15:41,F1,62.742,0.0,3.043,49.481,5.571,normal
2026-10-05 05:16:41,F1,59.098,0.0,2.474,55.192,5.572,normal
2026-10-05 05:17:41,F1,55.069,0.0,2.818,59.211,6.188,normal
2026-10-05 05:18:41,F1,40.418,0.0,2.411,61.554,4.792,normal
2026-10-05 05:19:41,F1,62.517,0.0,2.296,56.108,5.478,normal
2026-10-05 05:20:41,F1,45.344,0.0,1.863,48.23,6.077,normal
2026-10-05 05:21:41,F1,54.471,0.0,2.242,50.528,4.816,normal
2026-10-05 05:22:41,F1,63.219,0.0,3.42,78.074,6.792,normal
2026-10-05 05:23:41,F1,67.266,0.0,3.14,66.042,7.362,normal
2026-10-05 05:24:41,F1,50.502,0.0,2.417,61.241,6.759,normal
2026-10-05 05:25:41,F1,56.723,0.0,2.097,48.293,9.016,normal
2026-10-05 05:26:41,F1,50.168,0.0,2.312,44.279,8.508,normal
2026-10-05 05:27:41,F1,46.27,0.0,3.486,44.897,3.169,normal
2026-10-05 05:28:41,F1,49.601,0.0,1.841,50.534,5.715,normal
2026-10-05 05:29:41,F1,65.068,0.0,2.474,58.805,7.46,normal
2026-10-05 05:30:41,F1,51.827,0.0,2.434,73.297,7.547,normal
2026-10-05 05:31:41,F1,43.049,0.0,2.446,51.192,4.477,normal
2026-10-05 05:32:41,F1,65.781,0.0,2.619,70.265,4.006,normal
2026-10-05 05:33:41,F1,47.115,0.0,2.281,47.939,8.51,normal
2026-10-05 05:34:41,F1,59.605,0.0,2.092,40.297,6.573,normal
2026-10-05 05:35:41,F1,59.233,0.0,3.48,57.351,5.432,normal
2026-10-05 05:36:41,F1,49.819,0.0,2.68,60.547,4.603,normal
2026-10-05 05:37:41,F1,50.972,0.0,3.41,49.196,5.065,normal
2026-10-05 05:38:41,F1,50.798,0.0,1.968,59.009,4.489,normal
2026-10-05 05:39:41,F1,41.329,0.0,1.811,54.674,7.674,normal
2026-10-05 05:40:41,F1,53.663,0.0,2.681,62.643,5.971,normal
2026-10-05 05:41:41,F1,48.502,0.0,2.32,73.796,7.101,normal
2026-10-05 05:42:41,F1,49.129,0.0,2.26,56.671,4.634,normal
2026-10-05 05:43:41,F1,58.009,0.0,2.057,45.23,5.708,normal
2026-10-05 05:44:41,F1,56.776,0.0,3.276,57.128,6.002,normal
2026-10-05 05:45:41,F1,63.262,0.0,3.751,36.953,6.098,normal
2026-10-05 05:46:41,F1,50.528,0.0,2.293,52.029,5.392,normal
2026-10-05 05:47:41,F1,50.078,0.0,2.402,58.94,9.188,normal
2026-10-05 05:48:41,F1,53.144,0.0,2.106,44.25,4.989,normal
2026-10-05 05:49:41,F1,52.931,0.0,3.264,59.007,6.137,normal
2026-10-05 05:50:41,F1,59.648,0.0,2.287,42.054,6.677,normal
2026-10-05 05:51:41,F1,58.216,0.0,1.977,48.663,5.446,normal
2026-10-05 05:52:41,F1,58.462,0.0,2.258,56.352,6.234,normal
2026-10-05 05:53:41,F1,56.859,0.0,1.705,58.776,6.635,normal
2026-10-05 05:54:41,F1,63.502,0.0,1.881,51.322,5.432,normal
2026-10-05 05:55:41,F1,40.153,0.0,2.365,36.769,4.695,normal
2026-10-05 05:56:41,F1,49.405,0.0,2.872,52.829,5.638,normal
2026-10-05 05:57:41,F1,56.384,0.0,2.356,65.06,4.648,normal
2026-10-05 05:58:41,F1,56.731,0.0,2.686,42.412,6.559,normal
2026-10-05 05:59:41,F1,47.281,0.0,2.83,48.193,5.512,normal
2026-10-05 06:00:41,F1,61.319,0.0,2.028,32.876,5.232,normal
2026-10-05 06:01:41,F1,41.269,0.0,2.287,45.357,5.459,normal
2026-10-05 06:02:41,F1,53.461,0.0,2.233,59.473,4.67,normal
2026-10-05 06:03:41,F1,56.733,0.0,2.507,51.115,3.61,normal
2026-10-05 06:04:41,F1,46.803,0.0,2.489,58.471,6.163,normal
2026-10-05 06:05:41,F1,58.683,0.0,1.821,65.184,5.356,normal
2026-10-05 06:06:41,F1,58.269,0.0,2.135,53.976,6.408,normal
2026-10-05 06:07:41,F1,51.394,0.0,1.661,52.582,6.538,normal
2026-10-05 06:08:41,F1,64.342,0.0,2.353,48.926,5.152,normal
2026-10-05 06:09:41,F1,52.5,0.0,2.876,58.2,6.402,normal
2026-10-05 06:10:41,F1,49.95,0.0,3.191,52.581,5.929,normal
2026-10-05 06:11:41,F1,49.134,0.0,2.584,65.25,4.805,normal
2026-10-05 06:12:41,F1,46.677,0.0,1.793,49.503,6.498,normal
2026-10-05 06:13:41,F1,52.239,0.0,2.337,61.533,5.194,normal
2026-10-05 06:14:41,F1,54.85,0.0,3.249,57.246,5.992,normal
2026-10-05 06:15:41,F1,45.596,0.0,2.361,48.296,4.466,normal
2026-10-05 06:16:41,F1,56.182,0.0,2.279,50.198,7.066,normal
2026-10-05 06:17:41,F1,56.191,0.0,3.16,45.682,7.285,normal
2026-10-05 06:18:41,F1,49.335,0.0,1.837,49.459,7.859,normal
2026-10-05 06:19:41,F1,41.739,0.0,3.577,54.861,5.258,normal
2026-10-05 06:20:41,F1,59.918,0.0,2.641,48.677,5.313,normal
2026-10-05 06:21:41,F1,52.229,0.0,2.915,45.811,8.561,normal
2026-10-05 06:22:41,F1,53.573,0.0,2.486,66.072,7.207,normal
2026-10-05 06:23:41,F1,49.54,0.0,2.591,53.245,5.253,normal
2026-10-05 06:24:41,F1,61.306,0.0,2.586,43.559,7.286,normal
2026-10-05 06:25:41,F1,58.826,0.0,3.112,47.201,6.217,normal
2026-10-05 06:26:41,F1,51.927,0.0,1.802,56.887,6.252,normal
2026-10-05 06:27:41,F1,49.335,0.0,3.249,43.63,7.171,normal
2026-10-05 06:28:41,F1,55.704,0.0,1.986,42.239,6.868,normal
2026-10-05 06:29:41,F1,46.194,0.0,2.485,65.627,5.642,normal
2026-10-05 06:30:41,F1,55.371,0.0,2.443,52.825,4.864,normal
2026-10-05 06:31:41,F1,53.936,0.0,3.164,56.284,5.091,normal
2026-10-05 06:32:41,F1,59.08,0.0,2.493,59.698,8.597,normal
2026-10-05 06:33:41,F1,61.889,0.0,2.42,51.922,4.378,normal
2026-10-05 06:34:41,F1,45.057,0.0,2.414,53.542,6.089,normal
2026-10-05 06:35:41,F1,46.296,0.0,3.377,55.218,5.072,normal
2026-10-05 06:36:41,F1,47.047,0.0,2.634,63.963,6.578,normal
2026-10-05 06:37:41,F1,58.817,0.0,3.029,57.51,4.215,normal
2026-10-05 06:38:41,F1,48.007,0.0,2.43,53.316,5.491,normal
2026-10-05 06:39:41,F1,32.134,0.0,2.776,48.23,5.294,normal
2026-10-05 06:40:41,F1,55.015,0.0,2.212,38.457,5.569,normal
2026-10-05 06:41:41,F1,61.897,0.0,2.926,52.637,5.82,normal
2026-10-05 06:42:41,F1,62.376,0.0,2.235,62.047,4.182,normal
2026-10-05 06:43:41,F1,55.573,0.0,2.144,47.983,5.706,normal
2026-10-05 06:44:41,F1,73.775,0.0,3.055,48.21,6.806,normal
2026-10-05 06:45:41,F1,48.749,0.0,2.334,44.264,4.139,normal
2026-10-05 06:46:41,F1,61.091,0.0,2.025,69.587,6.056,normal
2026-10-05 06:47:41,F1,48.632,0.0,2.425,50.665,6.456,normal
2026-10-05 06:48:41,F1,58.188,0.0,1.938,54.436,7.762,normal
2026-10-05 06:49:41,F1,53.991,0.0,3.207,54.957,3.87,normal
2026-10-05 06:50:41,F1,49.004,0.0,3.597,62.261,5.366,normal
2026-10-05 06:51:41,F1,52.051,0.0,3.294,54.492,4.329,normal
2026-10-05 06:52:41,F1,47.847,0.0,3.58,72.741,6.722,normal
2026-10-05 06:53:41,F1,62.427,0.0,2.647,60.362,6.459,normal
2026-10-05 06:54:41,F1,47.974,0.0,2.858,48.628,4.365,normal
2026-10-05 06:55:41,F1,59.124,0.0,3.038,38.302,5.892,normal
2026-10-05 06:56:41,F1,51.976,0.0,1.684,51.454,7.583,normal
2026-10-05 06:57:41,F1,63.217,0.0,2.256,53.167,5.501,normal
2026-10-05 06:58:41,F1,58.23,0.0,2.371,71.722,4.014,normal
2026-10-05 06:59:41,F1,49.622,0.0,1.882,64.806,4.524,normal
2026-10-05 07:00:41,F1,54.946,0.0,1.908,65.418,6.308,normal
2026-10-05 07:01:41,F1,60.851,0.0,2.484,68.057,6.415,normal
2026-10-05 07:02:41,F1,61.713,0.0,2.289,52.241,6.848,normal
2026-10-05 07:03:41,F1,47.464,0.0,3.433,53.708,6.464,normal
2026-10-05 07:04:41,F1,48.718,0.0,2.829,55.349,6.555,normal
2026-10-05 07:05:41,F1,55.659,0.0,2.653,53.911,7.476,normal
2026-10-05 07:06:41,F1,56.021,0.0,2.401,73.018,7.035,normal
2026-10-05 07:07:41,F1,53.557,0.0,2.879,75.302,5.316,normal
2026-10-05 07:08:41,F1,52.637,0.0,1.668,67.116,5.78,normal
2026-10-05 07:09:41,F1,45.799,0.0,2.514,55.182,6.363,normal
2026-10-05 07:10:41,F1,44.826,0.0,1.874,37.638,7.158,normal
2026-10-05 07:11:41,F1,54.666,0.0,2.345,60.302,4.883,normal
2026-10-05 07:12:41,F1,61.081,0.0,2.694,53.714,6.402,normal
2026-10-05 07:13:41,F1,54.195,0.0,2.708,54.611,5.822,normal
2026-10-05 07:14:41,F1,49.295,0.0,2.426,51.503,5.988,normal
2026-10-05 07:15:41,F1,53.765,0.0,2.252,53.703,6.13,normal
2026-10-05 07:16:41,F1,56.9,0.0,2.13,70.472,6.714,normal
2026-10-05 07:17:41,F1,65.974,0.0,3.545,46.544,5.019,normal
2026-10-05 07:18:41,F1,54.73,0.0,2.254,45.12,7.932,normal
2026-10-05 07:19:41,F1,58.9,0.0,2.13,48.085,4.626,normal
2026-10-05 07:20:41,F1,41.704,0.0,1.417,60.794,6.132,normal
2026-10-05 07:21:41,F1,61.392,0.0,2.038,60.031,3.49,normal
2026-10-05 07:22:41,F1,49.986,0.0,3.066,44.837,8.203,normal
2026-10-05 07:23:41,F1,49.582,0.0,1.68,40.245,3.837,normal
2026-10-05 07:24:41,F1,51.449,0.0,2.726,62.055,6.414,normal
2026-10-05 07:25:41,F1,72.872,0.0,1.776,62.154,5.289,normal
2026-10-05 07:26:41,F1,45.804,0.0,2.664,47.678,4.869,normal
2026-10-05 07:27:41,F1,54.123,0.0,1.98,52.151,7.426,normal
2026-10-05 07:28:41,F1,47.003,0.0,1.83,56.001,4.764,normal
2026-10-05 07:29:41,F1,34.152,0.0,2.427,47.889,5.147,normal
2026-10-05 07:30:41,F1,44.571,0.0,2.45,55.664,4.935,normal
2026-10-05 07:31:41,F1,53.117,0.0,1.463,48.791,4.907,normal
2026-10-05 07:32:41,F1,64.082,0.0,1.623,54.096,4.48,normal
2026-10-05 07:33:41,F1,61.471,0.0,1.578,60.07,5.716,normal
2026-10-05 07:34:41,F1,58.61,0.0,2.837,55.969,7.236,normal
2026-10-05 07:35:41,F1,62.777,0.0,2.32,43.944,5.743,normal
2026-10-05 07:36:41,F1,70.177,0.0,1.839,44.752,4.173,normal
2026-10-05 07:37:41,F1,50.657,0.0,2.438,58.194,6.969,normal
2026-10-05 07:38:41,F1,51.839,0.0,3.111,52.685,5.478,normal
2026-10-05 07:39:41,F1,57.415,0.0,1.81,53.244,4.46,normal
2026-10-05 07:40:41,F1,66.549,0.0,2.7,54.493,6.909,normal
2026-10-05 07:41:41,F1,41.243,0.0,2.562,62.943,5.235,normal
2026-10-05 07:42:41,F1,54.955,0.0,0.834,64.436,3.165,normal
2026-10-05 07:43:41,F1,53.126,0.0,1.907,64.003,5.285,normal
2026-10-05 07:44:41,F1,45.197,0.0,2.313,49.742,6.49,normal
2026-10-05 07:45:41,F1,62.97,0.0,3.636,48.068,5.862,normal
2026-10-05 07:46:41,F1,39.691,0.0,2.75,54.662,5.105,normal
2026-10-05 07:47:41,F1,42.747,0.0,2.442,47.123,5.647,normal
2026-10-05 07:48:41,F1,65.641,0.0,2.657,46.442,5.772,normal
2026-10-05 07:49:41,F1,51.389,0.0,2.353,70.627,5.225,normal
2026-10-05 07:50:41,F1,52.991,0.0,2.934,56.194,6.633,normal
2026-10-05 07:51:41,F1,50.449,0.0,3.044,66.774,7.856,normal
2026-10-05 07:52:41,F1,51.587,0.0,3.551,48.564,6.656,normal
2026-10-05 07:53:41,F1,52.69,0.0,2.243,48.945,7.077,normal
2026-10-05 07:54:41,F1,70.235,0.0,2.639,48.306,4.685,normal
2026-10-05 07:55:41,F1,60.408,0.0,3.05,42.14,3.887,normal
2026-10-05 07:56:41,F1,43.539,0.0,1.776,58.419,4.555,normal
2026-10-05 07:57:41,F1,57.531,0.0,2.189,49.888,6.421,normal
2026-10-05 07:58:41,F1,65.375,0.0,2.365,52.659,6.147,normal
2026-10-05 07:59:41,F1,52.756,0.0,2.197,45.938,5.13,normal
2026-10-05 08:00:41,F1,58.853,0.0,2.563,61.947,3.958,normal
2026-10-05 08:01:41,F1,57.878,0.0,2.128,50.953,5.651,normal
2026-10-05 08:02:41,F1,61.956,0.0,2.847,52.882,2.757,normal
2026-10-05 08:03:41,F1,41.791,0.0,2.108,52.667,6.181,normal
2026-10-05 08:04:41,F1,64.867,0.0,1.584,57.489,6.303,normal
2026-10-05 08:05:41,F1,52.212,0.0,2.121,52.093,5.061,normal
2026-10-05 08:06:41,F1,55.739,0.0,3.059,36.966,7.125,normal
2026-10-05 08:07:41,F1,58.237,0.0,2.476,46.85,3.765,normal
2026-10-05 08:08:41,F1,50.994,0.0,2.711,50.354,7.348,normal
2026-10-05 08:09:41,F1,57.452,0.0,2.56,56.072,5.534,normal
2026-10-05 08:10:41,F1,44.81,0.0,1.298,56.58,6.634,normal
2026-10-05 08:11:41,F1,50.81,0.0,3.333,58.131,5.82,normal
2026-10-05 08:12:41,F1,55.283,0.0,2.293,57.787,6.651,normal
2026-10-05 08:13:41,F1,44.91,0.0,1.986,60.063,5.103,normal
2026-10-05 08:14:41,F1,59.257,0.0,2.544,54.988,6.421,normal
2026-10-05 08:15:41,F1,51.885,0.0,3.17,39.556,4.017,normal
2026-10-05 08:16:41,F1,56.459,0.0,2.63,45.916,5.978,normal
2026-10-05 08:17:41,F1,55.381,0.0,2.742,43.213,3.988,normal
2026-10-05 08:18:41,F1,65.612,0.0,2.114,56.526,7.022,normal
2026-10-05 08:19:41,F1,50.873,0.0,3.739,54.899,6.665,normal
2026-10-05 08:20:41,F1,54.309,0.0,1.679,50.167,5.667,normal
2026-10-05 08:21:41,F1,55.661,0.0,2.257,62.418,4.599,normal
2026-10-05 08:22:41,F1,54.574,0.0,2.798,48.028,4.318,normal
2026-10-05 08:23:41,F1,59.21,0.0,2.332,59.037,6.153,normal
2026-10-05 08:24:41,F1,52.43,0.0,1.349,65.227,5.584,normal
2026-10-05 08:25:41,F1,57.693,0.0,2.382,53.35,3.64,normal
2026-10-05 08:26:41,F1,66.663,0.0,2.217,35.899,6.69,normal
2026-10-05 08:27:41,F1,61.254,0.0,2.184,65.222,5.635,normal
2026-10-05 08:28:41,F1,60.265,0.0,1.515,37.67,10.61,normal
2026-10-05 08:29:41,F1,54.081,0.0,1.72,49.735,5.659,normal
2026-10-05 08:30:41,F1,49.026,0.0,2.726,39.896,5.58,normal
2026-10-05 08:31:41,F1,54.79,0.0,2.277,44.331,4.672,normal
2026-10-05 08:32:41,F1,52.474,0.0,2.515,65.852,7.69,normal
2026-10-05 08:33:41,F1,51.309,0.0,1.379,69.386,5.678,normal
2026-10-05 08:34:41,F1,63.273,0.0,2.438,29.936,3.277,normal
2026-10-05 08:35:41,F1,56.075,0.0,2.341,41.382,4.549,normal
2026-10-05 08:36:41,F1,59.062,0.0,2.052,31.683,3.746,normal
2026-10-05 08:37:41,F1,51.99,0.0,1.087,55.545,5.446,normal
2026-10-05 08:38:41,F1,47.17,0.0,3.101,36.004,5.993,normal
2026-10-05 08:39:41,F1,55.915,0.0,2.229,56.182,4.027,normal
2026-10-05 08:40:41,F1,63.975,0.0,2.884,55.48,8.516,normal
2026-10-05 08:41:41,F1,48.507,0.0,2.597,55.967,5.415,normal
2026-10-05 08:42:41,F1,54.674,0.0,1.912,50.775,5.991,normal
2026-10-05 08:43:41,F1,68.484,0.0,2.919,62.124,5.918,normal
2026-10-05 08:44:41,F1,52.848,0.0,2.126,54.844,4.018,normal
2026-10-05 08:45:41,F1,52.457,0.0,2.636,65.019,6.926,normal
2026-10-05 08:46:41,F1,46.006,0.0,3.598,49.548,5.153,normal
2026-10-05 08:47:41,F1,61.637,0.0,1.676,57.027,5.351,normal
2026-10-05 08:48:41,F1,66.323,0.0,1.867,48.686,6.578,normal
2026-10-05 08:49:41,F1,50.247,0.0,2.14,62.371,8.171,normal
2026-10-05 08:50:41,F1,56.201,0.0,2.297,58.893,7.267,normal
2026-10-05 08:51:41,F1,34.792,0.0,1.956,41.366,6.952,normal
2026-10-05 08:52:41,F1,45.441,0.0,1.535,54.281,6.439,normal
2026-10-05 08:53:41,F1,53.746,0.0,1.894,63.308,4.588,normal
2026-10-05 08:54:41,F1,56.151,0.0,2.442,60.531,6.27,normal
2026-10-05 08:55:41,F1,48.239,0.0,2.1,38.289,6.365,normal
2026-10-05 08:56:41,F1,60.856,0.0,2.415,50.071,5.493,normal
2026-10-05 08:57:41,F1,48.574,0.0,2.019,60.754,5.452,normal
2026-10-05 08:58:41,F1,60.142,0.0,2.818,46.844,5.047,normal
2026-10-05 08:59:41,F1,45.974,0.0,1.666,46.327,5.027,normal
2026-10-05 09:00:41,F1,52.283,0.0,2.361,40.948,5.649,normal
2026-10-05 09:01:41,F1,57.157,0.0,1.979,44.269,5.094,normal
2026-10-05 09:02:41,F1,61.355,0.0,3.445,54.848,7.216,normal
2026-10-05 09:03:41,F1,38.779,0.0,2.233,66.994,6.527,normal
2026-10-05 09:04:41,F1,56.14,0.0,2.612,53.714,4.026,normal
2026-10-05 09:05:41,F1,63.247,0.0,2.173,54.144,4.704,normal
2026-10-05 09:06:41,F1,47.906,0.0,2.688,59.595,7.069,normal
2026-10-05 09:07:41,F1,61.318,0.0,1.811,31.176,5.534,normal
2026-10-05 09:08:41,F1,50.991,0.0,2.535,45.784,5.227,normal
2026-10-05 09:09:41,F1,61.0,0.0,2.485,65.967,2.761,normal
2026-10-05 09:10:41,F1,66.689,0.0,2.054,44.463,5.663,normal
2026-10-05 09:11:41,F1,59.886,0.0,3.068,57.647,2.77,normal
2026-10-05 09:12:41,F1,63.817,0.0,2.456,46.885,5.211,normal
2026-10-05 09:13:41,F1,54.605,0.0,1.909,51.179,6.247,normal
2026-10-05 09:14:41,F1,64.244,0.0,2.17,51.777,6.182,normal
2026-10-05 09:15:41,F1,53.571,0.0,2.419,58.236,7.18,normal
2026-10-05 09:16:41,F1,47.108,0.0,2.083,44.285,10.584,normal
2026-10-05 09:17:41,F1,54.931,0.0,3.144,61.034,5.389,normal
2026-10-05 09:18:41,F1,44.166,0.0,3.967,56.849,4.783,normal
2026-10-05 09:19:41,F1,50.776,0.0,1.589,53.66,7.284,normal
2026-10-05 09:20:41,F1,48.955,0.0,2.861,63.803,4.704,normal
2026-10-05 09:21:41,F1,40.203,0.0,1.488,40.684,6.352,normal
2026-10-05 09:22:41,F1,56.014,0.0,1.749,52.986,4.142,normal
2026-10-05 09:23:41,F1,59.307,0.0,2.514,51.979,4.149,normal
2026-10-05 09:24:41,F1,50.208,0.0,2.55,53.292,3.872,normal
2026-10-05 09:25:41,F1,61.853,0.0,1.751,53.819,7.786,normal
2026-10-05 09:26:41,F1,52.588,0.0,2.753,54.537,4.783,normal
2026-10-05 09:27:41,F1,46.181,0.0,2.734,61.664,3.222,normal
2026-10-05 09:28:41,F1,50.744,0.0,2.216,62.84,5.876,normal
2026-10-05 09:29:41,F1,51.657,0.0,1.876,68.873,5.049,normal
2026-10-05 09:30:41,F1,55.997,0.0,1.815,69.357,4.831,normal
2026-10-05 09:31:41,F1,42.238,0.0,1.955,56.787,4.451,normal
2026-10-05 09:32:41,F1,45.713,0.0,2.037,59.465,7.062,normal
2026-10-05 09:33:41,F1,48.598,0.0,2.595,50.459,5.123,normal
2026-10-05 09:34:41,F1,63.525,0.0,2.09,43.773,5.347,normal
2026-10-05 09:35:41,F1,55.687,0.0,1.638,55.467,4.73,normal
2026-10-05 09:36:41,F1,42.917,0.0,2.866,49.03,4.208,normal
2026-10-05 09:37:41,F1,60.206,0.0,2.709,73.592,5.429,normal
2026-10-05 09:38:41,F1,56.752,0.0,2.142,49.964,6.011,normal
2026-10-05 09:39:41,F1,50.864,0.0,2.333,41.309,3.424,normal
2026-10-05 09:40:41,F1,51.444,0.0,2.156,47.022,5.399,normal
2026-10-05 09:41:41,F1,52.111,0.0,1.447,47.668,6.564,normal
2026-10-05 09:42:41,F1,50.306,0.0,2.154,45.24,4.159,normal
2026-10-05 09:43:41,F1,56.547,0.0,2.161,59.257,5.791,normal
2026-10-05 09:44:41,F1,53.339,0.0,2.936,47.793,5.579,normal
2026-10-05 09:45:41,F1,67.114,0.0,0.974,55.445,5.036,normal
2026-10-05 09:46:41,F1,57.012,0.0,2.97,56.858,6.519,normal
2026-10-05 09:47:41,F1,59.15,0.0,3.227,51.282,4.435,normal
2026-10-05 09:48:41,F1,58.517,0.0,2.12,59.807,4.949,normal
2026-10-05 09:49:41,F1,50.636,0.0,2.724,54.312,4.683,normal
2026-10-05 09:50:41,F1,44.687,0.0,1.821,44.469,4.826,normal
2026-10-05 09:51:41,F1,44.161,0.0,2.129,50.971,5.719,normal
2026-10-05 09:52:41,F1,55.693,0.0,2.507,57.538,5.757,normal
2026-10-05 09:53:41,F1,58.323,0.0,2.538,66.432,5.138,normal
2026-10-05 09:54:41,F1,46.696,0.0,1.643,41.626,5.597,normal
2026-10-05 09:55:41,F1,56.051,0.0,2.484,47.388,3.486,normal
2026-10-05 09:56:41,F1,47.626,0.0,1.267,58.052,6.56,normal
2026-10-05 09:57:41,F1,58.635,0.0,2.621,72.933,4.567,normal
2026-10-05 09:58:41,F1,61.502,0.0,2.412,61.646,6.401,normal
2026-10-05 09:59:41,F1,45.609,0.0,2.624,48.731,5.408,normal
2026-10-05 10:00:41,F1,67.021,0.0,1.752,48.409,5.216,normal
2026-10-05 10:01:41,F1,59.072,0.0,2.449,48.196,4.797,normal
2026-10-05 10:02:41,F1,60.106,0.0,1.967,58.647,5.543,normal
2026-10-05 10:03:41,F1,56.694,0.0,2.879,37.074,5.994,normal
2026-10-05 10:04:41,F1,45.38,0.0,1.421,43.748,5.82,normal
2026-10-05 10:05:41,F1,50.739,0.0,2.572,61.306,6.487,normal
2026-10-05 10:06:41,F1,56.569,0.0,2.254,73.989,6.452,normal
2026-10-05 10:07:41,F1,60.741,0.0,2.228,54.545,5.416,normal
2026-10-05 10:08:41,F1,52.914,0.0,2.458,49.593,7.346,normal
2026-10-05 10:09:41,F1,66.858,0.0,2.165,52.388,3.076,normal
2026-10-05 10:10:41,F1,44.95,0.0,2.87,53.785,1.357,normal
2026-10-05 10:11:41,F1,39.812,0.0,2.654,51.222,5.884,normal
2026-10-05 10:12:41,F1,47.953,0.0,2.082,48.81,6.163,normal
2026-10-05 10:13:41,F1,57.364,0.0,2.093,57.851,4.801,normal
2026-10-05 10:14:41,F1,60.235,0.0,2.48,61.878,4.713,normal
2026-10-05 10:15:41,F1,56.446,0.0,2.618,56.861,3.839,normal
2026-10-05 10:16:41,F1,56.016,0.0,2.676,55.402,5.122,normal
2026-10-05 10:17:41,F1,40.71,0.0,1.957,59.051,5.551,normal
2026-10-05 10:18:41,F1,45.855,0.0,1.266,64.087,5.001,normal
2026-10-05 10:19:41,F1,56.581,0.0,2.677,50.304,5.873,normal
2026-10-05 10:20:41,F1,51.503,0.0,2.147,52.435,5.465,normal
2026-10-05 10:21:41,F1,42.145,0.0,1.574,54.729,4.155,normal
2026-10-05 10:22:41,F1,61.13,0.0,2.231,56.176,5.352,normal
2026-10-05 10:23:41,F1,53.527,0.0,3.119,48.036,6.375,normal
2026-10-05 10:24:41,F1,67.951,0.0,0.69,49.433,7.647,normal
2026-10-05 10:25:41,F1,45.171,0.0,2.886,54.714,3.335,normal
2026-10-05 10:26:41,F1,47.354,0.0,2.048,49.082,5.923,normal
2026-10-05 10:27:41,F1,57.363,0.0,1.936,60.347,5.95,normal
2026-10-05 10:28:41,F1,48.005,0.0,2.606,59.605,5.544,normal
2026-10-05 10:29:41,F1,64.6,0.0,1.628,46.65,4.929,normal
2026-10-05 10:30:41,F1,53.798,0.0,3.148,55.881,4.438,normal
2026-10-05 10:31:41,F1,40.583,0.0,2.166,53.265,6.477,normal
2026-10-05 10:32:41,F1,55.369,0.0,1.781,54.538,6.629,normal
2026-10-05 10:33:41,F1,61.003,0.0,2.857,45.967,5.464,normal
2026-10-05 10:34:41,F1,61.171,0.0,1.024,44.873,6.422,normal
2026-10-05 10:35:41,F1,55.006,0.0,2.063,49.341,4.676,normal
2026-10-05 10:36:41,F1,44.955,0.0,1.813,53.389,3.906,normal
2026-10-05 10:37:41,F1,64.428,0.0,1.476,59.197,5.667,normal
2026-10-05 10:38:41,F1,63.444,0.0,1.998,68.955,6.437,normal
2026-10-05 10:39:41,F1,53.696,0.0,1.811,42.814,5.136,normal
2026-10-05 10:40:41,F1,58.129,0.0,2.673,48.29,3.969,normal
2026-10-05 10:41:41,F1,56.682,0.0,2.662,65.741,7.183,normal
2026-10-05 10:42:41,F1,59.136,0.0,2.143,64.583,3.294,normal
2026-10-05 10:43:41,F1,67.663,0.0,2.537,47.419,4.749,normal
2026-10-05 10:44:41,F1,48.079,0.0,2.197,48.888,8.106,normal
2026-10-05 10:45:41,F1,63.785,0.0,2.535,57.569,5.776,normal
2026-10-05 10:46:41,F1,54.331,0.0,2.196,56.574,3.836,normal
2026-10-05 10:47:41,F1,56.531,0.0,3.86,53.145,6.727,normal
2026-10-05 10:48:41,F1,56.514,0.0,1.913,55.292,6.584,normal
2026-10-05 10:49:41,F1,58.983,0.0,2.501,49.336,3.348,normal
2026-10-05 10:50:41,F1,61.152,0.0,2.039,54.26,3.485,normal
2026-10-05 10:51:41,F1,40.779,0.0,1.9,66.499,5.508,normal
2026-10-05 10:52:41,F1,57.576,0.0,3.394,65.634,6.51,normal
2026-10-05 10:53:41,F1,44.928,0.0,2.045,53.779,5.447,normal
2026-10-05 10:54:41,F1,66.841,0.0,1.933,56.826,6.265,normal
2026-10-05 10:55:41,F1,43.23,0.0,2.525,53.279,5.335,normal
2026-10-05 10:56:41,F1,54.556,0.0,2.595,56.265,5.866,normal
2026-10-05 10:57:41,F1,72.396,0.0,2.116,68.75,6.105,normal
2026-10-05 10:58:41,F1,47.101,0.0,2.287,45.627,5.287,normal
2026-10-05 10:59:41,F1,73.106,0.0,2.102,62.33,3.914,normal
2026-10-05 11:00:41,F1,60.273,0.0,1.699,67.894,5.994,normal
2026-10-05 11:01:41,F1,57.595,0.0,2.552,43.405,4.332,normal
2026-10-05 11:02:41,F1,81.58,0.0,1.745,47.22,6.58,normal
2026-10-05 11:03:41,F1,55.521,0.0,2.223,62.655,5.073,normal
2026-10-05 11:04:41,F1,52.592,0.0,2.633,38.49,4.843,normal
2026-10-05 11:05:41,F1,55.883,0.0,2.545,50.187,4.991,normal
2026-10-05 11:06:41,F1,53.621,0.0,2.503,57.973,2.542,normal
2026-10-05 11:07:41,F1,56.114,0.0,2.464,35.35,4.091,normal
2026-10-05 11:08:41,F1,47.295,0.0,1.775,64.35,4.399,normal
2026-10-05 11:09:41,F1,63.713,0.0,2.142,61.246,5.034,normal
2026-10-05 11:10:41,F1,49.315,0.0,2.914,53.54,8.035,normal
2026-10-05 11:11:41,F1,52.991,0.0,1.973,48.038,5.298,normal
2026-10-05 11:12:41,F1,55.489,0.0,1.614,47.192,6.883,normal
2026-10-05 11:13:41,F1,69.789,0.0,1.973,62.966,5.732,normal
2026-10-05 11:14:41,F1,48.874,0.0,2.717,60.981,5.045,normal
2026-10-05 11:15:41,F1,51.967,0.0,2.763,56.643,5.939,normal
2026-10-05 11:16:41,F1,59.999,0.0,1.592,52.824,5.397,normal
2026-10-05 11:17:41,F1,54.686,0.0,2.113,50.79,4.969,normal
2026-10-05 11:18:41,F1,41.034,0.0,2.943,61.175,4.645,normal
2026-10-05 11:19:41,F1,54.335,0.0,2.878,57.275,6.186,normal
2026-10-05 11:20:41,F1,40.823,0.0,1.37,59.996,3.963,normal
2026-10-05 11:21:41,F1,63.7,0.0,2.328,46.96,4.955,normal
2026-10-05 11:22:41,F1,50.964,0.0,1.6,70.265,5.708,normal
2026-10-05 11:23:41,F1,46.209,0.0,2.159,55.156,6.102,normal
2026-10-05 11:24:41,F1,51.172,0.0,1.991,51.743,3.706,normal
2026-10-05 11:25:41,F1,63.608,0.0,2.469,51.989,5.963,normal
2026-10-05 11:26:41,F1,49.868,0.0,1.722,70.415,8.092,normal
2026-10-05 11:27:41,F1,52.075,0.0,2.68,60.103,3.467,normal
2026-10-05 11:28:41,F1,57.533,0.0,3.388,65.689,3.382,normal
2026-10-05 11:29:41,F1,55.699,0.0,2.119,54.965,4.954,normal
2026-10-05 11:30:41,F1,50.67,0.0,2.381,55.346,5.272,normal
2026-10-05 11:31:41,F1,49.96,0.0,4.636,54.084,7.121,normal
2026-10-05 11:32:41,F1,59.149,0.0,2.04,46.533,6.258,normal
2026-10-05 11:33:41,F1,63.05,0.0,3.038,54.925,7.015,normal
2026-10-05 11:34:41,F1,61.037,0.0,2.549,61.453,3.257,normal
2026-10-05 11:35:41,F1,43.667,0.0,2.471,59.496,5.315,normal
2026-10-05 11:36:41,F1,63.941,0.0,3.18,54.483,6.026,normal
2026-10-05 11:37:41,F1,40.256,0.0,1.88,57.669,4.641,normal
2026-10-05 11:38:41,F1,64.182,0.0,2.608,61.892,6.733,normal
2026-10-05 11:39:41,F1,52.62,0.0,2.077,41.763,6.406,normal
2026-10-05 11:40:41,F1,45.532,0.0,2.049,44.941,8.002,normal
2026-10-05 11:41:41,F1,33.635,0.0,2.826,50.757,2.269,normal
2026-10-05 11:42:41,F1,56.203,0.0,1.452,57.697,6.738,normal
2026-10-05 11:43:41,F1,63.144,0.0,3.343,49.737,3.178,normal
2026-10-05 11:44:41,F1,55.7,0.0,2.573,55.759,5.428,normal
2026-10-05 11:45:41,F1,45.114,0.0,1.565,45.853,5.142,normal
2026-10-05 11:46:41,F1,55.762,0.0,0.883,47.831,4.569,normal
2026-10-05 11:47:41,F1,62.362,0.0,2.231,44.432,3.903,normal
2026-10-05 11:48:41,F1,59.071,0.0,2.711,40.352,4.463,normal
2026-10-05 11:49:41,F1,43.487,0.0,2.214,54.204,7.131,normal
2026-10-05 11:50:41,F1,56.051,0.0,2.066,64.773,3.442,normal
2026-10-05 11:51:41,F1,69.855,0.0,2.12,64.091,4.107,normal
2026-10-05 11:52:41,F1,69.581,0.0,1.785,46.442,6.097,normal
2026-10-05 11:53:41,F1,55.053,0.0,3.506,46.688,5.224,normal
2026-10-05 11:54:41,F1,63.291,0.0,1.773,54.485,7.894,normal
2026-10-05 11:55:41,F1,67.789,0.0,1.407,54.192,3.798,normal
2026-10-05 11:56:41,F1,55.855,0.0,2.93,58.717,2.517,normal
2026-10-05 11:57:41,F1,45.746,0.0,2.669,55.689,6.243,normal
2026-10-05 11:58:41,F1,41.672,0.0,1.636,66.673,4.486,normal
2026-10-05 11:59:41,F1,52.641,0.0,2.437,41.784,4.918,normal
2026-10-05 12:00:41,F1,56.767,0.0,1.898,50.958,3.456,normal
2026-10-05 12:01:41,F1,68.688,0.0,2.898,54.838,3.556,normal
2026-10-05 12:02:41,F1,63.769,0.0,1.976,46.681,5.241,normal
2026-10-05 12:03:41,F1,54.245,0.0,1.604,66.462,6.986,normal
2026-10-05 12:04:41,F1,45.133,0.0,3.298,68.467,4.494,normal
2026-10-05 12:05:41,F1,56.774,0.0,2.613,70.416,5.262,normal
2026-10-05 12:06:41,F1,57.606,0.0,2.563,58.858,5.86,normal
2026-10-05 12:07:41,F1,67.291,0.0,2.125,60.12,3.417,normal
2026-10-05 12:08:41,F1,64.55,0.0,2.828,41.214,3.336,normal
2026-10-05 12:09:41,F1,57.009,0.0,1.992,38.685,3.988,normal
2026-10-05 12:10:41,F1,49.168,0.0,2.139,48.955,5.399,normal
2026-10-05 12:11:41,F1,53.518,0.0,2.826,68.121,4.91,normal
2026-10-05 12:12:41,F1,40.196,0.0,1.912,50.245,6.874,normal
2026-10-05 12:13:41,F1,48.679,0.0,1.482,59.65,6.227,normal
2026-10-05 12:14:41,F1,67.462,0.0,3.001,63.53,4.556,normal
2026-10-05 12:15:41,F1,55.438,0.0,2.959,43.537,5.736,normal
2026-10-05 12:16:41,F1,50.137,0.0,1.624,48.567,5.154,normal
2026-10-05 12:17:41,F1,59.692,0.0,1.599,47.337,7.957,normal
2026-10-05 12:18:41,F1,47.025,0.0,1.352,45.495,4.531,normal
2026-10-05 12:19:41,F1,54.72,0.0,1.753,58.725,6.014,normal
2026-10-05 12:20:41,F1,53.959,0.0,1.991,38.876,5.511,normal
2026-10-05 12:21:41,F1,64.337,0.0,2.401,55.476,6.14,normal
2026-10-05 12:22:41,F1,51.27,0.0,2.645,46.069,5.962,normal
2026-10-05 12:23:41,F1,56.866,0.0,1.167,32.275,5.396,normal
2026-10-05 12:24:41,F1,63.31,0.0,2.386,63.177,4.66,normal
2026-10-05 12:25:41,F1,44.58,0.0,2.743,54.968,4.531,normal
2026-10-05 12:26:41,F1,61.399,0.0,2.552,55.401,6.193,normal
2026-10-05 12:27:41,F1,43.593,0.0,2.808,63.111,7.695,normal
2026-10-05 12:28:41,F1,60.658,0.0,1.414,57.286,4.88,normal
2026-10-05 12:29:41,F1,45.88,0.0,2.765,44.009,5.768,normal
2026-10-05 12:30:41,F1,60.198,0.0,2.988,45.331,3.238,normal
2026-10-05 12:31:41,F1,59.639,0.0,3.698,59.974,4.627,normal
2026-10-05 12:32:41,F1,63.825,0.0,2.691,60.645,3.618,normal
2026-10-05 12:33:41,F1,53.93,0.0,2.005,53.142,6.862,normal
2026-10-05 12:34:41,F1,52.098,0.0,1.5,54.149,2.226,normal
2026-10-05 12:35:41,F1,49.36,0.0,2.145,45.779,6.778,normal
2026-10-05 12:36:41,F1,45.377,0.0,2.105,55.999,3.857,normal
2026-10-05 12:37:41,F1,52.842,0.0,3.01,38.98,5.44,normal
2026-10-05 12:38:41,F1,48.952,0.0,2.551,40.471,4.416,normal
2026-10-05 12:39:41,F1,68.593,0.0,2.025,50.695,4.109,normal
2026-10-05 12:40:41,F1,22.991,0.0,1.282,47.175,2.835,normal
2026-10-05 12:41:41,F1,58.24,0.0,2.529,36.101,4.865,normal
2026-10-05 12:42:41,F1,51.17,0.0,1.626,49.965,4.327,normal
2026-10-05 12:43:41,F1,53.153,0.0,1.904,63.209,4.906,normal
2026-10-05 12:44:41,F1,46.693,0.0,2.32,47.081,5.631,normal
2026-10-05 12:45:41,F1,59.443,0.0,2.619,56.043,0.0,normal
2026-10-05 12:46:41,F1,63.201,0.0,3.149,47.892,6.662,normal
2026-10-05 12:47:41,F1,56.732,0.0,2.616,50.506,4.546,normal
2026-10-05 12:48:41,F1,40.324,0.0,2.706,51.655,5.455,normal
2026-10-05 12:49:41,F1,51.767,0.0,0.366,57.763,6.836,normal
2026-10-05 12:50:41,F1,53.85,0.0,2.191,57.913,5.332,normal
2026-10-05 12:51:41,F1,37.535,0.0,0.914,56.613,6.804,normal
2026-10-05 12:52:41,F1,62.628,0.0,1.858,65.459,5.546,normal
2026-10-05 12:53:41,F1,61.831,0.0,2.515,56.833,6.019,normal
2026-10-05 12:54:41,F1,58.409,0.0,2.713,63.874,4.653,normal
2026-10-05 12:55:41,F1,59.62,0.0,2.48,58.229,6.169,normal
2026-10-05 12:56:41,F1,50.899,0.0,2.699,64.544,4.712,normal
2026-10-05 12:57:41,F1,54.661,0.0,1.643,63.819,6.302,normal
2026-10-05 12:58:41,F1,50.201,0.0,2.604,58.639,5.037,normal
2026-10-05 12:59:41,F1,56.729,0.0,2.989,60.7,3.5,normal
2026-10-05 13:00:41,F1,57.644,0.0,2.072,58.559,5.676,normal
2026-10-05 13:01:41,F1,49.62,0.0,1.811,47.21,5.729,normal
2026-10-05 13:02:41,F1,51.827,0.0,1.256,50.315,4.452,normal
2026-10-05 13:03:41,F1,56.014,0.0,3.299,61.479,9.84,normal
2026-10-05 13:04:41,F1,51.618,0.0,3.032,46.145,5.395,normal
2026-10-05 13:05:41,F1,45.659,0.0,2.781,47.905,3.815,normal
2026-10-05 13:06:41,F1,56.351,0.0,2.107,43.234,5.496,normal
2026-10-05 13:07:41,F1,40.955,0.0,2.527,62.452,6.983,normal
2026-10-05 13:08:41,F1,51.884,0.0,2.319,49.554,6.433,normal
2026-10-05 13:09:41,F1,65.518,0.0,2.942,67.499,5.736,normal
2026-10-05 13:10:41,F1,46.832,0.0,1.705,56.405,4.799,normal
2026-10-05 13:11:41,F1,57.651,0.0,2.741,59.071,4.351,normal
2026-10-05 13:12:41,F1,51.852,0.0,1.324,46.956,6.626,normal
2026-10-05 13:13:41,F1,60.276,0.0,2.611,51.716,4.957,normal
2026-10-05 13:14:41,F1,59.143,0.0,0.194,55.1,6.052,normal
2026-10-05 13:15:41,F1,65.502,0.0,2.035,61.574,6.229,normal
2026-10-05 13:16:41,F1,56.513,0.0,2.404,54.442,5.788,normal
2026-10-05 13:17:41,F1,49.145,0.0,2.013,59.941,5.638,normal
2026-10-05 13:18:41,F1,47.676,0.0,2.078,57.771,5.648,normal
2026-10-05 13:19:41,F1,53.807,0.0,2.628,60.202,6.652,normal
2026-10-05 13:20:41,F1,55.842,0.0,1.167,72.67,5.439,normal
2026-10-05 13:21:41,F1,55.757,0.0,1.68,52.635,5.811,normal
2026-10-05 13:22:41,F1,47.937,0.0,2.244,63.223,10.921,normal
2026-10-05 13:23:41,F1,48.65,0.0,1.684,58.897,6.0,normal
2026-10-05 13:24:41,F1,56.993,0.0,2.23,52.003,4.498,normal
2026-10-05 13:25:41,F1,42.605,0.0,2.102,65.455,7.939,normal
2026-10-05 13:26:41,F1,59.424,0.0,1.699,60.136,6.178,normal
2026-10-05 13:27:41,F1,43.638,0.0,3.056,53.915,2.59,normal
2026-10-05 13:28:41,F1,47.118,0.0,1.592,55.54,4.993,normal
2026-10-05 13:29:41,F1,57.33,0.0,2.471,42.024,5.367,normal
2026-10-05 13:30:41,F1,44.597,0.0,1.262,51.467,4.218,normal
2026-10-05 13:31:41,F1,54.904,0.0,1.409,45.12,5.547,normal
2026-10-05 13:32:41,F1,55.87,0.0,3.528,43.185,4.6,normal
2026-10-05 13:33:41,F1,54.364,0.0,1.326,56.665,6.897,normal
2026-10-05 13:34:41,F1,60.784,0.0,2.014,54.872,4.583,normal
2026-10-05 13:35:41,F1,35.139,0.0,1.242,66.495,5.951,normal
2026-10-05 13:36:41,F1,44.411,0.0,1.888,49.48,6.061,normal
2026-10-05 13:37:41,F1,48.917,0.0,1.174,47.567,5.42,normal
2026-10-05 13:38:41,F1,41.472,0.0,1.584,40.925,6.02,normal
2026-10-05 13:39:41,F1,43.429,0.0,2.226,50.432,8.088,normal
2026-10-05 13:40:41,F1,67.714,0.0,2.081,41.42,6.077,normal
2026-10-05 13:41:41,F1,53.151,0.0,1.92,40.015,5.429,normal
2026-10-05 13:42:41,F1,64.451,0.0,3.299,61.082,5.223,normal
2026-10-05 13:43:41,F1,61.013,0.0,2.352,45.726,5.703,normal
2026-10-05 13:44:41,F1,56.925,0.0,2.017,60.462,3.458,normal
2026-10-05 13:45:41,F1,63.954,0.0,2.681,54.297,6.424,normal
2026-10-05 13:46:41,F1,56.34,0.0,2.382,42.921,5.894,normal
2026-10-05 13:47:41,F1,51.706,0.0,2.254,49.997,2.864,normal
2026-10-05 13:48:41,F1,53.843,0.0,1.545,53.844,5.624,normal
2026-10-05 13:49:41,F1,53.544,0.0,1.816,35.188,1.958,normal
2026-10-05 13:50:41,F1,42.378,0.0,1.786,65.433,8.684,normal
2026-10-05 13:51:41,F1,42.361,0.0,1.072,63.904,6.238,normal
2026-10-05 13:52:41,F1,40.076,0.0,2.02,40.907,2.901,normal
2026-10-05 13:53:41,F1,69.7,0.0,3.191,49.786,2.029,normal
2026-10-05 13:54:41,F1,46.464,0.0,1.133,35.815,3.462,normal
2026-10-05 13:55:41,F1,47.56,0.0,1.971,47.028,4.045,normal
2026-10-05 13:56:41,F1,43.882,0.0,2.909,49.782,4.064,normal
2026-10-05 13:57:41,F1,64.072,0.0,1.688,92.65,3.121,normal
2026-10-05 13:58:41,F1,34.021,0.0,2.775,54.516,6.725,normal
2026-10-05 13:59:41,F1,66.705,0.0,2.635,56.797,5.18,normal
2026-10-05 14:00:41,F1,50.245,0.0,2.357,60.551,4.665,normal
2026-10-05 14:01:41,F1,42.115,0.0,1.869,49.562,4.579,normal
2026-10-05 14:02:41,F1,51.414,0.0,2.191,57.051,5.085,normal
2026-10-05 14:03:41,F1,54.902,0.0,2.466,50.594,5.567,normal
2026-10-05 14:04:41,F1,51.648,0.0,1.912,51.739,4.576,normal
2026-10-05 14:05:41,F1,51.227,0.0,2.615,47.867,3.365,normal
2026-10-05 14:06:41,F1,53.683,0.0,2.74,44.401,4.927,normal
2026-10-05 14:07:41,F1,52.162,0.0,2.149,46.325,5.211,normal
2026-10-05 14:08:41,F1,21.666,0.0,3.159,48.655,3.462,normal
2026-10-05 14:09:41,F1,72.386,0.0,2.409,54.12,5.922,normal
2026-10-05 14:10:41,F1,50.878,0.0,2.309,46.5,6.602,normal
2026-10-05 14:11:41,F1,58.663,0.0,2.211,63.903,5.74,normal
2026-10-05 14:12:41,F1,56.076,0.0,2.013,50.452,4.361,normal
2026-10-05 14:13:41,F1,42.769,0.0,1.871,40.179,4.574,normal
2026-10-05 14:14:41,F1,59.938,0.0,2.255,55.921,4.078,normal
2026-10-05 14:15:41,F1,54.063,0.0,1.539,63.41,7.294,normal
2026-10-05 14:16:41,F1,47.814,0.0,0.789,44.152,5.561,normal
2026-10-05 14:17:41,F1,49.488,0.0,2.707,51.232,4.607,normal
2026-10-05 14:18:41,F1,51.931,0.0,3.59,52.016,6.831,normal
2026-10-05 14:19:41,F1,37.157,0.0,1.577,59.217,4.828,normal
2026-10-05 14:20:41,F1,55.528,0.0,2.513,41.467,4.212,normal
2026-10-05 14:21:41,F1,52.848,0.0,3.242,43.755,5.294,normal
2026-10-05 14:22:41,F1,63.433,0.0,2.486,47.036,5.299,normal
2026-10-05 14:23:41,F1,61.161,0.0,1.507,37.358,4.602,normal
2026-10-05 14:24:41,F1,62.63,0.0,2.882,58.711,3.461,normal
2026-10-05 14:25:41,F1,65.862,0.0,2.338,64.05,3.388,normal
2026-10-05 14:26:41,F1,62.417,0.0,1.987,43.557,4.33,normal
2026-10-05 14:27:41,F1,53.489,0.0,1.218,43.018,4.475,normal
2026-10-05 14:28:41,F1,49.214,0.0,2.591,50.185,5.475,normal
2026-10-05 14:29:41,F1,62.804,0.0,2.479,59.788,6.127,normal
2026-10-05 14:30:41,F1,61.366,0.0,2.036,47.817,3.671,normal
2026-10-05 14:31:41,F1,54.579,0.0,2.56,51.829,4.212,normal
2026-10-05 14:32:41,F1,45.356,0.0,1.893,44.61,3.491,normal
2026-10-05 14:33:41,F1,51.005,0.0,2.255,53.293,5.563,normal
2026-10-05 14:34:41,F1,53.757,0.0,2.038,56.815,3.973,normal
2026-10-05 14:35:41,F1,48.843,0.0,1.669,71.844,5.349,normal
2026-10-05 14:36:41,F1,58.884,0.0,2.13,50.422,5.246,normal
2026-10-05 14:37:41,F1,66.604,0.0,2.584,58.445,4.656,normal
2026-10-05 14:38:41,F1,54.652,0.015,2.18,46.005,4.96,normal
2026-10-05 14:39:41,F1,49.489,0.0,0.506,56.245,5.071,normal
2026-10-05 14:40:41,F1,56.226,0.0,2.238,53.16,5.997,normal
2026-10-05 14:41:41,F1,55.693,0.0,2.159,63.127,5.522,normal
2026-10-05 14:42:41,F1,53.455,0.0,2.664,44.235,5.765,normal
2026-10-05 14:43:41,F1,48.253,0.0,2.051,63.779,9.673,normal
2026-10-05 14:44:41,F1,55.259,0.0,2.152,63.886,6.392,normal
2026-10-05 14:45:41,F1,55.043,0.0,1.288,41.781,7.08,normal
2026-10-05 14:46:41,F1,70.671,0.0,2.25,59.497,5.675,normal
2026-10-05 14:47:41,F1,50.291,0.0,2.282,60.855,4.459,normal
2026-10-05 14:48:41,F1,53.162,0.0,1.511,43.867,4.981,normal
2026-10-05 14:49:41,F1,48.919,0.0,2.845,49.003,4.575,normal
2026-10-05 14:50:41,F1,64.762,0.0,2.06,46.299,5.855,normal
2026-10-05 14:51:41,F1,58.551,0.0,2.332,63.01,6.707,normal
2026-10-05 14:52:41,F1,73.355,0.0,1.059,42.199,7.066,normal
2026-10-05 14:53:41,F1,46.511,0.0,2.852,58.928,7.178,normal
2026-10-05 14:54:41,F1,57.536,0.0,1.872,65.614,5.938,normal
2026-10-05 14:55:41,F1,56.192,0.0,2.13,42.438,5.684,normal
2026-10-05 14:56:41,F1,58.66,0.0,2.508,44.437,5.131,normal
2026-10-05 14:57:41,F1,47.226,0.0,2.518,57.426,5.937,normal
2026-10-05 14:58:41,F1,52.994,0.0,1.637,64.396,4.746,normal
2026-10-05 14:59:41,F1,48.7,0.0,2.173,57.541,6.2,normal
2026-10-05 15:00:41,F1,50.69,0.0,1.338,56.735,5.771,normal
2026-10-05 15:01:41,F1,47.618,0.0,2.069,51.593,5.466,normal
2026-10-05 15:02:41,F1,53.484,0.0,3.613,58.143,7.399,normal
2026-10-05 15:03:41,F1,55.274,0.0,2.474,55.18,4.915,normal
2026-10-05 15:04:41,F1,57.503,0.0,1.761,54.67,4.644,normal
2026-10-05 15:05:41,F1,43.857,0.0,3.171,59.532,5.265,normal
2026-10-05 15:06:41,F1,51.081,0.0,2.773,43.799,4.043,normal
2026-10-05 15:07:41,F1,48.965,0.0,1.81,42.826,4.436,normal
2026-10-05 15:08:41,F1,52.461,0.0,2.646,52.728,5.575,normal
2026-10-05 15:09:41,F1,65.107,0.0,1.591,62.986,4.418,normal
2026-10-05 15:10:41,F1,61.61,0.0,2.971,47.77,5.66,normal
2026-10-05 15:11:41,F1,44.108,0.0,1.715,60.273,7.47,normal
2026-10-05 15:12:41,F1,55.207,0.0,1.612,52.44,4.669,normal
2026-10-05 15:13:41,F1,56.327,0.0,1.638,59.678,5.046,normal
2026-10-05 15:14:41,F1,55.101,0.0,2.251,63.961,6.185,normal
2026-10-05 15:15:41,F1,59.324,0.0,2.795,40.92,3.585,normal
2026-10-05 15:16:41,F1,50.583,0.0,2.226,50.145,5.307,normal
2026-10-05 15:17:41,F1,39.884,0.0,1.595,52.115,5.572,normal
2026-10-05 15:18:41,F1,48.491,0.0,2.536,60.126,5.743,normal
2026-10-05 15:19:41,F1,40.626,0.0,2.196,57.808,5.133,normal
2026-10-05 15:20:41,F1,41.2,0.0,2.861,49.359,2.218,normal
2026-10-05 15:21:41,F1,56.23,0.0,2.204,67.472,5.828,normal
2026-10-05 15:22:41,F1,47.307,0.0,1.492,51.493,3.283,normal
2026-10-05 15:23:41,F1,37.33,0.0,1.632,55.338,7.407,normal
2026-10-05 15:24:41,F1,11.008,0.0,1.586,51.76,4.849,normal
2026-10-05 15:25:41,F1,54.831,0.0,2.223,60.172,6.29,normal
2026-10-05 15:26:41,F1,53.379,0.0,2.19,57.208,6.007,normal
2026-10-05 15:27:41,F1,47.441,0.0,1.835,61.791,5.322,normal
2026-10-05 15:28:41,F1,58.184,0.0,1.504,48.236,5.338,normal
2026-10-05 15:29:41,F1,55.07,0.0,1.357,41.819,6.461,normal
2026-10-05 15:30:41,F1,50.743,0.0,1.595,66.639,6.041,normal
2026-10-05 15:31:41,F1,69.875,0.0,1.031,51.423,3.493,normal
2026-10-05 15:32:41,F1,42.997,0.0,2.067,55.356,3.209,normal
2026-10-05 15:33:41,F1,43.048,0.0,1.806,64.196,6.606,normal
2026-10-05 15:34:41,F1,53.856,0.0,2.207,58.266,6.461,normal
2026-10-05 15:35:41,F1,56.101,0.0,2.195,47.397,4.434,normal
2026-10-05 15:36:41,F1,52.529,0.0,2.796,48.468,5.005,normal
2026-10-05 15:37:41,F1,47.442,0.0,2.019,64.932,6.82,normal
2026-10-05 15:38:41,F1,45.184,0.0,1.41,54.418,2.881,normal
2026-10-05 15:39:41,F1,42.111,0.0,1.977,59.642,5.279,normal
2026-10-05 15:40:41,F1,50.017,0.0,0.995,40.045,7.916,normal
2026-10-05 15:41:41,F1,52.18,0.0,2.827,57.316,4.358,normal
2026-10-05 15:42:41,F1,59.185,0.0,3.235,54.857,5.885,normal
2026-10-05 15:43:41,F1,53.507,0.0,2.574,59.514,5.572,normal
2026-10-05 15:44:41,F1,55.536,0.0,1.295,42.627,6.765,normal
2026-10-05 15:45:41,F1,50.218,0.0,2.898,43.335,5.967,normal
2026-10-05 15:46:41,F1,65.331,0.0,2.061,40.001,3.244,normal
2026-10-05 15:47:41,F1,66.399,0.0,2.47,49.531,4.124,normal
2026-10-05 15:48:41,F1,64.987,0.0,2.068,62.733,5.062,normal
2026-10-05 15:49:41,F1,56.919,0.0,2.43,39.776,5.977,normal
2026-10-05 15:50:41,F1,54.588,0.0,1.722,58.062,6.674,normal
2026-10-05 15:51:41,F1,55.985,0.0,1.669,53.537,6.232,normal
2026-10-05 15:52:41,F1,59.477,0.0,2.224,56.235,5.28,normal
2026-10-05 15:53:41,F1,67.138,0.0,2.294,67.177,5.529,normal
2026-10-05 15:54:41,F1,55.361,0.0,2.364,56.368,5.261,normal
2026-10-05 15:55:41,F1,52.223,0.0,2.264,55.043,6.074,normal
2026-10-05 15:56:41,F1,55.353,0.0,2.15,58.813,4.318,normal
2026-10-05 15:57:41,F1,61.636,0.0,2.233,67.836,3.231,normal
2026-10-05 15:58:41,F1,53.349,0.0,1.326,55.951,5.476,normal
2026-10-05 15:59:41,F1,64.096,0.0,2.238,55.132,3.693,normal
2026-10-05 16:00:41,F1,51.866,0.0,2.426,55.146,4.181,normal
2026-10-05 16:01:41,F1,57.576,0.0,4.598,31.987,6.074,normal
2026-10-05 16:02:41,F1,55.555,0.0,2.687,49.647,5.24,normal
2026-10-05 16:03:41,F1,48.716,0.0,2.528,48.649,5.109,normal
2026-10-05 16:04:41,F1,51.154,0.0,1.715,56.843,4.584,normal
2026-10-05 16:05:41,F1,56.707,0.0,1.946,46.18,5.049,normal
2026-10-05 16:06:41,F1,57.477,0.0,1.024,63.176,5.239,normal
2026-10-05 16:07:41,F1,48.225,0.0,2.511,74.756,3.544,normal
2026-10-05 16:08:41,F1,51.581,0.0,1.463,42.524,2.723,normal
2026-10-05 16:09:41,F1,49.518,0.0,2.263,54.388,5.604,normal
2026-10-05 16:10:41,F1,57.085,0.0,1.755,55.443,5.591,normal
2026-10-05 16:11:41,F1,54.367,0.0,2.102,53.655,5.318,normal
2026-10-05 16:12:41,F1,63.776,0.0,1.383,47.374,6.836,normal
2026-10-05 16:13:41,F1,58.069,0.0,2.17,59.677,4.373,normal
2026-10-05 16:14:41,F1,59.207,0.0,2.198,48.616,4.748,normal
2026-10-05 16:15:41,F1,61.371,0.0,2.646,39.986,5.094,normal
2026-10-05 16:16:41,F1,53.034,0.0,1.679,45.975,4.904,normal
2026-10-05 16:17:41,F1,52.907,0.0,2.804,63.309,4.694,normal
2026-10-05 16:18:41,F1,41.43,0.0,1.994,50.074,5.856,normal
2026-10-05 16:19:41,F1,52.744,0.0,2.541,50.504,2.911,normal
2026-10-05 16:20:41,F1,56.785,0.0,1.4,58.816,4.964,normal
2026-10-05 16:21:41,F1,61.267,0.0,2.479,47.878,5.156,normal
2026-10-05 16:22:41,F1,54.581,0.0,2.356,50.311,5.799,normal
2026-10-05 16:23:41,F1,40.94,0.0,1.597,55.434,6.167,normal
2026-10-05 16:24:41,F1,43.514,0.0,2.11,47.464,4.255,normal
2026-10-05 16:25:41,F1,59.823,0.0,2.924,52.718,5.862,normal
2026-10-05 16:26:41,F1,50.269,0.0,1.101,49.589,4.318,normal
2026-10-05 16:27:41,F1,52.551,0.0,1.167,47.704,5.406,normal
2026-10-05 16:28:41,F1,41.821,0.0,2.331,57.672,3.797,normal
2026-10-05 16:29:41,F1,60.236,0.0,2.366,58.805,7.14,normal
2026-10-05 16:30:41,F1,65.957,0.0,1.169,66.255,5.159,normal
2026-10-05 16:31:41,F1,50.418,0.0,2.696,53.588,5.699,normal
2026-10-05 16:32:41,F1,67.287,0.0,1.743,53.727,5.627,normal
2026-10-05 16:33:41,F1,68.907,0.0,2.047,52.449,5.206,normal
2026-10-05 16:34:41,F1,54.204,0.0,2.304,60.266,5.101,normal
2026-10-05 16:35:41,F1,69.358,0.0,1.818,60.347,5.367,normal
2026-10-05 16:36:41,F1,50.584,0.0,2.431,62.402,4.67,normal
2026-10-05 16:37:41,F1,59.289,0.0,2.457,49.855,6.561,normal
2026-10-05 16:38:41,F1,49.922,0.0,2.104,49.452,4.364,normal
2026-10-05 16:39:41,F1,38.561,0.0,1.73,49.293,6.76,normal
2026-10-05 16:40:41,F1,60.457,0.0,2.596,53.231,5.477,normal
2026-10-05 16:41:41,F1,49.527,0.0,1.553,52.181,4.24,normal
2026-10-05 16:42:41,F1,59.405,0.0,2.167,56.343,5.627,normal
2026-10-05 16:43:41,F1,58.522,0.0,2.019,42.843,6.275,normal
2026-10-05 16:44:41,F1,45.406,0.0,1.325,48.66,4.921,normal
2026-10-05 16:45:41,F1,57.636,0.0,1.986,58.395,6.884,normal
2026-10-05 16:46:41,F1,48.657,0.0,1.775,45.861,7.022,normal
2026-10-05 16:47:41,F1,58.257,0.0,1.716,50.398,4.748,normal
2026-10-05 16:48:41,F1,47.071,0.0,1.636,45.14,3.532,normal
2026-10-05 16:49:41,F1,57.585,0.0,2.085,58.818,3.537,normal
2026-10-05 16:50:41,F1,56.435,0.0,2.576,58.494,6.562,normal
2026-10-05 16:51:41,F1,50.97,0.0,2.641,61.114,5.606,normal
2026-10-05 16:52:41,F1,74.039,0.0,1.863,52.266,6.053,normal
2026-10-05 16:53:41,F1,54.416,0.0,1.839,63.564,4.935,normal
2026-10-05 16:54:41,F1,54.145,0.0,2.521,58.602,2.964,normal
2026-10-05 16:55:41,F1,50.862,0.0,2.383,49.778,5.701,normal
2026-10-05 16:56:41,F1,51.211,0.0,2.165,52.659,5.859,normal
2026-10-05 16:57:41,F1,48.723,0.0,1.891,53.338,6.153,normal
2026-10-05 16:58:41,F1,58.842,0.0,3.852,60.092,6.106,normal
2026-10-05 16:59:41,F1,45.783,0.0,2.343,51.516,6.825,normal
2026-10-05 17:00:41,F1,67.921,0.0,3.035,39.521,5.949,normal
2026-10-05 17:01:41,F1,57.81,0.0,3.06,44.841,3.724,normal
2026-10-05 17:02:41,F1,48.022,0.0,2.23,60.074,5.997,normal
2026-10-05 17:03:41,F1,45.561,0.0,2.006,53.821,4.067,normal
2026-10-05 17:04:41,F1,47.74,0.0,1.837,65.648,3.306,normal
2026-10-05 17:05:41,F1,50.014,0.0,1.471,50.924,4.842,normal
2026-10-05 17:06:41,F1,49.635,0.0,2.247,58.665,5.765,normal
2026-10-05 17:07:41,F1,30.614,0.0,1.754,65.223,3.134,normal
2026-10-05 17:08:41,F1,39.388,0.0,1.73,50.527,4.614,normal
2026-10-05 17:09:41,F1,54.716,0.0,1.918,67.172,7.055,normal
2026-10-05 17:10:41,F1,43.633,0.0,1.84,59.73,6.639,normal
2026-10-05 17:11:41,F1,55.337,0.0,1.985,52.659,5.554,normal
2026-10-05 17:12:41,F1,59.747,0.0,2.29,30.912,5.46,normal
2026-10-05 17:13:41,F1,62.831,0.0,1.733,50.334,5.106,normal
2026-10-05 17:14:41,F1,62.592,0.0,2.864,55.942,6.414,normal
2026-10-05 17:15:41,F1,46.688,0.0,3.259,46.563,4.886,normal
2026-10-05 17:16:41,F1,53.694,0.0,1.646,43.862,6.255,normal
2026-10-05 17:17:41,F1,54.676,0.0,2.424,33.461,4.342,normal
2026-10-05 17:18:41,F1,60.71,0.0,2.004,64.496,5.349,normal
2026-10-05 17:19:41,F1,55.672,0.0,3.17,54.396,5.264,normal
2026-10-05 17:20:41,F1,52.579,0.0,1.624,69.898,3.577,normal
2026-10-05 17:21:41,F1,48.101,0.0,2.402,66.397,4.45,normal
2026-10-05 17:22:41,F1,54.675,0.0,1.193,48.316,3.298,normal
2026-10-05 17:23:41,F1,57.769,0.0,1.645,58.728,5.424,normal
2026-10-05 17:24:41,F1,47.642,0.0,1.578,46.108,4.685,normal
2026-10-05 17:25:41,F1,47.08,0.0,2.222,60.852,3.671,normal
2026-10-05 17:26:41,F1,50.205,0.0,2.189,43.515,5.348,normal
2026-10-05 17:27:41,F1,58.429,0.0,1.992,59.727,5.437,normal
2026-10-05 17:28:41,F1,51.326,0.0,2.396,42.916,4.354,normal
2026-10-05 17:29:41,F1,58.243,0.0,2.339,68.382,2.888,normal
2026-10-05 17:30:41,F1,45.428,0.0,1.942,58.59,7.621,normal
2026-10-05 17:31:41,F1,57.023,0.0,1.686,67.268,4.267,normal
2026-10-05 17:32:41,F1,39.363,0.0,3.109,58.464,7.425,normal
2026-10-05 17:33:41,F1,49.212,0.0,1.935,50.469,3.287,normal
2026-10-05 17:34:41,F1,50.799,0.0,1.857,55.866,2.615,normal
2026-10-05 17:35:41,F1,46.594,0.0,1.49,54.826,5.246,normal
2026-10-05 17:36:41,F1,48.242,0.0,1.805,53.055,4.166,normal
2026-10-05 17:37:41,F1,51.773,0.0,2.045,55.55,4.899,normal
2026-10-05 17:38:41,F1,50.544,0.0,3.421,68.83,4.113,normal
2026-10-05 17:39:41,F1,66.523,0.0,2.868,55.128,5.803,normal
2026-10-05 17:40:41,F1,59.591,0.0,1.907,58.074,6.121,normal
2026-10-05 17:41:41,F1,64.004,0.0,2.745,57.654,5.378,normal
2026-10-05 17:42:41,F1,58.793,0.0,1.91,55.646,6.38,normal
2026-10-05 17:43:41,F1,58.919,0.0,2.766,63.053,5.506,normal
2026-10-05 17:44:41,F1,60.581,0.0,1.439,43.751,5.242,normal
2026-10-05 17:45:41,F1,48.751,0.0,2.709,55.16,5.897,normal
2026-10-05 17:46:41,F1,50.264,0.0,2.106,43.565,7.556,normal
2026-10-05 17:47:41,F1,48.922,0.0,2.422,51.018,4.88,normal
2026-10-05 17:48:41,F1,54.786,0.0,1.371,68.942,2.762,normal
2026-10-05 17:49:41,F1,48.373,0.0,2.613,56.041,6.478,normal
2026-10-05 17:50:41,F1,53.072,0.0,2.061,63.134,7.585,normal
2026-10-05 17:51:41,F1,66.886,0.0,2.338,59.598,3.365,normal
2026-10-05 17:52:41,F1,29.559,0.0,2.534,46.181,3.986,normal
2026-10-05 17:53:41,F1,50.096,0.0,1.919,57.098,5.297,normal
2026-10-05 17:54:41,F1,63.499,0.0,2.463,40.542,4.936,normal
2026-10-05 17:55:41,F1,53.057,0.0,2.649,57.357,3.791,normal
2026-10-05 17:56:41,F1,55.889,0.0,2.617,58.45,4.668,normal
2026-10-05 17:57:41,F1,47.947,0.0,1.501,64.865,5.28,normal
2026-10-05 17:58:41,F1,60.93,0.0,1.256,44.973,5.136,normal
2026-10-05 17:59:41,F1,44.594,0.0,2.461,56.462,6.354,normal
2026-10-05 18:00:41,F1,51.493,0.0,2.056,61.795,4.019,normal
2026-10-05 18:01:41,F1,47.678,0.0,0.873,51.109,4.596,normal
2026-10-05 18:02:41,F1,43.884,0.0,2.607,45.07,5.861,normal
2026-10-05 18:03:41,F1,47.127,0.0,1.937,80.41,7.808,normal
2026-10-05 18:04:41,F1,55.755,0.0,2.057,54.254,4.809,normal
2026-10-05 18:05:41,F1,56.2,0.0,1.977,43.856,5.173,normal
2026-10-05 18:06:41,F1,64.255,0.0,2.499,53.857,5.511,normal
2026-10-05 18:07:41,F1,47.325,0.0,2.345,43.691,4.175,normal
2026-10-05 18:08:41,F1,42.082,0.0,2.559,48.089,7.017,normal
2026-10-05 18:09:41,F1,51.131,0.0,1.714,60.162,5.247,normal
2026-10-05 18:10:41,F1,40.458,0.0,2.321,60.759,6.494,normal
2026-10-05 18:11:41,F1,67.574,0.0,2.411,46.29,5.198,normal
2026-10-05 18:12:41,F1,37.81,0.0,1.906,50.58,6.698,normal
2026-10-05 18:13:41,F1,47.736,0.0,1.821,55.645,6.797,normal
2026-10-05 18:14:41,F1,49.272,0.0,2.325,67.893,7.286,normal
2026-10-05 18:15:41,F1,54.899,0.0,1.601,49.8,5.126,normal
2026-10-05 18:16:41,F1,67.334,0.0,2.687,60.422,4.287,normal
2026-10-05 18:17:41,F1,55.699,0.0,2.235,57.148,5.861,normal
2026-10-05 18:18:41,F1,46.349,0.0,2.614,48.358,5.374,normal
2026-10-05 18:19:41,F1,60.081,0.0,2.106,51.42,4.599,normal
2026-10-05 18:20:41,F1,59.205,0.0,1.908,48.087,4.425,normal
2026-10-05 18:21:41,F1,57.07,0.0,2.002,62.189,2.512,normal
2026-10-05 18:22:41,F1,56.308,0.0,2.26,58.573,5.875,normal
2026-10-05 18:23:41,F1,55.854,0.0,1.717,61.369,5.544,normal
2026-10-05 18:24:41,F1,51.533,0.0,3.226,41.55,3.886,normal
2026-10-05 18:25:41,F1,42.212,0.0,1.973,59.295,5.037,normal
2026-10-05 18:26:41,F1,42.958,0.0,2.329,36.317,4.898,normal
2026-10-05 18:27:41,F1,51.001,0.0,2.562,58.132,0.885,normal
2026-10-05 18:28:41,F1,57.077,0.0,1.55,65.628,4.199,normal
2026-10-05 18:29:41,F1,62.057,0.0,1.007,59.536,6.143,normal
2026-10-05 18:30:41,F1,52.636,0.0,1.525,60.72,6.62,normal
2026-10-05 18:31:41,F1,60.857,0.0,2.665,37.938,4.83,normal
2026-10-05 18:32:41,F1,55.427,0.0,3.024,39.786,6.136,normal
2026-10-05 18:33:41,F1,57.574,0.0,2.187,59.052,6.228,normal
2026-10-05 18:34:41,F1,58.393,0.0,1.594,46.54,4.986,normal
2026-10-05 18:35:41,F1,61.946,0.0,1.765,40.571,6.448,normal
2026-10-05 18:36:41,F1,67.179,0.0,2.741,57.72,5.973,normal
2026-10-05 18:37:41,F1,69.48,0.0,2.889,50.974,6.457,normal
2026-10-05 18:38:41,F1,61.932,0.0,2.321,56.034,4.891,normal
2026-10-05 18:39:41,F1,52.876,0.0,3.107,51.372,5.106,normal
2026-10-05 18:40:41,F1,56.524,0.0,1.534,49.438,6.297,normal
2026-10-05 18:41:41,F1,55.618,0.0,2.34,54.01,5.655,normal
2026-10-05 18:42:41,F1,41.044,0.0,0.989,51.204,3.677,normal
2026-10-05 18:43:41,F1,56.496,0.0,3.405,73.083,5.349,normal
2026-10-05 18:44:41,F1,52.48,0.0,1.756,37.88,6.369,normal
2026-10-05 18:45:41,F1,64.537,0.0,1.594,62.457,4.265,normal
2026-10-05 18:46:41,F1,56.009,0.0,1.771,62.887,2.692,normal
2026-10-05 18:47:41,F1,63.383,0.0,2.324,59.09,7.72,normal
2026-10-05 18:48:41,F1,55.77,0.0,2.01,62.116,4.3,normal
2026-10-05 18:49:41,F1,64.866,0.0,2.371,47.761,4.36,normal
2026-10-05 18:50:41,F1,40.728,0.0,2.999,61.164,5.771,normal
2026-10-05 18:51:41,F1,58.021,0.0,2.386,43.587,5.874,normal
2026-10-05 18:52:41,F1,47.24,0.0,2.235,49.408,6.488,normal
2026-10-05 18:53:41,F1,53.285,0.0,2.404,50.821,4.139,normal
2026-10-05 18:54:41,F1,51.667,0.0,2.529,57.144,4.633,normal
2026-10-05 18:55:41,F1,48.964,0.0,3.005,57.893,5.819,normal
2026-10-05 18:56:41,F1,53.695,0.0,2.883,40.523,7.072,normal
2026-10-05 18:57:41,F1,45.414,0.0,1.496,51.942,6.036,normal
2026-10-05 18:58:41,F1,60.727,0.0,2.684,55.599,3.216,normal
2026-10-05 18:59:41,F1,53.295,0.0,2.014,64.879,4.406,normal
2026-10-05 19:00:41,F1,53.861,0.0,1.714,51.301,5.134,normal
2026-10-05 19:01:41,F1,65.305,0.0,2.344,65.937,6.782,normal
2026-10-05 19:02:41,F1,48.916,0.0,2.164,54.813,4.955,normal
2026-10-05 19:03:41,F1,46.175,0.0,2.245,47.701,4.554,normal
2026-10-05 19:04:41,F1,55.068,0.0,2.646,49.379,4.753,normal
2026-10-05 19:05:41,F1,55.122,0.0,1.798,44.665,5.918,normal
2026-10-05 19:06:41,F1,50.988,0.0,2.68,40.65,7.391,normal
2026-10-05 19:07:41,F1,60.352,0.0,2.717,56.879,2.559,normal
2026-10-05 19:08:41,F1,44.486,0.0,2.973,41.858,4.635,normal
2026-10-05 19:09:41,F1,57.304,0.0,2.099,56.249,8.455,normal
2026-10-05 19:10:41,F1,64.332,0.0,2.513,52.125,5.467,normal
2026-10-05 19:11:41,F1,61.774,0.0,1.999,43.527,3.668,normal
2026-10-05 19:12:41,F1,52.455,0.0,1.949,56.663,5.682,normal
2026-10-05 19:13:41,F1,49.346,0.0,1.764,58.457,3.666,normal
2026-10-05 19:14:41,F1,53.495,0.0,2.354,58.242,6.928,normal
2026-10-05 19:15:41,F1,55.578,0.0,3.008,56.02,5.734,normal
2026-10-05 19:16:41,F1,59.473,0.0,2.109,72.619,3.126,normal
2026-10-05 19:17:41,F1,48.037,0.0,2.602,50.007,6.547,normal
2026-10-05 19:18:41,F1,59.141,0.0,1.552,51.311,6.979,normal
2026-10-05 19:19:41,F1,53.225,0.0,1.2,36.271,9.044,normal
2026-10-05 19:20:41,F1,57.44,0.0,2.899,37.194,2.846,normal
2026-10-05 19:21:41,F1,60.731,0.0,2.582,59.194,6.854,normal
2026-10-05 19:22:41,F1,58.576,0.0,2.342,56.382,7.315,normal
2026-10-05 19:23:41,F1,53.567,0.0,2.669,63.695,4.548,normal
2026-10-05 19:24:41,F1,57.518,0.0,2.79,56.713,6.589,normal
2026-10-05 19:25:41,F1,64.961,0.0,2.524,44.631,3.844,normal
2026-10-05 19:26:41,F1,61.754,0.0,2.079,54.258,5.47,normal
2026-10-05 19:27:41,F1,56.394,0.0,2.248,44.401,4.363,normal
2026-10-05 19:28:41,F1,52.799,0.0,2.257,50.765,4.276,normal
2026-10-05 19:29:41,F1,49.897,0.0,1.733,63.023,6.766,normal
2026-10-05 19:30:41,F1,57.398,0.0,2.543,59.699,6.389,normal
2026-10-05 19:31:41,F1,58.067,0.0,2.172,40.323,5.107,normal
2026-10-05 19:32:41,F1,44.722,0.0,2.111,43.256,3.894,normal
2026-10-05 19:33:41,F1,49.592,0.0,2.45,54.415,4.596,normal
2026-10-05 19:34:41,F1,54.427,0.0,2.086,61.823,4.963,normal
2026-10-05 19:35:41,F1,58.943,0.0,1.959,64.273,3.243,normal
2026-10-05 19:36:41,F1,53.732,0.0,2.373,77.781,4.611,normal
2026-10-05 19:37:41,F1,49.609,0.0,2.799,55.629,5.703,normal
2026-10-05 19:38:41,F1,47.289,0.0,2.052,59.708,7.118,normal
2026-10-05 19:39:41,F1,68.954,0.0,2.492,47.132,4.626,normal
2026-10-05 19:40:41,F1,51.264,0.0,2.264,56.332,5.198,normal
2026-10-05 19:41:41,F1,59.522,0.0,2.045,44.206,5.326,normal
2026-10-05 19:42:41,F1,56.685,0.0,0.983,47.081,5.609,normal
2026-10-05 19:43:41,F1,49.275,0.0,2.429,47.235,7.1,normal
2026-10-05 19:44:41,F1,52.978,0.0,0.0,62.638,5.271,normal
2026-10-05 19:45:41,F1,37.981,0.0,2.083,52.426,4.011,normal
2026-10-05 19:46:41,F1,58.395,0.0,0.954,67.906,5.002,normal
2026-10-05 19:47:41,F1,54.168,0.0,1.796,45.418,9.182,normal
2026-10-05 19:48:41,F1,64.372,0.0,2.322,48.193,6.639,normal
2026-10-05 19:49:41,F1,55.902,0.0,2.557,50.487,5.075,normal
2026-10-05 19:50:41,F1,50.05,0.0,2.027,66.812,6.71,normal
2026-10-05 19:51:41,F1,57.546,0.0,2.572,60.263,5.435,normal
2026-10-05 19:52:41,F1,60.343,0.0,2.098,46.829,6.233,normal
2026-10-05 19:53:41,F1,58.657,0.0,2.422,52.089,5.017,normal
2026-10-05 19:54:41,F1,49.474,0.0,2.172,57.877,6.631,normal
2026-10-05 19:55:41,F1,61.588,0.0,1.345,51.997,5.71,normal
2026-10-05 19:56:41,F1,65.888,0.0,1.691,62.115,6.262,normal
2026-10-05 19:57:41,F1,63.036,0.0,2.024,53.594,5.375,normal
2026-10-05 19:58:41,F1,43.955,0.0,2.697,36.469,4.928,normal
2026-10-05 19:59:41,F1,52.478,0.0,1.7,45.831,5.91,normal
2026-10-05 20:00:41,F1,49.614,0.0,2.169,35.337,3.737,normal
2026-10-05 20:01:41,F1,47.234,0.0,2.649,60.641,5.977,normal
2026-10-05 20:02:41,F1,58.909,0.0,1.864,57.784,4.034,normal
2026-10-05 20:03:41,F1,61.813,0.0,2.288,66.478,7.398,normal
2026-10-05 20:04:41,F1,45.262,0.0,2.722,42.609,4.606,normal
2026-10-05 20:05:41,F1,54.819,0.0,1.942,54.738,5.995,normal
2026-10-05 20:06:41,F1,53.153,0.0,2.28,51.654,4.024,normal
2026-10-05 20:07:41,F1,57.724,0.0,2.033,52.638,4.344,normal
2026-10-05 20:08:41,F1,58.564,0.0,1.575,56.663,5.911,normal
2026-10-05 20:09:41,F1,55.571,0.0,2.581,71.107,3.597,normal
2026-10-05 20:10:41,F1,41.659,0.0,1.874,60.219,7.066,normal
2026-10-05 20:11:41,F1,49.531,0.0,2.055,53.131,3.903,normal
2026-10-05 20:12:41,F1,55.899,0.0,2.471,41.01,5.139,normal
2026-10-05 20:13:41,F1,53.715,0.0,2.473,60.48,6.822,normal
2026-10-05 20:14:41,F1,53.114,0.0,2.375,54.142,5.662,normal
2026-10-05 20:15:41,F1,57.566,0.0,1.851,38.755,5.951,normal
2026-10-05 20:16:41,F1,58.957,0.0,2.125,51.257,5.693,normal
2026-10-05 20:17:41,F1,69.21,0.0,1.759,53.89,4.135,normal
2026-10-05 20:18:41,F1,72.551,0.0,2.307,61.976,3.584,normal
2026-10-05 20:19:41,F1,43.062,0.0,1.468,47.574,4.258,normal
2026-10-05 20:20:41,F1,55.743,0.0,1.872,64.133,6.336,normal
2026-10-05 20:21:41,F1,47.445,0.0,2.81,39.352,5.411,normal
2026-10-05 20:22:41,F1,55.713,0.0,2.078,36.635,5.671,normal
2026-10-05 20:23:41,F1,47.715,0.0,1.747,45.55,4.546,normal
2026-10-05 20:24:41,F1,56.809,0.0,2.809,53.483,5.02,normal
2026-10-05 20:25:41,F1,47.427,0.0,2.774,60.774,5.828,normal
2026-10-05 20:26:41,F1,49.896,0.0,2.519,60.713,5.703,normal
2026-10-05 20:27:41,F1,52.911,0.0,2.343,53.354,3.38,normal
2026-10-05 20:28:41,F1,53.985,0.0,2.417,61.638,4.321,normal
2026-10-05 20:29:41,F1,61.999,0.0,2.668,55.354,5.146,normal
2026-10-05 20:30:41,F1,65.341,0.0,1.843,56.298,5.341,normal
2026-10-05 20:31:41,F1,60.304,0.0,2.249,52.566,5.519,normal
2026-10-05 20:32:41,F1,54.853,0.0,3.201,44.818,4.836,normal
2026-10-05 20:33:41,F1,57.966,0.0,2.588,55.255,4.62,normal
2026-10-05 20:34:41,F1,51.458,0.0,2.651,34.843,6.146,normal
2026-10-05 20:35:41,F1,65.147,0.0,1.924,33.012,6.476,normal
2026-10-05 20:36:41,F1,40.168,0.0,2.157,59.621,4.011,normal
2026-10-05 20:37:41,F1,48.099,0.0,3.002,67.147,4.629,normal
2026-10-05 20:38:41,F1,49.147,0.0,3.101,58.858,2.602,normal
2026-10-05 20:39:41,F1,36.53,0.0,2.304,52.269,6.613,normal
2026-10-05 20:40:41,F1,41.02,0.0,2.202,65.029,8.144,normal
2026-10-05 20:41:41,F1,59.512,0.0,1.595,49.101,7.929,normal
2026-10-05 20:42:41,F1,51.373,0.0,2.58,57.514,8.46,normal
2026-10-05 20:43:41,F1,61.866,0.0,1.985,53.853,2.569,normal
2026-10-05 20:44:41,F1,42.299,0.0,2.469,48.877,2.986,normal
2026-10-05 20:45:41,F1,49.167,0.0,1.419,68.414,5.305,normal
2026-10-05 20:46:41,F1,54.56,0.0,1.978,41.751,6.556,normal
2026-10-05 20:47:41,F1,42.785,0.0,2.198,47.293,5.004,normal
2026-10-05 20:48:41,F1,49.569,0.0,2.231,55.815,5.622,normal
2026-10-05 20:49:41,F1,46.265,0.0,3.642,40.275,5.364,normal
2026-10-05 20:50:41,F1,64.838,0.0,2.655,57.93,5.65,normal
2026-10-05 20:51:41,F1,64.495,0.0,1.549,44.984,3.948,normal
2026-10-05 20:52:41,F1,62.234,0.0,2.48,54.896,4.382,normal
2026-10-05 20:53:41,F1,69.724,0.0,2.227,67.183,5.774,normal
2026-10-05 20:54:41,F1,45.765,0.0,1.604,56.485,5.315,normal
2026-10-05 20:55:41,F1,67.141,0.0,2.392,57.49,4.402,normal
2026-10-05 20:56:41,F1,16.203,0.0,3.029,61.398,4.079,normal
2026-10-05 20:57:41,F1,61.446,0.0,1.83,52.696,6.861,normal
2026-10-05 20:58:41,F1,48.526,0.0,1.943,59.89,4.559,normal
2026-10-05 20:59:41,F1,48.373,0.0,1.763,68.21,7.042,normal
2026-10-05 21:00:41,F1,50.579,0.0,1.818,57.067,4.428,normal
2026-10-05 21:01:41,F1,52.07,0.0,1.663,48.816,5.504,normal
2026-10-05 21:02:41,F1,62.089,0.0,2.273,57.373,4.211,normal
2026-10-05 21:03:41,F1,44.599,0.0,2.843,43.98,8.331,normal
2026-10-05 21:04:41,F1,52.097,0.0,2.746,63.879,4.925,normal
2026-10-05 21:05:41,F1,100.616,0.0,1.377,71.055,5.173,normal
2026-10-05 21:06:41,F1,63.303,0.0,2.304,55.648,6.861,normal
2026-10-05 21:07:41,F1,64.457,0.0,2.7,52.854,6.374,normal
2026-10-05 21:08:41,F1,49.011,0.0,2.066,45.643,4.782,normal
2026-10-05 21:09:41,F1,66.498,0.0,1.931,58.157,5.657,normal
2026-10-05 21:10:41,F1,60.912,0.0,2.199,48.653,6.401,normal
2026-10-05 21:11:41,F1,52.448,0.0,2.59,50.064,6.596,normal
2026-10-05 21:12:41,F1,62.808,0.0,1.877,54.287,5.911,normal
2026-10-05 21:13:41,F1,51.036,0.0,2.081,37.225,5.561,normal
2026-10-05 21:14:41,F1,56.707,0.0,1.487,65.57,5.011,normal
2026-10-05 21:15:41,F1,50.121,0.0,1.692,57.902,5.199,normal
2026-10-05 21:16:41,F1,45.192,0.0,1.328,39.669,5.074,normal
2026-10-05 21:17:41,F1,41.144,0.0,2.081,44.476,6.923,normal
2026-10-05 21:18:41,F1,50.762,0.0,2.108,59.368,4.122,normal
2026-10-05 21:19:41,F1,50.49,0.0,2.433,53.446,4.164,normal
2026-10-05 21:20:41,F1,58.279,0.0,2.751,45.879,4.238,normal
2026-10-05 21:21:41,F1,41.422,0.0,2.488,50.882,4.411,normal
2026-10-05 21:22:41,F1,53.684,0.0,1.713,50.254,4.421,normal
2026-10-05 21:23:41,F1,56.584,0.0,1.679,71.777,5.647,normal
2026-10-05 21:24:41,F1,62.373,0.0,1.137,65.025,5.533,normal
2026-10-05 21:25:41,F1,53.77,0.0,2.054,53.691,6.456,normal
2026-10-05 21:26:41,F1,53.875,0.0,1.499,56.068,4.206,normal
2026-10-05 21:27:41,F1,52.481,0.0,1.751,48.646,4.344,normal
2026-10-05 21:28:41,F1,52.91,0.0,2.452,45.455,5.6,normal
2026-10-05 21:29:41,F1,47.304,0.0,2.78,63.643,7.023,normal
2026-10-05 21:30:41,F1,56.806,0.0,1.724,43.934,4.793,normal
2026-10-05 21:31:41,F1,60.527,0.0,1.988,64.848,6.384,normal
2026-10-05 21:32:41,F1,57.445,0.0,1.666,46.297,4.583,normal
2026-10-05 21:33:41,F1,53.242,0.0,2.752,47.071,4.924,normal
2026-10-05 21:34:41,F1,53.358,0.0,0.0,42.913,4.548,normal
2026-10-05 21:35:41,F1,51.035,0.0,2.722,46.808,6.649,normal
2026-10-05 21:36:41,F1,56.902,0.0,1.609,46.826,6.299,normal
2026-10-05 21:37:41,F1,51.848,0.0,3.176,52.721,5.709,normal
2026-10-05 21:38:41,F1,48.299,0.0,2.167,48.047,6.565,normal
2026-10-05 21:39:41,F1,58.902,0.0,2.69,44.667,5.758,normal
2026-10-05 21:40:41,F1,44.837,0.0,2.04,58.929,5.297,normal
2026-10-05 21:41:41,F1,58.858,0.0,2.511,55.143,3.449,normal
2026-10-05 21:42:41,F1,51.75,0.0,2.021,48.579,5.388,normal
2026-10-05 21:43:41,F1,61.736,0.0,3.247,38.557,5.075,normal
2026-10-05 21:44:41,F1,63.893,0.0,2.688,61.978,6.726,normal
2026-10-05 21:45:41,F1,50.772,0.0,2.295,47.645,4.209,normal
2026-10-05 21:46:41,F1,47.811,0.0,2.473,60.208,6.536,normal
2026-10-05 21:47:41,F1,53.846,0.0,1.631,59.326,6.393,normal
2026-10-05 21:48:41,F1,55.246,0.0,2.301,56.621,8.364,normal
2026-10-05 21:49:41,F1,64.682,0.0,1.201,63.468,7.526,normal
2026-10-05 21:50:41,F1,52.336,0.0,1.797,55.558,5.171,normal
2026-10-05 21:51:41,F1,59.458,0.0,2.372,54.33,6.25,normal
2026-10-05 21:52:41,F1,53.567,0.0,2.049,58.649,6.027,normal
2026-10-05 21:53:41,F1,62.454,0.0,1.642,51.346,5.091,normal
2026-10-05 21:54:41,F1,59.248,0.0,2.682,53.599,5.029,normal
2026-10-05 21:55:41,F1,51.739,0.0,2.303,54.214,3.927,normal
2026-10-05 21:56:41,F1,55.119,0.0,2.096,55.01,5.582,normal
2026-10-05 21:57:41,F1,56.189,0.0,2.215,44.533,6.775,normal
2026-10-05 21:58:41,F1,48.672,0.0,2.258,50.542,1.702,normal
2026-10-05 21:59:41,F1,57.366,0.0,1.728,45.569,5.607,normal
2026-10-05 22:00:41,F1,36.804,0.0,2.767,46.578,4.861,normal
2026-10-05 22:01:41,F1,50.113,0.0,2.495,46.884,5.321,normal
2026-10-05 22:02:41,F1,54.261,0.0,2.12,67.771,5.875,normal
2026-10-05 22:03:41,F1,55.147,0.0,1.946,47.803,5.655,normal
2026-10-05 22:04:41,F1,49.343,0.0,2.477,45.581,5.697,normal
2026-10-05 22:05:41,F1,47.395,0.0,2.194,35.577,5.754,normal
2026-10-05 22:06:41,F1,50.0,0.0,2.768,40.498,5.83,normal
2026-10-05 22:07:41,F1,63.654,0.0,1.894,52.801,5.495,normal
2026-10-05 22:08:41,F1,56.662,0.0,2.652,44.52,7.397,normal
2026-10-05 22:09:41,F1,59.859,0.0,1.92,54.807,3.629,normal
2026-10-05 22:10:41,F1,52.292,0.0,2.04,54.759,6.398,normal
2026-10-05 22:11:41,F1,55.395,0.0,2.598,43.33,3.941,normal
2026-10-05 22:12:41,F1,57.4,0.0,2.51,57.596,5.37,normal
2026-10-05 22:13:41,F1,55.525,0.0,0.92,43.41,6.152,normal
2026-10-05 22:14:41,F1,48.174,0.0,3.311,53.174,6.35,normal
2026-10-05 22:15:41,F1,58.306,0.0,2.08,52.934,7.413,normal
2026-10-05 22:16:41,F1,56.408,0.0,2.491,54.463,6.095,normal
2026-10-05 22:17:41,F1,54.208,0.0,1.292,50.577,2.201,normal
2026-10-05 22:18:41,F1,45.724,0.0,2.252,56.33,5.327,normal
2026-10-05 22:19:41,F1,57.656,0.0,2.549,68.542,4.586,normal
2026-10-05 22:20:41,F1,61.533,0.0,2.222,51.13,5.844,normal
2026-10-05 22:21:41,F1,57.149,0.0,1.27,48.467,5.266,normal
2026-10-05 22:22:41,F1,57.793,0.0,3.214,61.253,7.319,normal
2026-10-05 22:23:41,F1,60.93,0.0,2.253,45.317,5.248,normal
2026-10-05 22:24:41,F1,53.797,0.0,2.29,59.502,6.528,normal
2026-10-05 22:25:41,F1,38.444,0.0,2.742,44.072,6.012,normal
2026-10-05 22:26:41,F1,57.556,0.0,2.571,64.865,6.828,normal
2026-10-05 22:27:41,F1,54.606,0.0,3.332,50.459,4.09,normal
2026-10-05 22:28:41,F1,65.74,0.0,2.974,61.089,6.934,normal
2026-10-05 22:29:41,F1,50.825,0.0,2.875,59.264,4.465,normal
2026-10-05 22:30:41,F1,57.792,0.0,2.281,54.995,5.566,normal
2026-10-05 22:31:41,F1,64.196,0.0,2.207,55.449,5.939,normal
2026-10-05 22:32:41,F1,45.96,0.0,2.176,64.479,3.503,normal
2026-10-05 22:33:41,F1,50.67,0.0,1.858,62.062,3.761,normal
2026-10-05 22:34:41,F1,52.903,0.0,2.153,58.612,5.085,normal
2026-10-05 22:35:41,F1,67.811,0.0,2.766,45.671,5.027,normal
2026-10-05 22:36:41,F1,42.93,0.0,2.491,66.313,4.653,normal
2026-10-05 22:37:41,F1,52.592,0.0,2.243,50.12,6.615,normal
2026-10-05 22:38:41,F1,66.403,0.0,2.506,49.858,5.589,normal
2026-10-05 22:39:41,F1,52.659,0.0,2.986,54.704,4.707,normal
2026-10-05 22:40:41,F1,59.034,0.0,2.028,55.068,5.357,normal
2026-10-05 22:41:41,F1,57.402,0.0,2.655,52.323,6.224,normal
2026-10-05 22:42:41,F1,58.587,0.0,3.122,56.158,3.097,normal
2026-10-05 22:43:41,F1,45.395,0.0,2.277,56.463,6.228,normal
2026-10-05 22:44:41,F1,57.876,0.0,2.835,52.689,3.922,normal
2026-10-05 22:45:41,F1,52.787,0.0,2.302,70.502,5.193,normal
2026-10-05 22:46:41,F1,42.134,0.0,2.437,48.405,4.108,normal
2026-10-05 22:47:41,F1,51.377,0.0,1.981,47.973,4.686,normal
2026-10-05 22:48:41,F1,46.878,0.0,1.677,44.791,5.79,normal
2026-10-05 22:49:41,F1,43.999,0.0,3.198,44.083,4.843,normal
2026-10-05 22:50:41,F1,59.095,0.0,3.123,55.704,6.427,normal
2026-10-05 22:51:41,F1,58.681,0.0,2.602,51.489,7.312,normal
2026-10-05 22:52:41,F1,48.104,0.0,2.147,51.782,6.426,normal
2026-10-05 22:53:41,F1,63.988,0.0,1.693,48.222,4.71,normal
2026-10-05 22:54:41,F1,43.967,0.0,1.213,44.409,5.602,normal
2026-10-05 22:55:41,F1,43.735,0.0,1.757,49.25,2.53,normal
2026-10-05 22:56:41,F1,50.103,0.0,2.428,62.475,4.626,normal
2026-10-05 22:57:41,F1,55.409,0.0,2.693,56.767,5.933,normal
2026-10-05 22:58:41,F1,58.016,0.0,1.291,54.808,6.864,normal
2026-10-05 22:59:41,F1,37.902,0.0,2.331,55.011,7.388,normal
2026-10-05 23:00:41,F1,57.903,0.0,1.364,56.285,7.28,normal
2026-10-05 23:01:41,F1,45.714,0.0,2.119,54.711,7.463,normal
2026-10-05 23:02:41,F1,51.522,0.0,1.969,59.113,4.168,normal
2026-10-05 23:03:41,F1,50.06,0.0,1.406,53.63,4.887,normal
2026-10-05 23:04:41,F1,54.277,0.0,2.547,59.56,5.712,normal
2026-10-05 23:05:41,F1,64.984,0.0,2.963,52.168,7.356,normal
2026-10-05 23:06:41,F1,56.828,0.0,2.665,52.274,3.176,normal
2026-10-05 23:07:41,F1,52.616,0.0,2.542,47.553,5.624,normal
2026-10-05 23:08:41,F1,54.52,0.0,1.521,49.494,4.792,normal
2026-10-05 23:09:41,F1,39.182,0.0,2.55,43.482,5.887,normal
2026-10-05 23:10:41,F1,45.328,0.0,2.546,60.32,6.642,normal
2026-10-05 23:11:41,F1,61.161,0.0,2.726,67.317,2.847,normal
2026-10-05 23:12:41,F1,52.654,0.0,1.774,35.781,5.685,normal
2026-10-05 23:13:41,F1,53.413,0.0,2.863,59.648,5.265,normal
2026-10-05 23:14:41,F1,61.892,0.0,2.341,52.3,5.057,normal
2026-10-05 23:15:41,F1,59.14,0.0,1.791,61.029,5.629,normal
2026-10-05 23:16:41,F1,47.619,0.0,1.654,65.645,6.089,normal
2026-10-05 23:17:41,F1,48.973,0.0,2.735,50.694,6.18,normal
2026-10-05 23:18:41,F1,57.196,0.0,2.195,49.056,7.331,normal
2026-10-05 23:19:41,F1,48.407,0.0,2.718,40.962,3.981,normal
2026-10-05 23:20:41,F1,36.831,0.0,2.064,67.079,4.798,normal
2026-10-05 23:21:41,F1,53.835,0.0,2.191,53.128,5.781,normal
2026-10-05 23:22:41,F1,53.164,0.0,3.353,53.057,6.305,normal
2026-10-05 23:23:41,F1,55.192,0.0,1.898,45.998,3.913,normal
2026-10-05 23:24:41,F1,48.804,0.0,1.509,61.81,5.76,normal
2026-10-05 23:25:41,F1,55.26,0.0,1.304,59.622,6.319,normal
2026-10-05 23:26:41,F1,55.988,0.0,2.992,54.388,6.863,normal
2026-10-05 23:27:41,F1,52.952,0.0,2.152,50.794,6.719,normal
2026-10-05 23:28:41,F1,56.529,0.0,1.952,46.391,4.504,normal
2026-10-05 23:29:41,F1,40.208,0.0,2.128,25.483,4.555,normal
2026-10-05 23:30:41,F1,57.013,0.0,3.051,48.116,6.04,normal
2026-10-05 23:31:41,F1,51.946,0.0,2.207,65.011,7.83,normal
2026-10-05 23:32:41,F1,56.12,0.0,2.797,63.958,5.003,normal
2026-10-05 23:33:41,F1,54.062,0.0,1.896,56.166,5.949,normal
2026-10-05 23:34:41,F1,46.65,0.0,1.976,65.287,5.722,normal
2026-10-05 23:35:41,F1,53.952,0.0,2.028,61.714,4.729,normal
2026-10-05 23:36:41,F1,42.336,0.0,2.47,55.463,4.546,normal
2026-10-05 23:37:41,F1,47.614,0.0,2.593,48.63,3.521,normal
2026-10-05 23:38:41,F1,67.298,0.0,2.054,49.913,5.747,normal
2026-10-05 23:39:41,F1,50.129,0.0,2.46,49.125,5.862,normal
2026-10-05 23:40:41,F1,51.633,0.0,2.829,51.889,6.331,normal
2026-10-05 23:41:41,F1,62.692,0.0,2.639,57.147,5.393,normal
2026-10-05 23:42:41,F1,44.079,0.0,2.323,60.934,6.27,normal
2026-10-05 23:43:41,F1,52.628,0.0,2.584,59.215,3.694,normal
2026-10-05 23:44:41,F1,63.454,0.0,2.182,39.318,7.106,normal
2026-10-05 23:45:41,F1,45.545,0.0,1.873,58.069,7.224,normal
2026-10-05 23:46:41,F1,47.258,0.0,2.315,51.393,3.49,normal
2026-10-05 23:47:41,F1,54.488,0.0,1.496,46.213,5.313,normal
2026-10-05 23:48:41,F1,50.512,0.0,2.131,54.863,5.243,normal
2026-10-05 23:49:41,F1,55.186,0.0,2.633,61.285,4.943,normal
2026-10-05 23:50:41,F1,61.755,0.0,1.753,58.368,6.15,normal
2026-10-05 23:51:41,F1,54.935,0.0,2.512,44.927,4.641,normal
2026-10-05 23:52:41,F1,39.218,0.0,2.184,45.554,6.019,normal
2026-10-05 23:53:41,F1,50.431,0.0,2.877,63.256,4.308,normal
2026-10-05 23:54:41,F1,40.57,0.0,1.959,37.51,4.618,normal
2026-10-05 23:55:41,F1,57.253,0.0,2.28,57.216,6.151,normal
2026-10-05 23:56:41,F1,52.014,0.0,2.174,51.284,7.7,normal
2026-10-05 23:57:41,F1,54.707,0.0,2.474,61.934,4.853,normal
2026-10-05 23:58:41,F1,55.63,0.0,1.963,50.622,6.309,normal
2026-10-05 23:59:41,F1,55.392,0.0,2.391,38.416,5.098,normal
2026-10-06 00:00:41,F1,58.834,0.0,3.608,52.444,4.717,normal
2026-10-06 00:01:41,F1,64.823,0.0,2.664,42.404,5.58,normal
2026-10-06 00:02:41,F1,52.236,0.0,3.367,53.448,6.059,normal
2026-10-06 00:03:41,F1,44.397,0.0,1.994,60.797,5.455,normal
2026-10-06 00:04:41,F1,51.787,0.0,2.084,58.048,4.777,normal
2026-10-06 00:05:41,F1,50.327,0.0,2.324,56.533,4.004,normal
2026-10-06 00:06:41,F1,49.833,0.0,2.291,53.514,5.711,normal
2026-10-06 00:07:41,F1,46.721,0.0,2.59,60.276,5.432,normal
2026-10-06 00:08:41,F1,49.099,0.0,2.768,53.483,5.42,normal
2026-10-06 00:09:41,F1,49.191,0.0,2.21,65.61,5.527,normal
2026-10-06 00:10:41,F1,46.818,0.0,2.319,62.106,5.259,normal
2026-10-06 00:11:41,F1,65.265,0.0,2.795,50.001,3.084,normal
2026-10-06 00:12:41,F1,52.015,0.0,2.033,46.873,5.155,normal
2026-10-06 00:13:41,F1,25.599,0.0,2.104,50.828,5.951,normal
2026-10-06 00:14:41,F1,49.043,0.0,1.28,59.404,6.538,normal
2026-10-06 00:15:41,F1,54.09,0.0,2.623,55.769,4.575,normal
2026-10-06 00:16:41,F1,65.063,0.0,3.029,64.224,3.295,normal
2026-10-06 00:17:41,F1,58.592,0.0,2.401,58.647,5.679,normal
2026-10-06 00:18:41,F1,56.064,0.0,1.89,56.928,6.255,normal
2026-10-06 00:19:41,F1,48.508,0.0,2.841,45.385,3.297,normal
2026-10-06 00:20:41,F1,53.705,0.0,2.493,50.982,5.686,normal
2026-10-06 00:21:41,F1,44.085,0.0,2.883,42.33,4.161,normal
2026-10-06 00:22:41,F1,63.232,0.0,2.021,61.186,5.421,normal
2026-10-06 00:23:41,F1,58.659,0.0,2.15,57.574,4.574,normal
2026-10-06 00:24:41,F1,48.268,0.0,2.316,60.7,4.264,normal
2026-10-06 00:25:41,F1,74.877,0.0,2.271,57.266,6.039,normal
2026-10-06 00:26:41,F1,57.114,0.0,2.478,58.949,4.324,normal
2026-10-06 00:27:41,F1,58.358,0.0,2.742,53.819,6.292,normal
2026-10-06 00:28:41,F1,53.372,0.0,2.151,57.091,5.161,normal
2026-10-06 00:29:41,F1,56.589,0.0,3.663,41.405,4.989,normal
2026-10-06 00:30:41,F1,64.571,0.0,2.79,50.679,4.418,normal
2026-10-06 00:31:41,F1,54.02,0.0,2.55,64.15,4.012,normal
2026-10-06 00:32:41,F1,65.569,0.0,2.291,62.337,4.626,normal
2026-10-06 00:33:41,F1,48.802,0.0,3.581,37.354,6.379,normal
2026-10-06 00:34:41,F1,67.418,0.0,2.678,40.164,6.491,normal
2026-10-06 00:35:41,F1,45.776,0.0,1.926,44.359,5.911,normal
2026-10-06 00:36:41,F1,47.295,0.0,2.149,58.043,6.963,normal
2026-10-06 00:37:41,F1,47.117,0.0,2.684,60.328,5.703,normal
2026-10-06 00:38:41,F1,49.421,0.0,3.316,67.293,4.986,normal
2026-10-06 00:39:41,F1,48.68,0.0,2.259,55.082,6.497,normal
2026-10-06 00:40:41,F1,50.598,0.0,3.112,53.726,5.115,normal
2026-10-06 00:41:41,F1,64.734,0.0,2.796,49.901,5.459,normal
2026-10-06 00:42:41,F1,48.69,0.0,3.035,54.171,6.462,normal
2026-10-06 00:43:41,F1,55.503,0.0,2.404,52.901,4.092,normal
2026-10-06 00:44:41,F1,52.654,0.0,3.313,50.06,6.723,normal
2026-10-06 00:45:41,F1,42.313,0.0,2.193,45.536,5.794,normal
2026-10-06 00:46:41,F1,47.285,0.0,2.506,81.88,5.089,normal
2026-10-06 00:47:41,F1,50.47,0.0,0.947,51.372,4.839,normal
2026-10-06 00:48:41,F1,48.97,0.0,1.151,42.544,4.93,normal
2026-10-06 00:49:41,F1,46.411,0.0,3.381,59.655,6.617,normal
2026-10-06 00:50:41,F1,40.248,0.0,2.74,64.81,3.112,normal
2026-10-06 00:51:41,F1,42.89,0.0,1.9,43.945,5.582,normal
2026-10-06 00:52:41,F1,49.847,0.0,2.243,49.236,6.602,normal
2026-10-06 00:53:41,F1,61.224,0.0,2.717,49.232,5.211,normal
2026-10-06 00:54:41,F1,56.317,0.0,2.856,45.554,5.511,normal
2026-10-06 00:55:41,F1,54.738,0.0,3.414,67.472,4.561,normal
2026-10-06 00:56:41,F1,49.473,0.0,3.063,43.107,6.172,normal
2026-10-06 00:57:41,F1,47.412,0.0,3.126,50.376,5.338,normal
2026-10-06 00:58:41,F1,59.653,0.0,2.085,53.497,5.122,normal
2026-10-06 00:59:41,F1,66.431,0.0,2.644,59.434,2.697,normal
2026-10-06 01:00:41,F1,54.315,0.0,2.24,52.972,6.19,normal
2026-10-06 01:01:41,F1,55.256,0.0,3.099,58.709,3.411,normal
2026-10-06 01:02:41,F1,51.6,0.0,1.659,48.94,4.17,normal
2026-10-06 01:03:41,F1,48.91,0.0,3.026,62.013,3.249,normal
2026-10-06 01:04:41,F1,61.438,0.0,3.1,58.511,7.128,normal
2026-10-06 01:05:41,F1,60.94,0.0,1.98,59.661,5.254,normal
2026-10-06 01:06:41,F1,56.236,0.0,2.168,47.646,4.718,normal
2026-10-06 01:07:41,F1,58.545,0.0,2.85,41.656,5.562,normal
2026-10-06 01:08:41,F1,62.089,0.0,2.276,64.655,6.654,normal
2026-10-06 01:09:41,F1,53.784,0.0,2.184,44.524,5.72,normal
2026-10-06 01:10:41,F1,60.485,0.0,2.612,45.482,5.304,normal
2026-10-06 01:11:41,F1,37.995,0.0,2.315,52.306,3.856,normal
2026-10-06 01:12:41,F1,59.861,0.0,2.179,54.547,5.586,normal
2026-10-06 01:13:41,F1,40.593,0.0,2.436,63.157,4.298,normal
2026-10-06 01:14:41,F1,44.869,0.0,3.186,70.485,5.375,normal
2026-10-06 01:15:41,F1,51.884,0.0,2.387,55.547,6.58,normal
2026-10-06 01:16:41,F1,57.576,0.0,2.371,46.631,3.41,normal
2026-10-06 01:17:41,F1,45.716,0.0,2.15,57.627,6.958,normal
2026-10-06 01:18:41,F1,51.271,0.0,2.144,62.438,8.941,normal
2026-10-06 01:19:41,F1,53.579,0.0,1.786,42.932,6.772,normal
2026-10-06 01:20:41,F1,51.594,0.0,2.775,57.779,4.697,normal
2026-10-06 01:21:41,F1,58.498,0.0,1.262,44.514,5.433,normal
2026-10-06 01:22:41,F1,46.33,0.0,2.616,60.171,4.7,normal
2026-10-06 01:23:41,F1,50.184,0.0,2.255,49.215,5.173,normal
2026-10-06 01:24:41,F1,49.069,0.0,3.907,60.392,5.749,normal
2026-10-06 01:25:41,F1,49.557,0.0,2.702,48.826,4.317,normal
2026-10-06 01:26:41,F1,50.604,0.0,3.142,52.725,6.039,normal
2026-10-06 01:27:41,F1,58.487,0.0,3.651,46.504,4.629,normal
2026-10-06 01:28:41,F1,54.064,0.0,3.115,43.545,5.546,normal
2026-10-06 01:29:41,F1,51.026,0.0,1.461,45.75,5.459,normal
2026-10-06 01:30:41,F1,59.613,0.0,2.423,55.38,5.631,normal
2026-10-06 01:31:41,F1,51.365,0.0,0.945,46.276,3.849,normal
2026-10-06 01:32:41,F1,64.392,0.0,3.004,65.095,7.618,normal
2026-10-06 01:33:41,F1,57.604,0.0,3.229,53.458,6.489,normal
2026-10-06 01:34:41,F1,62.347,0.0,2.331,52.438,6.612,normal
2026-10-06 01:35:41,F1,63.861,0.0,2.878,47.498,5.613,normal
2026-10-06 01:36:41,F1,64.744,0.0,2.501,51.607,5.866,normal
2026-10-06 01:37:41,F1,50.275,0.0,2.563,56.814,3.843,normal
2026-10-06 01:38:41,F1,53.06,0.0,2.703,58.092,6.758,normal
2026-10-06 01:39:41,F1,58.042,0.0,3.16,52.935,5.717,normal
2026-10-06 01:40:41,F1,58.178,0.0,2.694,55.366,5.938,normal
2026-10-06 01:41:41,F1,52.5,0.0,0.789,50.124,5.289,normal
2026-10-06 01:42:41,F1,61.37,0.0,3.225,39.342,5.894,normal
2026-10-06 01:43:41,F1,53.344,0.0,2.216,58.14,5.529,normal
2026-10-06 01:44:41,F1,51.644,0.0,2.437,47.871,4.685,normal
2026-10-06 01:45:41,F1,59.176,0.0,2.288,53.465,6.133,normal
2026-10-06 01:46:41,F1,47.861,0.0,2.484,47.837,5.301,normal
2026-10-06 01:47:41,F1,59.973,0.0,2.827,55.214,6.927,normal
2026-10-06 01:48:41,F1,43.401,0.0,1.507,61.066,6.989,normal
2026-10-06 01:49:41,F1,54.06,0.0,1.761,54.999,7.202,normal
2026-10-06 01:50:41,F1,53.374,0.0,3.197,55.109,7.301,normal
2026-10-06 01:51:41,F1,66.045,0.0,2.541,33.787,6.588,normal
2026-10-06 01:52:41,F1,54.147,0.0,2.825,32.27,6.494,normal
2026-10-06 01:53:41,F1,58.422,0.0,2.375,46.612,5.104,normal
2026-10-06 01:54:41,F1,54.078,0.0,2.341,40.803,4.98,normal
2026-10-06 01:55:41,F1,46.989,0.0,2.266,53.724,6.441,normal
2026-10-06 01:56:41,F1,51.715,0.0,1.726,40.524,5.166,normal
2026-10-06 01:57:41,F1,54.993,0.0,2.49,50.149,3.727,normal
2026-10-06 01:58:41,F1,58.713,0.0,2.7,63.347,5.228,normal
2026-10-06 01:59:41,F1,56.909,0.0,2.395,42.519,6.194,normal
2026-10-06 02:00:41,F1,53.823,0.0,3.172,49.552,4.955,normal
2026-10-06 02:01:41,F1,51.385,0.0,2.3,45.448,4.97,normal
2026-10-06 02:02:41,F1,56.886,0.0,2.459,45.101,6.978,normal
2026-10-06 02:03:41,F1,59.476,0.0,2.503,50.933,3.665,normal
2026-10-06 02:04:41,F1,65.017,0.0,3.016,56.382,6.149,normal
2026-10-06 02:05:41,F1,50.155,0.0,1.89,51.772,3.595,normal
2026-10-06 02:06:41,F1,50.351,0.0,3.483,56.012,4.086,normal
2026-10-06 02:07:41,F1,51.56,0.0,2.005,53.19,7.689,normal
2026-10-06 02:08:41,F1,54.345,0.0,2.453,65.689,5.265,normal
2026-10-06 02:09:41,F1,60.665,0.0,1.802,66.498,5.795,normal
2026-10-06 02:10:41,F1,59.571,0.0,2.387,60.237,4.897,normal
2026-10-06 02:11:41,F1,58.517,0.0,2.625,42.813,5.612,normal
2026-10-06 02:12:41,F1,56.318,0.0,3.106,36.704,6.869,normal
2026-10-06 02:13:41,F1,83.21,0.0,1.458,56.883,4.692,normal
2026-10-06 02:14:41,F1,62.28,0.0,3.145,63.328,5.637,normal
2026-10-06 02:15:41,F1,53.338,0.0,4.511,31.529,5.177,normal
2026-10-06 02:16:41,F1,57.523,0.0,1.941,51.429,4.292,normal
2026-10-06 02:17:41,F1,53.112,0.0,2.175,58.907,4.168,normal
2026-10-06 02:18:41,F1,50.431,0.0,2.39,57.61,4.847,normal
2026-10-06 02:19:41,F1,54.812,0.0,4.2,41.298,6.359,normal
2026-10-06 02:20:41,F1,48.431,0.0,1.903,60.019,7.647,normal
2026-10-06 02:21:41,F1,54.206,0.0,2.707,49.362,5.34,normal
2026-10-06 02:22:41,F1,39.159,0.0,2.317,47.056,6.562,normal
2026-10-06 02:23:41,F1,72.522,0.0,2.176,51.481,3.583,normal
2026-10-06 02:24:41,F1,47.439,0.0,1.896,64.272,7.104,normal
2026-10-06 02:25:41,F1,53.345,0.0,2.487,55.366,4.093,normal
2026-10-06 02:26:41,F1,67.901,0.0,2.65,51.613,5.865,normal
2026-10-06 02:27:41,F1,43.319,0.0,2.548,51.604,5.485,normal
2026-10-06 02:28:41,F1,47.219,0.0,2.47,54.293,7.649,normal
2026-10-06 02:29:41,F1,69.193,0.0,2.081,58.843,7.426,normal
2026-10-06 02:30:41,F1,42.917,0.0,2.463,58.825,7.441,normal
2026-10-06 02:31:41,F1,60.598,0.0,1.768,52.372,5.021,normal
2026-10-06 02:32:41,F1,45.88,0.0,3.769,53.785,6.505,normal
2026-10-06 02:33:41,F1,32.147,0.0,2.448,72.522,5.976,normal
2026-10-06 02:34:41,F1,51.48,0.0,1.658,52.842,4.221,normal
2026-10-06 02:35:41,F1,60.164,0.0,1.962,58.426,7.957,normal
2026-10-06 02:36:41,F1,58.727,0.0,2.848,42.393,2.989,normal
2026-10-06 02:37:41,F1,42.326,0.0,2.955,67.004,5.334,normal
2026-10-06 02:38:41,F1,50.37,0.0,1.123,54.541,5.141,normal
2026-10-06 02:39:41,F1,52.013,0.0,2.5,48.991,5.911,normal
2026-10-06 02:40:41,F1,46.922,0.0,2.48,47.399,6.303,normal
2026-10-06 02:41:41,F1,54.85,0.0,2.975,70.225,4.07,normal
2026-10-06 02:42:41,F1,48.162,0.0,3.296,44.941,4.234,normal
2026-10-06 02:43:41,F1,55.192,0.0,2.307,50.605,3.284,normal
2026-10-06 02:44:41,F1,51.167,0.0,2.353,56.262,7.065,normal
2026-10-06 02:45:41,F1,46.786,0.0,2.606,40.347,6.078,normal
2026-10-06 02:46:41,F1,58.668,0.0,2.567,55.139,8.023,normal
2026-10-06 02:47:41,F1,71.398,0.0,3.113,39.863,4.403,normal
2026-10-06 02:48:41,F1,57.195,0.0,2.295,53.042,5.876,normal
2026-10-06 02:49:41,F1,57.806,0.0,2.315,61.28,5.917,normal
2026-10-06 02:50:41,F1,62.737,0.0,2.519,53.95,7.062,normal
2026-10-06 02:51:41,F1,42.849,0.0,1.852,40.42,6.996,normal
2026-10-06 02:52:41,F1,52.288,0.0,2.937,39.895,4.195,normal
2026-10-06 02:53:41,F1,47.834,0.0,3.122,49.289,7.127,normal
2026-10-06 02:54:41,F1,48.251,0.0,2.227,52.884,5.347,normal
2026-10-06 02:55:41,F1,49.856,0.0,3.077,78.866,3.921,normal
2026-10-06 02:56:41,F1,58.199,0.0,1.846,59.444,6.284,normal
2026-10-06 02:57:41,F1,51.388,0.0,1.867,47.951,4.473,normal
2026-10-06 02:58:41,F1,60.718,0.0,3.006,55.433,6.947,normal
2026-10-06 02:59:41,F1,56.73,0.0,2.795,62.019,4.481,normal
2026-10-06 03:00:41,F1,59.954,0.0,2.106,43.979,4.577,normal
2026-10-06 03:01:41,F1,50.892,0.0,3.137,49.146,5.698,normal
2026-10-06 03:02:41,F1,45.958,0.0,1.673,46.998,6.776,normal
2026-10-06 03:03:41,F1,57.833,0.0,2.924,52.21,6.058,normal
2026-10-06 03:04:41,F1,56.389,0.0,2.525,61.118,4.552,normal
2026-10-06 03:05:41,F1,52.457,0.0,1.339,54.753,7.429,normal
2026-10-06 03:06:41,F1,55.562,0.0,1.441,60.118,4.74,normal
2026-10-06 03:07:41,F1,48.127,0.0,1.989,56.439,5.386,normal
2026-10-06 03:08:41,F1,55.224,0.0,2.674,61.409,5.32,normal
2026-10-06 03:09:41,F1,46.397,0.0,3.212,59.725,5.09,normal
2026-10-06 03:10:41,F1,57.256,0.0,2.317,62.618,6.305,normal
2026-10-06 03:11:41,F1,47.068,0.0,1.954,54.794,6.887,normal
2026-10-06 03:12:41,F1,43.126,0.0,1.786,50.234,4.985,normal
2026-10-06 03:13:41,F1,44.204,0.0,2.57,47.19,7.802,normal
2026-10-06 03:14:41,F1,58.003,0.0,1.883,49.629,5.785,normal
2026-10-06 03:15:41,F1,52.514,0.0,2.974,49.306,6.319,normal
2026-10-06 03:16:41,F1,52.575,0.0,2.2,58.492,6.254,normal
2026-10-06 03:17:41,F1,40.273,0.0,2.831,44.611,4.12,normal
2026-10-06 03:18:41,F1,52.685,0.0,3.446,64.178,4.77,normal
2026-10-06 03:19:41,F1,56.762,0.0,2.21,48.851,7.383,normal
2026-10-06 03:20:41,F1,50.574,0.0,3.266,70.875,5.555,normal
2026-10-06 03:21:41,F1,51.39,0.0,2.092,58.578,8.091,normal
2026-10-06 03:22:41,F1,59.359,0.0,1.522,57.801,4.245,normal
2026-10-06 03:23:41,F1,43.396,0.0,2.557,45.962,5.184,normal
2026-10-06 03:24:41,F1,53.484,0.0,2.377,52.548,6.134,normal
2026-10-06 03:25:41,F1,60.643,0.0,1.99,63.159,7.086,normal
2026-10-06 03:26:41,F1,58.24,0.0,2.397,59.396,3.91,normal
2026-10-06 03:27:41,F1,51.713,0.0,1.84,51.364,2.672,normal
2026-10-06 03:28:41,F1,52.187,0.0,3.629,65.493,6.349,normal
2026-10-06 03:29:41,F1,53.22,0.0,1.757,55.486,7.087,normal
2026-10-06 03:30:41,F1,42.573,0.0,2.402,57.413,5.881,normal
2026-10-06 03:31:41,F1,60.302,0.0,2.941,58.073,8.503,normal
2026-10-06 03:32:41,F1,52.37,0.0,2.662,58.91,4.978,normal
2026-10-06 03:33:41,F1,53.147,0.0,3.17,65.694,5.314,normal
2026-10-06 03:34:41,F1,54.155,0.0,3.219,73.687,3.773,normal
2026-10-06 03:35:41,F1,49.532,0.0,3.386,41.518,4.893,normal
2026-10-06 03:36:41,F1,52.684,0.0,2.09,71.76,7.791,normal
2026-10-06 03:37:41,F1,67.156,0.0,2.595,56.438,5.933,normal
2026-10-06 03:38:41,F1,51.533,0.0,2.751,45.761,5.314,normal
2026-10-06 03:39:41,F1,58.747,0.0,1.918,66.904,5.118,normal
2026-10-06 03:40:41,F1,52.781,0.0,2.212,54.445,6.989,normal
2026-10-06 03:41:41,F1,53.411,0.0,2.279,69.0,5.161,normal
2026-10-06 03:42:41,F1,68.186,0.0,2.997,65.165,7.447,normal
2026-10-06 03:43:41,F1,48.039,0.0,2.406,48.596,6.002,normal
2026-10-06 03:44:41,F1,59.571,0.0,3.096,51.966,7.444,normal
2026-10-06 03:45:41,F1,45.704,0.0,2.481,67.465,3.956,normal
2026-10-06 03:46:41,F1,58.755,0.0,2.226,38.529,6.435,normal
2026-10-06 03:47:41,F1,50.627,0.0,2.691,70.524,6.856,normal
2026-10-06 03:48:41,F1,53.432,0.0,2.543,58.411,6.659,normal
2026-10-06 03:49:41,F1,45.082,0.0,2.527,51.214,6.656,normal
2026-10-06 03:50:41,F1,60.376,0.0,3.063,60.853,6.261,normal
2026-10-06 03:51:41,F1,58.406,0.0,2.29,55.887,5.879,normal
2026-10-06 03:52:41,F1,43.015,0.0,2.592,55.362,7.391,normal
2026-10-06 03:53:41,F1,54.075,0.0,3.013,42.502,8.284,normal
2026-10-06 03:54:41,F1,52.572,0.0,3.139,60.335,5.055,normal
2026-10-06 03:55:41,F1,51.808,0.0,2.722,54.169,5.066,normal
2026-10-06 03:56:41,F1,66.584,0.0,2.63,64.232,5.299,normal
2026-10-06 03:57:41,F1,59.661,0.0,3.262,53.604,5.503,normal
2026-10-06 03:58:41,F1,56.158,0.0,2.949,57.643,5.642,normal
2026-10-06 03:59:41,F1,54.048,0.0,2.127,46.348,6.603,normal
2026-10-06 04:00:41,F1,50.49,0.0,1.951,64.543,5.176,normal
2026-10-06 04:01:41,F1,60.574,0.0,3.149,55.842,4.48,normal
2026-10-06 04:02:41,F1,62.577,0.0,2.113,70.328,6.221,normal
2026-10-06 04:03:41,F1,63.819,0.0,2.372,50.639,6.139,normal
2026-10-06 04:04:41,F1,47.135,0.0,2.613,66.12,6.021,normal
2026-10-06 04:05:41,F1,62.376,0.0,2.582,65.642,5.17,normal
2026-10-06 04:06:41,F1,46.363,0.0,1.704,47.77,4.965,normal
2026-10-06 04:07:41,F1,50.286,0.0,3.016,46.663,6.781,normal
2026-10-06 04:08:41,F1,56.611,0.0,1.388,54.333,5.93,normal
2026-10-06 04:09:41,F1,45.869,0.0,3.153,57.823,3.944,normal
2026-10-06 04:10:41,F1,41.717,0.0,2.455,58.146,4.626,normal
2026-10-06 04:11:41,F1,60.123,0.0,3.108,51.266,3.355,normal
2026-10-06 04:12:41,F1,57.986,0.0,2.929,49.312,4.168,normal
2026-10-06 04:13:41,F1,50.59,0.0,1.9,56.131,4.957,normal
2026-10-06 04:14:41,F1,58.257,0.0,2.756,44.17,6.306,normal
2026-10-06 04:15:41,F1,64.432,0.0,1.875,54.101,6.463,normal
2026-10-06 04:16:41,F1,53.028,0.0,2.63,50.243,6.683,normal
2026-10-06 04:17:41,F1,52.132,0.0,3.127,53.932,5.973,normal
2026-10-06 04:18:41,F1,55.274,0.0,1.259,54.906,5.125,normal
2026-10-06 04:19:41,F1,59.974,0.0,2.696,47.912,5.46,normal
2026-10-06 04:20:41,F1,54.557,0.0,2.294,76.045,5.914,normal
2026-10-06 04:21:41,F1,62.863,0.0,3.061,52.774,6.233,normal
2026-10-06 04:22:41,F1,63.638,0.0,3.302,39.917,7.805,normal
2026-10-06 04:23:41,F1,50.147,0.0,1.799,78.456,4.332,normal
2026-10-06 04:24:41,F1,44.334,0.0,2.837,47.647,6.027,normal
2026-10-06 04:25:41,F1,56.957,0.0,2.446,56.993,9.05,normal
2026-10-06 04:26:41,F1,53.838,0.0,3.3,54.302,5.781,normal
2026-10-06 04:27:41,F1,47.618,0.0,2.466,55.908,3.767,normal
2026-10-06 04:28:41,F1,54.151,0.0,2.319,49.396,7.914,normal
2026-10-06 04:29:41,F1,51.523,0.0,1.964,36.575,6.587,normal
2026-10-06 04:30:41,F1,67.661,0.0,3.281,54.487,5.253,normal
2026-10-06 04:31:41,F1,64.378,0.0,2.593,51.732,6.094,normal
2026-10-06 04:32:41,F1,59.778,0.0,2.738,63.332,6.438,normal
2026-10-06 04:33:41,F1,45.884,0.0,2.396,46.037,6.248,normal
2026-10-06 04:34:41,F1,52.797,0.0,1.425,59.528,6.879,normal
2026-10-06 04:35:41,F1,60.365,0.0,3.154,44.482,5.941,normal
2026-10-06 04:36:41,F1,48.967,0.0,1.904,57.173,3.986,normal
2026-10-06 04:37:41,F1,42.489,0.0,2.088,45.686,5.008,normal
2026-10-06 04:38:41,F1,60.412,0.0,3.742,57.305,5.12,normal
2026-10-06 04:39:41,F1,51.095,0.0,2.591,62.37,3.583,normal
2026-10-06 04:40:41,F1,53.422,0.0,3.398,69.861,6.494,normal
2026-10-06 04:41:41,F1,57.754,0.0,2.568,52.899,5.762,normal
2026-10-06 04:42:41,F1,62.31,0.0,2.65,49.055,3.467,normal
2026-10-06 04:43:41,F1,77.213,0.0,2.746,55.872,4.191,normal
2026-10-06 04:44:41,F1,64.437,0.0,3.377,54.214,6.054,normal
2026-10-06 04:45:41,F1,47.194,0.0,2.47,57.786,6.014,normal
2026-10-06 04:46:41,F1,56.695,0.0,2.749,55.798,5.383,normal
2026-10-06 04:47:41,F1,54.461,0.0,3.359,57.764,5.287,normal
2026-10-06 04:48:41,F1,43.356,0.0,2.624,63.07,5.982,normal
2026-10-06 04:49:41,F1,45.725,0.0,3.486,51.008,7.702,normal
2026-10-06 04:50:41,F1,54.166,0.0,2.246,56.453,4.729,normal
2026-10-06 04:51:41,F1,49.713,0.0,3.012,55.023,6.087,normal
2026-10-06 04:52:41,F1,46.038,0.0,2.38,45.56,5.915,normal
2026-10-06 04:53:41,F1,51.905,0.0,2.996,53.07,8.195,normal
2026-10-06 04:54:41,F1,53.856,0.0,2.219,90.258,7.375,normal
2026-10-06 04:55:41,F1,53.28,0.0,4.103,57.392,5.295,normal
2026-10-06 04:56:41,F1,59.533,0.0,2.248,52.701,7.671,normal
2026-10-06 04:57:41,F1,59.198,0.0,3.369,42.434,5.714,normal
2026-10-06 04:58:41,F1,54.801,0.0,3.493,66.671,5.122,normal
2026-10-06 04:59:41,F1,70.525,0.0,2.714,43.557,5.797,normal
2026-10-06 05:00:41,F1,41.859,0.0,1.887,48.633,6.317,normal
2026-10-06 05:01:41,F1,44.857,0.0,2.925,44.641,8.531,normal
2026-10-06 05:02:41,F1,47.725,0.0,2.827,46.217,5.349,normal
2026-10-06 05:03:41,F1,53.31,0.0,2.762,57.15,5.83,normal
2026-10-06 05:04:41,F1,53.033,0.0,2.332,61.43,4.662,normal
2026-10-06 05:05:41,F1,63.568,0.0,2.231,62.93,6.428,normal
2026-10-06 05:06:41,F1,50.815,0.0,2.667,46.04,5.476,normal
2026-10-06 05:07:41,F1,51.384,0.0,2.209,52.638,6.6,normal
2026-10-06 05:08:41,F1,60.894,0.0,3.388,53.866,6.451,normal
2026-10-06 05:09:41,F1,52.377,0.0,2.426,45.863,6.182,normal
2026-10-06 05:10:41,F1,54.744,0.0,2.189,46.341,6.463,normal
2026-10-06 05:11:41,F1,50.76,0.0,2.948,57.043,5.529,normal
2026-10-06 05:12:41,F1,52.51,0.0,2.76,49.324,6.629,normal
2026-10-06 05:13:41,F1,77.34,0.0,2.826,52.862,5.821,normal
2026-10-06 05:14:41,F1,56.574,0.0,2.594,46.987,5.078,normal
2026-10-06 05:15:41,F1,56.498,0.0,2.143,45.463,4.99,normal
2026-10-06 05:16:41,F1,48.718,0.0,1.886,55.678,5.553,normal
2026-10-06 05:17:41,F1,53.162,0.0,2.333,50.641,6.124,normal
2026-10-06 05:18:41,F1,48.941,0.0,1.774,46.979,6.171,normal
2026-10-06 05:19:41,F1,66.662,0.0,2.795,39.62,5.152,normal
2026-10-06 05:20:41,F1,58.752,0.0,2.325,62.238,5.49,normal
2026-10-06 05:21:41,F1,41.281,0.0,4.011,49.253,7.021,normal
2026-10-06 05:22:41,F1,43.255,0.0,2.883,62.085,4.896,normal
2026-10-06 05:23:41,F1,60.296,0.0,1.4,47.467,5.105,normal
2026-10-06 05:24:41,F1,58.177,0.0,3.223,46.833,4.923,normal
2026-10-06 05:25:41,F1,56.731,0.0,3.034,42.251,6.122,normal
2026-10-06 05:26:41,F1,61.325,0.0,2.789,58.437,6.784,normal
2026-10-06 05:27:41,F1,63.303,0.0,2.168,66.596,7.897,normal
2026-10-06 05:28:41,F1,44.351,0.0,2.912,52.932,6.02,normal
2026-10-06 05:29:41,F1,63.899,0.0,2.718,48.232,5.876,normal
2026-10-06 05:30:41,F1,62.289,0.0,2.503,60.074,6.727,normal
2026-10-06 05:31:41,F1,52.618,0.0,3.472,61.277,7.135,normal
2026-10-06 05:32:41,F1,63.764,0.0,3.53,48.524,6.304,normal
2026-10-06 05:33:41,F1,46.324,0.0,1.809,55.24,5.125,normal
2026-10-06 05:34:41,F1,50.451,0.0,3.062,52.934,3.575,normal
2026-10-06 05:35:41,F1,61.881,0.0,2.716,65.107,7.283,normal
2026-10-06 05:36:41,F1,55.186,0.0,2.201,55.484,4.728,normal
2026-10-06 05:37:41,F1,47.496,0.0,2.14,51.657,5.718,normal
2026-10-06 05:38:41,F1,49.072,0.0,2.36,47.652,6.57,normal
2026-10-06 05:39:41,F1,60.871,0.0,2.318,60.754,6.474,normal
2026-10-06 05:40:41,F1,51.901,0.0,3.36,58.11,4.595,normal
2026-10-06 05:41:41,F1,43.511,0.0,3.274,56.77,6.043,normal
2026-10-06 05:42:41,F1,55.749,0.0,1.416,47.061,6.283,normal
2026-10-06 05:43:41,F1,57.032,0.0,2.605,65.309,5.475,normal
2026-10-06 05:44:41,F1,53.672,0.0,2.175,45.656,6.861,normal
2026-10-06 05:45:41,F1,47.57,0.0,2.142,25.635,7.524,normal
2026-10-06 05:46:41,F1,47.264,0.0,2.353,44.876,6.336,normal
2026-10-06 05:47:41,F1,67.619,0.0,2.992,48.725,6.869,normal
2026-10-06 05:48:41,F1,50.554,0.0,3.034,59.1,5.266,normal
2026-10-06 05:49:41,F1,60.007,0.0,2.557,59.817,6.999,normal
2026-10-06 05:50:41,F1,65.573,0.0,1.827,70.915,6.041,normal
2026-10-06 05:51:41,F1,51.8,0.0,2.412,65.13,4.751,normal
2026-10-06 05:52:41,F1,48.585,0.0,2.063,53.614,6.547,normal
2026-10-06 05:53:41,F1,65.857,0.0,4.12,62.594,6.973,normal
2026-10-06 05:54:41,F1,50.204,0.0,3.33,52.548,4.603,normal
2026-10-06 05:55:41,F1,43.988,0.0,2.223,40.855,5.917,normal
2026-10-06 05:56:41,F1,90.455,0.0,2.256,54.879,6.65,normal
2026-10-06 05:57:41,F1,47.712,0.0,2.897,52.1,5.251,normal
2026-10-06 05:58:41,F1,60.33,0.0,2.629,46.768,5.58,normal
2026-10-06 05:59:41,F1,59.342,0.0,3.612,51.023,5.946,normal
2026-10-06 06:00:41,F1,52.165,0.0,2.774,55.229,3.137,normal
2026-10-06 06:01:41,F1,53.401,0.0,2.041,59.781,5.994,normal
2026-10-06 06:02:41,F1,53.083,0.0,3.555,63.693,6.322,normal
2026-10-06 06:03:41,F1,50.397,0.0,2.821,56.111,6.669,normal
2026-10-06 06:04:41,F1,55.331,0.0,2.904,65.548,4.195,normal
2026-10-06 06:05:41,F1,52.489,0.0,2.181,49.296,5.932,normal
2026-10-06 06:06:41,F1,55.256,0.0,1.495,48.829,5.695,normal
2026-10-06 06:07:41,F1,56.286,0.0,2.561,61.931,4.412,normal
2026-10-06 06:08:41,F1,49.041,0.0,2.393,70.416,7.636,normal
2026-10-06 06:09:41,F1,49.808,0.0,1.852,58.394,6.104,normal
2026-10-06 06:10:41,F1,48.495,0.0,2.581,44.549,6.622,normal
2026-10-06 06:11:41,F1,49.721,0.0,2.685,49.764,6.373,normal
2026-10-06 06:12:41,F1,55.204,0.0,2.242,54.435,6.283,normal
2026-10-06 06:13:41,F1,55.348,0.0,3.586,50.852,3.988,normal
2026-10-06 06:14:41,F1,55.714,0.0,2.32,59.191,4.848,normal
2026-10-06 06:15:41,F1,60.669,0.0,2.567,62.636,8.997,normal
2026-10-06 06:16:41,F1,50.609,0.0,1.949,49.599,3.123,normal
2026-10-06 06:17:41,F1,50.071,0.0,2.37,71.089,5.307,normal
2026-10-06 06:18:41,F1,59.926,0.0,2.341,55.141,6.438,normal
2026-10-06 06:19:41,F1,53.169,0.0,3.032,62.234,7.186,normal
2026-10-06 06:20:41,F1,49.491,0.0,3.106,34.279,6.366,normal
2026-10-06 06:21:41,F1,49.888,0.0,2.776,49.217,4.37,normal
2026-10-06 06:22:41,F1,63.813,0.0,3.633,59.324,6.247,normal
2026-10-06 06:23:41,F1,51.677,0.0,2.738,58.726,5.886,normal
2026-10-06 06:24:41,F1,53.565,0.0,2.586,55.179,4.602,normal
2026-10-06 06:25:41,F1,50.39,0.0,2.701,63.732,5.386,normal
2026-10-06 06:26:41,F1,60.509,0.0,2.622,55.987,5.208,normal
2026-10-06 06:27:41,F1,47.823,0.0,3.027,49.607,4.736,normal
2026-10-06 06:28:41,F1,53.14,0.0,2.955,50.044,7.234,normal
2026-10-06 06:29:41,F1,48.811,0.0,3.072,50.575,4.844,normal
2026-10-06 06:30:41,F1,44.929,0.0,3.53,49.144,7.206,normal
2026-10-06 06:31:41,F1,57.862,0.0,2.811,61.616,6.814,normal
2026-10-06 06:32:41,F1,44.143,0.001,2.486,45.696,4.757,normal
2026-10-06 06:33:41,F1,65.119,0.0,1.834,67.055,4.34,normal
2026-10-06 06:34:41,F1,54.559,0.0,2.951,50.605,6.228,normal
2026-10-06 06:35:41,F1,47.49,0.0,3.243,55.878,4.967,normal
2026-10-06 06:36:41,F1,56.717,0.0,1.582,64.559,8.446,normal
2026-10-06 06:37:41,F1,58.831,0.0,2.273,55.453,6.267,normal
2026-10-06 06:38:41,F1,56.238,0.0,2.866,54.444,6.52,normal
2026-10-06 06:39:41,F1,61.814,0.0,2.592,55.517,7.172,normal
2026-10-06 06:40:41,F1,45.854,0.0,2.42,63.7,6.524,normal
2026-10-06 06:41:41,F1,58.236,0.0,3.024,51.77,3.917,normal
2026-10-06 06:42:41,F1,59.0,0.0,2.383,58.021,7.25,normal
2026-10-06 06:43:41,F1,59.656,0.0,3.232,51.022,6.779,normal
2026-10-06 06:44:41,F1,50.259,0.0,1.844,68.612,7.197,normal
2026-10-06 06:45:41,F1,55.115,0.0,2.77,68.385,6.022,normal
2026-10-06 06:46:41,F1,49.851,0.0,2.481,44.908,8.202,normal
2026-10-06 06:47:41,F1,56.74,0.0,2.042,53.154,4.345,normal
2026-10-06 06:48:41,F1,57.656,0.0,2.78,58.267,5.693,normal
2026-10-06 06:49:41,F1,52.509,0.0,3.293,56.389,7.972,normal
2026-10-06 06:50:41,F1,53.369,0.0,2.466,54.54,6.978,normal
2026-10-06 06:51:41,F1,64.194,0.0,3.668,75.274,5.711,normal
2026-10-06 06:52:41,F1,53.105,0.0,3.896,48.77,4.707,normal
2026-10-06 06:53:41,F1,56.568,0.0,3.581,68.507,5.354,normal
2026-10-06 06:54:41,F1,45.47,0.0,3.154,45.992,5.306,normal
2026-10-06 06:55:41,F1,59.772,0.0,2.846,60.041,6.886,normal
2026-10-06 06:56:41,F1,52.568,0.0,2.118,60.129,5.656,normal
2026-10-06 06:57:41,F1,58.492,0.0,2.842,52.029,3.975,normal
2026-10-06 06:58:41,F1,60.017,0.0,1.692,63.638,6.867,normal
2026-10-06 06:59:41,F1,58.737,0.0,2.942,50.202,5.096,normal
2026-10-06 07:00:41,F1,48.701,0.0,3.392,58.897,4.12,normal
2026-10-06 07:01:41,F1,51.156,0.037,3.025,56.078,6.028,normal
2026-10-06 07:02:41,F1,59.461,0.0,2.108,46.512,6.212,normal
2026-10-06 07:03:41,F1,63.225,0.0,1.82,52.503,5.342,normal
2026-10-06 07:04:41,F1,51.641,0.0,3.499,56.827,8.809,normal
2026-10-06 07:05:41,F1,54.141,0.0,3.742,59.015,4.764,normal
2026-10-06 07:06:41,F1,60.849,0.0,2.661,42.43,4.566,normal
2026-10-06 07:07:41,F1,56.089,0.0,2.568,49.696,5.793,normal
2026-10-06 07:08:41,F1,50.374,0.0,3.582,57.005,4.31,normal
2026-10-06 07:09:41,F1,63.776,0.0,3.233,47.506,3.829,normal
2026-10-06 07:10:41,F1,49.633,0.0,2.506,43.251,5.985,normal
2026-10-06 07:11:41,F1,63.467,0.0,3.136,40.928,4.917,normal
2026-10-06 07:12:41,F1,45.929,0.0,1.608,62.759,7.658,normal
2026-10-06 07:13:41,F1,52.232,0.0,2.887,78.32,5.957,normal
2026-10-06 07:14:41,F1,60.432,0.0,1.898,54.369,6.424,normal
2026-10-06 07:15:41,F1,45.034,0.0,4.181,61.188,5.439,normal
2026-10-06 07:16:41,F1,60.349,0.0,2.496,72.962,7.701,normal
2026-10-06 07:17:41,F1,53.032,0.0,2.683,43.194,4.841,normal
2026-10-06 07:18:41,F1,62.585,0.0,2.008,48.599,7.171,normal
2026-10-06 07:19:41,F1,44.156,0.0,1.838,52.716,5.943,normal
2026-10-06 07:20:41,F1,62.637,0.0,2.331,53.537,6.544,normal
2026-10-06 07:21:41,F1,50.796,0.0,2.534,61.211,6.038,normal
2026-10-06 07:22:41,F1,60.32,0.0,2.891,57.676,4.8,normal
2026-10-06 07:23:41,F1,50.582,0.0,3.97,55.108,7.294,normal
2026-10-06 07:24:41,F1,72.561,0.0,2.214,61.095,7.54,normal
2026-10-06 07:25:41,F1,46.702,0.0,3.79,54.236,8.913,normal
2026-10-06 07:26:41,F1,57.073,0.0,1.986,56.361,6.371,normal
2026-10-06 07:27:41,F1,53.475,0.0,2.596,58.578,6.451,normal
2026-10-06 07:28:41,F1,64.678,0.0,2.242,53.731,6.201,normal
2026-10-06 07:29:41,F1,55.503,0.0,2.447,52.26,4.375,normal
2026-10-06 07:30:41,F1,41.16,0.0,2.866,60.189,6.455,normal
2026-10-06 07:31:41,F1,49.803,0.0,2.885,52.72,6.335,normal
2026-10-06 07:32:41,F1,68.203,0.0,2.815,58.207,7.09,normal
2026-10-06 07:33:41,F1,54.808,0.0,2.436,54.712,4.154,normal
2026-10-06 07:34:41,F1,51.357,0.0,2.333,50.393,4.702,normal
2026-10-06 07:35:41,F1,46.673,0.0,1.923,54.049,7.055,normal
2026-10-06 07:36:41,F1,51.343,0.0,2.64,43.312,6.311,normal
2026-10-06 07:37:41,F1,51.591,0.0,2.878,56.735,6.417,normal
2026-10-06 07:38:41,F1,55.831,0.0,2.263,41.287,5.155,normal
2026-10-06 07:39:41,F1,55.296,0.016,3.897,46.545,7.468,normal
2026-10-06 07:40:41,F1,48.324,0.0,2.773,47.716,6.712,normal
2026-10-06 07:41:41,F1,63.896,0.0,2.296,63.925,4.113,normal
2026-10-06 07:42:41,F1,48.819,0.0,2.799,49.737,5.745,normal
2026-10-06 07:43:41,F1,62.193,0.0,2.939,54.094,5.81,normal
2026-10-06 07:44:41,F1,45.658,0.048,2.495,34.144,4.791,normal
2026-10-06 07:45:41,F1,52.454,0.0,1.787,57.87,6.959,normal
2026-10-06 07:46:41,F1,50.782,0.0,2.936,54.3,6.208,normal
2026-10-06 07:47:41,F1,54.236,0.0,2.656,67.878,5.595,normal
2026-10-06 07:48:41,F1,52.317,0.0,3.175,49.916,7.474,normal
2026-10-06 07:49:41,F1,51.155,0.0,3.123,55.918,5.107,normal
2026-10-06 07:50:41,F1,58.991,0.0,2.88,59.481,5.885,normal
2026-10-06 07:51:41,F1,69.977,0.0,2.546,58.302,4.536,normal
2026-10-06 07:52:41,F1,54.267,0.0,2.355,54.175,6.183,normal
2026-10-06 07:53:41,F1,55.153,0.0,1.877,66.504,5.848,normal
2026-10-06 07:54:41,F1,60.677,0.0,2.501,61.217,6.333,normal
2026-10-06 07:55:41,F1,36.77,0.0,1.744,49.755,5.828,normal
2026-10-06 07:56:41,F1,49.035,0.0,2.507,64.283,4.716,normal
2026-10-06 07:57:41,F1,61.429,0.0,2.025,46.275,6.115,normal
2026-10-06 07:58:41,F1,49.13,0.0,3.474,49.741,5.224,normal
2026-10-06 07:59:41,F1,43.638,0.0,2.344,47.272,6.059,normal
2026-10-06 08:00:41,F1,51.601,0.0,5.548,56.702,6.406,normal
2026-10-06 08:01:41,F1,67.107,0.0,2.026,44.145,4.612,normal
2026-10-06 08:02:41,F1,48.228,0.0,2.267,49.623,6.606,normal
2026-10-06 08:03:41,F1,49.217,0.0,3.889,57.199,6.631,normal
2026-10-06 08:04:41,F1,64.833,0.0,2.936,46.623,6.386,normal
2026-10-06 08:05:41,F1,56.973,0.119,2.578,59.719,6.64,normal
2026-10-06 08:06:41,F1,59.661,0.0,3.016,50.138,5.806,normal
2026-10-06 08:07:41,F1,51.555,0.0,2.758,54.14,5.72,normal
2026-10-06 08:08:41,F1,36.979,0.0,2.771,48.79,5.55,normal
2026-10-06 08:09:41,F1,53.308,0.12,3.803,55.833,4.91,normal
2026-10-06 08:10:41,F1,58.222,0.0,3.35,52.941,6.072,normal
2026-10-06 08:11:41,F1,51.122,0.0,3.183,57.813,4.054,normal
2026-10-06 08:12:41,F1,51.737,0.0,2.997,28.405,7.083,normal
2026-10-06 08:13:41,F1,58.449,0.0,4.01,38.185,6.095,normal
2026-10-06 08:14:41,F1,62.434,0.0,3.135,55.287,6.057,normal
2026-10-06 08:15:41,F1,63.23,0.0,2.713,47.847,5.488,normal
2026-10-06 08:16:41,F1,61.441,0.0,3.603,41.391,6.665,normal
2026-10-06 08:17:41,F1,46.555,0.0,2.619,36.548,5.873,normal
2026-10-06 08:18:41,F1,57.219,0.0,2.962,57.496,6.091,normal
2026-10-06 08:19:41,F1,50.385,0.0,2.964,57.757,3.569,normal
2026-10-06 08:20:41,F1,57.122,0.107,2.805,59.596,5.011,normal
2026-10-06 08:21:41,F1,51.579,0.0,2.987,55.141,5.725,normal
2026-10-06 08:22:41,F1,45.355,0.0,3.603,57.514,5.225,normal
2026-10-06 08:23:41,F1,57.55,0.0,2.94,50.268,4.798,normal
2026-10-06 08:24:41,F1,42.598,0.035,2.619,53.901,5.611,normal
2026-10-06 08:25:41,F1,47.656,0.069,3.371,70.239,4.958,normal
2026-10-06 08:26:41,F1,45.659,0.0,2.928,51.258,4.103,normal
2026-10-06 08:27:41,F1,52.311,0.054,2.542,54.038,5.559,normal
2026-10-06 08:28:41,F1,42.211,0.0,3.52,41.485,5.79,normal
2026-10-06 08:29:41,F1,56.368,0.0,3.217,46.762,4.019,normal
2026-10-06 08:30:41,F1,50.312,0.0,3.209,46.852,7.444,normal
2026-10-06 08:31:41,F1,58.738,0.113,2.451,46.283,3.802,normal
2026-10-06 08:32:41,F1,58.571,0.0,2.831,54.875,6.099,normal
2026-10-06 08:33:41,F1,49.338,0.0,2.53,54.522,4.082,normal
2026-10-06 08:34:41,F1,57.21,0.0,3.868,33.029,4.544,normal
2026-10-06 08:35:41,F1,61.876,0.0,3.625,50.465,5.029,normal
2026-10-06 08:36:41,F1,58.793,0.063,2.978,53.982,6.723,normal
2026-10-06 08:37:41,F1,30.661,0.0,3.076,37.697,6.122,normal
2026-10-06 08:38:41,F1,48.745,0.0,3.432,64.845,4.326,normal
2026-10-06 08:39:41,F1,39.071,0.0,3.099,48.034,5.237,normal
2026-10-06 08:40:41,F1,47.16,0.0,3.888,62.892,6.157,normal
2026-10-06 08:41:41,F1,61.042,0.0,2.881,45.342,5.935,normal
2026-10-06 08:42:41,F1,48.995,0.0,2.827,47.677,4.085,normal
2026-10-06 08:43:41,F1,58.36,0.0,3.332,39.617,5.364,normal
2026-10-06 08:44:41,F1,45.363,0.0,2.391,50.296,5.959,normal
2026-10-06 08:45:41,F1,64.322,0.0,2.262,55.843,4.83,normal
2026-10-06 08:46:41,F1,66.524,0.039,2.083,50.825,4.664,normal
2026-10-06 08:47:41,F1,52.545,0.0,3.484,44.975,5.291,normal
2026-10-06 08:48:41,F1,47.703,0.0,3.368,63.056,5.974,normal
2026-10-06 08:49:41,F1,48.593,0.0,2.452,54.819,4.768,normal
2026-10-06 08:50:41,F1,66.912,0.0,2.987,50.017,4.539,normal
2026-10-06 08:51:41,F1,61.982,0.0,2.728,63.103,5.911,normal
2026-10-06 08:52:41,F1,44.606,0.0,2.39,54.059,5.659,normal
2026-10-06 08:53:41,F1,50.082,0.0,3.055,60.599,5.761,normal
2026-10-06 08:54:41,F1,61.604,0.0,3.065,55.918,5.216,normal
2026-10-06 08:55:41,F1,56.676,0.0,2.867,56.2,6.796,normal
2026-10-06 08:56:41,F1,58.253,0.0,3.424,52.259,6.603,normal
2026-10-06 08:57:41,F1,63.7,0.0,2.591,54.839,6.134,normal
2026-10-06 08:58:41,F1,65.322,0.0,2.207,52.315,6.676,normal
2026-10-06 08:59:41,F1,35.723,0.0,3.163,49.354,7.218,normal
2026-10-06 09:00:41,F1,48.914,0.0,2.856,47.545,7.53,normal
2026-10-06 09:01:41,F1,56.168,0.039,2.937,53.506,4.7,normal
2026-10-06 09:02:41,F1,48.969,0.0,2.339,50.459,7.519,normal
2026-10-06 09:03:41,F1,60.275,0.182,2.034,48.856,7.645,normal
2026-10-06 09:04:41,F1,54.691,0.0,2.209,43.975,8.776,normal
2026-10-06 09:05:41,F1,35.916,0.0,3.855,54.155,8.088,normal
2026-10-06 09:06:41,F1,55.844,0.117,2.248,49.52,7.031,normal
2026-10-06 09:07:41,F1,46.421,0.0,3.724,59.555,5.891,normal
2026-10-06 09:08:41,F1,57.616,0.0,2.618,53.292,6.761,normal
2026-10-06 09:09:41,F1,60.487,0.0,2.748,55.724,5.086,normal
2026-10-06 09:10:41,F1,46.138,0.0,2.941,47.752,5.535,normal
2026-10-06 09:11:41,F1,53.543,0.0,2.134,61.478,7.942,normal
2026-10-06 09:12:41,F1,62.114,0.0,2.086,43.457,4.414,normal
2026-10-06 09:13:41,F1,54.068,0.04,4.014,61.957,7.944,normal
2026-10-06 09:14:41,F1,66.661,0.014,3.067,26.046,5.993,normal
2026-10-06 09:15:41,F1,47.589,0.0,3.271,58.772,6.19,normal
2026-10-06 09:16:41,F1,63.075,0.0,2.523,61.725,5.301,normal
2026-10-06 09:17:41,F1,48.161,0.0,3.076,49.519,6.112,normal
2026-10-06 09:18:41,F1,49.39,0.0,2.853,51.464,7.566,normal
2026-10-06 09:19:41,F1,47.347,0.0,2.198,54.848,7.173,normal
2026-10-06 09:20:41,F1,69.637,0.0,3.356,60.536,7.48,normal
2026-10-06 09:21:41,F1,53.297,0.0,3.511,49.54,4.844,normal
2026-10-06 09:22:41,F1,55.407,0.0,3.377,54.557,7.974,normal
2026-10-06 09:23:41,F1,51.144,0.0,2.538,50.0,5.701,normal
2026-10-06 09:24:41,F1,63.903,0.021,3.486,58.149,6.857,normal
2026-10-06 09:25:41,F1,57.15,0.0,3.416,44.377,5.522,normal
2026-10-06 09:26:41,F1,63.308,0.0,3.218,64.111,6.6,normal
2026-10-06 09:27:41,F1,52.29,0.0,2.965,62.51,4.471,normal
2026-10-06 09:28:41,F1,62.789,0.0,3.116,68.99,6.174,normal
2026-10-06 09:29:41,F1,51.392,0.0,2.912,41.819,5.525,normal
2026-10-06 09:30:41,F1,65.021,0.0,2.224,43.477,6.086,normal
2026-10-06 09:31:41,F1,63.656,0.186,3.296,56.749,7.226,normal
2026-10-06 09:32:41,F1,48.164,0.0,2.466,64.834,5.6,normal
2026-10-06 09:33:41,F1,57.003,0.0,2.692,44.134,3.856,normal
2026-10-06 09:34:41,F1,57.458,0.0,3.202,50.101,4.529,normal
2026-10-06 09:35:41,F1,64.276,0.186,2.244,63.044,7.421,normal
2026-10-06 09:36:41,F1,49.706,0.0,2.485,48.178,8.032,normal
2026-10-06 09:37:41,F1,51.9,0.0,2.194,61.916,6.254,normal
2026-10-06 09:38:41,F1,55.756,0.186,2.772,51.322,7.596,normal
2026-10-06 09:39:41,F1,53.853,0.0,2.386,61.35,5.726,normal
2026-10-06 09:40:41,F1,51.38,0.0,2.319,46.283,5.126,normal
2026-10-06 09:41:41,F1,60.842,0.0,2.243,64.573,6.023,normal
2026-10-06 09:42:41,F1,67.683,0.0,2.862,40.254,5.357,normal
2026-10-06 09:43:41,F1,44.746,0.0,2.939,49.188,6.626,normal
2026-10-06 09:44:41,F1,57.499,0.031,3.072,64.651,6.288,normal
2026-10-06 09:45:41,F1,47.913,0.0,3.349,58.874,7.104,normal
2026-10-06 09:46:41,F1,53.921,0.174,3.923,64.827,6.309,normal
2026-10-06 09:47:41,F1,55.027,0.0,3.398,44.869,6.71,normal
2026-10-06 09:48:41,F1,74.902,0.0,2.101,48.527,7.45,normal
2026-10-06 09:49:41,F1,44.677,0.0,2.478,50.574,4.685,normal
2026-10-06 09:50:41,F1,51.917,0.0,2.641,45.186,7.214,normal
2026-10-06 09:51:41,F1,63.209,0.072,1.851,54.978,6.498,normal
2026-10-06 09:52:41,F1,58.279,0.0,3.886,60.169,7.255,normal
2026-10-06 09:53:41,F1,49.912,0.0,3.657,43.687,5.065,normal
2026-10-06 09:54:41,F1,44.691,0.0,3.186,58.83,6.051,normal
2026-10-06 09:55:41,F1,61.83,0.0,2.693,40.904,7.776,normal
2026-10-06 09:56:41,F1,48.456,0.0,3.692,50.528,4.708,normal
2026-10-06 09:57:41,F1,49.137,0.0,2.983,47.044,7.096,normal
2026-10-06 09:58:41,F1,61.632,0.0,2.691,70.652,6.873,normal
2026-10-06 09:59:41,F1,55.518,0.0,2.701,72.862,6.388,normal
2026-10-06 10:00:41,F1,58.475,0.0,3.124,54.278,5.458,normal
2026-10-06 10:01:41,F1,58.202,0.0,3.063,63.265,4.443,normal
2026-10-06 10:02:41,F1,48.711,0.0,1.868,52.772,8.662,normal
2026-10-06 10:03:41,F1,58.471,0.0,3.002,45.817,4.514,normal
2026-10-06 10:04:41,F1,60.991,0.0,2.247,61.555,6.497,normal
2026-10-06 10:05:41,F1,48.921,0.0,3.014,60.077,5.274,normal
2026-10-06 10:06:41,F1,48.278,0.0,2.924,34.716,5.101,normal
2026-10-06 10:07:41,F1,53.132,0.306,3.753,44.784,5.742,normal
2026-10-06 10:08:41,F1,43.566,0.028,3.416,56.928,7.195,normal
2026-10-06 10:09:41,F1,52.596,0.0,2.979,52.603,5.221,normal
2026-10-06 10:10:41,F1,59.104,0.022,3.13,27.164,6.783,normal
2026-10-06 10:11:41,F1,70.702,0.0,4.039,51.817,6.51,normal
2026-10-06 10:12:41,F1,62.224,0.006,3.654,53.176,5.382,normal
2026-10-06 10:13:41,F1,69.246,0.0,2.896,51.776,9.4,normal
2026-10-06 10:14:41,F1,69.77,0.0,2.654,53.612,7.234,normal
2026-10-06 10:15:41,F1,54.491,0.141,3.033,68.497,5.288,normal
2026-10-06 10:16:41,F1,49.195,0.158,3.417,64.241,3.092,normal
2026-10-06 10:17:41,F1,46.335,0.088,2.208,57.022,7.039,normal
2026-10-06 10:18:41,F1,46.38,0.0,2.38,57.522,5.928,normal
2026-10-06 10:19:41,F1,52.417,0.0,1.911,33.414,7.039,normal
2026-10-06 10:20:41,F1,43.345,0.121,2.927,61.118,2.802,normal
2026-10-06 10:21:41,F1,60.738,0.183,2.516,55.886,5.661,normal
2026-10-06 10:22:41,F1,61.125,0.0,2.724,47.119,4.829,normal
2026-10-06 10:23:41,F1,78.359,0.0,4.123,54.319,8.467,normal
2026-10-06 10:24:41,F1,43.895,0.178,2.851,52.298,5.276,normal
2026-10-06 10:25:41,F1,59.186,0.0,2.967,53.647,4.623,normal
2026-10-06 10:26:41,F1,57.133,0.0,3.548,50.117,6.084,normal
2026-10-06 10:27:41,F1,50.283,0.0,3.764,37.874,5.503,normal
2026-10-06 10:28:41,F1,50.437,0.0,3.867,48.612,5.138,normal
2026-10-06 10:29:41,F1,50.505,0.05,2.408,43.06,5.541,normal
2026-10-06 10:30:41,F1,63.158,0.0,2.737,67.675,5.398,normal
2026-10-06 10:31:41,F1,56.215,0.0,2.867,65.309,6.859,normal
2026-10-06 10:32:41,F1,67.094,0.0,2.9,51.601,6.833,normal
2026-10-06 10:33:41,F1,55.665,0.0,3.342,61.762,8.516,normal
2026-10-06 10:34:41,F1,47.134,0.0,2.738,68.632,7.096,normal
2026-10-06 10:35:41,F1,54.394,0.055,3.507,54.495,6.731,normal
2026-10-06 10:36:41,F1,44.783,0.072,2.721,47.787,4.378,normal
2026-10-06 10:37:41,F1,55.599,0.0,3.035,43.891,4.569,normal
2026-10-06 10:38:41,F1,62.25,0.23,3.292,49.785,5.586,normal
2026-10-06 10:39:41,F1,47.354,0.0,2.886,45.262,8.033,normal
2026-10-06 10:40:41,F1,63.09,0.0,3.853,43.469,6.853,normal
2026-10-06 10:41:41,F1,56.269,0.0,3.256,71.247,5.307,normal
2026-10-06 10:42:41,F1,44.545,0.0,3.852,60.13,5.6,normal
2026-10-06 10:43:41,F1,54.361,0.0,2.444,61.498,6.223,normal
2026-10-06 10:44:41,F1,50.776,0.108,2.529,59.751,8.297,normal
2026-10-06 10:45:41,F1,57.258,0.0,3.223,45.662,3.854,normal
2026-10-06 10:46:41,F1,50.04,0.123,3.129,41.358,5.484,normal
2026-10-06 10:47:41,F1,63.02,0.066,2.634,46.227,5.374,normal
2026-10-06 10:48:41,F1,60.486,0.284,3.865,62.001,3.691,normal
2026-10-06 10:49:41,F1,49.848,0.146,2.928,46.773,8.248,normal
2026-10-06 10:50:41,F1,61.913,0.163,2.764,42.919,5.397,normal
2026-10-06 10:51:41,F1,54.144,0.204,3.165,52.643,5.239,normal
2026-10-06 10:52:41,F1,69.787,0.0,3.955,47.71,8.0,normal
2026-10-06 10:53:41,F1,50.264,0.0,3.62,50.58,5.656,normal
2026-10-06 10:54:41,F1,48.936,0.0,2.788,61.139,7.23,normal
2026-10-06 10:55:41,F1,61.105,0.0,3.8,50.51,7.0,normal
2026-10-06 10:56:41,F1,49.689,0.062,2.602,48.442,6.384,normal
2026-10-06 10:57:41,F1,59.302,0.0,2.768,63.417,4.507,normal
2026-10-06 10:58:41,F1,55.342,0.0,3.261,47.088,6.505,normal
2026-10-06 10:59:41,F1,57.231,0.193,4.091,40.78,8.065,normal
2026-10-06 11:00:41,F1,58.277,0.0,2.908,50.209,6.032,normal
2026-10-06 11:01:41,F1,59.564,0.25,3.845,43.713,4.68,normal
2026-10-06 11:02:41,F1,44.368,0.123,2.564,60.405,6.412,normal
2026-10-06 11:03:41,F1,60.636,0.083,2.907,55.178,6.744,normal
2026-10-06 11:04:41,F1,43.368,0.0,1.896,39.982,7.904,normal
2026-10-06 11:05:41,F1,54.407,0.0,2.783,41.006,4.502,normal
2026-10-06 11:06:41,F1,45.06,0.11,2.381,56.902,5.338,normal
2026-10-06 11:07:41,F1,59.35,0.0,3.009,59.394,6.514,normal
2026-10-06 11:08:41,F1,51.756,0.121,2.688,64.061,4.556,normal
2026-10-06 11:09:41,F1,46.077,0.0,2.741,51.097,5.672,normal
2026-10-06 11:10:41,F1,45.818,0.219,4.096,58.269,7.232,normal
2026-10-06 11:11:41,F1,57.491,0.0,3.283,48.265,6.271,normal
2026-10-06 11:12:41,F1,57.636,0.116,3.277,56.705,4.843,normal
2026-10-06 11:13:41,F1,60.623,0.178,3.038,52.196,4.131,normal
2026-10-06 11:14:41,F1,57.546,0.0,4.044,38.159,7.267,normal
2026-10-06 11:15:41,F1,53.816,0.121,2.161,44.828,4.022,normal
2026-10-06 11:16:41,F1,56.258,0.0,2.371,65.783,6.507,normal
2026-10-06 11:17:41,F1,49.29,0.049,3.294,52.025,7.028,normal
2026-10-06 11:18:41,F1,44.269,0.073,2.216,57.522,4.723,normal
2026-10-06 11:19:41,F1,50.076,0.073,3.036,60.902,4.742,normal
2026-10-06 11:20:41,F1,56.35,0.091,3.564,52.946,4.984,normal
2026-10-06 11:21:41,F1,63.814,0.086,3.547,64.692,7.778,normal
2026-10-06 11:22:41,F1,48.817,0.071,2.365,42.194,5.22,normal
2026-10-06 11:23:41,F1,46.78,0.0,2.825,46.884,5.849,normal
2026-10-06 11:24:41,F1,57.687,0.004,3.281,70.533,6.108,normal
2026-10-06 11:25:41,F1,47.939,0.137,2.633,42.756,5.041,normal
2026-10-06 11:26:41,F1,51.85,0.278,3.983,43.036,4.427,normal
2026-10-06 11:27:41,F1,53.771,0.085,4.079,44.196,4.865,normal
2026-10-06 11:28:41,F1,53.283,0.0,2.48,75.92,6.956,normal
2026-10-06 11:29:41,F1,47.954,0.0,3.145,53.157,7.37,normal
2026-10-06 11:30:41,F1,67.957,0.039,4.205,71.791,5.115,normal
2026-10-06 11:31:41,F1,60.792,0.083,2.801,46.869,6.364,normal
2026-10-06 11:32:41,F1,62.153,0.256,3.607,70.678,5.663,normal
2026-10-06 11:33:41,F1,50.283,0.02,2.582,57.999,6.465,normal
2026-10-06 11:34:41,F1,64.573,0.178,2.641,52.456,5.508,normal
2026-10-06 11:35:41,F1,54.977,0.116,2.943,79.254,6.801,normal
2026-10-06 11:36:41,F1,45.895,0.0,3.318,49.773,4.848,normal
2026-10-06 11:37:41,F1,47.597,0.0,3.671,56.769,6.104,normal
2026-10-06 11:38:41,F1,47.498,0.46,3.986,58.776,7.028,normal
2026-10-06 11:39:41,F1,52.815,0.03,3.097,44.486,3.748,normal
2026-10-06 11:40:41,F1,52.438,0.107,2.205,46.907,4.714,normal
2026-10-06 11:41:41,F1,53.954,0.0,3.192,45.222,6.719,normal
2026-10-06 11:42:41,F1,59.173,0.0,4.148,71.042,6.978,normal
2026-10-06 11:43:41,F1,39.091,0.0,3.497,67.876,7.057,normal
2026-10-06 11:44:41,F1,64.785,0.0,4.286,42.218,5.006,normal
2026-10-06 11:45:41,F1,47.574,0.0,2.874,72.142,6.027,normal
2026-10-06 11:46:41,F1,59.564,0.225,3.225,50.709,6.632,normal
2026-10-06 11:47:41,F1,51.207,0.131,2.617,50.513,6.312,normal
2026-10-06 11:48:41,F1,37.847,0.0,2.37,55.267,8.302,normal
2026-10-06 11:49:41,F1,71.608,0.147,4.129,53.769,5.31,normal
2026-10-06 11:50:41,F1,52.011,0.008,2.67,48.418,6.696,normal
2026-10-06 11:51:41,F1,60.613,0.27,3.399,59.385,6.388,normal
2026-10-06 11:52:41,F1,59.404,0.0,2.743,54.087,7.215,normal
2026-10-06 11:53:41,F1,70.388,0.059,4.269,64.307,7.44,normal
2026-10-06 11:54:41,F1,60.898,0.192,2.984,55.691,5.861,normal
2026-10-06 11:55:41,F1,57.215,0.101,2.962,56.286,6.536,normal
2026-10-06 11:56:41,F1,48.606,0.074,3.381,71.789,5.421,normal
2026-10-06 11:57:41,F1,54.461,0.234,3.132,45.943,4.812,normal
2026-10-06 11:58:41,F1,41.531,0.183,2.924,60.989,5.076,normal
2026-10-06 11:59:41,F1,57.532,0.048,3.055,65.592,7.801,normal
2026-10-06 12:00:41,F1,49.103,0.05,2.968,42.545,8.024,normal
2026-10-06 12:01:41,F1,67.888,0.138,3.688,45.086,6.679,normal
2026-10-06 12:02:41,F1,49.528,0.173,2.672,62.465,6.638,normal
2026-10-06 12:03:41,F1,57.438,0.062,4.181,65.989,5.844,normal
2026-10-06 12:04:41,F1,50.945,0.017,3.028,58.926,4.91,normal
2026-10-06 12:05:41,F1,48.127,0.084,2.839,46.573,5.555,normal
2026-10-06 12:06:41,F1,51.946,0.096,3.496,64.216,7.624,normal
2026-10-06 12:07:41,F1,63.04,0.219,2.865,53.937,6.605,normal
2026-10-06 12:08:41,F1,67.566,0.156,2.966,54.834,7.456,normal
2026-10-06 12:09:41,F1,66.081,0.209,2.86,56.303,5.81,normal
2026-10-06 12:10:41,F1,66.305,0.0,4.041,75.91,7.419,normal
2026-10-06 12:11:41,F1,42.536,0.029,3.918,68.273,7.765,normal
2026-10-06 12:12:41,F1,60.073,0.005,2.151,52.924,3.475,normal
2026-10-06 12:13:41,F1,56.155,0.108,3.127,50.818,8.044,normal
2026-10-06 12:14:41,F1,55.751,0.233,3.199,49.868,6.186,normal
2026-10-06 12:15:41,F1,51.797,0.034,3.443,54.642,7.351,normal
2026-10-06 12:16:41,F1,54.997,0.16,3.797,60.784,7.286,normal
2026-10-06 12:17:41,F1,52.733,0.039,2.684,36.957,5.785,normal
2026-10-06 12:18:41,F1,52.171,0.348,2.799,40.151,7.954,normal
2026-10-06 12:19:41,F1,49.81,0.222,3.353,54.431,9.218,normal
2026-10-06 12:20:41,F1,55.263,0.082,3.582,58.797,7.08,normal
2026-10-06 12:21:41,F1,48.902,0.0,2.689,58.407,4.422,normal
2026-10-06 12:22:41,F1,53.673,0.284,2.378,54.581,5.744,normal
2026-10-06 12:23:41,F1,58.494,0.011,2.707,49.284,5.167,normal
2026-10-06 12:24:41,F1,54.502,0.153,3.014,42.575,4.138,normal
2026-10-06 12:25:41,F1,49.581,0.0,4.185,56.516,6.157,normal
2026-10-06 12:26:41,F1,66.891,0.229,3.4,51.739,5.51,normal
2026-10-06 12:27:41,F1,56.55,0.0,4.08,56.154,8.022,normal
2026-10-06 12:28:41,F1,54.506,0.053,3.189,55.636,7.68,normal
2026-10-06 12:29:41,F1,58.296,0.123,3.116,39.811,5.466,normal
2026-10-06 12:30:41,F1,49.542,0.029,3.203,60.47,6.723,normal
2026-10-06 12:31:41,F1,64.877,0.169,2.655,65.651,6.411,normal
2026-10-06 12:32:41,F1,58.068,0.101,3.015,61.505,6.955,normal
2026-10-06 12:33:41,F1,64.609,0.0,4.279,48.66,4.789,normal
2026-10-06 12:34:41,F1,50.954,0.345,3.939,53.086,5.638,normal
2026-10-06 12:35:41,F1,55.392,0.096,3.499,58.42,7.468,normal
2026-10-06 12:36:41,F1,52.817,0.278,3.43,59.162,5.222,normal
2026-10-06 12:37:41,F1,59.294,0.0,2.921,60.69,5.188,normal
2026-10-06 12:38:41,F1,40.898,0.343,3.246,45.285,7.435,normal
2026-10-06 12:39:41,F1,66.331,0.055,1.789,62.605,6.26,normal
2026-10-06 12:40:41,F1,53.53,0.041,2.831,40.632,6.486,normal
2026-10-06 12:41:41,F1,52.224,0.07,3.411,50.462,4.15,normal
2026-10-06 12:42:41,F1,58.296,0.055,3.682,52.388,6.358,normal
2026-10-06 12:43:41,F1,49.954,0.208,3.212,58.098,6.152,normal
2026-10-06 12:44:41,F1,69.625,0.124,2.418,48.601,5.993,normal
2026-10-06 12:45:41,F1,53.289,0.23,2.061,56.404,5.661,normal
2026-10-06 12:46:41,F1,49.6,0.0,2.79,65.356,5.002,normal
2026-10-06 12:47:41,F1,63.69,0.105,3.988,68.517,5.705,normal
2026-10-06 12:48:41,F1,63.927,0.033,3.197,59.651,4.965,normal
2026-10-06 12:49:41,F1,65.388,0.268,2.488,54.033,7.002,normal
2026-10-06 12:50:41,F1,56.147,0.382,3.773,55.458,4.54,normal
2026-10-06 12:51:41,F1,60.324,0.14,3.091,66.935,8.943,normal
2026-10-06 12:52:41,F1,48.779,0.192,3.421,76.963,6.726,normal
2026-10-06 12:53:41,F1,51.815,0.0,3.822,55.792,7.095,normal
2026-10-06 12:54:41,F1,55.03,0.0,3.693,58.16,7.131,normal
2026-10-06 12:55:41,F1,62.843,0.188,3.123,69.163,6.697,normal
2026-10-06 12:56:41,F1,49.474,0.573,4.485,60.393,6.018,normal
2026-10-06 12:57:41,F1,61.292,0.246,3.115,53.004,6.41,normal
2026-10-06 12:58:41,F1,61.34,0.0,3.599,55.041,5.882,normal
2026-10-06 12:59:41,F1,64.1,0.074,2.721,64.142,4.802,normal
2026-10-06 13:00:41,F1,57.211,0.007,2.671,59.07,5.506,normal
2026-10-06 13:01:41,F1,101.799,0.107,3.321,33.968,6.277,normal
2026-10-06 13:02:41,F1,48.461,0.145,3.781,55.743,7.925,normal
2026-10-06 13:03:41,F1,47.893,0.0,3.117,67.454,8.167,normal
2026-10-06 13:04:41,F1,46.656,0.266,3.508,56.256,7.573,normal
2026-10-06 13:05:41,F1,43.726,0.013,4.044,52.301,7.105,normal
2026-10-06 13:06:41,F1,58.663,0.213,2.678,60.481,6.99,normal
2026-10-06 13:07:41,F1,57.513,0.154,2.616,61.943,4.753,normal
2026-10-06 13:08:41,F1,47.742,0.154,3.194,57.319,5.22,normal
2026-10-06 13:09:41,F1,59.615,0.0,2.953,55.653,7.024,normal
2026-10-06 13:10:41,F1,45.935,0.114,3.466,33.585,5.275,normal
2026-10-06 13:11:41,F1,58.059,0.258,4.384,64.923,6.806,normal
2026-10-06 13:12:41,F1,54.649,0.161,3.209,58.219,7.551,normal
2026-10-06 13:13:41,F1,60.476,0.208,3.991,33.841,4.731,normal
2026-10-06 13:14:41,F1,50.216,0.35,3.104,59.061,7.582,normal
2026-10-06 13:15:41,F1,57.085,0.351,3.525,57.779,5.287,normal
2026-10-06 13:16:41,F1,66.455,0.252,3.647,50.576,5.174,normal
2026-10-06 13:17:41,F1,42.438,0.542,3.666,45.911,4.156,normal
2026-10-06 13:18:41,F1,73.464,0.0,2.309,43.187,7.687,normal
2026-10-06 13:19:41,F1,67.436,0.392,3.957,53.974,5.705,normal
2026-10-06 13:20:41,F1,43.918,0.183,2.964,59.025,7.079,normal
2026-10-06 13:21:41,F1,56.152,0.201,3.528,54.016,7.824,normal
2026-10-06 13:22:41,F1,54.84,0.23,2.392,52.673,5.191,normal
2026-10-06 13:23:41,F1,54.23,0.168,4.385,63.104,5.94,normal
2026-10-06 13:24:41,F1,56.789,0.408,3.374,58.281,4.416,normal
2026-10-06 13:25:41,F1,47.86,0.429,3.331,55.924,5.986,normal
2026-10-06 13:26:41,F1,65.401,0.231,3.309,65.477,5.735,normal
2026-10-06 13:27:41,F1,62.86,0.2,3.549,61.441,5.516,normal
2026-10-06 13:28:41,F1,50.72,0.274,2.407,53.659,4.959,normal
2026-10-06 13:29:41,F1,47.426,0.33,2.654,67.507,6.474,normal
2026-10-06 13:30:41,F1,47.617,0.196,2.792,65.138,4.99,normal
2026-10-06 13:31:41,F1,57.744,0.099,2.874,44.234,5.482,normal
2026-10-06 13:32:41,F1,70.333,0.12,4.128,60.525,7.335,normal
2026-10-06 13:33:41,F1,62.071,0.117,3.876,55.28,4.853,normal
2026-10-06 13:34:41,F1,54.764,0.289,3.524,61.303,5.595,normal
2026-10-06 13:35:41,F1,65.795,0.0,2.994,64.378,5.505,normal
2026-10-06 13:36:41,F1,64.808,0.249,2.655,45.666,6.579,normal
2026-10-06 13:37:41,F1,59.911,0.174,2.853,63.544,6.651,normal
2026-10-06 13:38:41,F1,48.724,0.456,2.562,66.501,6.34,normal
2026-10-06 13:39:41,F1,56.434,0.198,3.569,63.826,6.112,normal
2026-10-06 13:40:41,F1,59.237,0.488,3.182,49.473,6.676,normal
2026-10-06 13:41:41,F1,55.998,0.384,2.333,67.669,6.629,normal
2026-10-06 13:42:41,F1,57.032,0.326,3.032,60.728,6.822,normal
2026-10-06 13:43:41,F1,25.416,0.342,3.255,49.509,5.915,normal
2026-10-06 13:44:41,F1,56.312,0.123,3.155,50.31,6.516,normal
2026-10-06 13:45:41,F1,61.494,0.404,3.918,59.836,5.81,normal
2026-10-06 13:46:41,F1,44.939,0.346,3.402,42.677,6.373,normal
2026-10-06 13:47:41,F1,65.071,0.27,3.549,43.909,6.173,normal
2026-10-06 13:48:41,F1,58.78,0.0,3.624,44.035,6.287,normal
2026-10-06 13:49:41,F1,59.126,0.086,3.672,61.794,6.422,normal
2026-10-06 13:50:41,F1,55.175,0.111,2.906,46.846,8.161,normal
2026-10-06 13:51:41,F1,59.464,0.035,3.369,61.786,5.002,normal
2026-10-06 13:52:41,F1,51.783,0.273,4.121,47.918,6.538,normal
2026-10-06 13:53:41,F1,49.681,0.181,3.225,59.858,5.769,normal
2026-10-06 13:54:41,F1,53.134,0.228,3.2,57.967,7.437,normal
2026-10-06 13:55:41,F1,58.476,0.316,4.25,48.171,5.314,normal
2026-10-06 13:56:41,F1,42.378,0.208,2.756,60.137,7.224,normal
2026-10-06 13:57:41,F1,56.517,0.273,4.138,67.748,5.765,normal
2026-10-06 13:58:41,F1,61.546,0.274,4.199,68.396,5.136,normal
2026-10-06 13:59:41,F1,57.925,0.373,3.743,52.731,6.526,normal
2026-10-06 14:00:41,F1,60.105,0.375,3.213,48.161,6.315,normal
2026-10-06 14:01:41,F1,72.775,0.151,2.334,49.091,5.828,normal
2026-10-06 14:02:41,F1,61.164,0.36,2.899,58.044,6.604,normal
2026-10-06 14:03:41,F1,51.894,0.562,3.545,41.868,6.739,normal
2026-10-06 14:04:41,F1,70.938,0.399,3.37,65.447,5.267,normal
2026-10-06 14:05:41,F1,63.665,0.632,3.8,53.162,7.801,normal
2026-10-06 14:06:41,F1,65.225,0.349,3.79,60.044,6.317,normal
2026-10-06 14:07:41,F1,47.746,0.32,3.418,53.105,7.53,normal
2026-10-06 14:08:41,F1,57.874,0.119,3.254,43.236,8.129,normal
2026-10-06 14:09:41,F1,52.459,0.447,2.796,50.62,5.486,normal
2026-10-06 14:10:41,F1,51.916,0.426,3.589,64.415,5.397,normal
2026-10-06 14:11:41,F1,52.092,0.192,3.296,41.74,5.323,normal
2026-10-06 14:12:41,F1,51.642,0.293,4.621,52.249,4.814,normal
2026-10-06 14:13:41,F1,59.218,0.08,3.22,49.054,6.081,normal
2026-10-06 14:14:41,F1,61.086,0.26,2.876,61.578,5.498,normal
2026-10-06 14:15:41,F1,54.18,0.316,4.106,60.752,7.298,normal
2026-10-06 14:16:41,F1,59.419,0.211,3.252,55.547,7.555,normal
2026-10-06 14:17:41,F1,62.437,0.252,3.304,45.192,7.317,normal
2026-10-06 14:18:41,F1,44.677,0.144,2.849,52.711,5.432,normal
2026-10-06 14:19:41,F1,53.845,0.402,3.071,31.117,6.63,normal
2026-10-06 14:20:41,F1,40.025,0.423,3.539,46.48,6.94,normal
2026-10-06 14:21:41,F1,59.717,0.272,4.051,58.221,6.2,normal
2026-10-06 14:22:41,F1,49.39,0.148,3.186,67.903,6.796,normal
2026-10-06 14:23:41,F1,51.016,0.0,2.857,58.822,6.97,normal
2026-10-06 14:24:41,F1,54.841,0.313,4.249,62.129,7.706,normal
2026-10-06 14:25:41,F1,47.95,0.439,3.0,50.514,7.321,normal
2026-10-06 14:26:41,F1,56.022,0.2,3.041,48.359,6.758,normal
2026-10-06 14:27:41,F1,69.208,0.196,2.305,49.282,8.468,normal
2026-10-06 14:28:41,F1,56.698,0.333,2.924,65.361,6.797,normal
2026-10-06 14:29:41,F1,54.282,0.218,3.173,55.602,6.843,normal
2026-10-06 14:30:41,F1,49.873,0.368,3.117,62.249,7.435,normal
2026-10-06 14:31:41,F1,55.386,0.261,2.615,56.922,7.148,normal
2026-10-06 14:32:41,F1,43.017,0.31,3.496,64.866,6.353,normal
2026-10-06 14:33:41,F1,40.101,0.595,4.51,60.376,7.179,normal
2026-10-06 14:34:41,F1,60.804,0.16,3.236,53.296,4.845,normal
2026-10-06 14:35:41,F1,50.59,0.497,4.429,63.072,6.267,normal
2026-10-06 14:36:41,F1,62.152,0.298,3.809,71.114,6.232,normal
2026-10-06 14:37:41,F1,69.811,0.446,3.669,55.578,6.033,normal
2026-10-06 14:38:41,F1,69.973,0.079,3.389,55.807,5.629,normal
2026-10-06 14:39:41,F1,58.099,0.241,4.668,64.899,5.627,normal
2026-10-06 14:40:41,F1,61.634,0.446,3.182,52.186,4.802,normal
2026-10-06 14:41:41,F1,62.66,0.345,4.087,45.291,4.666,normal
2026-10-06 14:42:41,F1,56.315,0.364,2.656,69.966,6.751,normal
2026-10-06 14:43:41,F1,72.523,0.29,3.818,54.885,6.263,normal
2026-10-06 14:44:41,F1,46.09,0.19,2.896,50.368,6.093,normal
2026-10-06 14:45:41,F1,56.745,0.452,3.376,58.357,5.704,normal
2026-10-06 14:46:41,F1,64.684,0.268,3.427,63.955,6.502,normal
2026-10-06 14:47:41,F1,45.048,0.232,2.374,57.636,7.717,normal
2026-10-06 14:48:41,F1,72.517,0.362,2.926,65.327,6.037,normal
2026-10-06 14:49:41,F1,54.054,0.174,2.993,50.25,5.976,normal
2026-10-06 14:50:41,F1,57.32,0.367,4.844,53.937,7.398,normal
2026-10-06 14:51:41,F1,55.603,0.299,2.887,49.065,7.048,normal
2026-10-06 14:52:41,F1,47.981,0.457,3.451,61.577,6.399,normal
2026-10-06 14:53:41,F1,60.43,0.214,2.895,54.873,4.906,normal
2026-10-06 14:54:41,F1,65.006,0.208,2.616,68.753,5.122,normal
2026-10-06 14:55:41,F1,72.06,0.384,3.271,62.97,9.118,normal
2026-10-06 14:56:41,F1,46.796,0.183,3.535,54.305,7.234,normal
2026-10-06 14:57:41,F1,65.849,0.372,3.511,54.958,4.249,normal
2026-10-06 14:58:41,F1,56.388,0.36,3.602,43.588,6.198,normal
2026-10-06 14:59:41,F1,36.448,0.495,2.844,51.705,5.911,normal
2026-10-06 15:00:41,F1,60.226,0.416,2.493,52.093,3.385,normal
2026-10-06 15:01:41,F1,55.136,0.293,3.653,60.889,0.0,normal
2026-10-06 15:02:41,F1,57.071,0.565,2.423,39.793,4.869,normal
2026-10-06 15:03:41,F1,59.473,0.562,3.866,48.291,6.629,normal
2026-10-06 15:04:41,F1,57.686,0.55,2.939,45.036,8.369,normal
2026-10-06 15:05:41,F1,61.537,0.248,4.151,53.8,6.144,normal
2026-10-06 15:06:41,F1,45.696,0.328,1.886,56.732,8.123,normal
2026-10-06 15:07:41,F1,57.859,0.0,3.501,51.003,8.722,normal
2026-10-06 15:08:41,F1,57.184,0.443,3.814,61.576,8.683,normal
2026-10-06 15:09:41,F1,63.448,0.35,2.71,71.082,4.492,normal
2026-10-06 15:10:41,F1,63.124,0.655,2.564,37.73,6.458,normal
2026-10-06 15:11:41,F1,63.405,0.495,3.857,56.451,4.591,normal
2026-10-06 15:12:41,F1,76.144,0.368,4.426,52.106,6.92,normal
2026-10-06 15:13:41,F1,50.025,0.213,3.905,56.948,5.581,normal
2026-10-06 15:14:41,F1,56.584,0.147,2.569,48.916,7.825,normal
2026-10-06 15:15:41,F1,55.071,0.656,3.735,52.522,7.278,normal
2026-10-06 15:16:41,F1,60.914,0.4,3.538,64.022,4.021,normal
2026-10-06 15:17:41,F1,72.32,0.404,3.234,54.851,4.48,normal
2026-10-06 15:18:41,F1,50.01,0.468,3.271,52.921,8.012,normal
2026-10-06 15:19:41,F1,60.78,0.334,3.828,52.045,7.241,normal
2026-10-06 15:20:41,F1,50.605,0.203,2.881,60.321,5.365,normal
2026-10-06 15:21:41,F1,55.858,0.318,3.944,70.377,5.175,normal
2026-10-06 15:22:41,F1,73.946,0.255,3.198,64.024,6.379,normal
2026-10-06 15:23:41,F1,57.754,0.343,3.698,61.673,5.679,normal
2026-10-06 15:24:41,F1,51.151,0.233,3.32,62.797,7.836,normal
2026-10-06 15:25:41,F1,61.09,0.424,4.484,60.68,6.096,normal
2026-10-06 15:26:41,F1,56.763,0.396,3.558,43.189,8.03,normal
2026-10-06 15:27:41,F1,61.934,0.404,3.264,53.301,6.556,normal
2026-10-06 15:28:41,F1,59.896,0.29,2.816,52.249,5.271,normal
2026-10-06 15:29:41,F1,53.959,0.381,4.026,67.49,7.762,normal
2026-10-06 15:30:41,F1,59.63,0.36,3.422,62.855,4.399,normal
2026-10-06 15:31:41,F1,54.892,0.222,4.406,51.208,8.649,normal
2026-10-06 15:32:41,F1,56.161,0.411,3.328,67.295,5.208,normal
2026-10-06 15:33:41,F1,48.443,0.296,3.414,58.192,9.199,normal
2026-10-06 15:34:41,F1,49.773,0.517,3.624,57.372,8.005,normal
2026-10-06 15:35:41,F1,45.321,0.245,3.607,40.646,7.114,normal
2026-10-06 15:36:41,F1,48.646,0.331,3.327,57.981,6.277,normal
2026-10-06 15:37:41,F1,59.335,0.367,3.853,51.582,6.294,normal
2026-10-06 15:38:41,F1,50.471,0.349,3.565,49.974,6.109,normal
2026-10-06 15:39:41,F1,51.575,0.418,2.426,55.546,6.558,normal
2026-10-06 15:40:41,F1,59.516,0.156,4.355,59.848,6.503,normal
2026-10-06 15:41:41,F1,61.733,0.481,4.086,48.922,5.848,normal
2026-10-06 15:42:41,F1,62.674,0.307,3.402,46.099,5.806,normal
2026-10-06 15:43:41,F1,58.89,0.476,2.755,49.993,5.962,normal
2026-10-06 15:44:41,F1,50.97,0.348,4.569,57.796,5.721,normal
2026-10-06 15:45:41,F1,58.24,0.604,2.08,78.963,7.357,normal
2026-10-06 15:46:41,F1,53.235,0.25,3.031,73.266,6.488,normal
2026-10-06 15:47:41,F1,48.967,0.283,3.609,35.103,6.684,normal
2026-10-06 15:48:41,F1,52.292,0.373,3.325,44.739,5.58,normal
2026-10-06 15:49:41,F1,62.323,0.174,2.442,68.521,4.381,normal
2026-10-06 15:50:41,F1,49.706,0.489,2.725,54.801,5.936,normal
2026-10-06 15:51:41,F1,51.367,0.372,2.795,51.249,8.076,normal
2026-10-06 15:52:41,F1,51.295,0.201,3.118,48.563,4.325,normal
2026-10-06 15:53:41,F1,59.561,0.404,2.836,57.141,7.785,normal
2026-10-06 15:54:41,F1,49.296,0.337,3.031,40.64,6.591,normal
2026-10-06 15:55:41,F1,64.187,0.335,4.459,51.345,4.465,normal
2026-10-06 15:56:41,F1,58.191,0.281,4.593,53.353,3.742,normal
2026-10-06 15:57:41,F1,61.365,0.447,2.902,44.876,7.713,normal
2026-10-06 15:58:41,F1,42.489,0.443,3.047,53.184,6.631,normal
2026-10-06 15:59:41,F1,64.553,0.432,3.832,54.046,5.195,normal
2026-10-06 16:00:41,F1,46.203,0.401,2.636,59.781,6.914,normal
2026-10-06 16:01:41,F1,64.931,0.443,2.858,63.509,7.541,normal
2026-10-06 16:02:41,F1,58.827,0.395,3.726,54.587,2.941,normal
2026-10-06 16:03:41,F1,65.991,0.259,3.148,62.953,6.06,normal
2026-10-06 16:04:41,F1,61.7,0.605,3.703,57.531,8.755,normal
2026-10-06 16:05:41,F1,51.22,0.389,3.809,64.519,5.092,normal
2026-10-06 16:06:41,F1,35.441,0.554,3.141,55.683,8.192,normal
2026-10-06 16:07:41,F1,49.81,0.449,3.368,60.746,5.067,normal
2026-10-06 16:08:41,F1,55.625,0.45,4.073,55.539,6.106,normal
2026-10-06 16:09:41,F1,58.504,0.346,2.809,56.649,5.254,normal
2026-10-06 16:10:41,F1,44.461,0.395,3.438,57.705,5.238,normal
2026-10-06 16:11:41,F1,57.241,0.408,3.188,60.212,6.314,normal
2026-10-06 16:12:41,F1,72.26,0.613,3.439,50.232,4.829,normal
2026-10-06 16:13:41,F1,61.654,0.353,3.794,42.518,7.362,normal
2026-10-06 16:14:41,F1,56.773,0.35,3.723,45.235,6.15,normal
2026-10-06 16:15:41,F1,62.912,0.378,3.651,56.641,6.929,normal
2026-10-06 16:16:41,F1,61.65,0.659,3.121,42.971,6.588,normal
2026-10-06 16:17:41,F1,51.797,0.463,2.894,56.309,5.975,normal
2026-10-06 16:18:41,F1,61.732,0.67,3.112,41.249,7.265,normal
2026-10-06 16:19:41,F1,55.156,0.493,2.846,42.676,5.251,normal
2026-10-06 16:20:41,F1,57.064,0.586,3.994,74.555,5.667,normal
2026-10-06 16:21:41,F1,60.2,0.389,3.983,58.789,5.838,normal
2026-10-06 16:22:41,F1,60.904,0.487,3.23,47.733,6.459,normal
2026-10-06 16:23:41,F1,62.924,0.376,2.762,42.876,8.514,normal
2026-10-06 16:24:41,F1,53.243,0.748,2.716,47.575,6.967,normal
2026-10-06 16:25:41,F1,54.899,0.602,4.23,64.083,8.735,normal
2026-10-06 16:26:41,F1,48.722,0.559,2.783,47.167,5.378,normal
2026-10-06 16:27:41,F1,51.767,0.454,4.485,53.821,5.652,normal
2026-10-06 16:28:41,F1,54.868,0.361,3.646,61.186,7.095,normal
2026-10-06 16:29:41,F1,60.13,0.325,3.641,48.613,6.755,normal
2026-10-06 16:30:41,F1,42.7,0.307,2.844,60.798,8.256,normal
2026-10-06 16:31:41,F1,49.683,0.378,3.609,61.627,4.991,normal
2026-10-06 16:32:41,F1,60.443,0.37,3.959,48.644,5.525,normal
2026-10-06 16:33:41,F1,57.738,0.704,2.827,55.485,6.789,normal
2026-10-06 16:34:41,F1,59.339,0.412,2.92,62.506,7.228,normal
2026-10-06 16:35:41,F1,63.804,0.332,3.024,45.995,6.194,normal
2026-10-06 16:36:41,F1,69.379,0.5,4.403,51.592,7.024,normal
2026-10-06 16:37:41,F1,49.691,0.438,3.921,62.879,6.708,normal
2026-10-06 16:38:41,F1,48.826,0.612,3.188,58.616,7.431,normal
2026-10-06 16:39:41,F1,51.934,0.288,1.011,58.469,6.752,normal
2026-10-06 16:40:41,F1,64.979,0.347,2.984,75.855,6.835,normal
2026-10-06 16:41:41,F1,61.471,0.52,3.923,49.575,6.238,normal
2026-10-06 16:42:41,F1,47.108,0.414,3.307,61.289,6.866,normal
2026-10-06 16:43:41,F1,52.61,0.399,2.62,45.517,9.288,normal
2026-10-06 16:44:41,F1,59.791,0.367,4.227,58.105,5.993,normal
2026-10-06 16:45:41,F1,51.199,0.504,2.489,58.576,5.389,normal
2026-10-06 16:46:41,F1,59.85,0.633,3.931,55.631,6.064,normal
2026-10-06 16:47:41,F1,61.441,0.382,4.109,58.898,7.846,normal
2026-10-06 16:48:41,F1,48.595,0.595,3.317,72.859,4.615,normal
2026-10-06 16:49:41,F1,70.087,0.32,4.335,57.392,5.882,normal
2026-10-06 16:50:41,F1,58.657,0.351,3.19,55.377,7.554,normal
2026-10-06 16:51:41,F1,59.867,0.466,4.126,45.442,8.984,normal
2026-10-06 16:52:41,F1,59.68,0.253,3.669,41.877,7.25,normal
2026-10-06 16:53:41,F1,54.562,0.443,2.996,43.057,7.439,normal
2026-10-06 16:54:41,F1,47.993,0.426,3.758,63.725,6.077,normal
2026-10-06 16:55:41,F1,48.259,0.432,3.302,66.948,5.737,normal
2026-10-06 16:56:41,F1,54.865,0.506,2.851,54.173,7.474,normal
2026-10-06 16:57:41,F1,52.118,0.419,3.12,42.48,6.03,normal
2026-10-06 16:58:41,F1,54.814,0.407,2.889,47.476,5.843,normal
2026-10-06 16:59:41,F1,59.321,0.328,3.904,64.556,5.451,normal
2026-10-06 17:00:41,F1,59.069,0.513,3.124,59.423,5.218,normal
2026-10-06 17:01:41,F1,52.157,0.357,3.53,44.581,8.122,normal
2026-10-06 17:02:41,F1,58.06,0.471,4.314,54.156,4.289,normal
2026-10-06 17:03:41,F1,39.249,0.739,3.475,39.156,6.437,normal
2026-10-06 17:04:41,F1,48.219,0.676,3.083,67.984,4.359,normal
2026-10-06 17:05:41,F1,51.174,0.45,3.263,48.285,6.354,normal
2026-10-06 17:06:41,F1,53.24,0.491,3.823,54.664,5.093,normal
2026-10-06 17:07:41,F1,49.687,0.569,3.779,62.2,5.318,normal
2026-10-06 17:08:41,F1,58.91,0.471,3.808,50.808,7.462,normal
2026-10-06 17:09:41,F1,56.982,0.303,4.711,46.593,4.727,normal
2026-10-06 17:10:41,F1,56.381,0.35,3.691,65.981,8.47,normal
2026-10-06 17:11:41,F1,61.086,0.377,3.315,48.905,7.667,normal
2026-10-06 17:12:41,F1,56.688,0.333,3.833,53.389,7.564,normal
2026-10-06 17:13:41,F1,67.18,0.22,3.776,56.202,6.993,normal
2026-10-06 17:14:41,F1,62.514,0.464,2.532,54.212,5.434,normal
2026-10-06 17:15:41,F1,64.528,0.485,4.008,63.615,7.055,normal
2026-10-06 17:16:41,F1,53.499,0.763,2.474,40.732,8.14,normal
2026-10-06 17:17:41,F1,67.301,0.61,3.467,57.746,6.472,normal
2026-10-06 17:18:41,F1,64.943,0.417,3.22,51.645,5.773,normal
2026-10-06 17:19:41,F1,43.347,0.528,4.154,50.742,6.759,normal
2026-10-06 17:20:41,F1,49.946,0.507,2.75,55.551,6.28,normal
2026-10-06 17:21:41,F1,58.86,0.567,3.173,49.592,8.077,normal
2026-10-06 17:22:41,F1,45.335,0.623,3.49,48.296,5.821,normal
2026-10-06 17:23:41,F1,41.049,0.528,4.22,67.054,7.03,normal
2026-10-06 17:24:41,F1,41.825,0.498,3.472,56.118,6.161,normal
2026-10-06 17:25:41,F1,60.496,0.569,3.437,61.872,5.863,normal
2026-10-06 17:26:41,F1,59.157,0.445,4.487,56.445,8.274,normal
2026-10-06 17:27:41,F1,45.027,0.688,3.185,67.519,7.397,normal
2026-10-06 17:28:41,F1,48.992,0.798,4.603,62.921,5.49,normal
2026-10-06 17:29:41,F1,57.192,0.427,3.938,47.028,5.105,normal
2026-10-06 17:30:41,F1,54.592,0.702,2.923,46.858,8.059,normal
2026-10-06 17:31:41,F1,58.647,0.358,4.064,59.385,7.554,normal
2026-10-06 17:32:41,F1,46.252,0.273,3.341,57.35,6.231,normal
2026-10-06 17:33:41,F1,48.768,0.67,2.932,70.158,7.984,normal
2026-10-06 17:34:41,F1,58.099,0.4,3.554,51.635,2.146,normal
2026-10-06 17:35:41,F1,51.416,0.431,3.78,58.629,8.087,normal
2026-10-06 17:36:41,F1,54.975,0.629,3.984,58.876,5.172,normal
2026-10-06 17:37:41,F1,39.095,0.818,2.829,49.962,5.732,normal
2026-10-06 17:38:41,F1,65.164,0.545,3.141,60.04,8.978,normal
2026-10-06 17:39:41,F1,54.087,0.558,3.53,38.742,4.662,normal
2026-10-06 17:40:41,F1,48.686,0.469,2.771,52.616,5.232,normal
2026-10-06 17:41:41,F1,66.339,0.194,3.578,53.856,5.27,normal
2026-10-06 17:42:41,F1,63.073,0.709,4.261,63.557,5.259,normal
2026-10-06 17:43:41,F1,50.403,0.635,4.21,62.652,7.625,normal
2026-10-06 17:44:41,F1,59.937,0.521,3.222,60.944,4.922,normal
2026-10-06 17:45:41,F1,46.612,0.564,2.523,51.202,5.778,normal
2026-10-06 17:46:41,F1,57.795,0.458,3.267,49.004,6.329,normal
2026-10-06 17:47:41,F1,42.409,0.309,3.751,51.474,5.583,normal
2026-10-06 17:48:41,F1,52.657,0.605,3.072,56.192,8.966,normal
2026-10-06 17:49:41,F1,44.829,0.61,3.119,54.718,7.077,normal
2026-10-06 17:50:41,F1,52.626,0.652,3.453,48.994,6.987,normal
2026-10-06 17:51:41,F1,50.182,0.563,3.278,61.331,8.024,normal
2026-10-06 17:52:41,F1,54.5,0.533,4.958,54.714,5.85,normal
2026-10-06 17:53:41,F1,55.694,0.507,3.406,60.426,8.934,normal
2026-10-06 17:54:41,F1,56.818,0.544,2.984,48.148,5.625,normal
2026-10-06 17:55:41,F1,51.969,0.613,4.597,56.175,6.795,normal
2026-10-06 17:56:41,F1,59.084,0.541,4.133,53.479,7.732,normal
2026-10-06 17:57:41,F1,54.275,0.394,3.494,65.698,8.044,normal
2026-10-06 17:58:41,F1,58.857,0.488,3.38,63.141,6.12,normal
2026-10-06 17:59:41,F1,60.447,0.588,3.599,67.559,7.411,normal
2026-10-06 18:00:41,F1,49.776,0.37,3.549,36.063,6.452,normal
2026-10-06 18:01:41,F1,51.512,0.334,3.225,53.964,8.222,normal
2026-10-06 18:02:41,F1,51.537,0.435,3.24,48.119,5.782,normal
2026-10-06 18:03:41,F1,48.021,0.447,3.977,39.503,7.214,normal
2026-10-06 18:04:41,F1,51.05,0.596,3.796,50.287,9.501,normal
2026-10-06 18:05:41,F1,47.563,0.523,3.259,51.663,6.057,normal
2026-10-06 18:06:41,F1,74.31,0.694,2.99,46.622,6.701,normal
2026-10-06 18:07:41,F1,63.756,0.533,4.414,71.37,6.56,normal
2026-10-06 18:08:41,F1,42.254,0.419,4.579,56.435,6.471,normal
2026-10-06 18:09:41,F1,48.16,0.681,3.499,57.709,8.287,normal
2026-10-06 18:10:41,F1,62.761,0.58,4.695,55.316,6.549,normal
2026-10-06 18:11:41,F1,46.968,0.423,2.905,53.364,8.852,normal
2026-10-06 18:12:41,F1,57.155,0.362,3.773,39.611,7.92,normal
2026-10-06 18:13:41,F1,52.762,0.438,3.767,61.299,8.871,normal
2026-10-06 18:14:41,F1,60.718,0.636,4.073,58.671,8.848,normal
2026-10-06 18:15:41,F1,60.873,0.365,3.821,55.911,7.264,normal
2026-10-06 18:16:41,F1,64.889,0.656,3.134,53.011,6.064,normal
2026-10-06 18:17:41,F1,46.959,0.817,2.429,50.961,7.352,normal
2026-10-06 18:18:41,F1,48.345,0.498,3.614,60.9,4.948,normal
2026-10-06 18:19:41,F1,55.306,0.456,4.926,58.785,6.427,normal
2026-10-06 18:20:41,F1,58.007,0.358,3.13,64.183,7.908,normal
2026-10-06 18:21:41,F1,59.601,0.511,3.937,52.866,6.075,normal
2026-10-06 18:22:41,F1,71.364,0.805,4.03,58.595,4.344,normal
2026-10-06 18:23:41,F1,49.882,0.537,4.09,62.004,4.754,normal
2026-10-06 18:24:41,F1,52.697,0.412,3.023,34.848,7.461,normal
2026-10-06 18:25:41,F1,51.988,0.636,3.683,76.889,6.323,normal
2026-10-06 18:26:41,F1,50.436,0.608,2.843,44.017,5.68,normal
2026-10-06 18:27:41,F1,51.218,0.751,3.242,53.545,8.138,normal
2026-10-06 18:28:41,F1,43.678,0.576,3.533,61.521,8.144,normal
2026-10-06 18:29:41,F1,54.672,0.565,3.032,63.995,7.871,normal
2026-10-06 18:30:41,F1,51.271,0.477,4.008,73.314,7.149,normal
2026-10-06 18:31:41,F1,44.72,0.673,3.783,56.625,8.547,normal
2026-10-06 18:32:41,F1,56.027,0.507,3.497,52.188,6.765,normal
2026-10-06 18:33:41,F1,66.089,0.469,3.146,56.381,5.728,normal
2026-10-06 18:34:41,F1,58.74,0.734,2.798,42.874,5.466,normal
2026-10-06 18:35:41,F1,65.243,0.749,3.928,43.763,8.601,normal
2026-10-06 18:36:41,F1,57.269,0.473,5.015,57.058,6.492,normal
2026-10-06 18:37:41,F1,57.264,0.41,4.111,62.709,7.176,normal
2026-10-06 18:38:41,F1,48.844,0.571,3.336,47.116,6.508,normal
2026-10-06 18:39:41,F1,46.135,0.823,3.805,52.18,6.217,normal
2026-10-06 18:40:41,F1,43.773,0.649,3.914,54.69,7.478,normal
2026-10-06 18:41:41,F1,60.302,0.538,4.559,39.729,7.979,normal
2026-10-06 18:42:41,F1,24.376,0.753,3.231,51.596,8.635,normal
2026-10-06 18:43:41,F1,54.13,0.669,3.716,48.79,7.277,normal
2026-10-06 18:44:41,F1,60.825,0.548,3.975,48.574,6.791,normal
2026-10-06 18:45:41,F1,63.964,0.452,4.173,44.201,6.602,normal
2026-10-06 18:46:41,F1,47.117,0.551,4.226,59.64,7.721,normal
2026-10-06 18:47:41,F1,46.248,0.648,3.284,52.226,7.658,normal
2026-10-06 18:48:41,F1,63.901,0.697,2.756,53.149,7.852,normal
2026-10-06 18:49:41,F1,65.504,0.802,3.601,66.192,7.439,normal
2026-10-06 18:50:41,F1,56.49,0.344,3.711,65.697,6.415,normal
2026-10-06 18:51:41,F1,53.676,0.542,3.47,41.81,9.729,normal
2026-10-06 18:52:41,F1,48.749,0.797,3.831,58.367,7.5,normal
2026-10-06 18:53:41,F1,68.322,0.69,3.397,63.789,8.037,normal
2026-10-06 18:54:41,F1,46.706,0.459,3.79,54.303,6.738,normal
2026-10-06 18:55:41,F1,60.996,0.608,2.88,52.506,7.46,normal
2026-10-06 18:56:41,F1,55.149,0.677,2.886,50.992,5.599,normal
2026-10-06 18:57:41,F1,52.024,0.796,3.581,48.542,8.065,normal
2026-10-06 18:58:41,F1,52.337,0.67,3.392,53.718,5.166,normal
2026-10-06 18:59:41,F1,54.177,0.589,3.266,53.706,4.341,normal
2026-10-06 19:00:41,F1,51.183,0.588,4.414,48.161,6.996,normal
2026-10-06 19:01:41,F1,48.144,0.634,3.388,48.97,6.65,normal
2026-10-06 19:02:41,F1,57.631,0.716,3.815,69.8,6.108,normal
2026-10-06 19:03:41,F1,60.838,0.371,3.811,56.216,7.268,normal
2026-10-06 19:04:41,F1,53.544,0.751,3.087,47.512,5.949,normal
2026-10-06 19:05:41,F1,56.078,0.721,4.416,65.423,7.107,normal
2026-10-06 19:06:41,F1,64.651,0.518,3.135,66.202,5.644,normal
2026-10-06 19:07:41,F1,60.716,0.536,3.964,47.815,8.785,normal
2026-10-06 19:08:41,F1,52.402,0.689,3.348,58.159,6.473,normal
2026-10-06 19:09:41,F1,44.115,0.725,3.521,24.432,7.717,normal
2026-10-06 19:10:41,F1,56.731,0.517,4.183,50.174,8.227,normal
2026-10-06 19:11:41,F1,67.233,0.357,3.777,68.601,6.745,normal
2026-10-06 19:12:41,F1,53.314,0.629,3.911,70.223,7.411,normal
2026-10-06 19:13:41,F1,56.5,0.491,3.67,59.908,5.989,normal
2026-10-06 19:14:41,F1,64.319,0.637,3.65,55.201,7.84,normal
2026-10-06 19:15:41,F1,57.477,0.84,3.563,53.507,7.979,normal
2026-10-06 19:16:41,F1,60.619,0.561,3.88,59.471,6.262,normal
2026-10-06 19:17:41,F1,45.931,0.712,3.283,56.478,9.588,normal
2026-10-06 19:18:41,F1,60.675,0.686,3.707,43.968,7.543,normal
2026-10-06 19:19:41,F1,55.187,0.8,3.391,51.731,7.293,normal
2026-10-06 19:20:41,F1,45.783,0.644,4.559,43.259,5.158,normal
2026-10-06 19:21:41,F1,60.653,0.597,2.666,58.332,5.605,normal
2026-10-06 19:22:41,F1,48.509,0.868,3.129,59.508,5.786,normal
2026-10-06 19:23:41,F1,55.238,0.919,3.93,56.168,7.747,normal
2026-10-06 19:24:41,F1,49.65,0.59,4.569,42.505,8.029,normal
2026-10-06 19:25:41,F1,55.373,0.494,3.169,74.261,5.556,normal
2026-10-06 19:26:41,F1,47.538,0.819,3.45,60.058,6.02,normal
2026-10-06 19:27:41,F1,50.868,0.677,3.443,52.954,4.666,normal
2026-10-06 19:28:41,F1,63.072,0.573,3.444,56.353,4.583,normal
2026-10-06 19:29:41,F1,52.368,0.696,3.287,48.332,6.677,normal
2026-10-06 19:30:41,F1,53.379,0.607,4.148,65.14,8.902,normal
2026-10-06 19:31:41,F1,59.725,0.826,5.642,45.487,4.702,normal
2026-10-06 19:32:41,F1,51.632,0.746,3.577,55.814,5.59,normal
2026-10-06 19:33:41,F1,54.124,0.704,3.04,57.172,5.903,normal
2026-10-06 19:34:41,F1,51.923,0.848,4.081,64.269,7.101,normal
2026-10-06 19:35:41,F1,59.909,0.617,3.046,47.855,9.945,normal
2026-10-06 19:36:41,F1,61.544,0.866,3.798,39.761,6.26,normal
2026-10-06 19:37:41,F1,38.471,0.599,4.875,64.009,6.757,normal
2026-10-06 19:38:41,F1,54.139,0.661,4.476,51.481,7.717,normal
2026-10-06 19:39:41,F1,58.125,0.683,3.263,49.284,8.093,normal
2026-10-06 19:40:41,F1,59.685,0.673,3.226,61.209,6.921,normal
2026-10-06 19:41:41,F1,64.604,0.74,4.327,54.618,7.853,normal
2026-10-06 19:42:41,F1,46.025,0.767,3.35,56.046,6.567,normal
2026-10-06 19:43:41,F1,45.991,0.625,2.563,48.774,5.096,normal
2026-10-06 19:44:41,F1,61.503,0.765,3.507,48.447,6.489,normal
2026-10-06 19:45:41,F1,48.262,0.778,3.189,48.214,6.571,normal
2026-10-06 19:46:41,F1,37.647,0.967,3.628,48.249,6.467,normal
2026-10-06 19:47:41,F1,57.842,0.362,3.214,63.565,8.846,normal
2026-10-06 19:48:41,F1,65.057,0.924,3.729,63.995,5.376,normal
2026-10-06 19:49:41,F1,46.562,0.575,3.751,65.592,6.835,normal
2026-10-06 19:50:41,F1,56.334,0.527,4.166,56.751,6.834,normal
2026-10-06 19:51:41,F1,65.332,0.648,3.545,65.119,6.488,normal
2026-10-06 19:52:41,F1,56.488,0.788,3.334,60.69,6.557,normal
2026-10-06 19:53:41,F1,55.937,0.755,3.54,55.684,6.43,normal
2026-10-06 19:54:41,F1,65.95,0.72,3.501,56.074,8.963,normal
2026-10-06 19:55:41,F1,68.394,0.689,2.845,50.716,8.701,normal
2026-10-06 19:56:41,F1,57.085,0.821,3.588,57.768,8.387,normal
2026-10-06 19:57:41,F1,64.915,0.897,4.721,51.648,8.303,normal
2026-10-06 19:58:41,F1,50.439,0.999,3.034,41.408,8.866,normal
2026-10-06 19:59:41,F1,61.273,0.688,4.079,54.831,6.008,normal
2026-10-06 20:00:41,F1,57.673,0.818,3.64,56.862,6.643,normal
2026-10-06 20:01:41,F1,49.953,0.72,3.984,52.855,6.31,normal
2026-10-06 20:02:41,F1,53.848,0.875,3.775,53.556,6.683,normal
2026-10-06 20:03:41,F1,51.06,0.7,3.573,44.83,9.005,normal
2026-10-06 20:04:41,F1,63.229,0.945,4.109,68.707,7.626,normal
2026-10-06 20:05:41,F1,58.21,0.732,2.986,59.053,5.952,normal
2026-10-06 20:06:41,F1,56.819,0.588,4.581,51.682,7.164,normal
2026-10-06 20:07:41,F1,55.376,0.715,4.376,49.316,7.865,normal
2026-10-06 20:08:41,F1,57.524,0.743,3.354,51.703,7.567,normal
2026-10-06 20:09:41,F1,60.581,0.762,4.093,74.133,7.594,normal
2026-10-06 20:10:41,F1,59.364,0.714,3.907,46.906,6.396,normal
2026-10-06 20:11:41,F1,55.149,0.728,2.776,64.187,8.034,normal
2026-10-06 20:12:41,F1,58.929,0.654,3.434,69.432,6.177,normal
2026-10-06 20:13:41,F1,64.564,0.71,3.997,44.197,7.15,normal
2026-10-06 20:14:41,F1,50.1,0.879,3.719,52.195,5.955,normal
2026-10-06 20:15:41,F1,44.164,0.567,4.781,41.294,4.748,normal
2026-10-06 20:16:41,F1,53.986,0.919,4.393,67.671,7.585,normal
2026-10-06 20:17:41,F1,57.36,0.886,3.563,63.306,5.578,normal
2026-10-06 20:18:41,F1,64.676,0.539,4.116,51.978,7.629,normal
2026-10-06 20:19:41,F1,55.609,0.701,3.458,50.43,5.404,normal
2026-10-06 20:20:41,F1,62.502,0.724,4.102,51.298,8.29,normal
2026-10-06 20:21:41,F1,54.741,0.631,4.136,59.193,7.768,normal
2026-10-06 20:22:41,F1,56.68,0.816,4.143,54.865,4.496,normal
2026-10-06 20:23:41,F1,54.426,0.614,5.726,59.893,6.51,normal
2026-10-06 20:24:41,F1,46.289,0.856,3.902,52.44,7.278,normal
2026-10-06 20:25:41,F1,62.892,0.87,2.832,51.41,6.293,normal
2026-10-06 20:26:41,F1,53.825,0.875,4.25,54.526,8.627,normal
2026-10-06 20:27:41,F1,48.769,0.829,3.419,54.692,5.45,normal
2026-10-06 20:28:41,F1,36.656,0.655,4.19,58.852,7.205,normal
2026-10-06 20:29:41,F1,55.361,0.77,4.237,50.388,5.105,normal
2026-10-06 20:30:41,F1,63.001,0.966,3.401,50.523,7.971,normal
2026-10-06 20:31:41,F1,45.627,0.749,3.881,51.685,7.373,normal
2026-10-06 20:32:41,F1,43.736,0.804,4.318,48.71,5.756,normal
2026-10-06 20:33:41,F1,67.993,0.684,4.673,56.438,6.507,normal
2026-10-06 20:34:41,F1,58.556,0.695,3.575,53.094,6.169,normal
2026-10-06 20:35:41,F1,56.649,0.563,2.982,50.422,6.545,normal
2026-10-06 20:36:41,F1,49.041,0.527,3.834,44.628,7.24,normal
2026-10-06 20:37:41,F1,60.081,0.911,4.983,74.365,5.674,normal
2026-10-06 20:38:41,F1,64.23,0.759,3.164,55.547,7.966,normal
2026-10-06 20:39:41,F1,51.6,0.86,2.935,47.809,8.808,normal
2026-10-06 20:40:41,F1,64.308,0.626,4.531,63.302,7.93,normal
2026-10-06 20:41:41,F1,68.19,0.774,3.096,58.565,6.213,normal
2026-10-06 20:42:41,F1,66.674,0.939,4.315,38.73,5.832,normal
2026-10-06 20:43:41,F1,55.276,1.059,3.13,47.255,5.99,normal
2026-10-06 20:44:41,F1,54.029,0.816,3.858,51.925,6.972,normal
2026-10-06 20:45:41,F1,59.56,0.628,2.936,56.319,5.771,normal
2026-10-06 20:46:41,F1,54.578,0.718,4.089,64.861,9.307,normal
2026-10-06 20:47:41,F1,62.163,0.629,4.636,52.702,8.036,normal
2026-10-06 20:48:41,F1,51.84,0.897,4.562,48.613,7.13,normal
2026-10-06 20:49:41,F1,60.123,0.622,4.144,48.001,5.831,normal
2026-10-06 20:50:41,F1,49.357,0.696,3.726,45.874,6.42,normal
2026-10-06 20:51:41,F1,58.716,0.712,3.296,47.081,7.586,normal
2026-10-06 20:52:41,F1,65.319,0.777,3.367,65.989,6.699,normal
2026-10-06 20:53:41,F1,47.465,0.677,3.867,44.199,5.97,normal
2026-10-06 20:54:41,F1,60.714,0.779,4.417,40.559,7.193,normal
2026-10-06 20:55:41,F1,43.003,0.711,3.508,43.173,6.576,normal
2026-10-06 20:56:41,F1,52.406,1.003,3.495,68.91,6.316,normal
2026-10-06 20:57:41,F1,52.903,0.643,4.133,64.794,9.628,normal
2026-10-06 20:58:41,F1,51.248,0.812,4.459,60.506,6.144,normal
2026-10-06 20:59:41,F1,48.652,0.784,2.355,71.297,5.75,normal
2026-10-06 21:00:41,F1,52.434,0.793,3.067,48.77,5.106,normal
2026-10-06 21:01:41,F1,55.107,0.856,4.526,62.395,9.832,normal
2026-10-06 21:02:41,F1,55.667,0.733,3.752,53.553,6.891,normal
2026-10-06 21:03:41,F1,60.132,0.854,4.052,49.419,6.612,normal
2026-10-06 21:04:41,F1,51.551,0.968,3.342,50.087,6.393,normal
2026-10-06 21:05:41,F1,60.787,0.845,3.338,62.532,8.492,normal
2026-10-06 21:06:41,F1,55.573,0.806,3.667,72.739,8.099,normal
2026-10-06 21:07:41,F1,51.558,0.688,3.956,65.873,8.138,normal
2026-10-06 21:08:41,F1,50.14,0.8,3.642,41.902,7.453,normal
2026-10-06 21:09:41,F1,41.424,0.586,4.265,40.068,6.937,normal
2026-10-06 21:10:41,F1,63.652,0.776,3.349,50.288,4.32,normal
2026-10-06 21:11:41,F1,62.433,0.964,4.559,61.859,5.954,normal
2026-10-06 21:12:41,F1,47.425,0.91,3.978,48.805,7.984,normal
2026-10-06 21:13:41,F1,56.971,0.629,4.18,51.728,4.398,normal
2026-10-06 21:14:41,F1,56.353,0.86,3.018,43.371,6.623,normal
2026-10-06 21:15:41,F1,48.586,0.921,3.115,52.31,8.386,normal
2026-10-06 21:16:41,F1,50.336,0.69,3.731,50.81,4.221,normal
2026-10-06 21:17:41,F1,46.656,0.435,3.769,52.223,6.575,normal
2026-10-06 21:18:41,F1,62.437,0.616,4.427,49.689,7.115,normal
2026-10-06 21:19:41,F1,64.696,0.833,2.722,58.897,9.29,normal
2026-10-06 21:20:41,F1,70.275,0.719,3.816,71.015,7.902,normal
2026-10-06 21:21:41,F1,63.467,1.078,3.634,47.491,4.78,normal
2026-10-06 21:22:41,F1,59.673,0.904,3.739,43.873,8.242,normal
2026-10-06 21:23:41,F1,54.963,1.177,3.616,69.105,8.501,normal
2026-10-06 21:24:41,F1,57.339,0.932,4.497,56.784,7.034,normal
2026-10-06 21:25:41,F1,52.88,0.957,3.669,55.072,9.701,normal
2026-10-06 21:26:41,F1,58.586,0.7,3.622,56.131,4.997,normal
2026-10-06 21:27:41,F1,64.123,0.778,4.311,54.729,8.082,normal
2026-10-06 21:28:41,F1,63.201,0.874,3.36,58.875,5.245,normal
2026-10-06 21:29:41,F1,68.572,0.918,3.654,47.646,7.271,normal
2026-10-06 21:30:41,F1,57.884,0.914,3.495,66.233,8.07,normal
2026-10-06 21:31:41,F1,63.442,0.823,3.8,58.452,8.215,normal
2026-10-06 21:32:41,F1,55.131,0.972,2.928,59.183,6.059,normal
2026-10-06 21:33:41,F1,60.339,0.782,3.951,37.295,6.445,normal
2026-10-06 21:34:41,F1,52.144,0.942,3.93,72.784,4.759,normal
2026-10-06 21:35:41,F1,59.571,0.707,4.463,59.237,5.78,normal
2026-10-06 21:36:41,F1,51.706,1.126,4.157,64.066,6.218,normal
2026-10-06 21:37:41,F1,46.779,0.691,4.345,63.88,9.717,normal
2026-10-06 21:38:41,F1,51.802,0.825,3.031,55.438,6.987,normal
2026-10-06 21:39:41,F1,56.035,0.592,3.485,56.517,6.931,normal
2026-10-06 21:40:41,F1,61.54,0.852,4.418,55.603,5.893,normal
2026-10-06 21:41:41,F1,50.569,0.735,2.772,61.824,6.597,normal
2026-10-06 21:42:41,F1,61.48,0.615,3.332,53.096,6.698,normal
2026-10-06 21:43:41,F1,57.318,0.842,4.049,44.791,6.049,normal
2026-10-06 21:44:41,F1,52.684,0.909,5.258,55.633,5.892,normal
2026-10-06 21:45:41,F1,59.976,0.806,3.235,45.919,7.038,normal
2026-10-06 21:46:41,F1,56.14,1.083,4.918,43.594,4.929,normal
2026-10-06 21:47:41,F1,59.332,0.999,3.691,57.187,5.99,normal
2026-10-06 21:48:41,F1,56.561,0.994,2.973,73.836,4.982,normal
2026-10-06 21:49:41,F1,48.423,0.985,4.241,49.009,7.38,normal
2026-10-06 21:50:41,F1,52.64,0.842,3.647,50.298,6.581,normal
2026-10-06 21:51:41,F1,70.354,0.721,3.131,41.505,6.994,normal
2026-10-06 21:52:41,F1,51.582,0.918,2.683,53.415,6.638,normal
2026-10-06 21:53:41,F1,57.683,0.848,4.064,34.557,7.311,normal
2026-10-06 21:54:41,F1,74.025,0.807,4.396,51.689,7.694,normal
2026-10-06 21:55:41,F1,60.068,0.917,3.732,50.258,6.743,normal
2026-10-06 21:56:41,F1,52.896,0.683,2.92,66.688,6.557,normal
2026-10-06 21:57:41,F1,47.129,0.702,3.542,55.349,9.557,normal
2026-10-06 21:58:41,F1,67.392,0.815,2.863,58.543,5.275,normal
2026-10-06 21:59:41,F1,56.078,0.798,3.094,51.567,5.74,normal
2026-10-06 22:00:41,F1,57.065,0.751,4.731,55.016,7.006,normal
2026-10-06 22:01:41,F1,52.174,0.739,4.156,53.717,7.495,normal
2026-10-06 22:02:41,F1,59.758,1.09,3.38,70.675,7.476,normal
2026-10-06 22:03:41,F1,54.755,0.899,3.462,50.715,5.167,normal
2026-10-06 22:04:41,F1,55.4,0.683,3.165,47.851,8.611,normal
2026-10-06 22:05:41,F1,57.066,0.897,3.702,44.901,9.285,normal
2026-10-06 22:06:41,F1,49.687,0.764,4.094,55.749,10.91,normal
2026-10-06 22:07:41,F1,50.19,0.797,4.575,55.842,4.903,normal
2026-10-06 22:08:41,F1,40.025,1.018,4.431,43.831,7.41,normal
2026-10-06 22:09:41,F1,61.317,0.752,3.036,47.313,6.633,normal
2026-10-06 22:10:41,F1,53.119,1.031,3.875,49.694,8.57,normal
2026-10-06 22:11:41,F1,54.666,0.859,3.601,42.095,6.8,normal
2026-10-06 22:12:41,F1,58.725,0.955,3.662,43.495,8.234,normal
2026-10-06 22:13:41,F1,41.005,1.148,5.274,54.093,7.807,normal
2026-10-06 22:14:41,F1,49.68,0.743,3.913,39.725,5.759,normal
2026-10-06 22:15:41,F1,63.002,0.887,2.837,52.428,7.887,normal
2026-10-06 22:16:41,F1,58.458,0.707,3.477,62.935,5.501,normal
2026-10-06 22:17:41,F1,50.663,1.228,4.342,56.284,6.704,normal
2026-10-06 22:18:41,F1,46.788,0.717,3.896,60.68,6.711,normal
2026-10-06 22:19:41,F1,48.494,1.026,3.143,55.017,7.953,normal
2026-10-06 22:20:41,F1,65.74,0.792,3.888,55.002,5.816,normal
2026-10-06 22:21:41,F1,47.52,0.812,3.546,62.246,7.033,normal
2026-10-06 22:22:41,F1,53.377,0.827,3.025,54.71,4.152,normal
2026-10-06 22:23:41,F1,58.341,0.757,3.537,65.313,6.183,normal
2026-10-06 22:24:41,F1,61.088,0.776,4.092,63.794,7.787,normal
2026-10-06 22:25:41,F1,47.702,0.964,4.166,59.73,6.255,normal
2026-10-06 22:26:41,F1,61.669,0.914,3.772,58.329,7.222,normal
2026-10-06 22:27:41,F1,55.651,0.821,4.177,66.615,7.422,normal
2026-10-06 22:28:41,F1,65.742,0.885,4.396,71.947,8.488,normal
2026-10-06 22:29:41,F1,56.658,1.038,4.447,53.34,9.968,normal
2026-10-06 22:30:41,F1,57.174,1.024,4.053,64.043,8.234,normal
2026-10-06 22:31:41,F1,60.129,1.036,3.834,60.999,5.707,normal
2026-10-06 22:32:41,F1,57.789,1.011,4.204,56.046,8.232,normal
2026-10-06 22:33:41,F1,56.157,0.778,3.465,52.366,5.331,normal
2026-10-06 22:34:41,F1,50.425,1.128,3.832,48.814,7.169,normal
2026-10-06 22:35:41,F1,53.951,0.903,4.441,65.287,6.241,normal
2026-10-06 22:36:41,F1,57.783,0.924,3.075,55.819,7.677,normal
2026-10-06 22:37:41,F1,60.464,0.897,4.071,52.552,6.695,normal
2026-10-06 22:38:41,F1,46.2,1.14,4.241,49.83,5.722,normal
2026-10-06 22:39:41,F1,54.73,1.04,4.392,54.579,7.43,normal
2026-10-06 22:40:41,F1,66.789,0.728,3.547,56.987,9.643,normal
2026-10-06 22:41:41,F1,48.017,0.965,3.756,65.863,8.284,normal
2026-10-06 22:42:41,F1,38.862,0.87,4.066,62.7,7.491,normal
2026-10-06 22:43:41,F1,41.701,0.855,4.35,51.498,5.875,normal
2026-10-06 22:44:41,F1,57.146,1.011,2.9,43.713,8.826,normal
2026-10-06 22:45:41,F1,60.626,0.728,4.606,45.446,6.615,normal
2026-10-06 22:46:41,F1,51.404,0.903,3.833,50.649,9.934,normal
2026-10-06 22:47:41,F1,55.194,0.748,4.408,56.211,6.621,normal
2026-10-06 22:48:41,F1,52.741,0.982,4.951,46.354,7.541,normal
2026-10-06 22:49:41,F1,35.387,0.815,3.756,55.875,8.919,normal
2026-10-06 22:50:41,F1,63.167,0.94,3.665,54.829,6.717,normal
2026-10-06 22:51:41,F1,42.629,0.84,4.019,61.521,8.279,normal
2026-10-06 22:52:41,F1,49.25,0.965,3.681,45.097,7.621,normal
2026-10-06 22:53:41,F1,55.111,0.979,4.361,53.956,5.578,normal
2026-10-06 22:54:41,F1,65.993,0.899,3.501,53.602,7.575,failure
2026-10-06 22:55:41,F1,60.556,0.993,4.216,50.086,6.618,normal
2026-10-06 22:56:41,F1,46.29,1.125,3.406,54.63,4.35,normal
2026-10-06 22:57:41,F1,55.673,1.015,3.692,53.419,8.475,normal
2026-10-06 22:58:41,F1,54.201,0.731,4.529,54.432,6.451,normal
2026-10-06 22:59:41,F1,61.73,0.938,4.186,60.96,5.358,normal
2026-10-06 23:00:41,F1,58.887,0.871,4.582,67.191,7.118,normal
2026-10-06 23:01:41,F1,56.836,1.059,3.553,49.09,4.335,normal
2026-10-06 23:02:41,F1,60.187,1.003,3.753,56.065,8.041,normal
2026-10-06 23:03:41,F1,54.328,0.697,4.334,57.433,7.76,normal
2026-10-06 23:04:41,F1,49.92,1.103,4.501,65.904,7.461,normal
2026-10-06 23:05:41,F1,55.324,0.85,3.454,46.561,8.524,normal
2026-10-06 23:06:41,F1,36.965,0.97,3.487,58.824,5.409,normal
2026-10-06 23:07:41,F1,47.631,1.021,4.074,57.958,8.42,normal
2026-10-06 23:08:41,F1,62.602,0.725,3.754,61.516,8.362,normal
2026-10-06 23:09:41,F1,69.016,0.919,3.846,57.625,6.156,normal
2026-10-06 23:10:41,F1,69.181,1.144,3.599,57.051,5.21,normal
2026-10-06 23:11:41,F1,48.302,0.785,3.704,52.598,7.775,normal
2026-10-06 23:12:41,F1,50.327,0.966,4.397,45.496,8.858,normal
2026-10-06 23:13:41,F1,62.557,0.845,4.042,63.467,6.89,normal
2026-10-06 23:14:41,F1,62.216,0.697,4.573,63.513,5.12,normal
2026-10-06 23:15:41,F1,52.059,1.028,4.456,49.461,7.458,normal
2026-10-06 23:16:41,F1,52.699,1.022,3.528,49.269,6.093,normal
2026-10-06 23:17:41,F1,62.228,1.188,3.481,34.372,7.824,normal
2026-10-06 23:18:41,F1,41.847,0.892,3.813,54.359,5.726,normal
2026-10-06 23:19:41,F1,50.797,1.198,3.532,46.114,6.468,normal
2026-10-06 23:20:41,F1,51.551,0.951,4.166,45.305,7.989,normal
2026-10-06 23:21:41,F1,58.464,0.92,4.459,53.15,8.748,normal
2026-10-06 23:22:41,F1,67.175,1.149,3.763,47.941,8.074,normal
2026-10-06 23:23:41,F1,43.524,0.888,4.063,52.9,5.908,normal
2026-10-06 23:24:41,F1,65.973,0.844,4.244,86.697,8.329,normal
2026-10-06 23:25:41,F1,63.446,0.998,3.795,62.745,6.457,normal
2026-10-06 23:26:41,F1,56.05,1.074,4.086,59.449,5.664,normal
2026-10-06 23:27:41,F1,46.517,0.996,3.253,61.093,5.857,normal
2026-10-06 23:28:41,F1,60.744,1.001,4.584,59.472,6.753,normal
2026-10-06 23:29:41,F1,60.62,0.872,4.614,59.218,5.555,normal
2026-10-06 23:30:41,F1,48.292,0.939,3.717,27.232,6.89,normal
2026-10-06 23:31:41,F1,64.252,0.821,3.939,50.46,6.395,normal
2026-10-06 23:32:41,F1,56.989,0.886,4.103,42.725,7.311,normal
2026-10-06 23:33:41,F1,57.555,1.357,3.556,45.731,6.1,normal
2026-10-06 23:34:41,F1,51.042,0.978,2.853,46.848,7.576,normal
2026-10-06 23:35:41,F1,42.099,0.826,3.676,53.947,6.422,normal
2026-10-06 23:36:41,F1,49.914,0.862,4.521,50.625,8.155,normal
2026-10-06 23:37:41,F1,48.87,0.925,3.292,60.976,7.391,normal
2026-10-06 23:38:41,F1,42.632,0.993,4.357,64.818,7.047,normal
2026-10-06 23:39:41,F1,65.004,0.707,3.897,52.857,6.073,normal
2026-10-06 23:40:41,F1,46.749,0.942,3.719,53.574,7.913,normal
2026-10-06 23:41:41,F1,68.316,0.859,4.582,60.529,6.535,normal
2026-10-06 23:42:41,F1,54.724,0.825,3.597,63.232,9.255,normal
2026-10-06 23:43:41,F1,73.738,1.023,4.547,37.546,4.423,normal
2026-10-06 23:44:41,F1,54.822,0.845,3.823,39.583,9.847,normal
2026-10-06 23:45:41,F1,63.798,0.869,3.89,46.307,7.956,normal
2026-10-06 23:46:41,F1,63.163,1.072,4.053,45.873,7.978,normal
2026-10-06 23:47:41,F1,52.397,0.861,3.241,46.272,6.734,normal
2026-10-06 23:48:41,F1,47.645,1.059,3.309,50.791,6.964,normal
2026-10-06 23:49:41,F1,51.077,0.975,3.335,56.386,7.479,normal
2026-10-06 23:50:41,F1,54.649,0.917,3.58,58.443,9.175,normal
2026-10-06 23:51:41,F1,51.532,1.082,4.626,81.888,8.165,normal
2026-10-06 23:52:41,F1,59.298,1.207,3.508,51.239,6.782,normal
2026-10-06 23:53:41,F1,45.933,1.226,4.441,54.48,5.919,normal
2026-10-06 23:54:41,F1,54.928,0.997,4.301,58.719,7.595,normal
2026-10-06 23:55:41,F1,64.85,0.887,4.691,58.463,7.447,normal
2026-10-06 23:56:41,F1,52.799,0.719,3.839,56.639,5.62,normal
2026-10-06 23:57:41,F1,55.803,0.962,4.43,56.283,6.853,normal
2026-10-06 23:58:41,F1,57.877,1.095,4.113,57.906,7.874,normal
2026-10-06 23:59:41,F1,60.615,0.852,4.234,60.739,9.286,normal
2026-10-07 00:00:41,F1,58.218,0.885,4.116,53.354,7.994,normal
2026-10-07 00:01:41,F1,43.635,0.709,4.178,54.152,7.275,normal
2026-10-07 00:02:41,F1,53.028,0.841,4.596,65.075,9.351,normal
2026-10-07 00:03:41,F1,47.909,1.124,4.057,49.489,6.415,normal
2026-10-07 00:04:41,F1,44.89,0.917,3.027,56.55,8.415,normal
2026-10-07 00:05:41,F1,57.844,1.13,4.686,55.373,7.471,normal
2026-10-07 00:06:41,F1,64.896,0.979,4.222,70.456,6.184,normal
2026-10-07 00:07:41,F1,60.36,1.232,4.658,47.403,9.957,normal
2026-10-07 00:08:41,F1,50.91,0.926,4.259,52.441,6.226,normal
2026-10-07 00:09:41,F1,53.325,1.125,3.919,57.387,6.859,normal
2026-10-07 00:10:41,F1,69.354,1.07,5.255,60.728,8.092,normal
2026-10-07 00:11:41,F1,46.622,0.795,4.004,49.876,7.359,normal
2026-10-07 00:12:41,F1,53.343,1.191,4.19,63.275,5.84,normal
2026-10-07 00:13:41,F1,64.598,1.01,3.613,42.197,8.105,normal
2026-10-07 00:14:41,F1,45.988,1.029,3.871,58.951,7.086,normal
2026-10-07 00:15:41,F1,47.457,1.107,4.058,52.192,7.645,normal
2026-10-07 00:16:41,F1,50.359,0.815,4.108,52.297,7.124,normal
2026-10-07 00:17:41,F1,59.798,1.001,3.279,52.358,7.037,normal
2026-10-07 00:18:41,F1,59.812,0.987,4.279,49.165,6.762,normal
2026-10-07 00:19:41,F1,52.254,0.827,4.394,51.718,6.657,normal
2026-10-07 00:20:41,F1,44.884,1.197,3.946,60.133,6.835,normal
2026-10-07 00:21:41,F1,51.666,1.029,4.526,57.88,6.23,normal
2026-10-07 00:22:41,F1,52.693,0.843,4.172,67.617,6.605,normal
2026-10-07 00:23:41,F1,75.129,1.044,3.407,65.943,4.639,normal
2026-10-07 00:24:41,F1,63.659,1.195,4.253,51.816,7.614,normal
2026-10-07 00:25:41,F1,54.003,1.009,4.924,54.342,6.432,normal
2026-10-07 00:26:41,F1,45.38,1.185,3.02,53.861,6.682,normal
2026-10-07 00:27:41,F1,54.04,1.13,3.334,46.499,8.221,normal
2026-10-07 00:28:41,F1,59.345,1.044,4.756,58.368,8.47,normal
2026-10-07 00:29:41,F1,60.928,1.111,4.097,63.526,8.635,normal
2026-10-07 00:30:41,F1,54.167,1.105,4.283,60.627,6.502,normal
2026-10-07 00:31:41,F1,56.51,1.084,4.65,55.228,6.567,normal
2026-10-07 00:32:41,F1,53.664,1.268,3.547,49.937,5.702,normal
2026-10-07 00:33:41,F1,63.873,1.178,4.249,49.948,7.579,normal
2026-10-07 00:34:41,F1,49.103,1.134,4.252,71.208,8.947,normal
2026-10-07 00:35:41,F1,56.853,1.134,3.998,51.428,7.416,normal
2026-10-07 00:36:41,F1,39.929,1.313,4.847,54.186,8.667,normal
2026-10-07 00:37:41,F1,61.447,1.024,4.079,61.186,8.163,normal
2026-10-07 00:38:41,F1,40.976,0.999,3.844,58.943,6.983,normal
2026-10-07 00:39:41,F1,51.233,0.865,4.019,56.146,5.695,normal
2026-10-07 00:40:41,F1,54.073,0.916,4.07,56.469,6.853,normal
2026-10-07 00:41:41,F1,53.433,0.94,4.159,56.773,6.748,normal
2026-10-07 00:42:41,F1,56.856,1.367,3.907,63.063,7.265,normal
2026-10-07 00:43:41,F1,59.377,0.782,3.81,45.735,6.734,normal
2026-10-07 00:44:41,F1,45.011,1.098,5.146,54.295,6.47,normal
2026-10-07 00:45:41,F1,56.502,1.004,3.723,38.57,8.035,normal
2026-10-07 00:46:41,F1,59.398,1.2,4.619,39.962,6.792,normal
2026-10-07 00:47:41,F1,54.485,1.019,4.256,53.697,7.689,normal
2026-10-07 00:48:41,F1,64.932,0.994,2.924,58.033,9.652,normal
2026-10-07 00:49:41,F1,58.196,1.006,4.34,54.039,6.267,normal
2026-10-07 00:50:41,F1,62.5,0.862,4.657,66.359,9.231,normal
2026-10-07 00:51:41,F1,57.141,1.15,4.337,65.891,7.271,normal
2026-10-07 00:52:41,F1,54.555,1.238,3.825,54.985,6.719,normal
2026-10-07 00:53:41,F1,55.059,1.125,5.133,49.052,6.847,normal
2026-10-07 00:54:41,F1,45.545,1.304,3.996,57.183,5.656,normal
2026-10-07 00:55:41,F1,71.118,0.997,4.066,65.546,7.266,normal
2026-10-07 00:56:41,F1,52.112,1.136,3.259,80.846,6.586,normal
2026-10-07 00:57:41,F1,55.223,1.065,3.821,42.731,8.171,normal
2026-10-07 00:58:41,F1,56.383,1.021,4.388,48.071,7.833,normal
2026-10-07 00:59:41,F1,67.562,0.908,4.444,63.368,8.262,normal
2026-10-07 01:00:41,F1,52.055,0.876,4.995,62.268,7.976,normal
2026-10-07 01:01:41,F1,62.683,1.222,3.961,61.906,7.226,normal
2026-10-07 01:02:41,F1,50.872,1.136,3.817,42.339,7.59,normal
2026-10-07 01:03:41,F1,70.308,1.136,4.548,55.273,8.501,normal
2026-10-07 01:04:41,F1,57.222,1.377,5.285,45.467,8.323,normal
2026-10-07 01:05:41,F1,53.282,1.077,5.384,66.068,7.321,normal
2026-10-07 01:06:41,F1,52.071,0.986,4.349,50.402,7.79,normal
2026-10-07 01:07:41,F1,56.653,1.04,4.704,50.726,7.836,normal
2026-10-07 01:08:41,F1,82.019,1.237,4.769,46.928,8.573,normal
2026-10-07 01:09:41,F1,63.788,1.177,3.346,60.967,8.714,normal
2026-10-07 01:10:41,F1,56.405,0.98,4.479,65.478,7.494,normal
2026-10-07 01:11:41,F1,53.22,1.114,3.622,57.557,6.432,normal
2026-10-07 01:12:41,F1,69.297,1.137,4.1,45.773,6.988,normal
2026-10-07 01:13:41,F1,52.786,1.17,4.953,58.373,7.476,normal
2026-10-07 01:14:41,F1,69.488,1.237,4.516,60.262,6.176,failure
2026-10-07 01:15:41,F1,60.959,1.262,4.226,76.618,8.216,normal
2026-10-07 01:16:41,F1,56.678,1.106,3.814,62.95,8.194,normal
2026-10-07 01:17:41,F1,34.704,0.995,5.117,55.943,6.621,normal
2026-10-07 01:18:41,F1,50.283,0.945,4.221,68.405,6.852,normal
2026-10-07 01:19:41,F1,49.073,1.042,4.231,55.192,6.267,normal
2026-10-07 01:20:41,F1,51.085,0.935,4.104,65.103,7.019,normal
2026-10-07 01:21:41,F1,61.899,1.219,4.01,59.087,6.225,normal
2026-10-07 01:22:41,F1,57.468,1.089,4.674,45.946,5.96,normal
2026-10-07 01:23:41,F1,70.686,1.142,3.942,49.715,6.176,normal
2026-10-07 01:24:41,F1,62.229,0.913,4.337,54.81,7.824,normal
2026-10-07 01:25:41,F1,53.048,1.068,3.431,57.458,7.222,normal
2026-10-07 01:26:41,F1,54.51,1.035,4.058,48.858,7.696,normal
2026-10-07 01:27:41,F1,51.714,1.137,4.652,52.094,7.268,normal
2026-10-07 01:28:41,F1,60.838,0.991,3.958,46.227,5.597,normal
2026-10-07 01:29:41,F1,54.811,1.053,4.144,52.254,7.459,normal
2026-10-07 01:30:41,F1,65.253,1.111,4.698,56.185,6.826,normal
2026-10-07 01:31:41,F1,63.839,1.111,3.044,58.054,7.358,normal
2026-10-07 01:32:41,F1,52.642,1.288,3.547,70.353,7.756,normal
2026-10-07 01:33:41,F1,61.491,0.955,3.859,58.491,9.089,normal
2026-10-07 01:34:41,F1,59.643,1.26,4.839,63.987,7.326,normal
2026-10-07 01:35:41,F1,49.982,1.0,3.024,50.559,6.881,normal
2026-10-07 01:36:41,F1,43.547,1.148,4.5,52.934,8.545,normal
2026-10-07 01:37:41,F1,50.637,1.053,3.34,44.915,8.555,normal
2026-10-07 01:38:41,F1,57.277,1.041,4.563,43.861,8.944,normal
2026-10-07 01:39:41,F1,54.706,1.217,4.61,48.31,8.203,normal
2026-10-07 01:40:41,F1,61.042,0.972,4.835,46.164,7.695,normal
2026-10-07 01:41:41,F1,64.581,0.952,3.503,74.579,8.177,normal
2026-10-07 01:42:41,F1,58.771,1.074,3.664,59.571,2.529,normal
2026-10-07 01:43:41,F1,54.727,0.983,3.546,49.432,7.599,normal
2026-10-07 01:44:41,F1,50.823,1.281,4.363,51.318,7.633,normal
2026-10-07 01:45:41,F1,63.038,0.977,3.757,52.765,7.974,normal
2026-10-07 01:46:41,F1,60.768,0.918,3.925,62.307,7.008,normal
2026-10-07 01:47:41,F1,58.824,1.341,4.568,65.196,5.958,normal
2026-10-07 01:48:41,F1,46.83,1.038,4.118,52.338,3.558,normal
2026-10-07 01:49:41,F1,66.677,0.998,3.693,55.326,5.296,normal
2026-10-07 01:50:41,F1,34.548,1.341,4.903,46.371,5.673,normal
2026-10-07 01:51:41,F1,63.417,0.998,4.603,60.215,8.185,normal
2026-10-07 01:52:41,F1,54.31,0.979,4.053,49.002,9.955,normal
2026-10-07 01:53:41,F1,52.68,0.971,4.752,62.979,6.173,normal
2026-10-07 01:54:41,F1,61.522,1.078,3.471,51.552,5.575,normal
2026-10-07 01:55:41,F1,41.096,0.969,3.175,63.786,6.872,normal
2026-10-07 01:56:41,F1,56.1,1.162,4.486,51.035,6.265,normal
2026-10-07 01:57:41,F1,60.503,1.213,3.617,60.125,7.195,normal
2026-10-07 01:58:41,F1,47.952,1.16,4.397,58.292,5.171,normal
2026-10-07 01:59:41,F1,64.789,1.071,4.758,73.762,7.501,normal
2026-10-07 02:00:41,F1,55.104,1.205,4.981,59.911,9.265,normal
2026-10-07 02:01:41,F1,64.091,1.021,4.839,65.692,7.614,normal
2026-10-07 02:02:41,F1,61.209,1.041,4.231,58.326,9.594,normal
2026-10-07 02:03:41,F1,50.493,1.06,5.119,61.609,6.649,normal
2026-10-07 02:04:41,F1,48.102,1.006,4.205,50.929,7.143,normal
2026-10-07 02:05:41,F1,64.89,1.254,3.742,63.026,7.861,failure
2026-10-07 02:06:41,F1,70.383,1.087,3.704,67.093,7.185,normal
2026-10-07 02:07:41,F1,72.834,0.932,4.692,11.383,7.045,normal
2026-10-07 02:08:41,F1,76.527,0.897,4.061,48.654,8.024,normal
2026-10-07 02:09:41,F1,61.409,1.154,4.864,46.182,4.956,normal
2026-10-07 02:10:41,F1,43.947,1.053,4.418,53.478,8.723,normal
2026-10-07 02:11:41,F1,55.693,1.116,3.63,62.629,6.594,normal
2026-10-07 02:12:41,F1,53.284,1.295,3.919,64.047,7.207,normal
2026-10-07 02:13:41,F1,47.266,1.459,4.739,53.397,7.929,normal
2026-10-07 02:14:41,F1,54.704,1.203,4.364,60.36,5.406,normal
2026-10-07 02:15:41,F1,38.498,1.476,4.447,55.961,8.647,normal
2026-10-07 02:16:41,F1,57.888,1.227,3.679,69.955,9.005,normal
2026-10-07 02:17:41,F1,60.995,1.223,4.64,41.257,7.567,normal
2026-10-07 02:18:41,F1,54.043,1.156,4.558,54.49,6.868,normal
2026-10-07 02:19:41,F1,71.353,1.073,3.573,38.898,10.768,normal
2026-10-07 02:20:41,F1,46.663,0.884,4.375,67.267,7.967,normal
2026-10-07 02:21:41,F1,46.959,0.989,3.704,59.898,5.06,normal
2026-10-07 02:22:41,F1,48.789,1.041,3.786,53.035,9.375,normal
2026-10-07 02:23:41,F1,53.957,1.258,3.74,54.679,6.118,normal
2026-10-07 02:24:41,F1,55.445,1.282,4.816,57.728,7.945,normal
2026-10-07 02:25:41,F1,50.151,1.063,3.012,68.172,5.593,normal
2026-10-07 02:26:41,F1,57.062,1.312,3.73,64.949,6.339,normal
2026-10-07 02:27:41,F1,48.836,1.401,3.941,56.856,10.117,normal
2026-10-07 02:28:41,F1,53.883,1.288,3.783,51.672,6.507,normal
2026-10-07 02:29:41,F1,61.496,1.307,5.019,58.743,7.5,normal
2026-10-07 02:30:41,F1,48.628,1.116,3.83,51.302,8.648,normal
2026-10-07 02:31:41,F1,61.567,1.121,4.114,63.307,6.122,normal
2026-10-07 02:32:41,F1,58.726,0.841,4.223,57.065,6.303,normal
2026-10-07 02:33:41,F1,57.404,1.125,3.901,59.611,7.898,normal
2026-10-07 02:34:41,F1,59.507,1.142,4.89,48.559,7.045,failure
2026-10-07 02:35:41,F1,51.567,1.42,3.555,59.332,6.327,normal
2026-10-07 02:36:41,F1,62.37,0.972,3.99,61.298,9.796,normal
2026-10-07 02:37:41,F1,43.47,1.232,4.306,69.778,7.3,normal
2026-10-07 02:38:41,F1,61.851,1.035,4.616,58.826,5.132,normal
2026-10-07 02:39:41,F1,44.451,1.142,4.305,56.294,9.166,normal
2026-10-07 02:40:41,F1,56.805,1.163,3.567,59.182,8.255,normal
2026-10-07 02:41:41,F1,41.588,1.1,5.165,53.546,6.604,normal
2026-10-07 02:42:41,F1,58.905,1.138,4.814,44.51,6.389,normal
2026-10-07 02:43:41,F1,56.926,1.069,5.08,54.29,9.283,normal
2026-10-07 02:44:41,F1,60.947,1.197,2.955,62.793,7.085,normal
2026-10-07 02:45:41,F1,52.779,1.135,4.571,62.946,8.374,normal
2026-10-07 02:46:41,F1,45.536,1.1,4.768,49.398,5.666,normal
2026-10-07 02:47:41,F1,57.513,1.114,3.096,49.145,5.171,normal
2026-10-07 02:48:41,F1,44.739,1.32,5.206,51.987,6.158,normal
2026-10-07 02:49:41,F1,47.655,1.176,4.734,74.493,8.606,normal
2026-10-07 02:50:41,F1,45.309,1.177,3.352,50.861,7.505,normal
2026-10-07 02:51:41,F1,52.657,0.848,3.249,50.951,8.191,normal
2026-10-07 02:52:41,F1,62.382,1.364,4.06,64.121,5.87,normal
2026-10-07 02:53:41,F1,57.316,1.228,4.47,51.464,9.376,normal
2026-10-07 02:54:41,F1,65.137,1.12,4.457,54.462,6.347,normal
2026-10-07 02:55:41,F1,52.898,1.306,4.643,50.761,8.2,normal
2026-10-07 02:56:41,F1,54.41,1.141,4.862,56.825,6.309,normal
2026-10-07 02:57:41,F1,51.535,1.43,2.907,64.518,7.451,normal
2026-10-07 02:58:41,F1,54.225,1.196,4.304,54.074,7.636,normal
2026-10-07 02:59:41,F1,35.799,1.084,3.702,58.639,8.02,normal
2026-10-07 03:00:41,F1,56.969,1.363,4.93,58.684,7.333,normal
2026-10-07 03:01:41,F1,59.881,1.279,3.986,45.121,8.307,normal
2026-10-07 03:02:41,F1,92.655,1.216,4.63,45.475,7.028,normal
2026-10-07 03:03:41,F1,42.043,1.497,4.429,55.994,8.089,normal
2026-10-07 03:04:41,F1,66.767,1.307,3.74,50.658,6.116,normal
2026-10-07 03:05:41,F1,51.057,1.412,5.02,56.755,7.151,normal
2026-10-07 03:06:41,F1,57.505,1.318,4.146,63.414,8.766,normal
2026-10-07 03:07:41,F1,78.956,1.138,5.025,69.02,7.303,normal
2026-10-07 03:08:41,F1,50.962,1.105,3.644,47.907,5.305,normal
2026-10-07 03:09:41,F1,63.849,1.206,3.48,55.845,8.831,normal
2026-10-07 03:10:41,F1,58.659,1.292,3.171,42.196,8.909,normal
2026-10-07 03:11:41,F1,47.191,1.041,4.742,66.059,5.17,normal
2026-10-07 03:12:41,F1,60.953,1.232,3.922,46.345,7.286,normal
2026-10-07 03:13:41,F1,59.859,1.267,4.666,70.347,7.433,normal
2026-10-07 03:14:41,F1,53.721,0.902,5.652,64.837,6.417,normal
2026-10-07 03:15:41,F1,57.249,1.024,4.927,58.304,8.341,normal
2026-10-07 03:16:41,F1,62.867,1.103,4.461,65.809,5.534,normal
2026-10-07 03:17:41,F1,56.366,1.158,3.866,44.442,5.411,normal
2026-10-07 03:18:41,F1,46.708,1.095,5.014,59.752,5.378,normal
2026-10-07 03:19:41,F1,46.556,1.423,4.521,45.016,6.553,normal
2026-10-07 03:20:41,F1,49.706,1.27,3.239,54.823,5.978,normal
2026-10-07 03:21:41,F1,56.79,1.006,4.752,60.783,6.637,normal
2026-10-07 03:22:41,F1,67.235,1.088,3.693,62.981,5.9,normal
2026-10-07 03:23:41,F1,67.114,1.449,4.454,35.05,7.147,normal
2026-10-07 03:24:41,F1,37.335,1.467,4.263,62.318,6.482,normal
2026-10-07 03:25:41,F1,49.899,1.467,5.302,59.684,6.309,failure
2026-10-07 03:26:41,F1,74.684,1.17,4.645,47.248,8.168,failure
2026-10-07 03:27:41,F1,52.011,1.14,4.824,56.88,7.442,normal
2026-10-07 03:28:41,F1,42.103,1.336,4.384,23.337,5.842,normal
2026-10-07 03:29:41,F1,67.091,1.404,3.637,59.296,8.535,normal
2026-10-07 03:30:41,F1,60.65,1.221,2.929,55.516,8.906,normal
2026-10-07 03:31:41,F1,68.118,1.203,5.311,65.749,8.059,normal
2026-10-07 03:32:41,F1,52.79,1.401,4.248,45.293,6.606,normal
2026-10-07 03:33:41,F1,53.444,1.191,3.782,56.125,8.156,normal
2026-10-07 03:34:41,F1,60.221,1.23,4.506,48.481,8.836,normal
2026-10-07 03:35:41,F1,62.244,1.297,4.038,39.99,6.899,normal
2026-10-07 03:36:41,F1,75.911,1.184,4.748,65.453,8.44,normal
2026-10-07 03:37:41,F1,63.69,1.177,4.343,49.543,6.601,normal
2026-10-07 03:38:41,F1,54.521,1.375,4.443,55.68,6.073,normal
2026-10-07 03:39:41,F1,63.448,1.07,5.233,57.431,5.014,normal
2026-10-07 03:40:41,F1,60.236,0.984,4.478,64.991,7.039,normal
2026-10-07 03:41:41,F1,64.777,1.103,4.654,48.297,8.265,normal
2026-10-07 03:42:41,F1,53.391,1.123,4.237,58.537,7.569,normal
2026-10-07 03:43:41,F1,59.557,1.177,3.307,58.755,6.084,normal
2026-10-07 03:44:41,F1,55.03,1.129,3.294,44.653,7.341,normal
2026-10-07 03:45:41,F1,48.948,1.277,4.669,41.904,8.366,normal
2026-10-07 03:46:41,F1,52.836,1.199,3.441,55.576,9.028,normal
2026-10-07 03:47:41,F1,63.833,1.353,4.385,67.568,5.679,normal
2026-10-07 03:48:41,F1,69.478,1.253,4.103,59.106,7.955,normal
2026-10-07 03:49:41,F1,62.915,1.113,4.141,44.102,9.252,normal
2026-10-07 03:50:41,F1,51.154,1.306,4.386,68.708,6.455,normal
2026-10-07 03:51:41,F1,47.61,1.101,4.282,39.011,7.263,normal
2026-10-07 03:52:41,F1,48.369,0.949,4.183,55.475,6.372,normal
2026-10-07 03:53:41,F1,68.08,1.06,4.942,52.498,8.097,normal
2026-10-07 03:54:41,F1,48.014,1.194,4.168,59.146,9.342,normal
2026-10-07 03:55:41,F1,54.916,1.456,2.201,69.553,4.506,normal
2026-10-07 03:56:41,F1,55.315,1.316,4.978,59.193,7.145,normal
2026-10-07 03:57:41,F1,55.203,1.423,4.446,59.751,10.078,failure
2026-10-07 03:58:41,F1,53.39,1.084,5.177,62.815,6.929,normal
2026-10-07 03:59:41,F1,64.537,1.182,4.125,51.994,5.302,normal
2026-10-07 04:00:41,F1,58.884,1.348,3.497,54.179,6.608,normal
2026-10-07 04:01:41,F1,47.027,1.304,4.464,44.306,6.414,normal
2026-10-07 04:02:41,F1,61.157,1.374,3.843,54.491,8.727,normal
2026-10-07 04:03:41,F1,58.526,1.255,3.063,58.046,5.987,normal
2026-10-07 04:04:41,F1,54.539,1.285,4.083,60.509,7.738,normal
2026-10-07 04:05:41,F1,55.389,1.354,4.502,52.693,8.21,normal
2026-10-07 04:06:41,F1,59.13,1.222,4.854,52.418,9.564,normal
2026-10-07 04:07:41,F1,46.102,1.14,4.735,44.045,6.49,normal
2026-10-07 04:08:41,F1,59.971,1.195,5.089,44.874,7.448,normal
2026-10-07 04:09:41,F1,47.411,1.092,4.015,65.994,8.899,normal
2026-10-07 04:10:41,F1,52.75,1.281,4.423,73.337,6.959,normal
2026-10-07 04:11:41,F1,55.967,1.198,4.061,71.871,7.63,normal
2026-10-07 04:12:41,F1,43.878,1.143,4.333,60.984,7.201,normal
2026-10-07 04:13:41,F1,57.134,1.157,4.763,61.921,7.079,normal
2026-10-07 04:14:41,F1,57.98,1.179,3.709,59.765,7.197,normal
2026-10-07 04:15:41,F1,59.412,1.279,3.268,50.776,6.655,normal
2026-10-07 04:16:41,F1,46.116,1.103,3.461,50.355,7.522,normal
2026-10-07 04:17:41,F1,60.547,1.298,4.837,54.87,7.613,normal
2026-10-07 04:18:41,F1,60.265,1.477,4.383,61.622,6.537,normal
2026-10-07 04:19:41,F1,57.554,1.342,5.085,63.083,8.255,normal
2026-10-07 04:20:41,F1,57.637,1.295,4.208,45.428,7.27,normal
2026-10-07 04:21:41,F1,53.135,1.222,3.499,52.687,7.608,normal
2026-10-07 04:22:41,F1,49.465,1.427,4.48,44.109,8.054,failure
2026-10-07 04:23:41,F1,56.629,1.356,4.678,56.917,8.152,normal
2026-10-07 04:24:41,F1,48.384,1.14,4.631,61.167,8.749,normal
2026-10-07 04:25:41,F1,46.852,1.273,3.021,58.194,8.147,normal
2026-10-07 04:26:41,F1,58.487,1.049,4.124,62.853,7.233,normal
2026-10-07 04:27:41,F1,44.329,1.306,3.625,53.554,8.541,normal
2026-10-07 04:28:41,F1,46.038,1.394,4.716,63.763,8.831,normal
2026-10-07 04:29:41,F1,68.962,1.179,4.601,52.711,7.883,failure
2026-10-07 04:30:41,F1,41.217,1.306,4.194,69.258,4.421,normal
2026-10-07 04:31:41,F1,53.473,1.468,4.481,52.705,5.049,normal
2026-10-07 04:32:41,F1,53.726,1.107,4.144,62.355,7.421,normal
2026-10-07 04:33:41,F1,51.896,1.265,4.677,53.914,8.612,normal
2026-10-07 04:34:41,F1,58.261,1.34,4.785,63.987,6.889,normal
2026-10-07 04:35:41,F1,46.343,1.288,4.734,59.49,5.676,normal
2026-10-07 04:36:41,F1,55.252,1.252,5.274,52.563,6.081,normal
2026-10-07 04:37:41,F1,63.334,1.304,5.224,65.397,8.815,failure
2026-10-07 04:38:41,F1,50.738,0.907,4.236,51.755,7.442,normal
2026-10-07 04:39:41,F1,54.703,1.344,4.016,51.645,7.379,normal
2026-10-07 04:40:41,F1,58.073,1.173,4.651,52.523,7.414,normal
2026-10-07 04:41:41,F1,66.771,1.373,5.945,69.248,7.26,normal
2026-10-07 04:42:41,F1,56.38,1.22,3.883,60.082,6.91,normal
2026-10-07 04:43:41,F1,57.0,1.273,4.91,53.482,6.009,normal
2026-10-07 04:44:41,F1,57.37,1.458,4.463,57.001,6.489,normal
2026-10-07 04:45:41,F1,56.771,1.212,4.445,72.331,9.312,normal
2026-10-07 04:46:41,F1,66.521,1.426,3.28,60.071,6.521,normal
2026-10-07 04:47:41,F1,48.486,1.182,4.57,47.779,5.668,normal
2026-10-07 04:48:41,F1,57.082,1.187,4.844,59.219,7.048,normal
2026-10-07 04:49:41,F1,65.298,1.172,3.438,55.889,5.29,normal
2026-10-07 04:50:41,F1,45.168,1.223,4.514,55.251,7.225,normal
2026-10-07 04:51:41,F1,54.209,1.505,4.279,65.21,5.813,normal
2026-10-07 04:52:41,F1,57.167,1.366,3.873,61.651,6.888,normal
2026-10-07 04:53:41,F1,50.533,1.161,3.831,48.342,7.287,normal
2026-10-07 04:54:41,F1,49.778,1.255,3.775,50.073,7.746,normal
2026-10-07 04:55:41,F1,47.851,1.625,3.605,59.956,6.567,normal
2026-10-07 04:56:41,F1,46.279,1.245,3.979,49.246,6.688,normal
2026-10-07 04:57:41,F1,43.236,1.25,4.144,49.375,7.933,normal
2026-10-07 04:58:41,F1,62.599,1.337,4.558,55.911,4.121,normal
2026-10-07 04:59:41,F1,58.841,1.414,5.324,58.265,7.133,failure
2026-10-07 05:00:41,F1,45.684,1.101,4.13,43.07,6.093,normal
2026-10-07 05:01:41,F1,54.924,1.174,5.993,55.994,8.424,normal
2026-10-07 05:02:41,F1,43.329,1.41,4.299,61.339,7.809,normal
2026-10-07 05:03:41,F1,58.202,1.42,4.124,52.669,8.139,normal
2026-10-07 05:04:41,F1,60.52,1.138,4.548,60.647,7.966,normal
2026-10-07 05:05:41,F1,64.742,1.246,5.141,54.08,9.705,failure
2026-10-07 05:06:41,F1,50.35,1.269,3.978,53.683,8.59,normal
2026-10-07 05:07:41,F1,49.653,1.383,4.73,59.533,8.308,normal
2026-10-07 05:08:41,F1,46.491,1.345,4.663,44.395,8.267,normal
2026-10-07 05:09:41,F1,49.562,1.4,4.686,64.434,9.225,normal
2026-10-07 05:10:41,F1,63.185,1.166,4.298,49.849,6.931,normal
2026-10-07 05:11:41,F1,57.173,1.139,5.117,63.64,6.898,normal
2026-10-07 05:12:41,F1,77.477,1.301,4.473,54.871,10.903,failure
2026-10-07 05:13:41,F1,57.755,1.217,5.171,56.596,5.47,normal
2026-10-07 05:14:41,F1,51.568,1.389,3.696,64.379,6.306,normal
2026-10-07 05:15:41,F1,56.955,1.47,4.152,61.508,9.023,normal
2026-10-07 05:16:41,F1,57.214,1.467,4.624,63.731,7.441,normal
2026-10-07 05:17:41,F1,67.508,1.343,4.837,58.993,8.064,normal
2026-10-07 05:18:41,F1,59.926,1.186,4.776,55.096,6.887,normal
2026-10-07 05:19:41,F1,61.812,1.327,3.695,63.29,7.174,normal
2026-10-07 05:20:41,F1,59.414,1.534,3.975,51.81,5.835,normal
2026-10-07 05:21:41,F1,64.443,1.144,4.216,61.322,6.47,normal
2026-10-07 05:22:41,F1,52.294,1.596,4.95,55.019,8.886,failure
2026-10-07 05:23:41,F1,64.17,1.348,4.266,68.389,4.186,normal
2026-10-07 05:24:41,F1,76.692,1.399,3.645,52.832,6.131,normal
2026-10-07 05:25:41,F1,49.249,1.491,3.967,51.508,6.195,normal
2026-10-07 05:26:41,F1,48.299,1.321,4.609,62.918,3.916,normal
2026-10-07 05:27:41,F1,49.484,1.211,4.514,48.994,6.163,normal
2026-10-07 05:28:41,F1,59.14,1.261,4.182,59.754,8.677,normal
2026-10-07 05:29:41,F1,59.086,1.381,3.773,45.089,7.847,normal
2026-10-07 05:30:41,F1,51.695,1.271,4.043,54.309,8.9,normal
2026-10-07 05:31:41,F1,48.515,1.115,4.867,64.861,8.69,normal
2026-10-07 05:32:41,F1,58.021,1.422,4.507,63.431,7.476,normal
2026-10-07 05:33:41,F1,60.161,1.437,4.29,57.587,7.942,failure
2026-10-07 05:34:41,F1,60.205,1.168,4.931,50.358,7.702,normal
2026-10-07 05:35:41,F1,55.236,1.092,4.913,61.184,6.583,normal
2026-10-07 05:36:41,F1,53.78,1.29,4.46,66.09,8.331,normal
2026-10-07 05:37:41,F1,61.914,1.091,4.591,51.537,7.425,normal
2026-10-07 05:38:41,F1,54.533,1.343,4.243,42.29,7.601,normal
2026-10-07 05:39:41,F1,48.93,1.235,3.697,53.582,6.748,normal
2026-10-07 05:40:41,F1,69.941,1.452,4.417,59.666,8.188,failure
2026-10-07 05:41:41,F1,44.693,1.523,4.613,42.652,7.224,normal
2026-10-07 05:42:41,F1,43.889,1.294,4.563,52.779,9.009,normal
2026-10-07 05:43:41,F1,54.583,1.205,4.127,56.375,5.709,normal
2026-10-07 05:44:41,F1,47.285,1.455,4.032,70.611,9.387,normal
2026-10-07 05:45:41,F1,65.153,1.402,4.088,53.003,8.071,normal
2026-10-07 05:46:41,F1,51.421,1.546,4.169,50.258,6.395,normal
2026-10-07 05:47:41,F1,50.872,1.413,4.567,61.808,6.737,normal
2026-10-07 05:48:41,F1,57.899,1.332,4.065,43.247,9.487,normal
2026-10-07 05:49:41,F1,57.246,1.33,4.092,42.386,9.261,normal
2026-10-07 05:50:41,F1,57.877,1.179,4.168,49.386,6.283,normal
2026-10-07 05:51:41,F1,39.981,1.361,4.651,76.692,5.843,normal
2026-10-07 05:52:41,F1,54.333,1.399,4.514,45.484,6.329,normal
2026-10-07 05:53:41,F1,46.529,1.374,4.82,50.619,8.151,normal
2026-10-07 05:54:41,F1,62.299,1.131,3.728,61.853,5.333,normal
2026-10-07 05:55:41,F1,64.883,1.273,5.089,63.848,7.547,normal
2026-10-07 05:56:41,F1,61.653,1.277,6.171,51.876,6.843,normal
2026-10-07 05:57:41,F1,64.415,1.4,4.142,69.292,9.781,failure
2026-10-07 05:58:41,F1,58.117,1.304,3.503,50.354,7.554,normal
2026-10-07 05:59:41,F1,45.917,1.369,4.006,59.414,8.693,normal
2026-10-07 06:00:41,F1,53.165,1.365,4.024,67.778,7.62,normal
2026-10-07 06:01:41,F1,54.47,1.329,4.032,64.078,7.841,normal
2026-10-07 06:02:41,F1,61.395,1.393,5.235,55.594,8.63,failure
2026-10-07 06:03:41,F1,53.183,1.419,4.887,52.007,5.708,normal
2026-10-07 06:04:41,F1,43.494,1.507,4.98,42.047,7.011,normal
2026-10-07 06:05:41,F1,52.365,1.268,4.751,52.497,9.169,failure
2026-10-07 06:06:41,F1,57.74,1.379,3.984,64.306,9.762,normal
2026-10-07 06:07:41,F1,56.386,1.453,4.179,62.394,8.356,normal
2026-10-07 06:08:41,F1,55.685,1.001,4.636,67.405,6.407,normal
2026-10-07 06:09:41,F1,63.204,1.331,5.473,43.909,5.609,normal
2026-10-07 06:10:41,F1,40.958,1.273,4.302,57.999,7.34,normal
2026-10-07 06:11:41,F1,62.144,1.386,3.903,51.414,8.33,normal
2026-10-07 06:12:41,F1,55.199,1.433,5.119,58.751,9.961,normal
2026-10-07 06:13:41,F1,50.652,1.321,3.981,63.492,6.343,normal
2026-10-07 06:14:41,F1,65.836,1.476,3.706,66.448,7.116,failure
2026-10-07 06:15:41,F1,65.718,1.236,3.846,42.243,9.133,normal
2026-10-07 06:16:41,F1,56.319,1.44,4.35,65.357,8.635,normal
2026-10-07 06:17:41,F1,52.962,1.123,3.57,45.422,7.894,normal
2026-10-07 06:18:41,F1,47.251,1.235,3.065,56.763,5.474,normal
2026-10-07 06:19:41,F1,54.64,1.321,4.97,68.268,7.191,normal
2026-10-07 06:20:41,F1,62.178,1.517,4.417,70.001,8.088,failure
2026-10-07 06:21:41,F1,60.508,1.275,5.752,48.146,8.947,normal
2026-10-07 06:22:41,F1,64.615,1.567,4.107,64.101,9.764,failure
2026-10-07 06:23:41,F1,63.469,1.412,4.154,50.212,4.601,normal
2026-10-07 06:24:41,F1,55.588,1.282,4.517,48.042,9.932,normal
2026-10-07 06:25:41,F1,57.024,1.258,4.325,47.895,5.526,normal
2026-10-07 06:26:41,F1,55.043,1.476,4.926,54.788,7.329,normal
2026-10-07 06:27:41,F1,61.395,1.241,3.921,57.192,8.322,normal
2026-10-07 06:28:41,F1,71.772,1.392,2.814,47.279,5.124,normal
2026-10-07 06:29:41,F1,49.927,1.575,5.121,59.223,8.333,normal
2026-10-07 06:30:41,F1,56.096,1.21,3.933,38.297,7.026,normal
2026-10-07 06:31:41,F1,43.617,1.359,4.687,51.831,8.237,normal
2026-10-07 06:32:41,F1,49.11,1.418,4.612,42.234,9.875,normal
2026-10-07 06:33:41,F1,55.155,1.507,3.378,57.901,7.937,normal
2026-10-07 06:34:41,F1,70.961,1.702,4.907,53.222,8.578,failure
2026-10-07 06:35:41,F1,51.546,1.165,4.212,58.273,8.87,normal
2026-10-07 06:36:41,F1,55.368,1.445,5.489,59.962,8.493,failure
2026-10-07 06:37:41,F1,55.135,1.391,4.207,67.633,8.043,normal
2026-10-07 06:38:41,F1,67.108,1.387,4.006,56.263,6.746,failure
2026-10-07 06:39:41,F1,53.311,1.386,4.012,44.812,7.235,normal
2026-10-07 06:40:41,F1,43.696,1.473,4.291,57.403,5.298,normal
2026-10-07 06:41:41,F1,59.114,1.403,4.819,47.159,8.17,failure
2026-10-07 06:42:41,F1,57.831,1.27,4.568,55.845,8.288,normal
2026-10-07 06:43:41,F1,63.218,1.139,3.137,35.611,9.304,normal
2026-10-07 06:44:41,F1,54.7,1.265,4.273,49.225,7.081,normal
2026-10-07 06:45:41,F1,46.777,1.383,3.919,57.291,8.226,normal
2026-10-07 06:46:41,F1,53.883,1.36,5.07,59.446,6.049,normal
2026-10-07 06:47:41,F1,59.336,1.063,3.953,59.321,7.797,normal
2026-10-07 06:48:41,F1,37.387,1.162,6.08,58.405,7.515,normal
2026-10-07 06:49:41,F1,59.785,1.456,4.947,61.564,9.462,normal
2026-10-07 06:50:41,F1,54.385,1.301,4.155,56.04,3.994,normal
2026-10-07 06:51:41,F1,57.735,1.462,5.554,52.186,9.179,failure
2026-10-07 06:52:41,F1,53.749,1.358,3.92,56.178,6.611,normal
2026-10-07 06:53:41,F1,63.271,1.473,4.556,50.823,7.379,failure
2026-10-07 06:54:41,F1,44.883,1.488,5.311,56.771,10.207,normal
2026-10-07 06:55:41,F1,61.586,1.313,4.239,65.851,7.988,normal
2026-10-07 06:56:41,F1,61.026,1.358,3.356,59.227,7.344,normal
2026-10-07 06:57:41,F1,53.502,1.234,3.755,74.55,7.404,normal
2026-10-07 06:58:41,F1,65.51,1.429,4.727,53.585,7.111,normal
2026-10-07 06:59:41,F1,40.487,1.535,4.883,66.135,8.208,normal
2026-10-07 07:00:41,F1,50.973,1.561,4.804,61.295,7.318,failure
2026-10-07 07:01:41,F1,55.842,1.356,5.85,58.69,8.15,normal
2026-10-07 07:02:41,F1,61.673,1.481,4.949,61.757,7.306,normal
2026-10-07 07:03:41,F1,57.105,1.231,4.471,51.803,5.226,normal
2026-10-07 07:04:41,F1,57.511,1.568,4.706,72.769,7.44,normal
2026-10-07 07:05:41,F1,62.101,1.508,3.582,60.158,7.065,normal
2026-10-07 07:06:41,F1,43.044,1.517,4.388,51.76,7.853,normal
2026-10-07 07:07:41,F1,52.182,1.306,6.316,78.604,6.706,failure
2026-10-07 07:08:41,F1,55.79,1.374,4.388,53.826,8.041,normal
2026-10-07 07:09:41,F1,58.329,1.478,4.802,50.245,4.63,normal
2026-10-07 07:10:41,F1,58.549,1.491,4.258,57.292,7.719,failure
2026-10-07 07:11:41,F1,72.804,1.136,4.07,70.359,9.749,failure
2026-10-07 07:12:41,F1,56.36,1.232,4.536,49.829,7.312,normal
2026-10-07 07:13:41,F1,73.05,1.413,4.601,44.426,9.706,failure
2026-10-07 07:14:41,F1,49.729,1.397,4.426,58.207,8.971,normal
2026-10-07 07:15:41,F1,50.091,1.363,3.847,77.64,9.297,normal
2026-10-07 07:16:41,F1,49.587,1.605,4.324,54.129,7.743,normal
2026-10-07 07:17:41,F1,51.674,1.294,4.457,46.306,9.524,normal
2026-10-07 07:18:41,F1,62.027,1.804,4.346,54.156,6.842,failure
2026-10-07 07:19:41,F1,65.906,1.165,4.966,53.35,5.987,normal
2026-10-07 07:20:41,F1,59.233,1.333,5.457,66.507,7.835,failure
2026-10-07 07:21:41,F1,57.481,1.321,5.092,62.259,7.677,normal
2026-10-07 07:22:41,F1,54.659,1.39,4.515,63.85,8.653,normal
2026-10-07 07:23:41,F1,48.818,1.262,3.724,45.373,8.195,normal
2026-10-07 07:24:41,F1,55.766,1.279,4.322,53.001,7.223,normal
2026-10-07 07:25:41,F1,59.725,1.271,4.335,57.804,7.723,normal
2026-10-07 07:26:41,F1,54.961,1.563,5.733,55.929,7.514,normal
2026-10-07 07:27:41,F1,68.676,1.479,4.14,53.848,8.83,failure
2026-10-07 07:28:41,F1,52.589,1.548,5.789,57.819,8.196,normal
2026-10-07 07:29:41,F1,41.388,1.443,4.326,56.618,8.736,failure
2026-10-07 07:30:41,F1,60.387,1.366,5.024,29.222,7.037,normal
2026-10-07 07:31:41,F1,64.363,1.392,4.556,77.923,8.65,normal
2026-10-07 07:32:41,F1,60.48,1.604,4.162,63.143,9.023,normal
2026-10-07 07:33:41,F1,59.714,1.482,3.786,54.983,7.624,normal
2026-10-07 07:34:41,F1,47.679,1.608,4.581,66.03,6.722,normal
2026-10-07 07:35:41,F1,56.293,1.48,3.801,45.816,7.629,failure
2026-10-07 07:36:41,F1,52.623,1.406,5.038,60.537,7.173,normal
2026-10-07 07:37:41,F1,62.708,1.634,5.222,42.749,7.678,failure
2026-10-07 07:38:41,F1,52.912,1.326,4.272,59.115,8.437,normal
2026-10-07 07:39:41,F1,49.952,1.534,4.715,33.285,8.619,normal
2026-10-07 07:40:41,F1,59.793,1.204,5.219,40.114,8.705,normal
2026-10-07 07:41:41,F1,50.207,1.36,4.142,52.758,8.715,normal
2026-10-07 07:42:41,F1,55.523,1.24,4.449,57.243,6.77,normal
2026-10-07 07:43:41,F1,45.583,1.463,4.599,70.157,8.505,failure
2026-10-07 07:44:41,F1,61.311,1.402,4.89,58.721,5.906,failure
2026-10-07 07:45:41,F1,65.223,1.291,4.403,59.787,6.686,normal
2026-10-07 07:46:41,F1,50.608,1.498,4.009,52.295,6.491,normal
2026-10-07 07:47:41,F1,52.864,1.33,4.847,62.718,6.756,normal
2026-10-07 07:48:41,F1,69.898,1.466,4.956,50.51,7.284,normal
2026-10-07 07:49:41,F1,52.45,1.442,4.28,66.117,7.254,normal
2026-10-07 07:50:41,F1,59.723,1.435,4.242,60.344,9.01,normal
2026-10-07 07:51:41,F1,39.328,1.48,4.341,59.936,8.637,normal
2026-10-07 07:52:41,F1,53.226,1.475,4.838,73.778,8.92,failure
2026-10-07 07:53:41,F1,58.321,1.462,3.674,52.169,10.3,failure
2026-10-07 07:54:41,F1,55.809,1.381,4.556,52.955,7.041,normal
2026-10-07 07:55:41,F1,45.904,1.367,5.166,54.302,7.049,normal
2026-10-07 07:56:41,F1,56.891,1.514,4.875,51.451,9.152,normal
2026-10-07 07:57:41,F1,54.093,1.393,5.31,77.276,8.618,normal
2026-10-07 07:58:41,F1,55.852,1.603,3.445,50.1,7.327,normal
2026-10-07 07:59:41,F1,46.353,1.48,3.932,53.839,8.593,normal
2026-10-07 08:00:41,F1,42.243,1.516,3.804,67.445,7.689,normal
2026-10-07 08:01:41,F1,53.361,1.171,4.869,56.456,8.332,normal
2026-10-07 08:02:41,F1,62.031,1.428,4.648,39.92,7.601,failure
2026-10-07 08:03:41,F1,55.047,1.351,4.224,59.21,7.494,normal
2026-10-07 08:04:41,F1,50.328,1.446,3.612,63.289,9.593,normal
2026-10-07 08:05:41,F1,56.57,1.509,3.876,54.068,8.61,normal
2026-10-07 08:06:41,F1,52.117,1.293,3.976,61.192,7.814,normal
2026-10-07 08:07:41,F1,53.132,1.576,4.64,61.844,7.85,normal
2026-10-07 08:08:41,F1,59.646,1.406,4.166,61.806,7.606,normal
2026-10-07 08:09:41,F1,46.015,1.584,4.744,61.313,8.604,failure
2026-10-07 08:10:41,F1,52.275,2.171,4.493,47.991,8.648,normal
2026-10-07 08:11:41,F1,51.077,1.618,4.397,57.23,7.103,normal
2026-10-07 08:12:41,F1,63.374,1.471,3.479,50.812,6.968,normal
2026-10-07 08:13:41,F1,62.823,1.255,4.685,55.731,6.782,normal
2026-10-07 08:14:41,F1,50.027,1.358,4.114,73.755,6.417,normal
2026-10-07 08:15:41,F1,58.69,1.469,4.118,64.214,7.339,normal
2026-10-07 08:16:41,F1,48.134,1.455,4.926,45.532,8.04,normal
2026-10-07 08:17:41,F1,58.742,1.468,4.171,54.432,6.146,normal
2026-10-07 08:18:41,F1,59.877,1.5,3.751,59.914,7.744,normal
2026-10-07 08:19:41,F1,65.628,1.397,4.159,47.813,8.051,normal
2026-10-07 08:20:41,F1,53.5,1.233,5.049,51.996,9.605,normal
2026-10-07 08:21:41,F1,56.611,1.247,4.255,67.117,7.294,failure
2026-10-07 08:22:41,F1,74.322,1.24,4.993,56.276,7.687,normal
2026-10-07 08:23:41,F1,59.694,1.396,5.109,56.653,8.976,normal
2026-10-07 08:24:41,F1,68.452,1.313,4.574,59.336,9.283,failure
2026-10-07 08:25:41,F1,61.929,1.269,4.438,50.932,7.096,normal
2026-10-07 08:26:41,F1,62.588,1.219,3.927,53.445,7.189,normal
2026-10-07 08:27:41,F1,62.043,1.157,4.277,46.844,8.563,normal
2026-10-07 08:28:41,F1,53.974,1.669,4.985,55.427,6.834,normal
2026-10-07 08:29:41,F1,55.443,1.453,4.807,67.595,7.08,normal
2026-10-07 08:30:41,F1,58.252,1.606,4.319,65.884,6.721,failure
2026-10-07 08:31:41,F1,60.734,1.428,3.972,58.705,8.221,normal
2026-10-07 08:32:41,F1,53.028,1.446,4.73,57.903,8.732,failure
2026-10-07 08:33:41,F1,52.681,1.174,3.865,39.752,8.066,normal
2026-10-07 08:34:41,F1,59.749,1.514,5.182,50.448,6.125,normal
2026-10-07 08:35:41,F1,36.287,1.358,3.965,59.666,6.516,normal
2026-10-07 08:36:41,F1,54.614,1.555,4.792,53.701,7.574,failure
2026-10-07 08:37:41,F1,59.44,1.626,3.95,54.473,4.272,normal
2026-10-07 08:38:41,F1,54.438,1.552,4.678,56.942,7.776,failure
2026-10-07 08:39:41,F1,61.542,1.523,2.992,69.923,6.404,normal
2026-10-07 08:40:41,F1,51.273,1.489,3.84,53.577,7.516,normal
2026-10-07 08:41:41,F1,57.941,1.555,4.283,50.632,7.513,normal
2026-10-07 08:42:41,F1,71.917,1.373,5.009,55.222,6.071,normal
2026-10-07 08:43:41,F1,59.056,1.536,4.434,57.496,7.642,normal
2026-10-07 08:44:41,F1,57.783,1.38,5.825,60.587,5.902,failure
2026-10-07 08:45:41,F1,63.514,1.426,5.168,64.467,7.98,normal
2026-10-07 08:46:41,F1,50.912,1.633,5.301,65.914,11.158,failure
2026-10-07 08:47:41,F1,60.316,1.562,4.303,62.788,7.348,normal
2026-10-07 08:48:41,F1,63.454,1.489,4.675,35.533,7.594,normal
2026-10-07 08:49:41,F1,50.362,1.586,5.041,54.464,7.822,failure
2026-10-07 08:50:41,F1,43.853,1.637,4.806,39.925,6.16,normal
2026-10-07 08:51:41,F1,51.132,1.563,4.533,47.406,7.296,normal
2026-10-07 08:52:41,F1,44.722,1.626,4.481,50.155,9.188,normal
2026-10-07 08:53:41,F1,52.454,1.476,4.99,44.454,6.49,normal
2026-10-07 08:54:41,F1,69.65,1.324,4.278,63.97,6.847,normal
2026-10-07 08:55:41,F1,56.047,1.669,4.772,69.781,7.478,normal
2026-10-07 08:56:41,F1,63.335,1.431,4.517,40.54,7.736,normal
2026-10-07 08:57:41,F1,61.775,1.332,4.772,52.097,6.731,normal
2026-10-07 08:58:41,F1,56.064,1.359,3.51,56.874,9.138,normal
2026-10-07 08:59:41,F1,50.602,1.693,4.274,61.603,9.608,failure
2026-10-07 09:00:41,F1,50.195,1.466,5.167,56.192,7.059,normal
2026-10-07 09:01:41,F1,51.233,1.353,4.736,33.934,7.45,normal
2026-10-07 09:02:41,F1,55.682,1.284,4.533,47.036,6.474,normal
2026-10-07 09:03:41,F1,62.82,1.541,4.733,56.762,7.901,normal
2026-10-07 09:04:41,F1,52.015,1.341,5.384,55.589,9.997,failure
2026-10-07 09:05:41,F1,54.664,1.415,4.538,60.078,8.141,normal
2026-10-07 09:06:41,F1,34.727,1.34,5.144,57.87,8.612,failure
2026-10-07 09:07:41,F1,45.553,1.57,4.827,68.773,8.352,normal
2026-10-07 09:08:41,F1,51.251,1.469,3.941,54.648,8.812,normal
2026-10-07 09:09:41,F1,53.488,1.467,3.57,38.948,5.333,normal
2026-10-07 09:10:41,F1,58.412,1.312,5.371,64.063,7.66,normal
2026-10-07 09:11:41,F1,67.265,1.455,4.327,60.767,9.155,normal
2026-10-07 09:12:41,F1,64.263,1.581,4.525,56.051,5.245,failure
2026-10-07 09:13:41,F1,63.44,1.523,5.358,52.13,8.774,normal
2026-10-07 09:14:41,F1,62.006,1.519,3.795,42.424,8.484,normal
2026-10-07 09:15:41,F1,57.909,1.635,4.31,54.91,7.043,normal
2026-10-07 09:16:41,F1,59.107,1.533,4.52,56.11,7.918,normal
2026-10-07 09:17:41,F1,59.102,1.415,4.337,66.512,5.247,normal
2026-10-07 09:18:41,F1,51.772,1.499,4.228,51.709,5.31,normal
2026-10-07 09:19:41,F1,46.118,1.423,4.068,53.736,6.739,normal
2026-10-07 09:20:41,F1,50.719,1.455,4.822,48.059,7.394,normal
2026-10-07 09:21:41,F1,55.827,1.424,5.047,72.627,5.728,normal
2026-10-07 09:22:41,F1,66.177,1.643,4.831,57.664,7.434,normal
2026-10-07 09:23:41,F1,55.808,1.375,4.965,64.714,6.726,normal
2026-10-07 09:24:41,F1,50.093,1.417,3.793,72.819,6.286,normal
2026-10-07 09:25:41,F1,50.486,1.552,3.169,46.756,7.785,normal
2026-10-07 09:26:41,F1,46.36,1.451,4.743,57.677,7.799,normal
2026-10-07 09:27:41,F1,55.686,1.193,4.464,36.955,10.067,normal
2026-10-07 09:28:41,F1,60.791,2.26,4.331,56.623,8.244,failure
2026-10-07 09:29:41,F1,54.648,1.409,4.731,69.619,8.602,normal
2026-10-07 09:30:41,F1,50.101,1.535,4.277,66.864,7.143,normal
2026-10-07 09:31:41,F1,70.521,1.537,4.951,54.973,6.524,normal
2026-10-07 09:32:41,F1,58.605,1.47,4.52,57.989,8.173,failure
2026-10-07 09:33:41,F1,56.726,1.298,4.074,44.419,8.223,normal
2026-10-07 09:34:41,F1,62.607,1.773,3.468,43.227,9.295,failure
2026-10-07 09:35:41,F1,49.557,1.395,4.49,49.609,5.854,normal
2026-10-07 09:36:41,F1,49.369,1.547,4.407,63.689,7.596,normal
2026-10-07 09:37:41,F1,53.217,1.564,4.659,64.501,6.89,normal
2026-10-07 09:38:41,F1,45.96,1.437,3.396,63.148,5.633,normal
2026-10-07 09:39:41,F1,60.279,1.43,4.544,63.144,10.772,failure
2026-10-07 09:40:41,F1,62.871,1.418,5.017,46.642,9.427,failure
2026-10-07 09:41:41,F1,60.42,1.399,4.596,61.682,5.807,failure
2026-10-07 09:42:41,F1,48.48,1.467,4.172,57.997,6.951,normal
2026-10-07 09:43:41,F1,60.175,1.215,3.968,48.735,8.601,normal
2026-10-07 09:44:41,F1,58.051,1.364,4.832,37.71,6.598,normal
2026-10-07 09:45:41,F1,50.875,1.665,3.385,58.833,7.913,normal
2026-10-07 09:46:41,F1,66.704,1.569,5.347,50.315,6.809,failure
2026-10-07 09:47:41,F1,41.628,1.432,4.759,60.404,6.111,normal
2026-10-07 09:48:41,F1,71.847,1.505,3.849,51.745,6.706,normal
2026-10-07 09:49:41,F1,49.038,1.465,4.477,58.914,5.961,normal
2026-10-07 09:50:41,F1,55.115,1.644,4.736,47.179,9.239,failure
2026-10-07 09:51:41,F1,48.566,1.275,4.929,62.392,8.683,normal
2026-10-07 09:52:41,F1,37.996,1.568,4.693,64.497,8.537,normal
2026-10-07 09:53:41,F1,40.946,1.27,4.524,67.156,6.07,normal
2026-10-07 09:54:41,F1,67.389,1.45,4.767,48.82,9.69,failure
2026-10-07 09:55:41,F1,53.546,1.517,4.678,53.146,7.908,normal
2026-10-07 09:56:41,F1,50.066,1.373,5.497,36.108,6.989,normal
2026-10-07 09:57:41,F1,52.194,1.427,4.044,53.944,8.396,normal
2026-10-07 09:58:41,F1,58.057,1.522,4.503,57.692,6.867,failure
2026-10-07 09:59:41,F1,45.675,1.351,4.381,56.09,6.547,normal
2026-10-07 10:00:41,F1,48.719,1.474,5.313,52.881,8.243,normal
2026-10-07 10:01:41,F1,64.589,1.319,5.515,56.896,5.406,normal
2026-10-07 10:02:41,F1,59.37,1.527,4.103,47.147,6.993,normal
2026-10-07 10:03:41,F1,52.85,1.369,6.022,67.364,7.281,normal
2026-10-07 10:04:41,F1,40.149,2.044,4.187,46.061,7.983,normal
2026-10-07 10:05:41,F1,71.296,1.543,5.027,43.0,6.36,failure
2026-10-07 10:06:41,F1,68.138,1.518,4.016,55.799,7.919,failure
2026-10-07 10:07:41,F1,57.359,1.236,3.978,56.888,5.985,normal
2026-10-07 10:08:41,F1,60.317,1.448,4.102,40.551,8.418,failure
2026-10-07 10:09:41,F1,58.389,1.393,4.278,61.555,8.655,normal
2026-10-07 10:10:41,F1,60.055,1.617,4.091,68.657,8.906,normal
2026-10-07 10:11:41,F1,62.891,1.658,4.171,59.697,7.774,failure
2026-10-07 10:12:41,F1,61.241,1.722,5.033,56.206,9.488,failure
2026-10-07 10:13:41,F1,58.08,1.361,4.291,48.397,7.275,normal
2026-10-07 10:14:41,F1,79.296,1.287,4.127,56.18,7.218,normal
2026-10-07 10:15:41,F1,46.79,1.211,5.619,49.176,9.569,normal
2026-10-07 10:16:41,F1,62.037,1.279,4.698,51.528,8.237,normal
2026-10-07 10:17:41,F1,52.499,1.429,5.148,58.018,7.307,normal
2026-10-07 10:18:41,F1,41.4,1.813,4.169,59.573,5.869,normal
2026-10-07 10:19:41,F1,63.146,1.608,3.051,59.337,9.34,normal
2026-10-07 10:20:41,F1,46.807,1.493,5.595,58.752,8.848,normal
2026-10-07 10:21:41,F1,62.018,1.448,4.824,52.941,11.403,failure
2026-10-07 10:22:41,F1,48.872,1.48,4.101,49.54,5.202,normal
2026-10-07 10:23:41,F1,55.416,1.627,3.746,62.153,9.249,normal
2026-10-07 10:24:41,F1,58.256,1.646,5.004,58.777,6.642,failure
2026-10-07 10:25:41,F1,56.699,1.759,4.259,51.821,9.189,failure
2026-10-07 10:26:41,F1,53.6,1.504,4.872,52.177,5.208,normal
2026-10-07 10:27:41,F1,61.35,1.441,3.643,57.128,7.191,normal
2026-10-07 10:28:41,F1,44.357,1.45,4.004,56.683,8.229,normal
2026-10-07 10:29:41,F1,54.429,1.367,4.094,37.302,8.053,normal
2026-10-07 10:30:41,F1,48.114,1.492,4.557,53.094,8.905,failure
2026-10-07 10:31:41,F1,55.164,1.597,3.895,48.902,5.647,normal
2026-10-07 10:32:41,F1,57.7,1.571,3.641,60.192,8.894,normal
2026-10-07 10:33:41,F1,49.085,1.484,3.967,48.617,11.0,normal
2026-10-07 10:34:41,F1,53.237,1.528,3.63,55.099,8.819,normal
2026-10-07 10:35:41,F1,41.149,1.485,5.504,60.317,8.328,normal
2026-10-07 10:36:41,F1,60.392,1.6,5.77,59.449,8.426,failure
2026-10-07 10:37:41,F1,45.721,1.861,4.018,49.216,6.805,failure
2026-10-07 10:38:41,F1,61.159,1.655,5.357,55.332,6.181,normal
2026-10-07 10:39:41,F1,64.056,1.823,4.872,57.489,6.27,failure
2026-10-07 10:40:41,F1,64.273,1.299,4.771,68.68,7.4,normal
2026-10-07 10:41:41,F1,57.183,1.55,4.897,67.466,6.748,normal
2026-10-07 10:42:41,F1,35.467,1.613,4.636,55.719,8.753,normal
2026-10-07 10:43:41,F1,57.619,1.576,4.269,58.074,8.727,normal
2026-10-07 10:44:41,F1,51.082,1.48,5.087,54.882,8.581,failure
2026-10-07 10:45:41,F1,44.733,1.4,4.67,61.343,7.846,normal
2026-10-07 10:46:41,F1,46.914,1.517,4.157,67.573,5.211,normal
2026-10-07 10:47:41,F1,56.425,1.31,5.077,71.289,8.324,normal
2026-10-07 10:48:41,F1,45.547,1.527,3.515,59.2,7.954,normal
2026-10-07 10:49:41,F1,48.28,1.421,4.535,66.704,8.99,failure
2026-10-07 10:50:41,F1,61.998,1.589,5.431,54.71,7.436,failure
2026-10-07 10:51:41,F1,61.524,1.68,3.431,46.141,6.616,failure
2026-10-07 10:52:41,F1,56.721,1.492,5.42,53.27,9.79,failure
2026-10-07 10:53:41,F1,68.969,1.464,4.976,61.083,6.742,failure
2026-10-07 10:54:41,F1,55.304,1.62,4.815,68.377,7.032,normal
2026-10-07 10:55:41,F1,59.193,1.668,4.388,54.177,7.762,failure
2026-10-07 10:56:41,F1,55.996,1.587,3.603,55.044,7.337,failure
2026-10-07 10:57:41,F1,62.461,1.471,4.262,60.772,8.313,normal
2026-10-07 10:58:41,F1,61.634,1.557,5.541,44.016,10.47,failure
2026-10-07 10:59:41,F1,63.334,1.403,3.434,58.405,7.493,failure
2026-10-07 11:00:41,F1,45.5,1.632,4.237,55.198,7.135,normal
2026-10-07 11:01:41,F1,64.569,1.431,3.663,52.693,8.406,normal
2026-10-07 11:02:41,F1,55.068,1.378,5.097,46.977,6.522,normal
2026-10-07 11:03:41,F1,50.824,1.649,4.717,49.463,7.411,failure
2026-10-07 11:04:41,F1,51.058,1.586,4.712,65.648,8.533,normal
2026-10-07 11:05:41,F1,57.23,1.556,4.361,51.234,7.558,normal
2026-10-07 11:06:41,F1,59.173,1.254,4.437,47.349,6.88,normal
2026-10-07 11:07:41,F1,54.654,1.299,4.319,62.201,7.836,normal
2026-10-07 11:08:41,F1,58.52,1.647,4.437,57.765,7.101,normal
2026-10-07 11:09:41,F1,61.139,1.654,3.944,38.668,7.24,normal
2026-10-07 11:10:41,F1,56.844,1.421,5.099,45.358,9.419,normal
2026-10-07 11:11:41,F1,51.937,1.425,5.019,54.897,6.165,normal
2026-10-07 11:12:41,F1,52.53,1.625,4.489,64.545,8.621,normal
2026-10-07 11:13:41,F1,57.62,1.525,4.343,63.424,5.072,normal
2026-10-07 11:14:41,F1,58.03,1.609,3.333,69.963,7.356,normal
2026-10-07 11:15:41,F1,54.633,1.909,4.888,56.074,6.126,normal
2026-10-07 11:16:41,F1,50.534,1.753,3.567,60.059,7.034,normal
2026-10-07 11:17:41,F1,52.623,1.478,5.107,40.711,5.365,normal
2026-10-07 11:18:41,F1,56.896,1.445,4.959,55.959,6.862,normal
2026-10-07 11:19:41,F1,62.063,1.238,4.617,52.998,8.871,normal
2026-10-07 11:20:41,F1,60.078,1.343,4.203,55.087,5.136,normal
2026-10-07 11:21:41,F1,72.269,1.33,4.351,55.781,8.677,failure
2026-10-07 11:22:41,F1,58.727,1.12,3.641,32.424,6.648,normal
2026-10-07 11:23:41,F1,52.606,1.341,5.302,54.922,9.687,normal
2026-10-07 11:24:41,F1,43.987,1.323,4.902,43.918,8.505,normal
2026-10-07 11:25:41,F1,54.207,1.505,4.919,51.622,9.235,normal
2026-10-07 11:26:41,F1,53.038,1.592,5.555,44.865,7.178,normal
2026-10-07 11:27:41,F1,56.864,1.71,4.365,51.394,8.271,normal
2026-10-07 11:28:41,F1,43.387,1.577,4.753,49.889,7.295,normal
2026-10-07 11:29:41,F1,48.721,1.278,4.252,54.211,7.756,normal
2026-10-07 11:30:41,F1,55.967,1.338,4.86,52.98,8.325,failure
2026-10-07 11:31:41,F1,58.081,1.386,3.693,62.238,10.232,normal
2026-10-07 11:32:41,F1,57.391,1.457,5.417,45.529,6.85,normal
2026-10-07 11:33:41,F1,52.473,1.512,4.214,48.547,7.257,normal
2026-10-07 11:34:41,F1,49.112,1.539,4.154,60.53,6.985,normal
2026-10-07 11:35:41,F1,58.092,1.496,4.452,61.24,5.436,normal
2026-10-07 11:36:41,F1,46.096,1.763,5.42,55.011,7.98,normal
2026-10-07 11:37:41,F1,44.502,1.698,3.978,61.706,7.857,normal
2026-10-07 11:38:41,F1,66.007,1.398,3.909,52.133,6.85,normal
2026-10-07 11:39:41,F1,49.328,1.437,5.248,46.796,6.824,normal
2026-10-07 11:40:41,F1,59.168,1.491,4.534,59.053,8.631,normal
2026-10-07 11:41:41,F1,51.993,1.522,4.481,40.152,6.616,normal
2026-10-07 11:42:41,F1,61.038,1.405,4.92,56.787,7.677,normal
2026-10-07 11:43:41,F1,42.975,1.612,5.01,50.581,6.889,normal
2026-10-07 11:44:41,F1,50.054,1.491,4.7,58.411,7.075,normal
2026-10-07 11:45:41,F1,50.464,1.612,4.623,68.799,6.88,normal
2026-10-07 11:46:41,F1,55.171,1.644,3.992,58.096,9.982,failure
2026-10-07 11:47:41,F1,60.585,1.583,4.284,62.44,8.109,normal
2026-10-07 11:48:41,F1,62.073,1.38,5.967,47.331,7.961,failure
2026-10-07 11:49:41,F1,51.174,1.427,3.645,39.014,7.161,normal
2026-10-07 11:50:41,F1,58.303,1.466,4.703,59.203,8.048,normal
2026-10-07 11:51:41,F1,55.251,1.612,4.932,48.208,8.574,normal
2026-10-07 11:52:41,F1,37.493,1.826,4.641,65.16,6.693,normal
2026-10-07 11:53:41,F1,64.25,1.693,4.85,55.656,5.259,normal
2026-10-07 11:54:41,F1,51.431,1.545,5.055,59.881,7.444,normal
2026-10-07 11:55:41,F1,47.294,1.371,5.51,44.44,10.022,normal
2026-10-07 11:56:41,F1,57.771,1.666,5.208,55.682,7.329,normal
2026-10-07 11:57:41,F1,59.824,1.395,4.84,64.452,5.68,normal
2026-10-07 11:58:41,F1,54.565,1.511,5.183,59.609,7.866,normal
2026-10-07 11:59:41,F1,51.651,1.495,4.573,43.138,6.074,failure
2026-10-07 12:00:41,F1,47.188,1.417,3.802,45.45,7.507,normal
2026-10-07 12:01:41,F1,44.139,1.447,3.85,66.057,6.577,normal
2026-10-07 12:02:41,F1,52.032,1.624,4.452,60.262,7.904,normal
2026-10-07 12:03:41,F1,62.629,1.528,4.876,53.38,8.004,normal
2026-10-07 12:04:41,F1,60.556,1.474,4.412,48.556,9.314,failure
2026-10-07 12:05:41,F1,57.946,1.786,5.224,47.133,7.224,failure
2026-10-07 12:06:41,F1,51.943,1.5,4.3,50.373,8.071,normal
2026-10-07 12:07:41,F1,43.451,1.439,4.332,54.419,7.809,normal
2026-10-07 12:08:41,F1,62.503,1.645,4.362,59.203,7.436,normal
2026-10-07 12:09:41,F1,52.681,1.709,5.142,61.338,7.124,failure
2026-10-07 12:10:41,F1,50.792,1.721,4.67,52.201,7.039,normal
2026-10-07 12:11:41,F1,49.425,1.7,3.603,60.603,6.454,normal
2026-10-07 12:12:41,F1,52.354,1.55,4.217,48.75,8.054,normal
2026-10-07 12:13:41,F1,45.286,1.462,4.382,34.742,8.74,normal
2026-10-07 12:14:41,F1,56.48,1.465,4.821,69.011,4.892,normal
2026-10-07 12:15:41,F1,52.415,1.646,4.808,63.328,8.337,failure
2026-10-07 12:16:41,F1,67.429,1.654,5.506,51.481,6.753,failure
2026-10-07 12:17:41,F1,53.59,1.257,4.31,59.604,9.334,normal
2026-10-07 12:18:41,F1,62.003,1.453,5.087,48.743,9.361,failure
2026-10-07 12:19:41,F1,60.754,1.26,4.423,57.819,8.939,normal
2026-10-07 12:20:41,F1,59.181,1.379,3.907,68.964,8.823,failure
2026-10-07 12:21:41,F1,48.031,1.566,5.347,61.832,7.032,normal
2026-10-07 12:22:41,F1,52.227,1.563,5.554,59.656,8.346,normal
2026-10-07 12:23:41,F1,51.66,1.544,3.856,62.288,6.168,normal
2026-10-07 12:24:41,F1,50.033,1.436,4.83,54.397,7.381,normal
2026-10-07 12:25:41,F1,64.407,1.322,4.828,50.372,6.098,normal
2026-10-07 12:26:41,F1,62.251,1.48,4.588,66.578,7.207,normal
2026-10-07 12:27:41,F1,52.066,1.6,4.066,62.499,8.175,normal
2026-10-07 12:28:41,F1,53.247,1.522,4.266,55.611,7.714,normal
2026-10-07 12:29:41,F1,52.957,1.497,4.966,64.967,8.77,failure
2026-10-07 12:30:41,F1,63.196,1.598,4.742,53.521,7.419,normal
2026-10-07 12:31:41,F1,54.0,1.695,4.199,54.165,9.564,failure
2026-10-07 12:32:41,F1,52.118,1.638,5.16,60.508,6.875,normal
2026-10-07 12:33:41,F1,71.106,1.633,5.213,55.791,7.569,failure
2026-10-07 12:34:41,F1,53.777,1.759,5.232,71.26,6.217,normal
2026-10-07 12:35:41,F1,64.041,1.507,4.633,58.604,8.731,failure
2026-10-07 12:36:41,F1,48.689,1.609,4.133,56.538,7.134,normal
2026-10-07 12:37:41,F1,49.246,1.54,4.08,47.506,7.414,normal
2026-10-07 12:38:41,F1,55.427,1.977,3.925,52.095,5.856,failure
2026-10-07 12:39:41,F1,52.458,1.454,5.016,56.65,8.033,normal
2026-10-07 12:40:41,F1,61.831,1.461,4.304,59.191,7.276,failure
2026-10-07 12:41:41,F1,58.083,1.415,4.82,60.434,6.887,normal
2026-10-07 12:42:41,F1,55.041,1.454,4.822,79.942,9.925,normal
2026-10-07 12:43:41,F1,55.098,1.702,4.637,57.64,9.216,failure
2026-10-07 12:44:41,F1,53.371,1.452,5.11,71.731,7.709,normal
2026-10-07 12:45:41,F1,58.14,1.417,4.282,54.173,7.118,normal
2026-10-07 12:46:41,F1,50.366,1.391,4.067,49.089,6.902,normal
2026-10-07 12:47:41,F1,61.091,1.522,3.794,50.781,9.897,normal
2026-10-07 12:48:41,F1,73.555,1.759,4.716,59.041,10.421,failure
2026-10-07 12:49:41,F1,55.291,1.554,4.646,59.513,7.2,normal
2026-10-07 12:50:41,F1,58.532,1.726,5.6,49.662,9.412,failure
2026-10-07 12:51:41,F1,54.915,1.482,5.132,51.263,7.176,normal
2026-10-07 12:52:41,F1,54.251,1.629,4.182,70.327,7.359,normal
2026-10-07 12:53:41,F1,60.683,1.826,4.923,53.18,7.09,failure
2026-10-07 12:54:41,F1,55.593,1.619,5.774,61.741,8.263,failure
2026-10-07 12:55:41,F1,49.606,1.493,4.954,51.537,7.464,normal
2026-10-07 12:56:41,F1,44.577,1.453,4.631,65.287,7.122,normal
2026-10-07 12:57:41,F1,43.509,1.586,5.246,57.214,9.085,normal
2026-10-07 12:58:41,F1,63.014,1.609,4.547,49.156,9.227,normal
2026-10-07 12:59:41,F1,56.292,1.613,4.819,52.334,7.857,normal
2026-10-07 13:00:41,F1,58.745,1.552,4.704,73.749,7.096,failure
2026-10-07 13:01:41,F1,54.487,1.583,4.847,39.434,4.992,normal
2026-10-07 13:02:41,F1,51.102,1.591,5.388,63.257,7.8,normal
2026-10-07 13:03:41,F1,63.036,1.701,5.07,52.379,8.546,failure
2026-10-07 13:04:41,F1,48.454,1.744,4.666,67.114,8.91,failure
2026-10-07 13:05:41,F1,58.161,1.45,3.905,56.647,7.446,normal
2026-10-07 13:06:41,F1,53.971,1.691,5.331,83.644,8.89,normal
2026-10-07 13:07:41,F1,59.956,1.242,3.584,59.321,8.453,normal
2026-10-07 13:08:41,F1,50.104,1.59,4.194,46.098,8.204,normal
2026-10-07 13:09:41,F1,79.414,1.446,3.775,61.249,7.63,normal
2026-10-07 13:10:41,F1,46.287,1.36,3.947,54.029,8.896,normal
2026-10-07 13:11:41,F1,57.267,1.7,5.011,56.05,6.484,normal
2026-10-07 13:12:41,F1,69.446,1.416,5.049,50.411,7.962,failure
2026-10-07 13:13:41,F1,48.01,1.505,5.306,66.487,6.854,normal
2026-10-07 13:14:41,F1,47.514,1.202,4.763,43.624,8.341,failure
2026-10-07 13:15:41,F1,57.069,1.461,4.013,52.947,8.364,normal
2026-10-07 13:16:41,F1,52.079,1.459,4.956,50.688,8.23,normal
2026-10-07 13:17:41,F1,64.511,1.444,5.651,46.985,5.759,failure
2026-10-07 13:18:41,F1,53.553,1.461,4.922,55.965,7.184,failure
2026-10-07 13:19:41,F1,60.907,1.463,5.188,23.704,9.033,failure
2026-10-07 13:20:41,F1,38.624,1.66,4.506,46.752,9.398,normal
2026-10-07 13:21:41,F1,70.989,1.567,4.425,59.123,9.356,normal
2026-10-07 13:22:41,F1,70.093,1.619,4.879,53.744,6.831,normal
2026-10-07 13:23:41,F1,66.085,1.565,3.944,53.827,9.191,normal
2026-10-07 13:24:41,F1,56.794,1.766,3.918,68.359,5.01,normal
2026-10-07 13:25:41,F1,58.296,1.233,4.69,57.891,9.243,normal
2026-10-07 13:26:41,F1,61.897,1.326,5.101,59.126,7.722,normal
2026-10-07 13:27:41,F1,45.18,1.321,4.081,61.799,7.191,normal
2026-10-07 13:28:41,F1,54.084,1.541,3.978,50.733,9.422,normal
2026-10-07 13:29:41,F1,60.674,1.7,4.877,52.454,6.224,normal
2026-10-07 13:30:41,F1,55.841,1.535,4.676,57.97,7.408,normal
2026-10-07 13:31:41,F1,42.108,1.448,5.015,59.013,5.769,normal
2026-10-07 13:32:41,F1,51.547,1.444,5.615,60.414,4.93,normal
2026-10-07 13:33:41,F1,62.793,1.585,5.913,52.274,5.884,normal
2026-10-07 13:34:41,F1,64.104,1.559,4.916,55.963,7.527,normal
2026-10-07 13:35:41,F1,52.256,1.614,3.847,42.406,8.762,normal
2026-10-07 13:36:41,F1,56.289,1.482,4.866,61.503,9.096,normal
2026-10-07 13:37:41,F1,62.255,1.575,4.845,75.978,6.433,normal
2026-10-07 13:38:41,F1,60.096,1.659,3.999,42.07,7.521,failure
2026-10-07 13:39:41,F1,60.63,1.523,4.632,47.328,7.56,normal
2026-10-07 13:40:41,F1,54.007,1.447,4.637,43.712,6.886,normal
2026-10-07 13:41:41,F1,57.665,1.612,5.363,62.464,6.346,normal
2026-10-07 13:42:41,F1,67.807,1.407,5.063,61.281,7.264,failure
2026-10-07 13:43:41,F1,49.728,1.399,3.977,63.703,11.029,normal
2026-10-07 13:44:41,F1,69.013,1.655,4.605,57.316,6.877,normal
2026-10-07 13:45:41,F1,50.535,1.602,5.091,44.614,6.722,normal
2026-10-07 13:46:41,F1,58.301,1.428,4.535,59.918,7.249,normal
2026-10-07 13:47:41,F1,48.245,1.503,5.191,49.539,6.777,normal
2026-10-07 13:48:41,F1,64.356,1.458,5.064,54.31,6.151,normal
2026-10-07 13:49:41,F1,55.914,1.446,5.696,54.75,8.138,failure
2026-10-07 13:50:41,F1,49.662,1.518,4.646,56.494,8.86,normal
2026-10-07 13:51:41,F1,57.555,1.832,4.084,58.848,9.233,failure
2026-10-07 13:52:41,F1,64.705,1.592,5.036,48.263,8.363,failure
2026-10-07 13:53:41,F1,58.311,1.529,4.373,55.686,6.795,failure
2026-10-07 13:54:41,F1,64.52,1.622,4.616,58.601,7.663,failure
2026-10-07 13:55:41,F1,52.949,1.453,5.322,58.859,8.121,failure
2026-10-07 13:56:41,F1,60.68,1.485,4.3,62.857,5.952,normal
2026-10-07 13:57:41,F1,56.076,1.556,4.421,43.599,8.871,failure
2026-10-07 13:58:41,F1,62.921,1.576,4.602,65.75,7.732,failure
2026-10-07 13:59:41,F1,54.571,1.627,3.707,60.018,9.592,normal
2026-10-07 14:00:41,F1,70.439,1.232,4.503,54.183,8.376,failure
2026-10-07 14:01:41,F1,32.186,1.475,3.919,62.72,8.504,normal
2026-10-07 14:02:41,F1,64.59,1.62,4.713,54.663,8.282,normal
2026-10-07 14:03:41,F1,64.68,1.398,3.855,40.804,6.494,normal
2026-10-07 14:04:41,F1,35.143,1.538,4.77,49.615,8.485,normal
2026-10-07 14:05:41,F1,67.089,1.592,4.358,47.878,8.79,failure
2026-10-07 14:06:41,F1,73.369,1.73,5.068,60.298,8.48,failure
2026-10-07 14:07:41,F1,58.467,1.55,4.749,47.542,9.28,normal
2026-10-07 14:08:41,F1,53.881,1.4,4.543,59.649,7.55,normal
2026-10-07 14:09:41,F1,60.689,1.382,3.894,45.369,7.133,normal
2026-10-07 14:10:41,F1,48.247,1.413,4.752,61.595,6.878,normal
2026-10-07 14:11:41,F1,59.985,1.516,4.722,61.818,5.494,normal
2026-10-07 14:12:41,F1,62.685,1.476,4.966,56.136,6.742,normal
2026-10-07 14:13:41,F1,61.501,1.63,4.904,44.367,5.949,failure
2026-10-07 14:14:41,F1,55.555,1.5,5.065,40.543,7.038,normal
2026-10-07 14:15:41,F1,53.207,1.528,4.834,38.232,8.914,normal
2026-10-07 14:16:41,F1,66.664,1.349,4.955,51.769,8.984,failure
2026-10-07 14:17:41,F1,50.437,1.538,3.701,65.397,9.209,normal
2026-10-07 14:18:41,F1,50.496,1.436,4.728,43.2,9.413,normal
2026-10-07 14:19:41,F1,54.231,1.698,3.78,32.54,7.924,failure
2026-10-07 14:20:41,F1,63.749,1.402,4.645,55.833,7.613,normal
2026-10-07 14:21:41,F1,48.767,1.512,4.475,53.102,7.261,normal
2026-10-07 14:22:41,F1,46.827,1.62,5.04,59.573,8.297,normal
2026-10-07 14:23:41,F1,46.169,1.858,3.498,45.876,6.809,normal
2026-10-07 14:24:41,F1,55.638,1.454,4.326,61.542,7.257,normal
2026-10-07 14:25:41,F1,57.593,1.6,4.711,46.652,8.06,normal
2026-10-07 14:26:41,F1,64.708,1.552,4.034,42.685,9.242,normal
2026-10-07 14:27:41,F1,59.37,1.468,4.91,59.064,7.418,normal
2026-10-07 14:28:41,F1,57.081,1.517,5.121,57.662,6.213,normal
2026-10-07 14:29:41,F1,61.054,1.593,4.509,64.985,7.556,normal
2026-10-07 14:30:41,F1,69.237,1.721,4.635,48.968,3.558,normal
2026-10-07 14:31:41,F1,58.01,1.507,3.98,51.232,6.935,normal
2026-10-07 14:32:41,F1,59.551,1.565,4.688,69.47,8.55,failure
2026-10-07 14:33:41,F1,50.676,1.417,4.312,62.154,9.076,normal
2026-10-07 14:34:41,F1,48.812,1.798,4.76,58.727,8.774,normal
2026-10-07 14:35:41,F1,57.008,1.541,4.029,52.66,8.07,failure
2026-10-07 14:36:41,F1,46.79,1.708,4.248,47.532,8.462,normal
2026-10-07 14:37:41,F1,61.148,1.66,5.284,55.106,7.418,normal
2026-10-07 14:38:41,F1,56.194,1.613,5.181,56.747,6.768,normal
2026-10-07 14:39:41,F1,58.247,1.531,4.189,64.887,9.474,normal
2026-10-07 14:40:41,F1,65.046,1.489,4.386,62.43,6.885,normal
2026-10-07 14:41:41,F1,60.877,1.521,4.511,64.974,6.755,normal
2026-10-07 14:42:41,F1,62.321,1.709,4.943,56.127,7.674,failure
2026-10-07 14:43:41,F1,60.902,1.557,5.074,50.518,7.838,failure
2026-10-07 14:44:41,F1,70.044,1.534,5.26,50.824,7.203,failure
2026-10-07 14:45:41,F1,46.068,1.554,3.745,54.471,9.546,normal
2026-10-07 14:46:41,F1,60.597,1.659,4.153,62.265,7.669,failure
2026-10-07 14:47:41,F1,47.018,1.589,5.229,48.886,5.476,normal
2026-10-07 14:48:41,F1,51.724,1.423,4.143,50.146,7.557,normal
2026-10-07 14:49:41,F1,61.825,1.328,5.142,75.584,9.483,failure
2026-10-07 14:50:41,F1,38.808,1.562,4.188,67.449,7.844,normal
2026-10-07 14:51:41,F1,69.392,1.394,4.975,62.424,7.668,failure
2026-10-07 14:52:41,F1,56.279,1.53,4.467,76.366,9.171,normal
2026-10-07 14:53:41,F1,71.717,1.52,5.232,54.22,7.706,failure
2026-10-07 14:54:41,F1,52.408,1.593,4.173,55.062,6.425,normal
2026-10-07 14:55:41,F1,55.102,1.679,4.761,66.542,6.876,normal
2026-10-07 14:56:41,F1,66.857,1.48,4.783,64.715,7.95,failure
2026-10-07 14:57:41,F1,56.647,1.618,4.969,64.17,8.426,failure
2026-10-07 14:58:41,F1,55.778,1.644,5.707,63.676,7.724,failure
2026-10-07 14:59:41,F1,58.415,1.4,4.374,53.115,7.86,normal
2026-10-07 15:00:41,F1,63.116,1.471,4.736,47.442,7.329,normal
2026-10-07 15:01:41,F1,53.879,1.671,4.742,57.946,6.581,failure
2026-10-07 15:02:41,F1,41.221,1.579,4.564,74.623,9.355,normal
2026-10-07 15:03:41,F1,59.431,1.457,4.751,65.084,6.308,failure
2026-10-07 15:04:41,F1,61.763,1.25,4.763,60.628,8.6,normal
2026-10-07 15:05:41,F1,64.67,1.462,5.759,59.033,9.108,failure
2026-10-07 15:06:41,F1,49.39,1.737,4.438,53.01,7.945,normal
2026-10-07 15:07:41,F1,48.431,1.781,3.427,59.819,8.094,normal
2026-10-07 15:08:41,F1,53.24,1.746,5.436,44.846,7.926,failure
2026-10-07 15:09:41,F1,68.242,1.892,4.816,65.468,8.006,failure
2026-10-07 15:10:41,F1,59.603,1.553,4.7,64.56,8.181,failure
2026-10-07 15:11:41,F1,57.687,1.644,3.253,56.625,6.605,normal
2026-10-07 15:12:41,F1,48.868,1.193,5.124,53.576,4.914,normal
2026-10-07 15:13:41,F1,57.926,1.695,4.528,73.082,9.129,failure
2026-10-07 15:14:41,F1,54.317,1.605,4.336,57.049,7.791,normal
2026-10-07 15:15:41,F1,60.303,1.651,4.227,63.541,6.955,failure
2026-10-07 15:16:41,F1,42.189,1.687,4.994,59.027,9.176,normal
2026-10-07 15:17:41,F1,49.714,1.56,4.573,84.991,8.781,normal
2026-10-07 15:18:41,F1,58.004,1.468,4.449,60.764,7.914,normal
2026-10-07 15:19:41,F1,60.61,1.641,5.287,60.339,6.686,normal
2026-10-07 15:20:41,F1,58.219,1.612,5.854,62.983,7.58,failure
2026-10-07 15:21:41,F1,53.757,1.659,5.836,49.092,9.368,normal
2026-10-07 15:22:41,F1,57.649,1.537,4.595,54.717,7.41,failure
2026-10-07 15:23:41,F1,51.41,1.458,4.869,57.419,7.321,normal
2026-10-07 15:24:41,F1,60.455,1.905,5.195,51.01,7.381,failure
2026-10-07 15:25:41,F1,65.102,1.646,4.685,49.631,7.805,normal
2026-10-07 15:26:41,F1,52.142,1.538,3.226,62.024,7.696,normal
2026-10-07 15:27:41,F1,61.351,1.764,5.335,57.453,8.723,failure
2026-10-07 15:28:41,F1,62.307,1.504,4.279,54.856,7.537,normal
2026-10-07 15:29:41,F1,51.954,1.58,4.386,67.395,8.085,normal
2026-10-07 15:30:41,F1,63.111,1.746,5.356,52.131,7.748,failure
2026-10-07 15:31:41,F1,54.053,1.559,4.231,55.562,7.798,normal
2026-10-07 15:32:41,F1,60.926,1.616,4.933,54.962,8.125,normal
2026-10-07 15:33:41,F1,53.506,1.496,4.657,63.741,8.795,normal
2026-10-07 15:34:41,F1,54.703,1.545,4.648,41.863,6.346,normal
2026-10-07 15:35:41,F1,57.078,1.542,4.88,62.709,8.001,failure
2026-10-07 15:36:41,F1,55.643,1.358,4.63,73.118,7.307,normal
2026-10-07 15:37:41,F1,53.482,1.77,4.115,49.727,7.291,normal
2026-10-07 15:38:41,F1,52.353,1.504,4.968,51.658,8.187,normal
2026-10-07 15:39:41,F1,52.238,1.613,5.167,62.705,8.467,normal
2026-10-07 15:40:41,F1,60.117,1.588,4.177,39.512,9.722,failure
2026-10-07 15:41:41,F1,55.281,1.59,4.759,63.659,9.94,normal
2026-10-07 15:42:41,F1,57.06,1.638,3.59,54.256,9.16,normal
2026-10-07 15:43:41,F1,41.661,1.399,4.931,61.935,7.227,normal
2026-10-07 15:44:41,F1,56.302,1.51,4.2,66.795,5.781,normal
2026-10-07 15:45:41,F1,53.739,1.557,4.449,52.78,7.587,failure
2026-10-07 15:46:41,F1,65.579,1.679,5.302,52.429,6.853,normal
2026-10-07 15:47:41,F1,56.686,1.443,5.192,72.043,7.32,normal
2026-10-07 15:48:41,F1,55.129,1.458,4.458,62.324,7.193,normal
2026-10-07 15:49:41,F1,45.66,1.512,5.36,49.485,8.217,normal
2026-10-07 15:50:41,F1,66.938,1.601,4.39,56.629,10.515,failure
2026-10-07 15:51:41,F1,53.872,1.258,5.227,56.162,7.515,normal
2026-10-07 15:52:41,F1,54.45,1.367,4.248,61.339,8.01,normal
2026-10-07 15:53:41,F1,49.503,1.625,4.656,51.157,6.469,normal
2026-10-07 15:54:41,F1,56.957,1.674,4.255,60.494,5.61,normal
2026-10-07 15:55:41,F1,67.122,1.53,4.238,63.52,7.853,normal
2026-10-07 15:56:41,F1,62.859,1.452,4.66,44.657,6.08,normal
2026-10-07 15:57:41,F1,58.245,1.559,3.911,53.905,7.074,normal
2026-10-07 15:58:41,F1,66.474,1.498,4.508,54.154,9.131,failure
2026-10-07 15:59:41,F1,56.913,1.517,3.913,49.245,8.31,normal
2026-10-07 16:00:41,F1,54.541,1.483,4.457,57.116,8.961,normal
2026-10-07 16:01:41,F1,50.269,1.719,4.91,70.942,8.642,normal
2026-10-07 16:02:41,F1,63.715,1.579,4.378,53.673,7.115,normal
2026-10-07 16:03:41,F1,52.819,1.471,4.737,63.082,8.774,normal
2026-10-07 16:04:41,F1,56.963,1.568,4.422,58.574,6.477,normal
2026-10-07 16:05:41,F1,61.647,1.535,4.711,62.544,6.5,normal
2026-10-07 16:06:41,F1,65.529,1.478,5.379,58.546,8.65,failure
2026-10-07 16:07:41,F1,68.377,1.515,2.856,61.909,8.284,normal
2026-10-07 16:08:41,F1,67.793,1.471,4.319,48.229,8.074,normal
2026-10-07 16:09:41,F1,49.543,1.453,4.735,62.086,8.661,normal
2026-10-07 16:10:41,F1,53.766,1.659,4.669,54.565,7.858,normal
2026-10-07 16:11:41,F1,63.774,1.458,4.682,55.151,8.284,normal
2026-10-07 16:12:41,F1,61.832,1.472,3.623,40.487,6.863,normal
2026-10-07 16:13:41,F1,55.601,1.636,4.86,59.937,7.823,failure
2026-10-07 16:14:41,F1,65.34,1.464,4.471,65.922,6.94,normal
2026-10-07 16:15:41,F1,73.572,1.582,4.486,72.433,7.582,failure
2026-10-07 16:16:41,F1,55.67,1.442,4.341,59.952,8.306,normal
2026-10-07 16:17:41,F1,60.147,1.612,5.548,63.799,8.135,failure
2026-10-07 16:18:41,F1,44.826,1.696,4.953,55.076,7.981,normal
2026-10-07 16:19:41,F1,64.186,1.457,4.422,59.506,7.046,failure
2026-10-07 16:20:41,F1,46.898,1.599,4.539,62.637,7.393,normal
2026-10-07 16:21:41,F1,68.801,1.503,4.069,57.789,8.648,failure
2026-10-07 16:22:41,F1,55.572,1.527,5.122,52.761,7.879,normal
2026-10-07 16:23:41,F1,58.874,1.688,4.602,51.963,9.615,failure
2026-10-07 16:24:41,F1,64.93,1.574,3.827,63.631,8.423,normal
2026-10-07 16:25:41,F1,50.023,1.61,4.01,40.364,7.973,failure
2026-10-07 16:26:41,F1,58.695,1.517,4.948,58.547,6.858,normal
2026-10-07 16:27:41,F1,64.616,1.384,5.816,63.17,7.9,failure
2026-10-07 16:28:41,F1,41.177,1.396,3.664,58.434,9.254,normal
2026-10-07 16:29:41,F1,50.583,1.505,3.318,66.765,11.748,normal
2026-10-07 16:30:41,F1,56.578,1.906,3.771,64.538,7.944,normal
2026-10-07 16:31:41,F1,58.133,1.638,3.924,57.921,5.709,normal
2026-10-07 16:32:41,F1,59.872,1.403,4.554,52.849,6.02,normal
2026-10-07 16:33:41,F1,52.269,1.534,4.374,60.407,7.105,normal
2026-10-07 16:34:41,F1,55.207,1.454,4.731,54.86,6.865,normal
2026-10-07 16:35:41,F1,64.377,1.602,4.086,46.68,6.869,normal
2026-10-07 16:36:41,F1,58.358,1.245,4.156,46.873,4.903,normal
2026-10-07 16:37:41,F1,65.436,1.556,5.034,50.131,7.847,failure
2026-10-07 16:38:41,F1,49.596,1.673,4.477,67.546,5.968,normal
2026-10-07 16:39:41,F1,57.11,1.677,4.242,50.134,7.892,normal
2026-10-07 16:40:41,F1,45.848,1.474,4.503,58.009,9.429,normal
2026-10-07 16:41:41,F1,47.785,1.625,4.478,55.92,8.516,normal
2026-10-07 16:42:41,F1,66.216,1.738,4.653,48.587,8.078,failure
2026-10-07 16:43:41,F1,57.283,1.5,4.798,44.289,5.311,normal
2026-10-07 16:44:41,F1,53.564,1.417,4.94,52.717,8.785,normal
2026-10-07 16:45:41,F1,58.608,1.386,4.683,45.875,8.634,normal
2026-10-07 16:46:41,F1,45.309,1.723,3.92,47.528,6.432,normal
2026-10-07 16:47:41,F1,49.163,1.373,4.136,50.6,8.319,normal
2026-10-07 16:48:41,F1,62.573,1.497,4.91,49.318,6.36,normal
2026-10-07 16:49:41,F1,62.768,1.513,5.117,69.374,8.989,failure
2026-10-07 16:50:41,F1,56.168,1.671,4.373,60.366,5.63,normal
2026-10-07 16:51:41,F1,64.404,1.391,4.755,54.666,8.531,failure
2026-10-07 16:52:41,F1,52.483,1.262,4.459,57.894,7.759,normal
2026-10-07 16:53:41,F1,51.826,1.536,5.058,49.84,6.41,normal
2026-10-07 16:54:41,F1,56.982,1.538,4.166,56.705,6.866,normal
2026-10-07 16:55:41,F1,62.254,1.715,5.177,56.845,7.569,normal
2026-10-07 16:56:41,F1,61.589,1.72,5.169,68.8,9.607,failure
2026-10-07 16:57:41,F1,49.125,1.808,4.345,54.979,7.267,failure
2026-10-07 16:58:41,F1,53.116,1.453,4.284,56.537,8.162,normal
2026-10-07 16:59:41,F1,63.363,1.47,4.739,50.702,7.914,failure
2026-10-07 17:00:41,F1,58.316,1.448,5.151,60.929,8.578,failure
2026-10-07 17:01:41,F1,41.438,1.372,4.542,56.947,9.477,normal
2026-10-07 17:02:41,F1,50.078,1.508,5.486,60.176,5.9,normal
2026-10-07 17:03:41,F1,64.729,1.53,5.944,47.783,8.513,failure
2026-10-07 17:04:41,F1,53.858,1.429,3.595,49.373,9.664,normal
2026-10-07 17:05:41,F1,54.748,1.487,5.585,68.894,6.205,failure
2026-10-07 17:06:41,F1,61.31,1.311,4.902,52.862,10.57,failure
2026-10-07 17:07:41,F1,58.484,1.56,4.876,70.087,7.101,failure
2026-10-07 17:08:41,F1,57.496,1.618,6.421,30.936,9.3,failure
2026-10-07 17:09:41,F1,71.903,1.433,3.622,51.021,5.047,normal
2026-10-07 17:10:41,F1,59.026,1.471,3.7,68.661,8.016,normal
2026-10-07 17:11:41,F1,57.654,1.496,4.957,60.021,8.015,normal
2026-10-07 17:12:41,F1,62.592,1.389,3.886,39.845,5.621,normal
2026-10-07 17:13:41,F1,69.17,1.407,3.596,54.814,7.022,normal
2026-10-07 17:14:41,F1,70.579,1.548,5.165,54.018,8.636,failure
2026-10-07 17:15:41,F1,59.279,1.462,4.449,49.272,6.483,failure
2026-10-07 17:16:41,F1,60.558,1.547,5.987,52.712,8.674,normal
2026-10-07 17:17:41,F1,54.604,1.507,4.212,55.772,8.848,normal
2026-10-07 17:18:41,F1,65.669,1.615,4.139,48.618,6.024,normal
2026-10-07 17:19:41,F1,55.147,1.519,4.726,41.669,6.037,normal
2026-10-07 17:20:41,F1,57.31,1.716,4.337,53.923,8.116,failure
2026-10-07 17:21:41,F1,66.565,1.467,4.065,50.913,8.478,normal
2026-10-07 17:22:41,F1,54.049,1.567,4.409,69.714,7.552,normal
2026-10-07 17:23:41,F1,61.409,1.19,6.197,50.791,8.811,failure
2026-10-07 17:24:41,F1,56.328,1.798,4.984,45.576,7.833,failure
2026-10-07 17:25:41,F1,56.205,1.605,4.82,43.757,6.676,failure
2026-10-07 17:26:41,F1,52.906,1.661,4.418,52.529,6.527,normal
2026-10-07 17:27:41,F1,61.652,1.719,3.781,41.151,9.216,failure
2026-10-07 17:28:41,F1,58.646,1.694,4.93,39.564,7.169,failure
2026-10-07 17:29:41,F1,60.119,1.321,3.456,30.443,9.562,normal
2026-10-07 17:30:41,F1,51.178,1.813,4.167,56.628,8.312,failure
2026-10-07 17:31:41,F1,67.972,1.609,5.081,47.263,9.059,normal
2026-10-07 17:32:41,F1,43.474,1.433,5.026,69.208,8.169,normal
2026-10-07 17:33:41,F1,61.962,1.47,3.76,65.008,6.15,normal
2026-10-07 17:34:41,F1,46.442,1.413,4.486,61.601,7.718,normal
2026-10-07 17:35:41,F1,54.734,1.438,3.78,60.03,7.042,normal
2026-10-07 17:36:41,F1,56.332,1.525,4.04,43.509,9.443,normal
2026-10-07 17:37:41,F1,59.613,1.532,4.255,64.059,9.809,normal
2026-10-07 17:38:41,F1,74.114,1.352,5.633,62.581,8.323,failure
2026-10-07 17:39:41,F1,70.905,1.623,4.658,55.978,7.775,failure
2026-10-07 17:40:41,F1,57.885,1.667,3.915,49.546,7.723,normal
2026-10-07 17:41:41,F1,71.627,1.389,4.495,50.702,7.585,failure
2026-10-07 17:42:41,F1,60.661,1.587,4.578,67.492,6.87,failure
2026-10-07 17:43:41,F1,61.126,1.195,4.572,68.175,5.886,normal
2026-10-07 17:44:41,F1,47.627,1.561,6.073,52.838,9.225,normal
2026-10-07 17:45:41,F1,52.943,1.514,5.352,56.672,7.5,failure
2026-10-07 17:46:41,F1,60.717,1.642,4.659,56.283,6.55,failure
2026-10-07 17:47:41,F1,68.747,1.394,4.363,54.035,7.77,failure
2026-10-07 17:48:41,F1,69.102,1.537,4.299,53.077,9.185,normal
2026-10-07 17:49:41,F1,48.783,1.711,4.65,51.072,6.918,normal
2026-10-07 17:50:41,F1,62.852,1.606,4.445,56.195,7.125,normal
2026-10-07 17:51:41,F1,64.175,1.535,5.362,55.225,7.317,failure
2026-10-07 17:52:41,F1,60.877,1.573,4.242,47.329,6.242,failure
