timestamp,factory_id,temperature,vibration,pressure,humidity,energy_consumption,state
2026-01-01T00:00:00,F2,75.171,1.443,4.648,52.438,10.106,normal
2026-01-01T00:01:00,F2,59.446,1.24,5.328,67.783,8.798,normal
2026-01-01T00:02:00,F2,75.191,1.51,4.621,54.741,7.36,normal
2026-01-01T00:03:00,F2,84.858,1.371,5.106,67.911,7.378,failure
2026-01-01T00:04:00,F2,70.726,1.613,4.477,66.786,8.203,normal
2026-01-01T00:05:00,F2,69.948,1.531,5.768,69.67,7.935,normal
2026-01-01T00:06:00,F2,81.252,1.151,3.848,71.878,8.508,normal
2026-01-01T00:07:00,F2,79.374,1.467,4.818,61.55,11.384,normal
2026-01-01T00:08:00,F2,87.473,1.462,5.152,68.771,8.666,normal
2026-01-01T00:09:00,F2,65.71,1.549,3.542,76.789,7.834,normal
2026-01-01T00:10:00,F2,94.501,1.276,5.99,73.351,8.075,failure
2026-01-01T00:11:00,F2,70.835,1.689,5.092,78.413,7.045,normal
2026-01-01T00:12:00,F2,73.066,1.548,4.355,60.198,7.904,normal
2026-01-01T00:13:00,F2,72.98,1.509,4.744,78.645,8.268,normal
2026-01-01T00:14:00,F2,64.118,1.546,5.652,62.641,6.674,normal
2026-01-01T00:15:00,F2,80.01,1.544,4.396,68.967,8.074,normal
2026-01-01T00:16:00,F2,64.013,1.416,4.442,76.291,7.961,normal
2026-01-01T00:17:00,F2,78.792,1.384,5.412,65.553,9.783,normal
2026-01-01T00:18:00,F2,57.94,1.318,5.92,45.149,10.227,normal
2026-01-01T00:19:00,F2,55.25,1.582,4.897,60.842,7.361,normal
2026-01-01T00:20:00,F2,69.58,1.693,4.178,73.831,9.237,normal
2026-01-01T00:21:00,F2,77.284,1.537,4.371,54.139,8.223,normal
2026-01-01T00:22:00,F2,79.054,1.562,4.564,66.746,9.158,normal
2026-01-01T00:23:00,F2,78.276,1.592,4.753,73.919,9.32,normal
2026-01-01T00:24:00,F2,90.366,1.538,5.008,67.806,6.535,failure
2026-01-01T00:25:00,F2,82.028,1.459,5.188,65.134,9.086,normal
2026-01-01T00:26:00,F2,72.296,1.631,5.484,65.017,8.619,normal
2026-01-01T00:27:00,F2,74.882,1.429,4.504,68.447,11.009,normal
2026-01-01T00:28:00,F2,77.102,1.59,3.636,58.071,10.027,normal
2026-01-01T00:29:00,F2,85.434,1.395,5.198,56.563,9.522,normal
2026-01-01T00:30:00,F2,76.568,1.14,5.582,79.06,8.119,normal
2026-01-01T00:31:00,F2,72.169,1.574,4.768,57.193,9.553,normal
2026-01-01T00:32:00,F2,77.458,1.628,6.457,49.813,10.072,normal
2026-01-01T00:33:00,F2,80.131,1.272,4.649,69.704,9.155,normal
2026-01-01T00:34:00,F2,77.676,1.457,5.105,56.971,9.383,failure
2026-01-01T00:35:00,F2,73.044,1.392,4.879,65.748,9.018,normal
2026-01-01T00:36:00,F2,68.302,1.602,5.38,72.603,7.722,normal
2026-01-01T00:37:00,F2,70.832,1.576,4.092,78.362,7.231,normal
2026-01-01T00:38:00,F2,73.826,1.416,4.178,59.913,8.661,normal
2026-01-01T00:39:00,F2,84.161,1.778,4.633,57.114,9.393,normal
2026-01-01T00:40:00,F2,70.564,1.553,4.093,60.878,10.266,failure
2026-01-01T00:41:00,F2,77.793,1.61,4.594,78.631,7.171,failure
2026-01-01T00:42:00,F2,78.121,1.598,4.612,67.013,9.692,normal
2026-01-01T00:43:00,F2,82.472,1.536,4.875,62.355,7.907,normal
2026-01-01T00:44:00,F2,82.324,1.611,4.307,71.625,10.201,normal
2026-01-01T00:45:00,F2,81.642,1.351,4.916,71.249,7.83,failure
2026-01-01T00:46:00,F2,67.984,1.775,6.505,80.64,8.567,failure
2026-01-01T00:47:00,F2,63.868,1.351,5.147,80.513,8.814,normal
2026-01-01T00:48:00,F2,71.751,1.515,5.837,73.171,10.12,normal
2026-01-01T00:49:00,F2,76.534,1.327,5.102,57.387,8.44,normal
2026-01-01T00:50:00,F2,78.046,1.408,4.95,65.264,9.719,normal
2026-01-01T00:51:00,F2,71.27,1.507,5.413,59.169,5.564,normal
2026-01-01T00:52:00,F2,73.16,1.83,5.164,50.641,10.107,failure
2026-01-01T00:53:00,F2,83.232,1.483,4.801,63.565,10.713,normal
2026-01-01T00:54:00,F2,81.24,1.514,3.52,74.67,8.156,normal
2026-01-01T00:55:00,F2,78.733,1.538,5.129,56.001,9.181,normal
2026-01-01T00:56:00,F2,81.389,1.342,4.592,58.877,9.828,normal
2026-01-01T00:57:00,F2,77.478,1.516,5.053,65.389,7.3,normal
2026-01-01T00:58:00,F2,80.967,1.387,4.92,72.33,9.634,normal
2026-01-01T00:59:00,F2,85.513,1.393,4.921,65.636,9.392,normal
2026-01-01T01:00:00,F2,55.902,1.181,4.423,79.272,7.761,normal
2026-01-01T01:01:00,F2,68.247,1.37,5.266,67.032,5.898,normal
2026-01-01T01:02:00,F2,90.999,1.363,5.083,70.285,9.981,failure
2026-01-01T01:03:00,F2,75.349,1.63,4.485,57.198,6.702,failure
2026-01-01T01:04:00,F2,74.029,1.415,4.279,74.406,7.18,normal
2026-01-01T01:05:00,F2,77.85,1.729,5.207,60.289,8.851,normal
2026-01-01T01:06:00,F2,80.743,1.213,4.119,70.588,9.794,normal
2026-01-01T01:07:00,F2,68.719,1.4,5.249,72.612,8.318,normal
2026-01-01T01:08:00,F2,83.05,1.58,5.371,66.182,11.449,failure
2026-01-01T01:09:00,F2,84.237,1.59,5.188,75.496,9.016,failure
2026-01-01T01:10:00,F2,87.512,1.448,4.607,66.512,8.265,failure
2026-01-01T01:11:00,F2,59.528,1.391,3.926,63.098,10.105,normal
2026-01-01T01:12:00,F2,58.472,1.236,4.61,58.932,8.812,normal
2026-01-01T01:13:00,F2,76.454,1.578,3.735,48.31,8.639,normal
2026-01-01T01:14:00,F2,81.015,1.464,5.15,61.282,8.106,normal
2026-01-01T01:15:00,F2,64.803,1.351,5.972,65.154,7.062,normal
2026-01-01T01:16:00,F2,75.759,1.336,5.054,66.802,7.916,normal
2026-01-01T01:17:00,F2,86.201,1.606,4.721,63.821,7.678,normal
2026-01-01T01:18:00,F2,71.906,1.754,3.874,73.321,6.787,normal
2026-01-01T01:19:00,F2,69.273,1.536,4.81,82.655,8.297,normal
2026-01-01T01:20:00,F2,69.947,1.341,4.623,59.806,7.534,normal
2026-01-01T01:21:00,F2,79.911,1.471,5.723,60.834,9.34,failure
2026-01-01T01:22:00,F2,74.612,1.435,2.66,65.497,8.624,normal
2026-01-01T01:23:00,F2,82.045,1.361,4.73,76.213,10.619,normal
2026-01-01T01:24:00,F2,61.39,1.543,4.533,59.072,11.761,normal
2026-01-01T01:25:00,F2,70.859,1.449,5.936,60.009,8.994,normal
2026-01-01T01:26:00,F2,61.544,1.527,3.222,56.511,8.657,normal
2026-01-01T01:27:00,F2,75.558,1.422,4.26,70.902,8.327,normal
2026-01-01T01:28:00,F2,82.196,1.31,3.868,59.198,10.511,failure
2026-01-01T01:29:00,F2,61.486,1.646,3.769,78.964,8.816,normal
2026-01-01T01:30:00,F2,86.543,1.61,4.964,50.156,7.779,failure
2026-01-01T01:31:00,F2,72.612,1.315,5.028,58.696,11.172,normal
2026-01-01T01:32:00,F2,71.359,1.419,4.949,52.541,11.096,normal
2026-01-01T01:33:00,F2,84.215,1.455,5.118,53.717,7.177,normal
2026-01-01T01:34:00,F2,79.479,1.58,4.393,65.867,9.557,normal
2026-01-01T01:35:00,F2,82.463,1.535,5.998,84.472,10.896,failure
2026-01-01T01:36:00,F2,86.193,1.518,4.598,68.023,10.273,normal
2026-01-01T01:37:00,F2,78.012,1.448,4.163,71.343,7.949,normal
2026-01-01T01:38:00,F2,77.768,1.56,5.38,71.323,8.157,normal
2026-01-01T01:39:00,F2,87.429,1.769,3.682,63.946,6.369,normal
2026-01-01T01:40:00,F2,71.933,1.515,4.661,78.108,8.279,normal
2026-01-01T01:41:00,F2,73.818,1.577,5.569,49.277,8.733,failure
2026-01-01T01:42:00,F2,65.389,1.438,5.449,82.922,7.833,normal
2026-01-01T01:43:00,F2,79.442,1.098,4.775,62.699,8.321,normal
2026-01-01T01:44:00,F2,68.708,1.351,5.032,66.759,8.145,normal
2026-01-01T01:45:00,F2,80.325,1.507,4.903,53.913,10.317,normal
2026-01-01T01:46:00,F2,64.437,1.733,5.855,70.927,8.915,normal
2026-01-01T01:47:00,F2,75.342,1.338,5.058,78.256,5.722,normal
2026-01-01T01:48:00,F2,86.414,1.614,4.242,62.04,9.39,failure
2026-01-01T01:49:00,F2,79.65,1.437,5.641,66.967,9.435,normal
2026-01-01T01:50:00,F2,65.206,1.379,4.69,60.784,7.611,normal
2026-01-01T01:51:00,F2,75.098,1.338,6.113,38.445,8.461,failure
2026-01-01T01:52:00,F2,90.315,1.491,4.587,71.175,9.16,normal
2026-01-01T01:53:00,F2,87.026,1.361,5.155,74.98,8.219,normal
2026-01-01T01:54:00,F2,79.58,1.533,6.15,47.777,9.534,normal
2026-01-01T01:55:00,F2,76.496,1.236,4.015,82.282,6.09,normal
2026-01-01T01:56:00,F2,86.871,1.465,4.353,67.553,8.267,normal
2026-01-01T01:57:00,F2,67.627,1.533,4.633,63.909,5.8,normal
2026-01-01T01:58:00,F2,58.289,1.537,4.512,72.497,9.485,normal
2026-01-01T01:59:00,F2,86.994,1.246,4.943,65.807,6.441,normal
2026-01-01T02:00:00,F2,65.112,1.641,3.966,74.074,7.507,normal
2026-01-01T02:01:00,F2,93.357,1.368,4.173,64.169,10.361,normal
2026-01-01T02:02:00,F2,85.761,1.388,4.651,64.564,9.948,normal
2026-01-01T02:03:00,F2,81.687,1.253,4.586,65.356,8.604,normal
2026-01-01T02:04:00,F2,54.593,1.448,5.408,66.228,7.999,normal
2026-01-01T02:05:00,F2,77.051,1.175,4.421,71.014,10.302,normal
2026-01-01T02:06:00,F2,68.073,1.32,4.664,62.587,7.464,normal
2026-01-01T02:07:00,F2,79.946,1.381,4.408,67.71,9.622,normal
2026-01-01T02:08:00,F2,88.577,1.495,5.246,75.323,7.25,normal
2026-01-01T02:09:00,F2,77.092,1.089,6.458,73.772,8.284,normal
2026-01-01T02:10:00,F2,69.026,1.392,4.772,75.905,10.977,normal
2026-01-01T02:11:00,F2,78.963,1.475,3.677,61.121,8.109,normal
2026-01-01T02:12:00,F2,83.33,1.558,3.836,59.898,9.969,failure
2026-01-01T02:13:00,F2,90.883,1.357,4.015,72.282,8.8,normal
2026-01-01T02:14:00,F2,100.757,1.377,5.473,78.93,9.148,failure
2026-01-01T02:15:00,F2,80.551,1.234,3.642,68.059,8.256,normal
2026-01-01T02:16:00,F2,83.796,1.545,4.505,74.709,9.346,normal
2026-01-01T02:17:00,F2,67.697,1.741,2.779,66.043,7.448,normal
2026-01-01T02:18:00,F2,81.042,1.227,4.573,67.984,8.562,normal
2026-01-01T02:19:00,F2,71.16,1.782,5.037,64.848,6.76,normal
2026-01-01T02:20:00,F2,63.433,1.139,3.997,65.845,10.721,normal
2026-01-01T02:21:00,F2,84.96,1.116,4.736,60.004,7.546,normal
2026-01-01T02:22:00,F2,67.637,1.707,4.506,61.548,10.054,normal
2026-01-01T02:23:00,F2,78.675,1.367,4.283,65.385,10.125,normal
2026-01-01T02:24:00,F2,66.455,1.365,4.852,62.428,9.622,normal
2026-01-01T02:25:00,F2,75.543,1.036,4.907,81.233,8.778,normal
2026-01-01T02:26:00,F2,66.268,1.572,4.668,73.54,7.197,normal
2026-01-01T02:27:00,F2,85.021,1.337,4.269,60.108,8.921,normal
2026-01-01T02:28:00,F2,83.219,1.422,3.245,80.377,8.425,normal
2026-01-01T02:29:00,F2,67.202,1.336,5.642,60.338,7.664,normal
2026-01-01T02:30:00,F2,84.375,1.612,5.4,66.268,10.956,failure
2026-01-01T02:31:00,F2,72.264,1.574,5.29,73.215,9.277,normal
2026-01-01T02:32:00,F2,66.529,1.381,4.215,65.147,9.159,normal
2026-01-01T02:33:00,F2,75.425,1.267,4.527,59.866,9.035,normal
2026-01-01T02:34:00,F2,98.624,1.796,4.271,57.132,7.417,normal
2026-01-01T02:35:00,F2,84.166,1.254,4.464,54.11,9.542,normal
2026-01-01T02:36:00,F2,72.512,1.138,4.682,80.281,6.799,normal
2026-01-01T02:37:00,F2,68.955,1.546,5.88,70.048,5.801,normal
2026-01-01T02:38:00,F2,71.464,1.4,3.715,71.979,9.17,normal
2026-01-01T02:39:00,F2,73.115,1.648,4.993,68.913,11.406,failure
2026-01-01T02:40:00,F2,78.845,1.461,5.023,67.934,9.77,normal
2026-01-01T02:41:00,F2,80.495,1.197,4.287,66.022,8.125,normal
2026-01-01T02:42:00,F2,76.167,1.711,5.083,59.252,8.774,normal
2026-01-01T02:43:00,F2,68.419,1.567,4.371,68.332,8.619,normal
2026-01-01T02:44:00,F2,68.514,1.344,4.587,56.208,7.961,normal
2026-01-01T02:45:00,F2,77.233,1.546,5.384,48.872,11.359,failure
2026-01-01T02:46:00,F2,71.514,2.011,4.721,80.493,9.567,normal
2026-01-01T02:47:00,F2,90.407,1.262,3.418,67.684,5.629,normal
2026-01-01T02:48:00,F2,79.976,1.115,4.283,64.438,5.4,normal
2026-01-01T02:49:00,F2,78.896,1.679,3.422,61.13,11.245,normal
2026-01-01T02:50:00,F2,70.628,1.641,4.184,70.909,12.187,normal
2026-01-01T02:51:00,F2,81.664,1.347,3.138,65.986,7.432,normal
2026-01-01T02:52:00,F2,84.284,1.364,4.555,83.348,6.784,normal
2026-01-01T02:53:00,F2,79.443,1.544,6.023,77.816,7.111,failure
2026-01-01T02:54:00,F2,70.287,1.337,5.398,59.346,5.885,normal
2026-01-01T02:55:00,F2,65.21,1.505,4.288,69.595,9.762,normal
2026-01-01T02:56:00,F2,87.75,1.162,5.007,68.23,8.684,normal
2026-01-01T02:57:00,F2,82.996,1.56,5.868,59.198,5.386,normal
2026-01-01T02:58:00,F2,65.299,1.558,3.863,69.368,6.065,normal
2026-01-01T02:59:00,F2,80.561,1.37,5.367,58.709,7.713,normal
2026-01-01T03:00:00,F2,56.899,1.442,5.777,63.381,7.681,normal
2026-01-01T03:01:00,F2,79.472,1.591,3.996,83.822,8.842,normal
2026-01-01T03:02:00,F2,78.598,1.346,4.217,66.146,7.401,normal
2026-01-01T03:03:00,F2,83.059,1.516,5.036,61.363,8.156,normal
2026-01-01T03:04:00,F2,80.352,1.483,4.458,68.29,7.61,normal
2026-01-01T03:05:00,F2,67.462,1.286,3.956,81.097,8.613,normal
2026-01-01T03:06:00,F2,70.503,1.487,3.59,74.527,10.517,normal
2026-01-01T03:07:00,F2,83.953,1.542,3.876,69.027,9.026,normal
2026-01-01T03:08:00,F2,66.796,1.41,5.172,76.344,10.156,failure
2026-01-01T03:09:00,F2,64.732,1.405,5.335,70.267,5.975,normal
2026-01-01T03:10:00,F2,76.546,1.377,5.145,68.376,6.164,normal
2026-01-01T03:11:00,F2,80.616,1.13,4.743,76.573,9.518,failure
2026-01-01T03:12:00,F2,75.667,1.383,4.934,71.351,10.031,normal
2026-01-01T03:13:00,F2,69.437,1.329,3.559,60.055,6.3,normal
2026-01-01T03:14:00,F2,64.54,1.399,5.581,71.84,6.749,normal
2026-01-01T03:15:00,F2,69.159,1.714,5.168,63.265,9.748,failure
2026-01-01T03:16:00,F2,84.072,1.3,5.392,56.106,11.433,normal
2026-01-01T03:17:00,F2,65.699,1.661,2.697,61.267,11.486,normal
2026-01-01T03:18:00,F2,80.25,1.267,4.879,74.006,6.811,normal
2026-01-01T03:19:00,F2,72.406,1.187,3.263,51.434,7.339,normal
2026-01-01T03:20:00,F2,78.142,1.421,4.281,58.078,10.031,normal
2026-01-01T03:21:00,F2,81.008,1.453,4.788,64.098,7.107,normal
2026-01-01T03:22:00,F2,78.355,1.393,4.469,67.451,8.804,normal
2026-01-01T03:23:00,F2,73.851,1.305,4.257,58.367,9.777,normal
2026-01-01T03:24:00,F2,68.025,1.279,5.176,67.337,5.252,normal
2026-01-01T03:25:00,F2,70.695,1.114,4.846,61.81,10.515,normal
2026-01-01T03:26:00,F2,57.506,1.585,4.11,57.74,10.315,normal
2026-01-01T03:27:00,F2,77.258,1.624,4.216,57.578,8.358,failure
2026-01-01T03:28:00,F2,56.455,1.352,4.797,78.564,9.254,normal
2026-01-01T03:29:00,F2,73.36,1.544,5.094,61.352,9.084,normal
2026-01-01T03:30:00,F2,87.753,1.093,4.835,62.466,6.784,normal
2026-01-01T03:31:00,F2,83.545,1.432,4.135,68.959,10.416,normal
2026-01-01T03:32:00,F2,89.979,1.481,4.918,91.476,7.369,failure
2026-01-01T03:33:00,F2,87.105,1.427,4.108,59.811,8.482,normal
2026-01-01T03:34:00,F2,86.671,1.281,4.618,59.823,6.576,failure
2026-01-01T03:35:00,F2,77.407,1.34,4.708,71.739,9.742,normal
2026-01-01T03:36:00,F2,65.549,1.389,4.431,61.95,9.416,normal
2026-01-01T03:37:00,F2,67.552,1.032,4.243,46.399,9.41,normal
2026-01-01T03:38:00,F2,63.132,1.159,4.048,57.689,9.022,normal
2026-01-01T03:39:00,F2,65.232,1.617,5.593,61.49,9.118,normal
2026-01-01T03:40:00,F2,70.162,1.396,5.212,76.162,7.703,normal
2026-01-01T03:41:00,F2,80.94,1.353,4.033,43.231,8.764,normal
2026-01-01T03:42:00,F2,97.661,1.259,4.897,64.669,9.166,failure
2026-01-01T03:43:00,F2,75.753,1.254,5.998,66.144,8.827,normal
2026-01-01T03:44:00,F2,87.061,1.292,4.441,63.412,8.667,failure
2026-01-01T03:45:00,F2,81.178,1.547,4.415,58.439,7.131,normal
2026-01-01T03:46:00,F2,81.657,1.412,5.034,58.428,5.695,normal
2026-01-01T03:47:00,F2,75.532,1.726,3.772,58.939,6.694,normal
2026-01-01T03:48:00,F2,92.728,1.584,5.618,61.461,8.219,failure
2026-01-01T03:49:00,F2,75.961,1.328,4.481,70.047,7.089,normal
2026-01-01T03:50:00,F2,76.68,1.377,5.086,67.66,8.153,normal
2026-01-01T03:51:00,F2,73.588,1.532,4.921,64.352,7.235,normal
2026-01-01T03:52:00,F2,93.564,1.554,4.293,64.956,8.087,normal
2026-01-01T03:53:00,F2,73.609,1.26,4.818,58.796,9.76,normal
2026-01-01T03:54:00,F2,69.692,1.409,4.387,65.549,8.752,normal
2026-01-01T03:55:00,F2,70.078,1.443,4.717,57.875,10.144,normal
2026-01-01T03:56:00,F2,74.744,0.947,4.047,56.319,9.769,normal
2026-01-01T03:57:00,F2,74.013,1.652,5.209,54.729,5.367,normal
2026-01-01T03:58:00,F2,84.039,1.579,4.492,69.464,11.506,failure
2026-01-01T03:59:00,F2,84.873,1.224,4.71,64.021,7.426,normal
2026-01-01T04:00:00,F2,86.924,1.456,3.396,71.129,9.629,failure
2026-01-01T04:01:00,F2,77.046,1.427,3.421,62.412,10.951,normal
2026-01-01T04:02:00,F2,77.357,1.359,6.216,66.837,11.745,failure
2026-01-01T04:03:00,F2,75.174,1.188,5.684,47.924,7.851,normal
2026-01-01T04:04:00,F2,55.996,1.41,4.753,66.774,9.757,normal
2026-01-01T04:05:00,F2,67.204,1.111,5.1,73.693,8.309,normal
2026-01-01T04:06:00,F2,72.947,1.335,4.364,57.705,9.547,normal
2026-01-01T04:07:00,F2,72.314,1.522,4.267,39.403,7.568,normal
2026-01-01T04:08:00,F2,91.093,1.323,3.947,66.23,9.608,normal
2026-01-01T04:09:00,F2,41.924,1.583,3.588,46.095,7.331,normal
2026-01-01T04:10:00,F2,62.405,1.331,4.818,69.143,8.346,normal
2026-01-01T04:11:00,F2,68.61,1.236,4.055,76.622,8.336,normal
2026-01-01T04:12:00,F2,85.803,1.215,3.98,76.109,9.339,normal
2026-01-01T04:13:00,F2,70.369,1.144,3.88,65.759,7.716,normal
2026-01-01T04:14:00,F2,83.279,1.473,4.554,69.539,7.976,normal
2026-01-01T04:15:00,F2,77.413,1.434,4.608,64.5,6.96,normal
2026-01-01T04:16:00,F2,76.638,1.187,4.272,63.431,6.79,normal
2026-01-01T04:17:00,F2,87.722,1.358,5.08,66.066,11.597,failure
2026-01-01T04:18:00,F2,75.84,1.234,4.636,82.907,8.684,normal
2026-01-01T04:19:00,F2,81.344,1.208,4.845,69.654,8.556,normal
2026-01-01T04:20:00,F2,69.81,1.266,5.232,74.792,8.051,normal
2026-01-01T04:21:00,F2,76.569,1.45,5.752,80.717,10.032,normal
2026-01-01T04:22:00,F2,70.715,1.422,6.009,61.644,11.195,normal
2026-01-01T04:23:00,F2,77.338,1.268,4.638,66.35,8.632,normal
2026-01-01T04:24:00,F2,68.916,1.327,3.339,52.692,9.774,normal
2026-01-01T04:25:00,F2,70.024,1.292,4.464,75.812,6.587,normal
2026-01-01T04:26:00,F2,74.939,1.318,3.382,63.736,9.289,normal
2026-01-01T04:27:00,F2,74.343,1.504,3.455,68.434,6.844,normal
2026-01-01T04:28:00,F2,79.411,1.449,4.205,59.597,8.613,normal
2026-01-01T04:29:00,F2,74.174,1.448,4.16,65.111,9.146,normal
2026-01-01T04:30:00,F2,91.191,1.289,4.854,65.202,10.327,failure
2026-01-01T04:31:00,F2,66.022,1.333,4.524,66.603,9.351,normal
2026-01-01T04:32:00,F2,69.555,1.261,4.702,79.341,10.251,normal
2026-01-01T04:33:00,F2,88.286,1.665,5.346,58.125,5.519,failure
2026-01-01T04:34:00,F2,60.103,1.375,4.59,78.249,5.979,normal
2026-01-01T04:35:00,F2,84.582,1.076,4.804,86.464,5.641,normal
2026-01-01T04:36:00,F2,60.13,1.35,5.752,59.027,6.864,normal
2026-01-01T04:37:00,F2,81.012,1.107,4.886,75.564,7.676,normal
2026-01-01T04:38:00,F2,79.376,1.552,5.159,70.448,8.046,normal
2026-01-01T04:39:00,F2,79.844,1.462,4.494,59.09,7.819,normal
2026-01-01T04:40:00,F2,79.421,1.217,4.579,52.21,9.655,normal
2026-01-01T04:41:00,F2,71.186,1.465,4.05,77.539,6.353,normal
2026-01-01T04:42:00,F2,83.065,1.34,5.755,70.081,9.353,normal
2026-01-01T04:43:00,F2,71.156,1.327,4.775,55.224,10.001,normal
2026-01-01T04:44:00,F2,73.708,1.454,3.894,77.506,8.486,normal
2026-01-01T04:45:00,F2,77.728,1.144,4.586,74.717,9.077,normal
2026-01-01T04:46:00,F2,89.624,1.372,4.103,77.725,8.678,normal
2026-01-01T04:47:00,F2,68.176,1.43,4.881,63.941,7.71,normal
2026-01-01T04:48:00,F2,73.791,1.355,5.738,60.235,10.779,normal
2026-01-01T04:49:00,F2,95.676,1.258,4.758,66.943,8.541,normal
2026-01-01T04:50:00,F2,80.278,1.155,5.117,48.691,10.392,normal
2026-01-01T04:51:00,F2,67.905,1.336,4.881,73.874,10.325,normal
2026-01-01T04:52:00,F2,74.562,1.003,4.23,73.943,7.089,normal
2026-01-01T04:53:00,F2,71.687,1.442,4.391,58.463,6.408,normal
2026-01-01T04:54:00,F2,74.417,1.655,5.642,58.747,6.767,normal
2026-01-01T04:55:00,F2,77.298,1.242,4.588,87.846,8.976,normal
2026-01-01T04:56:00,F2,77.371,1.317,4.785,69.135,9.253,normal
2026-01-01T04:57:00,F2,79.077,1.412,3.43,62.58,8.107,normal
2026-01-01T04:58:00,F2,72.612,1.29,5.01,47.023,8.783,normal
2026-01-01T04:59:00,F2,89.814,1.422,4.793,59.62,8.506,normal
2026-01-01T05:00:00,F2,72.215,1.208,4.666,75.517,5.439,normal
2026-01-01T05:01:00,F2,84.043,1.43,4.809,71.054,7.786,normal
2026-01-01T05:02:00,F2,74.603,1.241,3.424,65.79,8.958,normal
2026-01-01T05:03:00,F2,75.341,1.532,6.073,56.13,5.943,failure
2026-01-01T05:04:00,F2,76.433,1.173,4.092,65.848,6.562,normal
2026-01-01T05:05:00,F2,64.918,1.303,4.252,69.089,7.683,normal
2026-01-01T05:06:00,F2,79.755,0.906,3.049,63.659,6.311,normal
2026-01-01T05:07:00,F2,85.809,1.352,5.186,76.647,8.111,normal
2026-01-01T05:08:00,F2,87.278,1.566,4.373,64.861,7.57,normal
2026-01-01T05:09:00,F2,72.491,1.28,4.393,74.018,9.853,normal
2026-01-01T05:10:00,F2,72.104,1.169,3.446,62.663,11.019,normal
2026-01-01T05:11:00,F2,59.989,1.547,4.448,59.451,5.878,normal
2026-01-01T05:12:00,F2,62.489,1.322,5.189,62.68,7.479,normal
2026-01-01T05:13:00,F2,71.169,1.173,4.338,58.9,8.52,normal
2026-01-01T05:14:00,F2,77.015,1.537,4.898,61.254,7.912,normal
2026-01-01T05:15:00,F2,44.513,1.401,4.315,63.695,10.425,normal
2026-01-01T05:16:00,F2,64.991,1.195,3.972,66.685,6.979,normal
2026-01-01T05:17:00,F2,70.821,1.373,3.975,67.229,8.015,normal
2026-01-01T05:18:00,F2,80.546,1.436,4.853,72.067,9.112,failure
2026-01-01T05:19:00,F2,66.807,1.574,4.251,69.832,8.473,normal
2026-01-01T05:20:00,F2,65.956,1.16,5.473,64.3,8.457,normal
2026-01-01T05:21:00,F2,66.919,1.557,4.816,82.421,8.25,normal
2026-01-01T05:22:00,F2,71.812,1.49,4.706,62.969,5.071,normal
2026-01-01T05:23:00,F2,73.911,1.24,5.264,66.153,10.098,failure
2026-01-01T05:24:00,F2,86.783,1.188,4.255,71.938,10.228,normal
2026-01-01T05:25:00,F2,82.383,1.269,4.879,67.51,6.575,normal
2026-01-01T05:26:00,F2,82.688,1.071,4.487,84.671,8.309,normal
2026-01-01T05:27:00,F2,82.608,1.364,5.132,79.174,8.857,normal
2026-01-01T05:28:00,F2,73.727,1.33,5.864,69.245,8.4,normal
2026-01-01T05:29:00,F2,79.889,0.941,4.02,73.179,9.103,normal
2026-01-01T05:30:00,F2,65.439,1.184,4.361,78.563,9.227,normal
2026-01-01T05:31:00,F2,65.994,1.223,4.68,76.581,10.001,normal
2026-01-01T05:32:00,F2,75.052,0.961,5.002,73.627,5.783,normal
2026-01-01T05:33:00,F2,74.806,1.246,5.521,59.572,7.747,normal
2026-01-01T05:34:00,F2,78.258,1.329,4.128,54.678,10.426,normal
2026-01-01T05:35:00,F2,82.489,1.178,4.418,57.202,6.434,normal
2026-01-01T05:36:00,F2,59.749,1.362,4.978,62.845,9.74,normal
2026-01-01T05:37:00,F2,65.26,1.227,4.645,65.182,5.109,normal
2026-01-01T05:38:00,F2,60.52,1.449,3.977,62.239,10.437,normal
2026-01-01T05:39:00,F2,68.47,1.354,3.643,60.379,9.183,normal
2026-01-01T05:40:00,F2,67.059,1.347,4.244,61.627,10.35,normal
2026-01-01T05:41:00,F2,70.332,1.217,4.307,67.252,8.476,normal
2026-01-01T05:42:00,F2,78.609,0.938,4.317,58.182,6.032,normal
2026-01-01T05:43:00,F2,67.435,1.344,4.299,79.611,10.036,normal
2026-01-01T05:44:00,F2,83.056,1.234,3.532,48.378,7.335,normal
2026-01-01T05:45:00,F2,64.323,1.324,4.857,64.265,7.681,normal
2026-01-01T05:46:00,F2,71.637,1.358,4.926,61.277,5.747,normal
2026-01-01T05:47:00,F2,68.079,1.526,5.015,51.392,5.762,normal
2026-01-01T05:48:00,F2,70.104,1.032,3.009,63.923,8.612,normal
2026-01-01T05:49:00,F2,76.343,1.191,4.694,64.67,6.916,normal
2026-01-01T05:50:00,F2,74.771,1.653,4.383,52.44,8.358,normal
2026-01-01T05:51:00,F2,73.866,1.714,4.549,64.574,7.694,normal
2026-01-01T05:52:00,F2,83.61,1.358,4.528,62.366,10.335,normal
2026-01-01T05:53:00,F2,71.627,1.455,4.933,77.909,8.132,normal
2026-01-01T05:54:00,F2,80.466,1.305,2.94,73.081,6.948,normal
2026-01-01T05:55:00,F2,104.942,1.327,3.343,84.983,11.138,normal
2026-01-01T05:56:00,F2,55.196,1.169,4.36,65.227,7.902,normal
2026-01-01T05:57:00,F2,80.361,1.536,4.732,74.952,5.741,normal
2026-01-01T05:58:00,F2,76.79,1.463,5.352,75.721,10.174,normal
2026-01-01T05:59:00,F2,84.756,1.166,4.533,58.614,6.823,failure
2026-01-01T06:00:00,F2,68.752,1.157,2.986,59.61,11.467,normal
2026-01-01T06:01:00,F2,84.279,1.046,5.665,74.804,6.897,normal
2026-01-01T06:02:00,F2,83.503,1.109,4.079,72.941,4.51,normal
2026-01-01T06:03:00,F2,83.22,0.989,4.446,77.111,9.458,normal
2026-01-01T06:04:00,F2,80.268,1.393,4.727,63.941,8.102,normal
2026-01-01T06:05:00,F2,66.47,1.265,5.574,67.424,10.2,normal
2026-01-01T06:06:00,F2,84.28,1.403,4.024,74.502,6.417,normal
2026-01-01T06:07:00,F2,68.688,1.498,4.706,67.801,10.046,failure
2026-01-01T06:08:00,F2,75.282,1.274,3.899,67.848,6.701,normal
2026-01-01T06:09:00,F2,72.754,1.407,4.77,59.697,8.618,failure
2026-01-01T06:10:00,F2,83.194,1.238,3.616,62.652,8.408,normal
2026-01-01T06:11:00,F2,65.881,1.173,4.387,66.436,7.016,normal
2026-01-01T06:12:00,F2,70.301,1.111,3.807,66.949,8.997,normal
2026-01-01T06:13:00,F2,78.056,1.126,4.357,78.01,5.6,normal
2026-01-01T06:14:00,F2,78.033,1.118,5.649,59.099,7.259,normal
2026-01-01T06:15:00,F2,78.951,1.173,5.075,68.479,7.724,normal
2026-01-01T06:16:00,F2,74.082,1.115,3.923,61.317,5.942,normal
2026-01-01T06:17:00,F2,63.6,1.35,4.489,66.066,8.679,normal
2026-01-01T06:18:00,F2,74.794,1.099,4.024,66.398,7.611,normal
2026-01-01T06:19:00,F2,72.603,1.309,4.265,72.24,7.153,normal
2026-01-01T06:20:00,F2,78.655,1.27,3.954,67.767,7.898,normal
2026-01-01T06:21:00,F2,86.111,0.975,4.669,84.54,6.96,normal
2026-01-01T06:22:00,F2,70.979,1.149,3.939,93.71,10.189,normal
2026-01-01T06:23:00,F2,79.42,1.097,3.635,64.321,7.869,normal
2026-01-01T06:24:00,F2,74.04,1.335,4.591,77.293,7.74,normal
2026-01-01T06:25:00,F2,73.168,1.049,5.509,61.102,3.851,normal
2026-01-01T06:26:00,F2,72.465,0.935,3.578,68.623,7.816,normal
2026-01-01T06:27:00,F2,79.704,1.203,4.664,77.742,7.305,normal
2026-01-01T06:28:00,F2,64.107,1.177,3.293,65.629,8.196,normal
2026-01-01T06:29:00,F2,74.426,1.208,4.375,65.911,8.94,normal
2026-01-01T06:30:00,F2,79.246,1.393,4.106,64.639,8.451,normal
2026-01-01T06:31:00,F2,72.041,1.316,5.985,63.962,9.946,normal
2026-01-01T06:32:00,F2,55.78,1.216,3.961,52.266,7.135,normal
2026-01-01T06:33:00,F2,88.752,1.289,4.532,75.716,6.88,normal
2026-01-01T06:34:00,F2,75.835,1.312,4.23,77.55,11.469,normal
2026-01-01T06:35:00,F2,83.131,1.142,3.567,66.289,9.016,normal
2026-01-01T06:36:00,F2,85.192,1.449,3.185,79.703,9.696,normal
2026-01-01T06:37:00,F2,86.78,1.607,3.545,62.573,8.34,normal
2026-01-01T06:38:00,F2,77.031,1.178,4.586,51.923,9.718,normal
2026-01-01T06:39:00,F2,85.639,1.304,5.154,54.377,8.052,normal
2026-01-01T06:40:00,F2,70.278,1.236,4.582,71.925,8.768,normal
2026-01-01T06:41:00,F2,77.39,1.112,4.346,58.538,7.377,normal
2026-01-01T06:42:00,F2,53.993,1.26,6.325,65.163,7.474,normal
2026-01-01T06:43:00,F2,85.378,1.288,4.337,59.765,10.145,normal
2026-01-01T06:44:00,F2,56.72,1.379,4.518,77.34,8.494,normal
2026-01-01T06:45:00,F2,75.332,1.337,4.155,58.642,10.495,normal
2026-01-01T06:46:00,F2,81.8,1.092,4.217,50.844,7.526,normal
2026-01-01T06:47:00,F2,77.666,1.217,5.059,58.642,9.697,normal
2026-01-01T06:48:00,F2,77.073,1.185,4.8,52.396,7.434,normal
2026-01-01T06:49:00,F2,75.332,1.399,4.768,55.642,7.639,normal
2026-01-01T06:50:00,F2,89.262,1.045,5.087,73.881,11.731,normal
2026-01-01T06:51:00,F2,71.772,1.274,4.525,52.53,8.216,normal
2026-01-01T06:52:00,F2,91.781,1.142,3.617,83.56,10.651,failure
2026-01-01T06:53:00,F2,79.218,1.245,4.914,65.46,5.129,normal
2026-01-01T06:54:00,F2,63.701,1.104,4.325,59.275,8.651,normal
2026-01-01T06:55:00,F2,78.727,1.101,3.077,72.34,8.226,normal
2026-01-01T06:56:00,F2,74.29,1.434,3.898,49.655,9.758,normal
2026-01-01T06:57:00,F2,87.106,1.055,4.466,64.845,6.151,normal
2026-01-01T06:58:00,F2,79.141,1.557,3.566,67.175,7.042,normal
2026-01-01T06:59:00,F2,72.444,1.032,3.985,72.315,8.164,normal
2026-01-01T07:00:00,F2,81.621,1.195,4.618,57.553,10.45,normal
2026-01-01T07:01:00,F2,73.879,1.443,5.715,68.364,7.466,normal
2026-01-01T07:02:00,F2,70.405,1.104,4.275,72.665,8.341,normal
2026-01-01T07:03:00,F2,75.581,1.268,4.882,63.091,6.007,normal
2026-01-01T07:04:00,F2,76.474,1.072,5.617,58.821,8.708,normal
2026-01-01T07:05:00,F2,69.588,1.147,3.386,62.618,6.46,normal
2026-01-01T07:06:00,F2,73.794,1.479,4.811,64.011,7.661,normal
2026-01-01T07:07:00,F2,62.02,1.13,5.327,67.433,9.172,normal
2026-01-01T07:08:00,F2,78.617,1.363,4.922,71.193,8.304,normal
2026-01-01T07:09:00,F2,72.868,1.06,4.517,75.958,5.202,normal
2026-01-01T07:10:00,F2,71.348,1.296,4.379,72.961,8.836,normal
2026-01-01T07:11:00,F2,80.622,1.506,3.81,67.497,9.201,normal
2026-01-01T07:12:00,F2,73.479,1.109,4.79,67.86,8.545,normal
2026-01-01T07:13:00,F2,75.221,0.544,3.581,76.183,9.123,normal
2026-01-01T07:14:00,F2,74.731,0.987,7.006,60.333,8.741,normal
2026-01-01T07:15:00,F2,90.662,1.358,5.805,63.108,5.434,normal
2026-01-01T07:16:00,F2,77.221,1.39,4.437,79.079,4.508,normal
2026-01-01T07:17:00,F2,85.187,1.113,4.469,56.976,9.325,normal
2026-01-01T07:18:00,F2,71.641,1.611,5.922,60.293,7.221,normal
2026-01-01T07:19:00,F2,71.988,1.201,4.049,75.356,7.909,normal
2026-01-01T07:20:00,F2,82.258,1.452,5.102,62.004,10.271,normal
2026-01-01T07:21:00,F2,62.935,1.179,4.716,73.353,11.325,normal
2026-01-01T07:22:00,F2,65.008,0.984,4.361,72.898,9.337,normal
2026-01-01T07:23:00,F2,72.821,1.169,4.182,69.545,9.424,normal
2026-01-01T07:24:00,F2,82.826,1.299,4.76,50.289,5.779,normal
2026-01-01T07:25:00,F2,72.151,1.053,4.528,75.015,8.722,normal
2026-01-01T07:26:00,F2,75.344,1.114,4.37,47.088,8.407,normal
2026-01-01T07:27:00,F2,82.24,1.04,4.931,76.76,9.696,normal
2026-01-01T07:28:00,F2,70.701,0.979,4.67,64.497,6.522,normal
2026-01-01T07:29:00,F2,67.928,1.169,3.767,57.728,7.29,normal
2026-01-01T07:30:00,F2,89.193,1.218,4.454,68.23,9.247,normal
2026-01-01T07:31:00,F2,71.738,1.333,3.862,61.684,5.639,normal
2026-01-01T07:32:00,F2,81.256,1.146,5.053,65.561,9.289,normal
2026-01-01T07:33:00,F2,63.213,1.144,4.169,62.494,11.442,normal
2026-01-01T07:34:00,F2,80.201,1.191,3.184,76.882,8.179,normal
2026-01-01T07:35:00,F2,73.892,1.209,4.631,63.269,4.543,normal
2026-01-01T07:36:00,F2,71.897,1.38,4.618,61.004,9.816,normal
2026-01-01T07:37:00,F2,70.583,0.813,4.274,71.461,9.323,normal
2026-01-01T07:38:00,F2,69.242,1.355,3.969,60.201,7.235,normal
2026-01-01T07:39:00,F2,75.416,1.195,4.873,49.767,7.6,normal
2026-01-01T07:40:00,F2,72.527,1.186,4.687,79.523,10.685,normal
2026-01-01T07:41:00,F2,76.985,1.202,3.322,64.928,7.284,normal
2026-01-01T07:42:00,F2,74.605,1.102,4.873,63.597,5.922,normal
2026-01-01T07:43:00,F2,76.073,0.918,6.184,68.301,10.756,failure
2026-01-01T07:44:00,F2,82.599,1.073,4.487,60.782,6.686,normal
2026-01-01T07:45:00,F2,79.909,1.373,3.913,66.483,6.19,normal
2026-01-01T07:46:00,F2,74.269,1.099,4.415,75.955,7.219,normal
2026-01-01T07:47:00,F2,72.414,0.97,4.04,47.645,10.154,normal
2026-01-01T07:48:00,F2,66.888,1.024,5.004,60.731,10.112,normal
2026-01-01T07:49:00,F2,58.949,1.102,4.206,68.557,6.222,normal
2026-01-01T07:50:00,F2,78.063,1.197,3.444,66.186,7.048,normal
2026-01-01T07:51:00,F2,64.409,1.173,4.233,75.479,7.905,normal
2026-01-01T07:52:00,F2,68.627,1.082,4.107,69.938,8.166,normal
2026-01-01T07:53:00,F2,73.974,1.171,3.074,67.673,8.592,normal
2026-01-01T07:54:00,F2,61.733,0.885,3.646,50.521,7.541,normal
2026-01-01T07:55:00,F2,76.198,1.113,4.35,66.103,10.031,normal
2026-01-01T07:56:00,F2,78.659,0.925,3.911,69.844,8.959,normal
2026-01-01T07:57:00,F2,90.546,0.797,4.708,83.558,6.109,normal
2026-01-01T07:58:00,F2,77.656,1.077,4.581,47.061,11.486,normal
2026-01-01T07:59:00,F2,76.344,1.184,4.02,67.055,9.795,normal
2026-01-01T08:00:00,F2,82.341,0.883,4.705,49.634,7.833,normal
2026-01-01T08:01:00,F2,66.079,1.111,4.658,63.599,8.18,normal
2026-01-01T08:02:00,F2,74.553,1.056,4.97,50.797,6.349,normal
2026-01-01T08:03:00,F2,84.299,1.202,4.558,56.879,6.768,normal
2026-01-01T08:04:00,F2,86.449,1.067,3.68,64.949,7.967,normal
2026-01-01T08:05:00,F2,74.733,1.413,4.139,78.983,6.514,normal
2026-01-01T08:06:00,F2,84.023,1.281,4.745,79.431,7.149,normal
2026-01-01T08:07:00,F2,68.777,1.038,3.986,72.233,7.386,normal
2026-01-01T08:08:00,F2,95.264,1.39,4.78,52.339,5.782,normal
2026-01-01T08:09:00,F2,90.451,1.136,4.116,72.077,9.491,normal
2026-01-01T08:10:00,F2,79.41,1.185,3.674,63.977,9.38,normal
2026-01-01T08:11:00,F2,72.65,2.193,4.619,64.5,10.001,failure
2026-01-01T08:12:00,F2,63.988,1.085,6.483,33.075,7.165,normal
2026-01-01T08:13:00,F2,96.008,1.19,4.239,67.777,6.412,normal
2026-01-01T08:14:00,F2,65.414,1.05,3.318,63.124,10.498,normal
2026-01-01T08:15:00,F2,74.876,1.148,4.702,66.768,9.282,normal
2026-01-01T08:16:00,F2,81.237,1.298,4.117,66.5,8.757,normal
2026-01-01T08:17:00,F2,87.314,1.183,5.246,67.954,8.879,normal
2026-01-01T08:18:00,F2,86.587,1.47,4.439,68.718,11.124,normal
2026-01-01T08:19:00,F2,70.373,0.918,5.115,56.562,10.238,normal
2026-01-01T08:20:00,F2,85.293,1.447,5.355,83.056,4.537,normal
2026-01-01T08:21:00,F2,84.945,0.907,3.569,75.6,8.615,normal
2026-01-01T08:22:00,F2,78.87,1.034,4.255,57.276,6.497,normal
2026-01-01T08:23:00,F2,82.105,1.076,2.811,70.148,7.706,normal
2026-01-01T08:24:00,F2,81.185,1.44,3.792,50.159,7.271,normal
2026-01-01T08:25:00,F2,86.456,1.09,5.327,68.192,7.881,normal
2026-01-01T08:26:00,F2,66.165,1.363,4.34,64.937,9.024,normal
2026-01-01T08:27:00,F2,73.066,1.15,2.98,61.647,8.714,normal
2026-01-01T08:28:00,F2,68.085,1.048,4.066,65.055,9.332,normal
2026-01-01T08:29:00,F2,79.754,0.92,3.685,50.169,7.3,normal
2026-01-01T08:30:00,F2,64.193,1.22,4.88,63.681,10.801,normal
2026-01-01T08:31:00,F2,74.581,1.108,4.041,52.239,7.639,normal
2026-01-01T08:32:00,F2,77.895,1.048,4.127,65.51,9.064,normal
2026-01-01T08:33:00,F2,83.19,1.014,5.236,52.832,9.137,normal
2026-01-01T08:34:00,F2,78.47,1.092,4.146,66.154,8.105,normal
2026-01-01T08:35:00,F2,81.313,1.324,5.549,58.358,9.856,failure
2026-01-01T08:36:00,F2,77.865,0.686,4.914,57.582,10.947,normal
2026-01-01T08:37:00,F2,74.118,1.256,3.849,70.869,8.277,normal
2026-01-01T08:38:00,F2,83.375,0.863,3.691,57.543,10.029,normal
2026-01-01T08:39:00,F2,76.883,1.175,4.807,78.252,9.02,normal
2026-01-01T08:40:00,F2,65.166,1.11,4.272,51.714,9.121,normal
2026-01-01T08:41:00,F2,72.694,0.925,4.772,64.835,6.267,normal
2026-01-01T08:42:00,F2,68.617,1.164,3.779,69.967,6.033,normal
2026-01-01T08:43:00,F2,79.986,1.001,4.933,77.904,7.285,normal
2026-01-01T08:44:00,F2,79.183,0.874,4.048,69.5,0.711,normal
2026-01-01T08:45:00,F2,85.144,1.0,4.715,58.555,10.228,normal
2026-01-01T08:46:00,F2,90.085,0.998,4.956,53.536,7.719,normal
2026-01-01T08:47:00,F2,70.289,0.764,3.984,64.067,8.553,normal
2026-01-01T08:48:00,F2,91.718,1.116,4.923,67.451,6.869,normal
2026-01-01T08:49:00,F2,80.273,1.314,2.683,55.699,8.337,normal
2026-01-01T08:50:00,F2,73.408,1.233,4.601,49.262,7.816,normal
2026-01-01T08:51:00,F2,75.411,1.059,4.518,38.096,6.995,normal
2026-01-01T08:52:00,F2,77.728,1.058,4.037,68.464,6.77,normal
2026-01-01T08:53:00,F2,69.27,1.153,4.961,43.288,6.465,normal
2026-01-01T08:54:00,F2,71.035,1.095,4.265,53.899,9.064,normal
2026-01-01T08:55:00,F2,70.591,1.031,4.895,65.491,9.875,normal
2026-01-01T08:56:00,F2,79.599,1.109,4.788,72.467,9.984,normal
2026-01-01T08:57:00,F2,77.283,0.985,3.893,78.197,9.445,normal
2026-01-01T08:58:00,F2,70.343,1.084,5.26,57.572,8.184,normal
2026-01-01T08:59:00,F2,76.974,1.113,4.318,62.808,9.495,normal
2026-01-01T09:00:00,F2,71.282,1.138,5.858,74.69,7.541,normal
2026-01-01T09:01:00,F2,66.393,1.242,3.636,68.957,8.804,normal
2026-01-01T09:02:00,F2,70.054,1.257,4.869,69.184,5.151,normal
2026-01-01T09:03:00,F2,73.792,0.961,4.478,69.271,8.737,normal
2026-01-01T09:04:00,F2,81.838,1.325,4.318,79.9,8.494,normal
2026-01-01T09:05:00,F2,92.1,1.196,4.538,52.04,7.345,normal
2026-01-01T09:06:00,F2,76.864,1.063,4.838,59.975,8.102,normal
2026-01-01T09:07:00,F2,77.366,1.056,4.046,63.861,9.12,normal
2026-01-01T09:08:00,F2,79.038,1.108,3.469,65.038,7.379,normal
2026-01-01T09:09:00,F2,79.73,1.124,4.024,57.133,7.046,normal
2026-01-01T09:10:00,F2,90.982,0.9,3.243,69.294,10.218,normal
2026-01-01T09:11:00,F2,82.87,1.364,4.289,76.149,6.152,normal
2026-01-01T09:12:00,F2,82.173,1.108,4.582,64.268,7.983,normal
2026-01-01T09:13:00,F2,66.458,0.993,4.188,45.37,9.746,normal
2026-01-01T09:14:00,F2,78.697,1.221,4.75,80.605,10.042,normal
2026-01-01T09:15:00,F2,74.385,1.027,3.356,66.366,8.661,normal
2026-01-01T09:16:00,F2,85.035,1.109,4.237,69.956,7.99,normal
2026-01-01T09:17:00,F2,70.768,1.071,5.258,75.096,10.044,normal
2026-01-01T09:18:00,F2,65.409,0.975,4.562,68.369,6.903,normal
2026-01-01T09:19:00,F2,78.472,0.759,4.336,72.98,7.459,normal
2026-01-01T09:20:00,F2,62.945,1.245,3.962,96.419,7.414,normal
2026-01-01T09:21:00,F2,79.619,0.843,4.214,59.903,9.965,normal
2026-01-01T09:22:00,F2,76.773,1.035,4.862,52.255,6.983,normal
2026-01-01T09:23:00,F2,67.344,0.924,4.08,71.333,8.578,normal
2026-01-01T09:24:00,F2,70.65,1.059,4.288,71.9,8.667,normal
2026-01-01T09:25:00,F2,80.289,0.935,3.7,85.624,6.274,normal
2026-01-01T09:26:00,F2,76.747,0.951,4.188,75.811,5.896,normal
2026-01-01T09:27:00,F2,74.984,1.031,3.628,68.781,9.175,normal
2026-01-01T09:28:00,F2,77.246,1.076,3.949,53.569,10.095,normal
2026-01-01T09:29:00,F2,85.027,1.024,3.417,61.608,9.889,normal
2026-01-01T09:30:00,F2,77.484,0.962,4.778,57.598,7.764,normal
2026-01-01T09:31:00,F2,65.194,1.193,4.555,56.524,7.202,normal
2026-01-01T09:32:00,F2,103.184,1.121,3.151,52.42,6.675,normal
2026-01-01T09:33:00,F2,59.212,0.809,3.862,80.123,7.342,normal
2026-01-01T09:34:00,F2,70.298,0.961,3.987,58.254,8.308,normal
2026-01-01T09:35:00,F2,74.007,0.871,4.831,57.446,10.973,normal
2026-01-01T09:36:00,F2,79.549,0.713,4.104,59.722,6.225,normal
2026-01-01T09:37:00,F2,68.672,1.354,4.712,58.58,9.267,normal
2026-01-01T09:38:00,F2,74.204,0.897,4.59,73.922,8.807,normal
2026-01-01T09:39:00,F2,88.089,1.243,3.114,62.82,7.465,normal
2026-01-01T09:40:00,F2,75.042,1.088,5.084,61.014,8.492,normal
2026-01-01T09:41:00,F2,93.247,1.196,4.247,68.472,6.174,normal
2026-01-01T09:42:00,F2,67.363,1.137,4.409,64.057,6.047,normal
2026-01-01T09:43:00,F2,79.408,0.919,3.678,63.945,9.784,normal
2026-01-01T09:44:00,F2,66.366,1.01,3.713,72.252,8.888,normal
2026-01-01T09:45:00,F2,85.603,1.085,4.614,66.019,9.922,normal
2026-01-01T09:46:00,F2,73.809,1.446,4.195,75.66,9.97,normal
2026-01-01T09:47:00,F2,80.507,0.966,3.69,63.195,7.575,normal
2026-01-01T09:48:00,F2,75.636,0.949,5.781,65.009,10.708,normal
2026-01-01T09:49:00,F2,82.491,1.016,4.954,53.243,7.805,normal
2026-01-01T09:50:00,F2,70.904,1.004,4.327,60.656,7.724,normal
2026-01-01T09:51:00,F2,74.154,0.937,3.403,59.995,8.395,normal
2026-01-01T09:52:00,F2,80.025,1.124,4.075,55.152,9.103,normal
2026-01-01T09:53:00,F2,74.928,1.112,4.209,72.857,7.604,normal
2026-01-01T09:54:00,F2,72.559,1.116,4.333,62.23,7.876,normal
2026-01-01T09:55:00,F2,74.11,0.936,5.571,72.963,5.359,normal
2026-01-01T09:56:00,F2,67.366,1.152,3.515,51.506,8.371,normal
2026-01-01T09:57:00,F2,73.185,1.164,4.572,63.646,4.971,normal
2026-01-01T09:58:00,F2,81.598,1.083,4.039,91.743,5.902,normal
2026-01-01T09:59:00,F2,76.996,1.064,3.984,69.293,6.882,normal
2026-01-01T10:00:00,F2,58.59,1.236,4.596,68.412,8.31,normal
2026-01-01T10:01:00,F2,77.1,1.211,4.209,71.093,7.307,normal
2026-01-01T10:02:00,F2,74.352,0.965,5.521,66.782,7.998,normal
2026-01-01T10:03:00,F2,78.016,0.731,3.371,56.15,7.792,normal
2026-01-01T10:04:00,F2,86.891,1.28,4.984,50.973,9.226,normal
2026-01-01T10:05:00,F2,92.205,0.853,4.565,78.088,5.625,normal
2026-01-01T10:06:00,F2,93.147,1.201,3.731,74.171,7.033,normal
2026-01-01T10:07:00,F2,76.732,0.827,3.513,57.137,8.572,normal
2026-01-01T10:08:00,F2,73.843,1.22,4.397,57.843,3.967,normal
2026-01-01T10:09:00,F2,78.004,0.883,3.547,44.695,7.305,normal
2026-01-01T10:10:00,F2,73.332,0.957,4.044,72.52,10.338,normal
2026-01-01T10:11:00,F2,72.571,1.127,4.272,68.912,8.477,normal
2026-01-01T10:12:00,F2,69.936,0.974,5.869,57.324,7.129,normal
2026-01-01T10:13:00,F2,89.561,0.761,4.446,53.99,8.51,normal
2026-01-01T10:14:00,F2,80.538,0.877,4.026,41.978,7.293,normal
2026-01-01T10:15:00,F2,55.969,0.89,4.38,81.765,5.127,normal
2026-01-01T10:16:00,F2,91.825,0.748,4.163,64.208,9.085,normal
2026-01-01T10:17:00,F2,74.921,1.073,4.576,65.541,11.286,normal
2026-01-01T10:18:00,F2,84.742,1.244,3.733,65.322,9.293,normal
2026-01-01T10:19:00,F2,87.278,1.084,3.42,71.235,9.696,normal
2026-01-01T10:20:00,F2,75.945,0.883,5.132,58.097,5.919,normal
2026-01-01T10:21:00,F2,75.278,0.821,4.549,59.48,7.445,normal
2026-01-01T10:22:00,F2,79.934,1.272,4.009,55.495,6.686,normal
2026-01-01T10:23:00,F2,83.622,0.836,4.997,74.983,7.661,normal
2026-01-01T10:24:00,F2,60.233,0.99,4.899,58.219,8.593,normal
2026-01-01T10:25:00,F2,66.532,0.794,4.588,75.418,5.594,normal
2026-01-01T10:26:00,F2,85.167,1.098,5.2,79.792,8.864,normal
2026-01-01T10:27:00,F2,75.976,1.021,4.277,57.02,10.405,normal
2026-01-01T10:28:00,F2,67.439,1.017,3.306,66.945,6.51,normal
2026-01-01T10:29:00,F2,72.543,1.079,4.157,74.14,8.85,normal
2026-01-01T10:30:00,F2,61.951,0.992,4.283,64.098,7.511,normal
2026-01-01T10:31:00,F2,76.1,0.944,4.526,56.522,7.743,normal
2026-01-01T10:32:00,F2,87.373,1.159,4.765,65.846,8.443,normal
2026-01-01T10:33:00,F2,66.696,1.041,4.38,62.84,8.642,normal
2026-01-01T10:34:00,F2,90.069,0.907,3.194,64.78,6.171,normal
2026-01-01T10:35:00,F2,73.78,0.944,3.376,56.293,6.444,normal
2026-01-01T10:36:00,F2,85.899,0.766,3.683,58.723,6.63,normal
2026-01-01T10:37:00,F2,85.377,0.939,4.515,67.79,7.351,normal
2026-01-01T10:38:00,F2,66.63,1.07,4.695,49.257,9.699,normal
2026-01-01T10:39:00,F2,69.866,0.89,4.618,66.807,6.897,normal
2026-01-01T10:40:00,F2,77.346,1.16,4.536,74.977,8.597,normal
2026-01-01T10:41:00,F2,80.208,1.075,4.528,60.811,7.813,normal
2026-01-01T10:42:00,F2,68.617,1.038,3.705,65.185,8.684,normal
2026-01-01T10:43:00,F2,67.49,1.055,4.393,50.059,8.919,normal
2026-01-01T10:44:00,F2,73.811,0.861,2.981,48.755,6.945,normal
2026-01-01T10:45:00,F2,70.754,1.399,4.093,62.9,7.889,normal
2026-01-01T10:46:00,F2,55.365,0.756,3.714,68.085,8.412,normal
2026-01-01T10:47:00,F2,69.981,1.23,4.186,63.846,7.656,normal
2026-01-01T10:48:00,F2,82.917,0.887,4.78,63.607,11.227,normal
2026-01-01T10:49:00,F2,76.048,0.901,4.075,70.785,6.738,normal
2026-01-01T10:50:00,F2,81.725,0.959,5.086,62.42,9.677,normal
2026-01-01T10:51:00,F2,77.752,1.11,4.072,62.282,7.589,normal
2026-01-01T10:52:00,F2,79.099,0.859,4.309,56.356,5.146,normal
2026-01-01T10:53:00,F2,81.742,0.881,4.837,74.947,8.776,normal
2026-01-01T10:54:00,F2,83.276,0.872,4.381,54.379,8.733,normal
2026-01-01T10:55:00,F2,82.322,1.258,3.853,52.249,7.006,normal
2026-01-01T10:56:00,F2,71.017,0.712,5.019,44.328,7.77,normal
2026-01-01T10:57:00,F2,69.063,0.995,4.51,65.098,9.626,normal
2026-01-01T10:58:00,F2,62.185,0.591,4.779,65.847,6.352,normal
2026-01-01T10:59:00,F2,74.096,0.841,3.231,65.276,5.759,normal
2026-01-01T11:00:00,F2,55.556,0.945,5.496,65.14,8.284,normal
2026-01-01T11:01:00,F2,88.861,0.958,3.92,58.042,8.504,normal
2026-01-01T11:02:00,F2,67.786,0.965,4.662,66.896,9.5,normal
2026-01-01T11:03:00,F2,77.829,0.865,4.992,78.282,7.953,normal
2026-01-01T11:04:00,F2,72.131,0.983,3.132,58.736,6.793,normal
2026-01-01T11:05:00,F2,69.038,0.452,4.534,75.35,9.688,normal
2026-01-01T11:06:00,F2,78.387,0.973,4.651,66.821,8.184,normal
2026-01-01T11:07:00,F2,75.375,0.856,3.682,61.39,8.064,normal
2026-01-01T11:08:00,F2,70.778,1.057,5.178,49.713,8.876,normal
2026-01-01T11:09:00,F2,68.405,0.895,4.738,48.563,10.506,normal
2026-01-01T11:10:00,F2,64.746,0.699,4.239,77.962,5.044,normal
2026-01-01T11:11:00,F2,83.736,1.017,4.024,61.527,9.686,normal
2026-01-01T11:12:00,F2,62.969,1.356,2.918,70.391,9.463,normal
2026-01-01T11:13:00,F2,66.609,0.889,3.171,69.096,7.473,normal
2026-01-01T11:14:00,F2,77.807,0.817,4.24,64.878,6.712,normal
2026-01-01T11:15:00,F2,75.848,0.798,4.069,70.803,9.779,normal
2026-01-01T11:16:00,F2,81.305,0.947,4.835,52.752,8.724,normal
2026-01-01T11:17:00,F2,74.209,1.148,3.621,71.378,8.767,normal
2026-01-01T11:18:00,F2,72.45,0.912,4.301,59.325,8.399,normal
2026-01-01T11:19:00,F2,72.514,0.606,3.553,75.66,6.188,normal
2026-01-01T11:20:00,F2,71.381,0.769,4.42,72.983,6.066,normal
2026-01-01T11:21:00,F2,63.557,0.683,5.172,48.122,7.322,normal
2026-01-01T11:22:00,F2,75.628,1.127,3.657,74.072,7.564,normal
2026-01-01T11:23:00,F2,70.931,0.555,3.811,55.9,7.157,normal
2026-01-01T11:24:00,F2,68.051,0.786,4.733,50.297,6.038,normal
2026-01-01T11:25:00,F2,66.042,0.978,3.538,56.515,8.04,normal
2026-01-01T11:26:00,F2,61.127,0.595,3.721,59.025,9.943,normal
2026-01-01T11:27:00,F2,62.072,0.854,4.51,40.118,5.517,normal
2026-01-01T11:28:00,F2,82.258,0.649,3.615,82.243,7.998,normal
2026-01-01T11:29:00,F2,71.986,1.054,3.926,54.401,7.786,normal
2026-01-01T11:30:00,F2,76.864,0.799,3.561,72.872,4.836,normal
2026-01-01T11:31:00,F2,78.843,1.181,4.134,55.825,8.814,normal
2026-01-01T11:32:00,F2,71.591,0.699,4.29,74.159,8.985,normal
2026-01-01T11:33:00,F2,74.383,0.807,4.044,47.336,5.595,normal
2026-01-01T11:34:00,F2,57.79,0.849,4.373,61.318,9.104,normal
2026-01-01T11:35:00,F2,87.458,0.643,4.793,55.81,9.425,normal
2026-01-01T11:36:00,F2,88.174,1.153,4.183,55.271,9.317,normal
2026-01-01T11:37:00,F2,84.419,0.792,3.106,75.682,8.801,normal
2026-01-01T11:38:00,F2,79.337,0.878,4.589,66.096,10.11,normal
2026-01-01T11:39:00,F2,93.569,0.686,2.805,68.181,9.173,normal
2026-01-01T11:40:00,F2,67.688,1.044,3.686,78.038,9.813,normal
2026-01-01T11:41:00,F2,79.154,0.646,4.268,53.09,8.921,normal
2026-01-01T11:42:00,F2,81.503,0.987,3.822,75.922,7.883,normal
2026-01-01T11:43:00,F2,84.387,0.833,3.263,71.487,10.47,normal
2026-01-01T11:44:00,F2,73.467,0.956,5.316,63.007,7.801,normal
2026-01-01T11:45:00,F2,61.114,1.243,3.774,51.417,7.355,normal
2026-01-01T11:46:00,F2,81.338,0.86,4.846,68.528,7.244,normal
2026-01-01T11:47:00,F2,59.23,0.578,3.229,67.794,8.891,normal
2026-01-01T11:48:00,F2,81.918,1.166,4.065,51.825,6.945,normal
2026-01-01T11:49:00,F2,86.156,0.7,3.695,70.211,5.992,normal
2026-01-01T11:50:00,F2,77.346,0.763,3.959,59.869,8.292,normal
2026-01-01T11:51:00,F2,85.337,0.616,3.94,58.817,9.033,normal
2026-01-01T11:52:00,F2,60.977,0.885,4.689,57.81,6.923,normal
2026-01-01T11:53:00,F2,77.128,0.668,4.646,65.928,8.226,normal
2026-01-01T11:54:00,F2,74.777,0.939,4.868,70.432,6.432,normal
2026-01-01T11:55:00,F2,73.797,0.569,3.893,67.423,10.152,normal
2026-01-01T11:56:00,F2,77.895,0.67,4.087,70.673,8.097,normal
2026-01-01T11:57:00,F2,81.039,0.424,3.493,57.711,8.992,normal
2026-01-01T11:58:00,F2,72.759,0.846,3.785,69.445,7.493,normal
2026-01-01T11:59:00,F2,68.436,0.956,4.979,60.991,8.56,normal
2026-01-01T12:00:00,F2,72.512,0.708,4.946,72.884,8.888,normal
2026-01-01T12:01:00,F2,80.1,0.545,3.724,77.712,7.393,normal
2026-01-01T12:02:00,F2,70.111,0.832,4.493,55.5,8.354,normal
2026-01-01T12:03:00,F2,84.67,0.966,5.278,69.969,9.602,normal
2026-01-01T12:04:00,F2,85.564,1.132,4.558,69.938,8.614,normal
2026-01-01T12:05:00,F2,80.346,0.884,5.189,72.131,5.681,normal
2026-01-01T12:06:00,F2,66.255,0.761,3.907,78.959,6.375,normal
2026-01-01T12:07:00,F2,59.926,1.078,4.309,60.607,5.689,normal
2026-01-01T12:08:00,F2,79.18,0.866,4.683,76.498,8.858,normal
2026-01-01T12:09:00,F2,66.309,0.838,3.048,74.735,8.338,normal
2026-01-01T12:10:00,F2,74.057,0.943,4.563,73.163,9.841,normal
2026-01-01T12:11:00,F2,80.021,0.724,3.601,62.224,8.946,normal
2026-01-01T12:12:00,F2,76.395,0.903,5.094,74.205,5.922,normal
2026-01-01T12:13:00,F2,89.154,0.881,3.751,64.21,6.871,normal
2026-01-01T12:14:00,F2,66.362,0.835,4.642,68.763,6.443,normal
2026-01-01T12:15:00,F2,76.502,0.811,2.246,64.533,9.637,normal
2026-01-01T12:16:00,F2,76.932,0.846,3.727,54.961,7.617,normal
2026-01-01T12:17:00,F2,69.81,1.177,3.237,54.566,8.183,normal
2026-01-01T12:18:00,F2,60.421,0.75,3.357,62.419,8.586,normal
2026-01-01T12:19:00,F2,70.348,0.703,5.153,64.021,6.766,normal
2026-01-01T12:20:00,F2,67.607,0.763,3.912,72.754,8.454,normal
2026-01-01T12:21:00,F2,71.942,0.671,3.065,68.501,7.884,normal
2026-01-01T12:22:00,F2,69.834,0.737,3.706,58.037,6.374,normal
2026-01-01T12:23:00,F2,78.299,0.618,4.041,71.85,8.527,normal
2026-01-01T12:24:00,F2,73.038,0.743,3.714,46.281,3.856,normal
2026-01-01T12:25:00,F2,81.472,1.068,3.21,56.488,6.724,normal
2026-01-01T12:26:00,F2,75.774,0.667,3.97,58.377,10.315,normal
2026-01-01T12:27:00,F2,72.708,0.618,3.873,54.095,8.596,normal
2026-01-01T12:28:00,F2,84.86,1.219,4.559,70.194,8.813,normal
2026-01-01T12:29:00,F2,68.335,0.975,3.196,66.011,8.363,normal
2026-01-01T12:30:00,F2,69.82,0.448,3.98,68.137,10.28,normal
2026-01-01T12:31:00,F2,80.504,0.857,3.322,62.132,9.433,normal
2026-01-01T12:32:00,F2,77.497,0.794,5.279,73.963,9.08,normal
2026-01-01T12:33:00,F2,69.341,0.861,4.395,68.804,7.371,normal
2026-01-01T12:34:00,F2,68.248,0.927,4.495,58.528,7.686,normal
2026-01-01T12:35:00,F2,73.329,0.714,3.168,66.662,8.635,normal
2026-01-01T12:36:00,F2,83.771,0.866,3.856,50.357,6.521,normal
2026-01-01T12:37:00,F2,73.461,0.695,4.431,63.997,7.183,normal
2026-01-01T12:38:00,F2,55.255,0.79,4.942,65.403,8.344,normal
2026-01-01T12:39:00,F2,83.902,0.889,3.949,55.216,8.364,normal
2026-01-01T12:40:00,F2,78.973,0.746,4.392,73.904,7.382,normal
2026-01-01T12:41:00,F2,76.389,0.758,3.257,67.667,7.768,normal
2026-01-01T12:42:00,F2,80.861,0.705,4.257,72.456,7.862,normal
2026-01-01T12:43:00,F2,71.6,0.826,2.581,76.514,6.3,normal
2026-01-01T12:44:00,F2,81.139,0.818,4.603,67.831,8.296,normal
2026-01-01T12:45:00,F2,74.296,0.851,3.798,65.283,8.542,normal
2026-01-01T12:46:00,F2,94.492,1.017,4.267,65.184,6.718,normal
2026-01-01T12:47:00,F2,61.061,0.628,3.684,75.21,8.632,normal
2026-01-01T12:48:00,F2,85.745,0.746,3.726,83.858,6.606,normal
2026-01-01T12:49:00,F2,86.682,0.572,4.545,72.526,8.345,normal
2026-01-01T12:50:00,F2,81.607,1.023,4.367,70.635,8.307,normal
2026-01-01T12:51:00,F2,72.943,0.883,2.869,77.26,7.941,normal
2026-01-01T12:52:00,F2,81.38,0.793,3.397,62.432,8.085,normal
2026-01-01T12:53:00,F2,82.363,0.711,4.475,65.465,6.333,normal
2026-01-01T12:54:00,F2,85.781,0.877,3.107,63.085,7.039,normal
2026-01-01T12:55:00,F2,81.086,0.982,3.683,65.653,6.542,normal
2026-01-01T12:56:00,F2,63.886,0.819,3.353,63.139,6.937,normal
2026-01-01T12:57:00,F2,83.505,0.811,3.925,75.561,9.181,normal
2026-01-01T12:58:00,F2,52.91,0.952,3.784,73.823,8.158,normal
2026-01-01T12:59:00,F2,85.995,0.654,3.272,68.288,7.569,normal
2026-01-01T13:00:00,F2,87.229,0.805,4.643,51.37,8.08,normal
2026-01-01T13:01:00,F2,78.572,0.788,4.214,73.048,9.241,normal
2026-01-01T13:02:00,F2,81.298,0.95,3.995,49.819,6.559,normal
2026-01-01T13:03:00,F2,92.261,0.881,2.246,61.76,7.673,normal
2026-01-01T13:04:00,F2,80.633,0.859,4.544,56.148,9.521,normal
2026-01-01T13:05:00,F2,69.182,0.917,3.468,65.669,7.684,normal
2026-01-01T13:06:00,F2,77.631,0.767,3.964,63.06,7.849,normal
2026-01-01T13:07:00,F2,76.781,0.541,4.873,60.941,8.651,normal
2026-01-01T13:08:00,F2,64.416,0.781,4.316,63.836,8.376,normal
2026-01-01T13:09:00,F2,85.523,0.699,4.256,64.595,7.016,normal
2026-01-01T13:10:00,F2,83.11,0.666,3.686,56.307,7.564,normal
2026-01-01T13:11:00,F2,79.058,0.415,4.314,65.743,9.865,normal
2026-01-01T13:12:00,F2,71.38,0.942,3.704,51.725,6.61,normal
2026-01-01T13:13:00,F2,88.456,1.032,3.944,66.787,7.539,normal
2026-01-01T13:14:00,F2,65.855,0.696,4.556,55.433,8.676,normal
2026-01-01T13:15:00,F2,62.153,0.823,4.066,58.845,9.65,normal
2026-01-01T13:16:00,F2,59.772,0.912,4.515,69.757,9.162,normal
2026-01-01T13:17:00,F2,69.491,0.665,3.967,62.917,6.111,normal
2026-01-01T13:18:00,F2,79.748,0.871,4.188,70.131,6.26,normal
2026-01-01T13:19:00,F2,75.139,0.826,3.934,54.497,6.882,normal
2026-01-01T13:20:00,F2,70.298,0.904,3.017,62.746,8.517,normal
2026-01-01T13:21:00,F2,74.36,0.531,3.045,74.843,9.415,normal
2026-01-01T13:22:00,F2,69.607,0.612,5.078,65.954,6.856,normal
2026-01-01T13:23:00,F2,70.278,0.724,3.335,77.457,11.632,normal
2026-01-01T13:24:00,F2,77.39,0.468,4.416,64.746,9.025,normal
2026-01-01T13:25:00,F2,72.066,0.533,4.022,55.688,7.526,normal
2026-01-01T13:26:00,F2,68.742,0.792,4.028,78.298,10.432,normal
2026-01-01T13:27:00,F2,66.504,0.497,2.94,65.886,5.137,normal
2026-01-01T13:28:00,F2,68.403,0.804,4.586,58.578,8.744,normal
2026-01-01T13:29:00,F2,76.56,0.429,3.261,74.386,11.233,normal
2026-01-01T13:30:00,F2,81.339,0.7,3.722,58.519,8.601,normal
2026-01-01T13:31:00,F2,78.009,1.069,5.689,61.236,6.952,normal
2026-01-01T13:32:00,F2,76.329,0.902,3.137,63.273,3.443,normal
2026-01-01T13:33:00,F2,70.896,0.428,3.69,67.016,5.619,normal
2026-01-01T13:34:00,F2,82.918,0.806,4.086,65.592,7.132,normal
2026-01-01T13:35:00,F2,69.346,0.676,3.115,73.292,8.131,normal
2026-01-01T13:36:00,F2,72.37,0.614,4.135,65.691,8.846,normal
2026-01-01T13:37:00,F2,68.685,0.606,4.525,64.716,7.812,normal
2026-01-01T13:38:00,F2,87.391,0.949,4.23,49.567,7.381,normal
2026-01-01T13:39:00,F2,84.552,0.844,4.045,66.814,10.85,normal
2026-01-01T13:40:00,F2,81.213,0.485,3.381,61.201,7.727,normal
2026-01-01T13:41:00,F2,80.787,0.822,3.917,60.405,10.463,normal
2026-01-01T13:42:00,F2,83.18,0.831,5.35,50.72,6.543,normal
2026-01-01T13:43:00,F2,75.755,0.614,3.65,61.471,8.342,normal
2026-01-01T13:44:00,F2,86.292,0.551,4.186,61.648,7.994,normal
2026-01-01T13:45:00,F2,72.843,0.86,4.014,64.587,6.317,normal
2026-01-01T13:46:00,F2,76.762,0.574,5.266,82.019,7.02,normal
2026-01-01T13:47:00,F2,76.012,0.816,4.426,69.418,8.823,normal
2026-01-01T13:48:00,F2,84.269,0.735,4.269,71.22,7.765,normal
2026-01-01T13:49:00,F2,67.435,1.008,4.503,67.747,6.591,normal
2026-01-01T13:50:00,F2,85.521,0.875,3.96,64.902,9.668,normal
2026-01-01T13:51:00,F2,75.579,0.774,3.48,63.7,8.559,normal
2026-01-01T13:52:00,F2,59.0,0.544,3.686,62.474,6.068,normal
2026-01-01T13:53:00,F2,72.749,0.614,3.627,66.955,9.66,normal
2026-01-01T13:54:00,F2,69.877,0.526,3.844,83.251,6.665,normal
2026-01-01T13:55:00,F2,80.909,1.029,2.969,54.361,8.349,normal
2026-01-01T13:56:00,F2,79.039,0.558,3.726,49.681,7.525,normal
2026-01-01T13:57:00,F2,72.07,0.728,4.004,78.92,4.453,normal
2026-01-01T13:58:00,F2,83.254,0.662,4.188,65.414,3.736,normal
2026-01-01T13:59:00,F2,60.999,0.729,4.576,70.554,7.739,normal
2026-01-01T14:00:00,F2,80.215,0.767,5.107,72.937,10.782,normal
2026-01-01T14:01:00,F2,94.183,0.495,4.832,55.31,7.28,normal
2026-01-01T14:02:00,F2,75.749,0.682,3.717,67.166,5.737,normal
2026-01-01T14:03:00,F2,77.978,0.831,5.552,72.892,8.807,normal
2026-01-01T14:04:00,F2,78.709,1.103,4.469,62.581,9.481,normal
2026-01-01T14:05:00,F2,69.763,0.535,5.459,73.421,9.226,normal
2026-01-01T14:06:00,F2,78.051,0.888,3.543,57.067,6.673,normal
2026-01-01T14:07:00,F2,96.255,0.574,3.488,76.856,5.679,normal
2026-01-01T14:08:00,F2,83.571,0.929,4.321,48.944,10.151,normal
2026-01-01T14:09:00,F2,89.796,0.801,2.518,43.198,9.341,normal
2026-01-01T14:10:00,F2,83.347,0.524,3.798,62.474,8.188,normal
2026-01-01T14:11:00,F2,84.164,0.812,3.368,68.327,6.978,normal
2026-01-01T14:12:00,F2,87.536,0.64,3.624,82.818,5.464,normal
2026-01-01T14:13:00,F2,76.339,0.901,3.69,64.445,7.827,normal
2026-01-01T14:14:00,F2,68.269,0.762,3.65,58.381,5.826,normal
2026-01-01T14:15:00,F2,97.46,0.515,5.263,74.072,7.415,normal
2026-01-01T14:16:00,F2,77.547,0.652,4.343,49.088,6.666,normal
2026-01-01T14:17:00,F2,78.522,1.033,3.377,50.657,6.778,normal
2026-01-01T14:18:00,F2,79.819,0.879,3.134,68.886,5.743,normal
2026-01-01T14:19:00,F2,90.147,0.612,2.546,63.541,8.454,normal
2026-01-01T14:20:00,F2,67.083,1.041,4.392,52.056,5.128,normal
2026-01-01T14:21:00,F2,82.369,1.125,3.728,63.555,9.141,normal
2026-01-01T14:22:00,F2,91.535,0.779,4.415,61.453,9.444,normal
2026-01-01T14:23:00,F2,69.744,0.816,4.449,67.502,9.649,normal
2026-01-01T14:24:00,F2,76.324,0.818,4.227,68.706,7.565,normal
2026-01-01T14:25:00,F2,77.764,0.623,4.081,63.775,6.571,normal
2026-01-01T14:26:00,F2,86.608,0.523,4.897,58.824,7.606,normal
2026-01-01T14:27:00,F2,80.843,0.574,4.005,71.161,8.003,normal
2026-01-01T14:28:00,F2,80.579,0.599,4.06,64.113,8.652,normal
2026-01-01T14:29:00,F2,75.0,0.896,4.029,52.242,6.767,normal
2026-01-01T14:30:00,F2,77.491,0.405,2.877,58.558,6.949,normal
2026-01-01T14:31:00,F2,74.376,0.887,3.875,64.879,7.527,normal
2026-01-01T14:32:00,F2,77.197,0.668,5.173,49.872,8.992,normal
2026-01-01T14:33:00,F2,66.099,0.8,4.194,58.896,6.28,normal
2026-01-01T14:34:00,F2,73.504,0.783,3.509,65.656,7.639,normal
2026-01-01T14:35:00,F2,77.945,0.5,4.039,60.217,7.062,normal
2026-01-01T14:36:00,F2,72.174,0.93,4.734,76.085,8.204,normal
2026-01-01T14:37:00,F2,82.495,0.793,3.532,65.764,7.642,normal
2026-01-01T14:38:00,F2,80.231,0.795,4.725,53.61,9.639,normal
2026-01-01T14:39:00,F2,76.633,0.488,4.146,81.853,8.401,normal
2026-01-01T14:40:00,F2,56.619,0.42,4.559,68.107,6.564,normal
2026-01-01T14:41:00,F2,73.293,0.156,3.731,58.516,0.663,normal
2026-01-01T14:42:00,F2,72.783,0.528,4.488,69.842,7.182,normal
2026-01-01T14:43:00,F2,86.345,0.58,4.214,72.98,8.822,normal
2026-01-01T14:44:00,F2,72.655,0.595,3.589,75.065,8.33,normal
2026-01-01T14:45:00,F2,68.273,0.658,4.626,91.453,4.569,normal
2026-01-01T14:46:00,F2,82.232,0.817,4.074,68.987,6.848,normal
2026-01-01T14:47:00,F2,77.555,0.663,3.819,71.068,7.566,normal
2026-01-01T14:48:00,F2,58.582,0.597,3.998,72.411,10.853,normal
2026-01-01T14:49:00,F2,62.809,0.512,3.374,60.581,7.743,normal
2026-01-01T14:50:00,F2,74.277,0.355,4.588,70.073,7.524,normal
2026-01-01T14:51:00,F2,83.42,0.479,4.22,71.733,6.753,normal
2026-01-01T14:52:00,F2,75.467,0.515,4.053,68.092,7.931,normal
2026-01-01T14:53:00,F2,64.031,0.5,3.973,55.691,7.277,normal
2026-01-01T14:54:00,F2,82.799,0.575,3.783,74.202,10.33,normal
2026-01-01T14:55:00,F2,82.003,0.765,3.218,75.556,7.215,normal
2026-01-01T14:56:00,F2,78.639,0.674,3.843,61.41,8.827,normal
2026-01-01T14:57:00,F2,68.68,0.699,4.024,70.72,8.94,normal
2026-01-01T14:58:00,F2,67.994,0.546,5.136,59.862,8.742,normal
2026-01-01T14:59:00,F2,83.83,0.713,3.419,62.254,9.643,normal
2026-01-01T15:00:00,F2,70.986,0.723,4.1,65.448,6.713,normal
2026-01-01T15:01:00,F2,74.677,0.811,3.382,56.022,9.905,normal
2026-01-01T15:02:00,F2,74.441,0.606,4.855,63.749,10.123,normal
2026-01-01T15:03:00,F2,63.081,0.802,3.372,64.028,6.728,normal
2026-01-01T15:04:00,F2,77.032,0.592,5.465,79.473,7.447,normal
2026-01-01T15:05:00,F2,80.645,0.881,3.568,57.364,7.453,normal
2026-01-01T15:06:00,F2,76.643,0.676,3.795,49.63,5.129,normal
2026-01-01T15:07:00,F2,69.461,0.393,3.1,74.619,5.966,normal
2026-01-01T15:08:00,F2,77.108,0.501,4.258,53.438,7.247,normal
2026-01-01T15:09:00,F2,83.728,0.905,4.311,54.374,8.671,normal
2026-01-01T15:10:00,F2,68.997,0.382,4.169,65.856,7.008,normal
2026-01-01T15:11:00,F2,88.129,0.934,4.029,59.31,7.132,normal
2026-01-01T15:12:00,F2,88.468,0.684,4.264,69.779,6.678,normal
2026-01-01T15:13:00,F2,79.75,0.667,3.619,57.888,7.751,normal
2026-01-01T15:14:00,F2,59.847,0.685,4.203,67.637,8.875,normal
2026-01-01T15:15:00,F2,76.942,0.236,2.988,57.48,7.964,normal
2026-01-01T15:16:00,F2,79.965,0.222,3.505,71.55,8.713,normal
2026-01-01T15:17:00,F2,87.588,0.62,2.82,59.891,6.245,normal
2026-01-01T15:18:00,F2,71.269,0.419,2.4,73.887,8.598,normal
2026-01-01T15:19:00,F2,73.577,0.626,5.103,59.151,7.947,normal
2026-01-01T15:20:00,F2,83.628,0.402,2.06,58.518,6.769,normal
2026-01-01T15:21:00,F2,62.462,0.79,3.904,73.401,8.253,normal
2026-01-01T15:22:00,F2,85.741,0.727,3.2,75.787,8.68,normal
2026-01-01T15:23:00,F2,72.213,0.706,3.738,66.215,4.441,normal
2026-01-01T15:24:00,F2,71.555,0.469,2.628,71.226,7.035,normal
2026-01-01T15:25:00,F2,78.232,0.46,4.269,57.519,6.653,normal
2026-01-01T15:26:00,F2,83.321,0.713,3.213,55.473,6.904,normal
2026-01-01T15:27:00,F2,79.881,0.84,4.97,64.453,6.622,normal
2026-01-01T15:28:00,F2,78.142,0.876,3.83,65.515,11.132,normal
2026-01-01T15:29:00,F2,76.28,0.802,4.743,54.973,5.754,normal
2026-01-01T15:30:00,F2,72.836,0.561,3.725,55.113,10.944,normal
2026-01-01T15:31:00,F2,82.731,0.791,4.063,78.302,9.646,normal
2026-01-01T15:32:00,F2,80.432,0.24,3.755,64.32,9.127,normal
2026-01-01T15:33:00,F2,83.109,0.802,4.309,55.633,8.835,normal
2026-01-01T15:34:00,F2,69.462,0.629,5.158,50.979,7.814,normal
2026-01-01T15:35:00,F2,85.878,0.425,3.843,61.736,7.231,normal
2026-01-01T15:36:00,F2,88.438,0.253,3.059,63.352,6.506,normal
2026-01-01T15:37:00,F2,68.189,0.435,3.616,77.399,5.565,normal
2026-01-01T15:38:00,F2,79.735,0.576,3.945,56.114,6.853,normal
2026-01-01T15:39:00,F2,73.863,0.61,4.205,57.14,8.796,normal
2026-01-01T15:40:00,F2,76.215,0.528,3.651,73.211,5.621,normal
2026-01-01T15:41:00,F2,87.44,0.402,3.44,62.363,9.349,normal
2026-01-01T15:42:00,F2,83.37,0.433,3.053,58.691,7.533,normal
2026-01-01T15:43:00,F2,79.57,0.596,4.363,61.962,7.395,normal
2026-01-01T15:44:00,F2,63.326,0.766,3.773,63.757,8.232,normal
2026-01-01T15:45:00,F2,94.343,0.564,6.878,71.614,6.71,normal
2026-01-01T15:46:00,F2,67.432,0.575,4.238,59.382,7.729,normal
2026-01-01T15:47:00,F2,80.962,0.496,4.755,60.182,7.855,normal
2026-01-01T15:48:00,F2,61.394,0.733,4.258,37.723,6.708,normal
2026-01-01T15:49:00,F2,88.003,0.458,3.681,67.296,7.43,normal
2026-01-01T15:50:00,F2,76.925,0.131,3.142,50.332,8.814,normal
2026-01-01T15:51:00,F2,73.592,0.371,4.187,59.243,5.237,normal
2026-01-01T15:52:00,F2,69.905,0.473,3.722,66.57,9.995,normal
2026-01-01T15:53:00,F2,80.618,0.379,3.991,59.389,9.194,normal
2026-01-01T15:54:00,F2,62.12,0.516,4.426,70.893,5.503,normal
2026-01-01T15:55:00,F2,71.63,0.433,2.786,69.0,8.614,normal
2026-01-01T15:56:00,F2,53.998,0.385,3.029,76.652,7.855,normal
2026-01-01T15:57:00,F2,91.223,0.724,2.794,69.814,9.403,normal
2026-01-01T15:58:00,F2,65.144,0.543,3.414,61.298,7.863,normal
2026-01-01T15:59:00,F2,81.237,0.567,2.217,75.259,8.389,normal
2026-01-01T16:00:00,F2,81.522,0.468,3.581,63.822,8.59,normal
2026-01-01T16:01:00,F2,80.496,0.611,4.246,44.223,8.194,normal
2026-01-01T16:02:00,F2,82.519,0.437,3.858,58.646,8.061,normal
2026-01-01T16:03:00,F2,77.796,0.26,3.593,50.735,6.536,normal
2026-01-01T16:04:00,F2,77.309,0.59,3.709,79.297,8.051,normal
2026-01-01T16:05:00,F2,78.715,0.443,5.456,72.137,4.041,normal
2026-01-01T16:06:00,F2,66.692,0.558,5.033,54.7,8.614,normal
2026-01-01T16:07:00,F2,62.696,0.781,4.141,55.568,8.76,normal
2026-01-01T16:08:00,F2,65.485,0.739,4.926,61.404,7.038,normal
2026-01-01T16:09:00,F2,82.494,0.454,4.092,89.847,5.697,normal
2026-01-01T16:10:00,F2,76.484,0.735,3.421,46.832,7.746,normal
2026-01-01T16:11:00,F2,73.221,0.638,4.214,57.867,6.62,normal
2026-01-01T16:12:00,F2,73.271,0.445,1.921,67.833,7.264,normal
2026-01-01T16:13:00,F2,71.829,0.422,2.817,55.637,5.726,normal
2026-01-01T16:14:00,F2,82.403,0.472,3.867,68.199,7.286,normal
2026-01-01T16:15:00,F2,72.964,0.368,4.675,59.212,9.22,normal
2026-01-01T16:16:00,F2,79.115,0.486,4.556,60.585,6.353,normal
2026-01-01T16:17:00,F2,77.874,0.833,4.37,64.954,6.982,normal
2026-01-01T16:18:00,F2,79.279,0.181,3.88,64.431,7.776,normal
2026-01-01T16:19:00,F2,77.411,0.947,3.89,74.222,9.974,normal
2026-01-01T16:20:00,F2,70.392,0.607,4.191,58.493,5.081,normal
2026-01-01T16:21:00,F2,77.253,0.668,2.925,71.752,7.211,normal
2026-01-01T16:22:00,F2,67.472,0.605,3.255,64.682,5.411,normal
2026-01-01T16:23:00,F2,70.599,0.467,4.362,60.508,6.389,normal
2026-01-01T16:24:00,F2,76.521,0.565,3.745,72.895,5.098,normal
2026-01-01T16:25:00,F2,65.751,0.41,2.495,52.66,7.955,normal
2026-01-01T16:26:00,F2,77.477,0.3,2.957,74.673,8.151,normal
2026-01-01T16:27:00,F2,81.313,0.416,3.192,70.465,10.387,normal
2026-01-01T16:28:00,F2,69.559,0.423,4.333,73.632,8.818,normal
2026-01-01T16:29:00,F2,64.919,0.233,4.255,68.476,8.201,normal
2026-01-01T16:30:00,F2,68.457,0.667,4.513,70.675,8.711,normal
2026-01-01T16:31:00,F2,75.227,0.312,3.425,63.526,7.97,normal
2026-01-01T16:32:00,F2,69.321,0.582,3.095,73.211,5.589,normal
2026-01-01T16:33:00,F2,68.438,0.304,3.044,67.872,6.265,normal
2026-01-01T16:34:00,F2,102.753,0.733,3.504,64.161,6.556,normal
2026-01-01T16:35:00,F2,82.483,0.414,3.807,66.382,8.457,normal
2026-01-01T16:36:00,F2,77.292,0.584,4.522,85.968,8.537,normal
2026-01-01T16:37:00,F2,71.376,0.502,4.114,65.361,7.456,normal
2026-01-01T16:38:00,F2,76.24,0.411,4.601,74.942,6.644,normal
2026-01-01T16:39:00,F2,60.115,0.519,1.438,67.444,7.076,normal
2026-01-01T16:40:00,F2,68.24,0.46,3.926,51.161,7.517,normal
2026-01-01T16:41:00,F2,73.432,0.349,3.462,65.166,7.316,normal
2026-01-01T16:42:00,F2,81.618,0.615,4.213,65.038,7.697,normal
2026-01-01T16:43:00,F2,85.855,0.52,3.557,54.701,8.832,normal
2026-01-01T16:44:00,F2,70.984,0.407,4.383,69.304,4.368,normal
2026-01-01T16:45:00,F2,70.913,0.462,3.471,67.038,7.236,normal
2026-01-01T16:46:00,F2,83.378,0.559,3.268,97.515,8.575,normal
2026-01-01T16:47:00,F2,76.714,0.49,4.085,67.535,7.475,normal
2026-01-01T16:48:00,F2,72.967,0.683,3.685,60.065,7.516,normal
2026-01-01T16:49:00,F2,77.327,0.388,3.22,44.806,7.097,normal
2026-01-01T16:50:00,F2,68.054,0.479,4.397,62.285,8.06,normal
2026-01-01T16:51:00,F2,81.402,0.477,4.515,54.139,8.118,normal
2026-01-01T16:52:00,F2,83.063,0.393,3.979,55.59,4.196,normal
2026-01-01T16:53:00,F2,72.005,0.255,2.262,55.238,9.61,normal
2026-01-01T16:54:00,F2,70.699,0.155,3.036,71.981,6.606,normal
2026-01-01T16:55:00,F2,78.865,0.211,4.0,67.57,1.575,normal
2026-01-01T16:56:00,F2,63.176,0.586,3.783,67.406,7.935,normal
2026-01-01T16:57:00,F2,63.034,0.493,3.86,84.292,7.259,normal
2026-01-01T16:58:00,F2,82.004,0.7,4.294,66.09,7.075,normal
2026-01-01T16:59:00,F2,82.093,0.35,3.809,61.68,8.692,normal
2026-01-01T17:00:00,F2,58.365,0.554,3.361,62.801,9.797,normal
2026-01-01T17:01:00,F2,72.413,0.173,2.855,62.779,5.917,normal
2026-01-01T17:02:00,F2,74.484,0.412,2.679,61.339,7.165,normal
2026-01-01T17:03:00,F2,67.28,0.277,1.926,72.776,7.292,normal
2026-01-01T17:04:00,F2,84.294,0.468,2.773,67.769,6.444,normal
2026-01-01T17:05:00,F2,81.103,0.271,2.818,62.376,10.283,normal
2026-01-01T17:06:00,F2,80.597,0.402,4.149,48.39,9.109,normal
2026-01-01T17:07:00,F2,66.595,0.569,3.655,67.104,8.401,normal
2026-01-01T17:08:00,F2,70.93,0.379,3.484,70.528,7.038,normal
2026-01-01T17:09:00,F2,70.553,0.475,2.924,48.048,5.496,normal
2026-01-01T17:10:00,F2,73.233,0.357,4.199,79.497,6.556,normal
2026-01-01T17:11:00,F2,70.787,0.32,3.488,62.554,7.303,normal
2026-01-01T17:12:00,F2,72.538,0.466,4.133,58.972,8.349,normal
2026-01-01T17:13:00,F2,70.812,0.503,3.978,50.781,8.949,normal
2026-01-01T17:14:00,F2,80.012,0.24,3.534,62.043,8.839,normal
2026-01-01T17:15:00,F2,81.93,0.736,3.139,69.301,8.003,normal
2026-01-01T17:16:00,F2,69.908,0.334,2.076,64.328,5.528,normal
2026-01-01T17:17:00,F2,73.616,0.332,4.34,66.906,8.408,normal
2026-01-01T17:18:00,F2,81.463,0.453,2.228,68.763,7.231,normal
2026-01-01T17:19:00,F2,78.579,0.312,4.405,56.992,8.244,normal
2026-01-01T17:20:00,F2,68.4,0.491,3.362,79.15,7.929,normal
2026-01-01T17:21:00,F2,82.412,0.352,4.808,64.225,8.857,normal
2026-01-01T17:22:00,F2,76.898,0.399,3.961,70.025,8.255,normal
2026-01-01T17:23:00,F2,77.254,0.113,3.017,74.078,8.407,normal
2026-01-01T17:24:00,F2,67.454,0.415,4.083,65.69,8.114,normal
2026-01-01T17:25:00,F2,59.96,0.598,3.548,60.46,8.066,normal
2026-01-01T17:26:00,F2,81.301,0.428,3.424,68.388,7.912,normal
2026-01-01T17:27:00,F2,54.939,0.351,3.102,61.326,7.577,normal
2026-01-01T17:28:00,F2,72.041,0.295,3.915,60.679,7.456,normal
2026-01-01T17:29:00,F2,69.279,0.603,3.674,67.516,6.88,normal
2026-01-01T17:30:00,F2,84.391,0.577,4.365,61.758,5.998,normal
2026-01-01T17:31:00,F2,66.97,0.433,3.585,69.716,6.822,normal
2026-01-01T17:32:00,F2,79.049,0.185,3.446,70.58,7.193,normal
2026-01-01T17:33:00,F2,75.373,0.494,3.786,59.391,7.738,normal
2026-01-01T17:34:00,F2,86.642,0.541,3.641,66.01,5.084,normal
2026-01-01T17:35:00,F2,70.593,0.449,3.185,53.834,10.095,normal
2026-01-01T17:36:00,F2,82.923,0.656,5.1,79.129,6.848,normal
2026-01-01T17:37:00,F2,63.076,0.329,3.906,65.863,7.209,normal
2026-01-01T17:38:00,F2,76.115,0.388,3.888,64.042,6.569,normal
2026-01-01T17:39:00,F2,77.119,0.587,3.644,65.842,9.356,normal
2026-01-01T17:40:00,F2,96.419,0.559,3.434,56.526,8.579,normal
2026-01-01T17:41:00,F2,70.322,0.369,3.747,66.565,6.852,normal
2026-01-01T17:42:00,F2,68.922,0.285,2.587,80.556,8.417,normal
2026-01-01T17:43:00,F2,65.731,0.449,4.532,69.778,6.964,normal
2026-01-01T17:44:00,F2,76.322,0.539,4.058,63.306,6.307,normal
2026-01-01T17:45:00,F2,72.375,0.512,4.124,72.36,8.364,normal
2026-01-01T17:46:00,F2,74.055,0.394,3.058,57.994,7.789,normal
2026-01-01T17:47:00,F2,87.381,0.479,4.092,54.726,7.275,normal
2026-01-01T17:48:00,F2,80.498,0.589,2.874,58.471,7.544,normal
2026-01-01T17:49:00,F2,79.284,0.498,3.442,59.345,6.864,normal
2026-01-01T17:50:00,F2,73.943,0.502,4.721,53.337,8.861,normal
2026-01-01T17:51:00,F2,78.808,0.657,3.759,74.801,10.618,normal
2026-01-01T17:52:00,F2,85.366,0.1,3.774,74.865,6.583,normal
2026-01-01T17:53:00,F2,63.912,0.108,4.008,76.895,7.949,normal
2026-01-01T17:54:00,F2,69.201,0.156,3.888,75.574,8.139,normal
2026-01-01T17:55:00,F2,89.041,0.452,2.998,50.306,5.16,normal
2026-01-01T17:56:00,F2,87.224,0.253,3.784,67.496,9.014,normal
2026-01-01T17:57:00,F2,77.366,0.411,3.296,71.923,2.61,normal
2026-01-01T17:58:00,F2,79.027,0.284,4.095,74.892,5.398,normal
2026-01-01T17:59:00,F2,85.667,0.462,2.416,62.426,7.161,normal
2026-01-01T18:00:00,F2,81.025,0.105,3.779,72.218,7.85,normal
2026-01-01T18:01:00,F2,86.263,0.778,3.805,58.781,6.451,normal
2026-01-01T18:02:00,F2,88.315,0.389,3.262,65.948,6.272,normal
2026-01-01T18:03:00,F2,76.185,0.279,3.955,51.54,9.329,normal
2026-01-01T18:04:00,F2,73.223,0.758,3.866,60.59,8.776,normal
2026-01-01T18:05:00,F2,81.522,0.246,3.363,56.025,9.624,normal
2026-01-01T18:06:00,F2,70.313,0.191,3.525,54.43,11.914,normal
2026-01-01T18:07:00,F2,72.258,0.307,2.699,77.268,6.352,normal
2026-01-01T18:08:00,F2,80.647,0.415,4.387,71.924,6.676,normal
2026-01-01T18:09:00,F2,75.533,0.396,3.726,71.313,8.708,normal
2026-01-01T18:10:00,F2,74.473,0.213,7.421,57.426,6.538,normal
2026-01-01T18:11:00,F2,76.501,0.462,3.543,73.969,9.31,normal
2026-01-01T18:12:00,F2,83.19,0.298,3.135,57.848,4.001,normal
2026-01-01T18:13:00,F2,67.684,0.45,4.535,72.664,6.705,normal
2026-01-01T18:14:00,F2,66.446,0.463,3.88,70.042,7.199,normal
2026-01-01T18:15:00,F2,67.661,0.29,2.989,75.485,6.47,normal
2026-01-01T18:16:00,F2,81.11,0.489,3.534,73.923,6.225,normal
2026-01-01T18:17:00,F2,66.062,0.43,3.875,57.765,8.611,normal
2026-01-01T18:18:00,F2,61.471,0.325,3.86,65.826,9.563,normal
2026-01-01T18:19:00,F2,65.889,0.285,2.944,60.351,5.724,normal
2026-01-01T18:20:00,F2,78.198,0.372,2.995,51.878,8.197,normal
2026-01-01T18:21:00,F2,76.512,0.436,3.668,57.319,6.031,normal
2026-01-01T18:22:00,F2,64.747,0.359,4.182,61.974,9.743,normal
2026-01-01T18:23:00,F2,70.599,0.424,3.63,63.577,6.313,normal
2026-01-01T18:24:00,F2,71.95,0.302,4.447,61.177,7.426,normal
2026-01-01T18:25:00,F2,85.497,0.23,3.047,71.253,8.255,normal
2026-01-01T18:26:00,F2,80.524,0.294,3.857,74.185,8.174,normal
2026-01-01T18:27:00,F2,76.457,0.34,2.886,60.748,6.787,normal
2026-01-01T18:28:00,F2,74.324,0.545,2.847,70.652,6.882,normal
2026-01-01T18:29:00,F2,78.103,0.403,3.119,58.489,7.374,normal
2026-01-01T18:30:00,F2,70.725,0.524,3.229,65.096,6.176,normal
2026-01-01T18:31:00,F2,75.593,0.441,3.031,56.428,6.353,normal
2026-01-01T18:32:00,F2,90.849,0.337,3.868,65.828,9.901,normal
2026-01-01T18:33:00,F2,66.984,0.136,2.251,54.746,6.23,normal
2026-01-01T18:34:00,F2,48.8,0.468,3.287,88.773,7.787,normal
2026-01-01T18:35:00,F2,61.733,0.437,3.399,71.25,7.263,normal
2026-01-01T18:36:00,F2,68.91,0.169,3.605,81.85,7.335,normal
2026-01-01T18:37:00,F2,57.246,0.113,4.79,48.245,7.465,normal
2026-01-01T18:38:00,F2,73.901,0.237,2.881,70.681,9.112,normal
2026-01-01T18:39:00,F2,69.477,0.107,3.698,59.069,7.792,normal
2026-01-01T18:40:00,F2,66.98,0.347,2.262,66.258,8.669,normal
2026-01-01T18:41:00,F2,77.39,0.646,3.803,58.964,8.394,normal
2026-01-01T18:42:00,F2,77.009,0.27,4.646,52.834,6.937,normal
2026-01-01T18:43:00,F2,85.347,0.0,3.108,64.321,5.634,normal
2026-01-01T18:44:00,F2,82.356,0.045,4.176,69.457,10.175,normal
2026-01-01T18:45:00,F2,82.788,0.41,2.472,67.243,5.941,normal
2026-01-01T18:46:00,F2,81.613,0.327,2.257,74.436,4.895,normal
2026-01-01T18:47:00,F2,86.844,0.545,4.56,62.86,6.537,normal
2026-01-01T18:48:00,F2,74.167,0.378,2.847,60.395,5.996,normal
2026-01-01T18:49:00,F2,66.554,0.386,2.977,46.176,7.697,normal
2026-01-01T18:50:00,F2,62.021,0.0,2.652,61.608,7.358,normal
2026-01-01T18:51:00,F2,87.734,0.203,3.344,74.956,6.769,normal
2026-01-01T18:52:00,F2,73.571,0.197,3.76,71.666,5.681,normal
2026-01-01T18:53:00,F2,61.839,0.375,3.05,66.672,8.914,normal
2026-01-01T18:54:00,F2,72.157,0.564,4.078,66.403,7.857,normal
2026-01-01T18:55:00,F2,69.987,0.25,3.325,72.432,8.811,normal
2026-01-01T18:56:00,F2,84.108,0.384,3.801,55.97,8.191,normal
2026-01-01T18:57:00,F2,85.318,0.4,4.716,59.309,9.702,normal
2026-01-01T18:58:00,F2,69.584,0.158,3.991,69.154,5.793,normal
2026-01-01T18:59:00,F2,62.466,0.264,4.306,63.69,8.515,normal
2026-01-01T19:00:00,F2,78.609,0.294,4.357,63.832,4.294,normal
2026-01-01T19:01:00,F2,62.386,0.287,2.768,60.927,7.005,normal
2026-01-01T19:02:00,F2,66.92,0.371,2.956,56.356,8.236,normal
2026-01-01T19:03:00,F2,87.614,0.463,3.094,82.597,9.252,normal
2026-01-01T19:04:00,F2,61.729,0.255,3.933,58.968,6.285,normal
2026-01-01T19:05:00,F2,80.438,0.071,4.135,81.763,6.604,normal
2026-01-01T19:06:00,F2,74.726,0.156,3.36,76.854,6.825,normal
2026-01-01T19:07:00,F2,81.404,0.328,2.861,54.896,8.389,normal
2026-01-01T19:08:00,F2,69.213,0.377,2.81,40.399,6.549,normal
2026-01-01T19:09:00,F2,85.678,0.0,4.1,54.253,5.56,normal
2026-01-01T19:10:00,F2,87.981,0.272,2.418,67.728,11.56,normal
2026-01-01T19:11:00,F2,88.014,0.354,2.893,74.72,8.841,normal
2026-01-01T19:12:00,F2,65.544,0.39,3.737,77.906,5.914,normal
2026-01-01T19:13:00,F2,65.138,0.326,3.843,72.779,6.578,normal
2026-01-01T19:14:00,F2,81.712,0.241,3.348,82.241,7.122,normal
2026-01-01T19:15:00,F2,68.57,0.214,3.96,74.023,5.814,normal
2026-01-01T19:16:00,F2,79.701,0.392,3.802,64.026,8.973,normal
2026-01-01T19:17:00,F2,77.391,0.321,3.327,55.924,9.193,normal
2026-01-01T19:18:00,F2,61.934,0.206,2.937,55.61,6.776,normal
2026-01-01T19:19:00,F2,64.667,0.538,2.313,79.06,7.792,normal
2026-01-01T19:20:00,F2,85.53,0.211,2.673,68.376,6.056,normal
2026-01-01T19:21:00,F2,68.352,0.003,4.576,55.246,7.704,normal
2026-01-01T19:22:00,F2,78.501,0.444,2.243,54.794,8.662,normal
2026-01-01T19:23:00,F2,70.123,0.192,4.224,63.864,7.454,normal
2026-01-01T19:24:00,F2,72.028,0.173,3.151,70.824,7.233,normal
2026-01-01T19:25:00,F2,75.343,0.332,4.255,66.167,9.249,normal
2026-01-01T19:26:00,F2,63.356,0.148,2.938,81.882,8.339,normal
2026-01-01T19:27:00,F2,77.93,0.217,3.834,61.942,6.668,normal
2026-01-01T19:28:00,F2,76.424,0.397,3.701,53.986,8.322,normal
2026-01-01T19:29:00,F2,82.791,0.418,3.21,53.157,8.798,normal
2026-01-01T19:30:00,F2,80.644,0.354,3.764,68.489,7.887,normal
2026-01-01T19:31:00,F2,68.186,0.274,3.107,53.211,6.294,normal
2026-01-01T19:32:00,F2,70.494,0.052,3.565,59.633,10.034,normal
2026-01-01T19:33:00,F2,75.224,0.572,2.393,62.205,8.215,normal
2026-01-01T19:34:00,F2,71.844,0.225,4.575,58.176,7.611,normal
2026-01-01T19:35:00,F2,73.689,0.114,3.744,67.047,7.565,normal
2026-01-01T19:36:00,F2,86.327,0.194,2.826,70.807,8.181,normal
2026-01-01T19:37:00,F2,67.02,0.312,4.631,55.271,7.473,normal
2026-01-01T19:38:00,F2,90.353,0.406,3.481,55.297,6.874,normal
2026-01-01T19:39:00,F2,65.741,0.588,3.915,90.951,6.504,normal
2026-01-01T19:40:00,F2,58.639,0.332,4.548,72.011,6.904,normal
2026-01-01T19:41:00,F2,77.858,0.267,3.325,71.849,9.699,normal
2026-01-01T19:42:00,F2,82.257,0.296,2.217,47.736,8.024,normal
2026-01-01T19:43:00,F2,74.889,0.17,3.27,68.11,6.383,normal
2026-01-01T19:44:00,F2,61.706,0.379,3.435,49.516,7.177,normal
2026-01-01T19:45:00,F2,71.159,0.291,2.753,63.102,8.79,normal
2026-01-01T19:46:00,F2,78.762,0.252,2.996,74.896,6.7,normal
2026-01-01T19:47:00,F2,71.645,0.169,4.399,70.293,6.736,normal
2026-01-01T19:48:00,F2,76.271,0.208,3.008,75.465,5.913,normal
2026-01-01T19:49:00,F2,76.169,0.0,4.629,44.711,5.28,normal
2026-01-01T19:50:00,F2,84.651,0.455,4.129,53.216,7.222,normal
2026-01-01T19:51:00,F2,72.277,0.443,2.711,52.737,6.026,normal
2026-01-01T19:52:00,F2,73.212,0.305,4.083,57.829,5.879,normal
2026-01-01T19:53:00,F2,83.369,0.4,2.571,65.231,6.037,normal
2026-01-01T19:54:00,F2,87.211,0.1,3.848,71.497,7.275,normal
2026-01-01T19:55:00,F2,75.056,0.131,3.629,54.7,7.122,normal
2026-01-01T19:56:00,F2,76.068,0.333,2.978,68.585,5.877,normal
2026-01-01T19:57:00,F2,80.569,0.499,3.378,57.38,5.592,normal
2026-01-01T19:58:00,F2,71.569,0.514,2.427,63.272,8.285,normal
2026-01-01T19:59:00,F2,73.966,0.319,3.015,62.853,7.233,normal
2026-01-01T20:00:00,F2,73.843,0.076,3.266,71.393,7.292,normal
2026-01-01T20:01:00,F2,86.365,0.291,3.417,87.643,4.209,normal
2026-01-01T20:02:00,F2,64.641,0.182,2.249,60.944,8.604,normal
2026-01-01T20:03:00,F2,72.803,0.134,2.965,57.863,4.489,normal
2026-01-01T20:04:00,F2,72.758,0.103,2.617,70.706,7.336,normal
2026-01-01T20:05:00,F2,74.331,0.122,2.975,77.47,7.045,normal
2026-01-01T20:06:00,F2,78.869,0.221,3.295,60.366,9.236,normal
2026-01-01T20:07:00,F2,78.839,0.122,3.646,55.641,7.712,normal
2026-01-01T20:08:00,F2,57.234,0.205,3.366,70.211,4.624,normal
2026-01-01T20:09:00,F2,62.45,0.268,2.98,55.149,7.063,normal
2026-01-01T20:10:00,F2,86.365,0.235,2.445,51.776,5.134,normal
2026-01-01T20:11:00,F2,75.262,0.539,3.155,50.514,5.388,normal
2026-01-01T20:12:00,F2,56.727,0.111,3.818,69.638,7.372,normal
2026-01-01T20:13:00,F2,76.02,0.032,3.445,67.786,8.047,normal
2026-01-01T20:14:00,F2,80.28,0.0,3.316,82.375,6.626,normal
2026-01-01T20:15:00,F2,83.704,0.191,3.386,67.529,8.108,normal
2026-01-01T20:16:00,F2,78.271,0.072,4.128,66.139,7.696,normal
2026-01-01T20:17:00,F2,67.541,0.286,4.174,63.807,7.364,normal
2026-01-01T20:18:00,F2,81.441,0.301,2.922,82.418,7.105,normal
2026-01-01T20:19:00,F2,88.056,0.178,3.773,53.911,9.229,normal
2026-01-01T20:20:00,F2,72.913,0.358,2.935,55.889,8.188,normal
2026-01-01T20:21:00,F2,66.962,0.247,3.033,61.138,9.422,normal
2026-01-01T20:22:00,F2,75.861,0.032,2.91,80.255,5.027,normal
2026-01-01T20:23:00,F2,74.371,0.14,2.694,68.753,6.296,normal
2026-01-01T20:24:00,F2,70.055,0.187,4.033,62.202,9.562,normal
2026-01-01T20:25:00,F2,70.93,0.242,4.188,71.353,7.649,normal
2026-01-01T20:26:00,F2,72.21,0.023,2.298,65.528,6.407,normal
2026-01-01T20:27:00,F2,71.126,0.277,2.26,77.151,8.035,normal
2026-01-01T20:28:00,F2,78.144,0.112,2.879,79.286,5.045,normal
2026-01-01T20:29:00,F2,65.196,0.0,3.605,77.7,6.065,normal
2026-01-01T20:30:00,F2,87.258,0.365,4.409,70.837,7.227,normal
2026-01-01T20:31:00,F2,93.309,0.049,3.254,51.698,6.626,normal
2026-01-01T20:32:00,F2,76.961,0.0,3.328,57.811,7.404,normal
2026-01-01T20:33:00,F2,76.567,0.464,4.14,73.711,7.535,normal
2026-01-01T20:34:00,F2,73.332,0.132,4.001,56.983,6.166,normal
2026-01-01T20:35:00,F2,74.279,0.13,3.606,52.895,6.244,normal
2026-01-01T20:36:00,F2,79.597,0.137,3.953,68.735,5.111,normal
2026-01-01T20:37:00,F2,94.893,0.18,3.378,60.636,6.055,normal
2026-01-01T20:38:00,F2,67.679,0.477,3.719,62.086,9.177,normal
2026-01-01T20:39:00,F2,67.27,0.297,3.924,50.078,5.041,normal
2026-01-01T20:40:00,F2,72.438,0.0,3.138,79.927,5.561,normal
2026-01-01T20:41:00,F2,84.386,0.188,4.207,66.949,7.61,normal
2026-01-01T20:42:00,F2,66.793,0.273,3.048,81.258,6.091,normal
2026-01-01T20:43:00,F2,81.325,0.334,2.821,73.091,5.632,normal
2026-01-01T20:44:00,F2,64.667,0.0,1.83,63.64,8.326,normal
2026-01-01T20:45:00,F2,71.024,0.127,2.132,61.456,5.713,normal
2026-01-01T20:46:00,F2,77.334,0.021,2.37,66.845,5.251,normal
2026-01-01T20:47:00,F2,60.51,0.165,4.091,47.023,7.888,normal
2026-01-01T20:48:00,F2,87.387,0.273,2.783,51.804,6.281,normal
2026-01-01T20:49:00,F2,74.164,0.145,2.407,64.489,6.523,normal
2026-01-01T20:50:00,F2,70.112,0.341,3.157,70.97,6.476,normal
2026-01-01T20:51:00,F2,65.926,0.237,4.833,52.902,8.091,normal
2026-01-01T20:52:00,F2,78.294,0.161,4.199,58.483,5.545,normal
2026-01-01T20:53:00,F2,78.869,0.0,5.032,61.632,7.309,normal
2026-01-01T20:54:00,F2,67.533,0.0,3.693,52.448,6.937,normal
2026-01-01T20:55:00,F2,71.587,0.374,3.82,52.811,7.713,normal
2026-01-01T20:56:00,F2,51.827,0.244,4.335,66.834,7.962,normal
2026-01-01T20:57:00,F2,83.845,0.203,3.067,62.781,7.13,normal
2026-01-01T20:58:00,F2,81.356,0.394,3.093,74.184,9.202,normal
2026-01-01T20:59:00,F2,72.135,0.212,3.482,71.491,7.353,normal
2026-01-01T21:00:00,F2,94.948,0.185,2.652,75.079,8.067,normal
2026-01-01T21:01:00,F2,80.326,0.286,4.511,64.9,6.277,normal
2026-01-01T21:02:00,F2,71.483,0.027,4.161,62.666,8.566,normal
2026-01-01T21:03:00,F2,82.765,0.118,3.025,43.503,7.339,normal
2026-01-01T21:04:00,F2,83.181,0.018,3.997,58.977,9.463,normal
2026-01-01T21:05:00,F2,81.336,0.264,3.196,67.054,8.391,normal
2026-01-01T21:06:00,F2,79.906,0.46,3.686,59.92,5.441,normal
2026-01-01T21:07:00,F2,64.968,0.0,1.996,71.35,4.752,normal
2026-01-01T21:08:00,F2,73.219,0.0,2.542,53.708,6.33,normal
2026-01-01T21:09:00,F2,60.876,0.334,3.323,64.332,6.746,normal
2026-01-01T21:10:00,F2,89.368,0.151,3.935,64.302,5.504,normal
2026-01-01T21:11:00,F2,77.787,0.0,2.903,80.837,5.037,normal
2026-01-01T21:12:00,F2,68.399,0.11,3.671,70.875,7.634,normal
2026-01-01T21:13:00,F2,65.523,0.0,3.827,69.757,9.655,normal
2026-01-01T21:14:00,F2,79.033,0.0,3.077,57.476,7.694,normal
2026-01-01T21:15:00,F2,61.275,0.188,2.584,60.866,6.223,normal
2026-01-01T21:16:00,F2,78.856,0.215,3.264,76.74,9.673,normal
2026-01-01T21:17:00,F2,63.043,0.0,4.016,58.647,5.686,normal
2026-01-01T21:18:00,F2,71.23,0.074,3.358,78.321,5.344,normal
2026-01-01T21:19:00,F2,60.605,0.293,4.042,44.783,6.973,normal
2026-01-01T21:20:00,F2,89.223,0.127,2.392,50.754,7.841,normal
2026-01-01T21:21:00,F2,71.912,0.07,2.884,56.456,8.386,normal
2026-01-01T21:22:00,F2,75.776,0.251,3.088,63.007,8.332,normal
2026-01-01T21:23:00,F2,85.572,0.0,3.12,57.001,5.9,normal
2026-01-01T21:24:00,F2,75.738,0.368,1.883,54.391,4.396,normal
2026-01-01T21:25:00,F2,76.929,0.146,3.408,72.403,7.55,normal
2026-01-01T21:26:00,F2,79.223,0.207,2.842,58.851,5.807,normal
2026-01-01T21:27:00,F2,81.048,0.304,3.255,74.505,5.127,normal
2026-01-01T21:28:00,F2,76.229,0.212,3.278,67.503,5.68,normal
2026-01-01T21:29:00,F2,65.964,0.001,2.169,75.288,9.505,normal
2026-01-01T21:30:00,F2,81.582,0.0,3.877,80.555,8.231,normal
2026-01-01T21:31:00,F2,76.39,0.0,4.471,85.723,7.221,normal
2026-01-01T21:32:00,F2,80.813,0.227,4.297,66.626,4.739,normal
2026-01-01T21:33:00,F2,88.823,0.221,3.363,63.484,6.56,normal
2026-01-01T21:34:00,F2,83.231,0.13,3.071,33.992,5.267,normal
2026-01-01T21:35:00,F2,72.402,0.201,2.487,59.46,7.231,normal
2026-01-01T21:36:00,F2,81.15,0.039,3.832,50.296,8.102,normal
2026-01-01T21:37:00,F2,68.436,0.187,3.467,57.05,5.997,normal
2026-01-01T21:38:00,F2,78.141,0.0,3.742,53.275,4.387,normal
2026-01-01T21:39:00,F2,78.963,0.0,3.591,57.467,7.926,normal
2026-01-01T21:40:00,F2,49.939,0.0,2.499,50.289,6.976,normal
2026-01-01T21:41:00,F2,67.505,0.017,3.148,67.642,6.642,normal
2026-01-01T21:42:00,F2,82.91,0.025,2.794,76.81,7.489,normal
2026-01-01T21:43:00,F2,74.272,0.0,2.169,72.93,8.415,normal
2026-01-01T21:44:00,F2,77.449,0.056,3.7,66.673,8.012,normal
2026-01-01T21:45:00,F2,86.544,0.0,3.439,65.627,5.148,normal
2026-01-01T21:46:00,F2,74.797,0.092,3.404,58.424,5.343,normal
2026-01-01T21:47:00,F2,75.243,0.066,3.328,62.36,5.844,normal
2026-01-01T21:48:00,F2,83.064,0.0,2.887,80.814,4.739,normal
2026-01-01T21:49:00,F2,80.813,0.098,2.714,80.238,8.284,normal
2026-01-01T21:50:00,F2,91.011,0.205,3.991,52.856,6.764,normal
2026-01-01T21:51:00,F2,78.945,0.219,2.139,80.736,7.037,normal
2026-01-01T21:52:00,F2,78.595,0.0,3.334,74.469,6.486,normal
2026-01-01T21:53:00,F2,66.606,0.0,3.43,72.558,8.092,normal
2026-01-01T21:54:00,F2,80.551,0.0,2.745,73.725,4.198,normal
2026-01-01T21:55:00,F2,66.038,0.263,3.23,71.574,7.423,normal
2026-01-01T21:56:00,F2,72.984,0.031,4.095,64.261,7.091,normal
2026-01-01T21:57:00,F2,80.24,0.298,3.983,80.155,8.094,normal
2026-01-01T21:58:00,F2,78.112,0.159,3.402,68.784,6.426,normal
2026-01-01T21:59:00,F2,90.12,0.0,3.37,80.177,8.988,normal
2026-01-01T22:00:00,F2,71.469,0.189,4.649,75.083,6.107,normal
2026-01-01T22:01:00,F2,78.199,0.006,2.934,68.997,6.014,normal
2026-01-01T22:02:00,F2,67.999,0.037,3.565,60.525,7.065,normal
2026-01-01T22:03:00,F2,75.919,0.185,3.978,65.949,7.125,normal
2026-01-01T22:04:00,F2,88.188,0.125,4.104,46.531,7.757,normal
2026-01-01T22:05:00,F2,90.704,0.052,2.898,59.666,7.521,normal
2026-01-01T22:06:00,F2,75.386,0.0,2.552,47.945,5.701,normal
2026-01-01T22:07:00,F2,77.737,0.321,2.742,64.788,8.765,normal
2026-01-01T22:08:00,F2,81.623,0.397,3.966,67.489,5.26,normal
2026-01-01T22:09:00,F2,94.39,0.0,4.222,58.34,6.034,normal
2026-01-01T22:10:00,F2,55.899,0.288,2.903,62.08,6.957,normal
2026-01-01T22:11:00,F2,76.999,0.031,3.229,65.712,6.445,normal
2026-01-01T22:12:00,F2,98.881,0.029,3.167,65.543,7.482,normal
2026-01-01T22:13:00,F2,72.303,0.513,3.853,46.149,7.352,normal
2026-01-01T22:14:00,F2,66.4,0.142,3.059,64.883,7.182,normal
2026-01-01T22:15:00,F2,70.271,0.109,3.591,64.71,6.464,normal
2026-01-01T22:16:00,F2,80.238,0.201,3.746,58.74,6.376,normal
2026-01-01T22:17:00,F2,67.329,0.007,2.726,59.703,6.405,normal
2026-01-01T22:18:00,F2,77.859,0.051,3.774,66.295,5.197,normal
2026-01-01T22:19:00,F2,71.181,0.0,4.461,61.409,8.754,normal
2026-01-01T22:20:00,F2,75.653,0.141,3.496,82.301,8.418,normal
2026-01-01T22:21:00,F2,85.546,0.084,3.768,64.673,5.59,normal
2026-01-01T22:22:00,F2,73.188,0.0,2.49,60.804,7.963,normal
2026-01-01T22:23:00,F2,86.8,0.241,3.537,54.55,9.862,normal
2026-01-01T22:24:00,F2,76.178,0.0,3.104,71.848,8.505,normal
2026-01-01T22:25:00,F2,66.894,0.053,2.83,76.766,7.824,normal
2026-01-01T22:26:00,F2,89.258,0.072,4.062,65.623,6.894,normal
2026-01-01T22:27:00,F2,73.181,0.0,3.097,74.863,6.43,normal
2026-01-01T22:28:00,F2,86.886,0.0,3.688,66.485,9.267,normal
2026-01-01T22:29:00,F2,66.816,0.0,3.032,62.857,7.436,normal
2026-01-01T22:30:00,F2,58.228,0.0,2.404,69.753,8.169,normal
2026-01-01T22:31:00,F2,79.423,0.116,2.617,67.022,6.35,normal
2026-01-01T22:32:00,F2,69.793,0.01,3.03,64.367,7.513,normal
2026-01-01T22:33:00,F2,71.021,0.0,3.441,51.224,6.853,normal
2026-01-01T22:34:00,F2,86.439,0.093,4.425,73.577,5.451,normal
2026-01-01T22:35:00,F2,72.361,0.0,3.488,70.973,4.75,normal
2026-01-01T22:36:00,F2,76.505,0.117,3.479,38.805,6.027,normal
2026-01-01T22:37:00,F2,70.807,0.002,4.766,57.313,9.655,normal
2026-01-01T22:38:00,F2,66.136,0.0,3.326,66.021,10.996,normal
2026-01-01T22:39:00,F2,81.246,0.169,3.09,65.259,4.816,normal
2026-01-01T22:40:00,F2,86.33,0.0,3.392,62.135,6.508,normal
2026-01-01T22:41:00,F2,61.887,0.033,3.039,72.537,7.141,normal
2026-01-01T22:42:00,F2,67.139,0.04,2.326,58.72,7.305,normal
2026-01-01T22:43:00,F2,72.753,0.0,4.008,50.342,4.231,normal
2026-01-01T22:44:00,F2,57.454,0.0,3.109,58.822,4.786,normal
2026-01-01T22:45:00,F2,57.294,0.191,3.103,73.567,6.07,normal
2026-01-01T22:46:00,F2,77.706,0.0,3.387,66.717,8.518,normal
2026-01-01T22:47:00,F2,71.755,0.359,3.556,79.766,5.111,normal
2026-01-01T22:48:00,F2,64.87,0.0,3.101,64.69,6.695,normal
2026-01-01T22:49:00,F2,71.652,0.0,3.194,62.099,8.943,normal
2026-01-01T22:50:00,F2,76.73,0.0,3.897,66.987,6.812,normal
2026-01-01T22:51:00,F2,89.024,0.041,5.133,72.075,7.543,normal
2026-01-01T22:52:00,F2,78.693,0.134,3.617,61.864,9.119,normal
2026-01-01T22:53:00,F2,71.88,0.088,4.026,67.454,6.899,normal
2026-01-01T22:54:00,F2,73.864,0.0,4.193,76.965,8.006,normal
2026-01-01T22:55:00,F2,77.024,0.0,2.971,77.994,6.061,normal
2026-01-01T22:56:00,F2,74.748,0.079,3.283,54.735,8.336,normal
2026-01-01T22:57:00,F2,70.39,0.0,3.087,95.547,8.406,normal
2026-01-01T22:58:00,F2,68.529,0.272,4.061,58.74,8.142,normal
2026-01-01T22:59:00,F2,68.266,0.0,3.044,63.546,5.804,normal
2026-01-01T23:00:00,F2,88.639,0.0,2.491,69.158,7.33,normal
2026-01-01T23:01:00,F2,73.497,0.0,2.764,67.588,4.242,normal
2026-01-01T23:02:00,F2,79.348,0.128,3.58,72.206,7.194,normal
2026-01-01T23:03:00,F2,77.248,0.0,4.013,66.804,9.281,normal
2026-01-01T23:04:00,F2,90.867,0.157,3.086,58.864,6.82,normal
2026-01-01T23:05:00,F2,82.127,0.142,3.384,76.994,8.674,normal
2026-01-01T23:06:00,F2,74.57,0.202,2.15,59.683,7.708,normal
2026-01-01T23:07:00,F2,93.033,0.0,3.212,67.93,9.838,normal
2026-01-01T23:08:00,F2,84.698,0.0,4.247,60.429,8.06,normal
2026-01-01T23:09:00,F2,81.191,0.061,4.115,63.305,5.563,normal
2026-01-01T23:10:00,F2,64.196,0.209,3.187,69.127,5.626,normal
2026-01-01T23:11:00,F2,78.815,0.327,2.773,69.945,4.001,normal
2026-01-01T23:12:00,F2,73.775,0.0,3.216,51.704,7.91,normal
2026-01-01T23:13:00,F2,78.306,0.114,2.457,65.252,7.968,normal
2026-01-01T23:14:00,F2,79.141,0.0,2.454,69.216,8.452,normal
2026-01-01T23:15:00,F2,65.08,0.041,1.849,61.651,7.949,normal
2026-01-01T23:16:00,F2,65.246,0.0,2.923,63.819,8.995,normal
2026-01-01T23:17:00,F2,60.671,0.027,3.205,57.692,7.264,normal
2026-01-01T23:18:00,F2,84.027,0.0,3.695,67.819,6.616,normal
2026-01-01T23:19:00,F2,65.677,0.095,3.249,74.43,3.811,normal
2026-01-01T23:20:00,F2,70.047,0.089,2.929,47.61,5.65,normal
2026-01-01T23:21:00,F2,75.899,0.059,4.394,64.565,8.656,normal
2026-01-01T23:22:00,F2,93.565,0.021,2.913,57.849,4.865,normal
2026-01-01T23:23:00,F2,86.829,0.0,3.681,60.592,4.066,normal
2026-01-01T23:24:00,F2,78.59,0.0,2.547,50.722,6.704,normal
2026-01-01T23:25:00,F2,86.574,0.089,3.731,64.706,5.32,normal
2026-01-01T23:26:00,F2,73.895,0.034,4.59,75.908,6.77,normal
2026-01-01T23:27:00,F2,62.422,0.348,4.241,61.344,9.145,normal
2026-01-01T23:28:00,F2,56.726,0.031,3.243,65.776,7.737,normal
2026-01-01T23:29:00,F2,72.415,0.0,3.668,66.021,5.512,normal
2026-01-01T23:30:00,F2,79.96,0.497,4.307,60.081,9.014,normal
2026-01-01T23:31:00,F2,68.248,0.0,4.968,71.259,6.715,normal
2026-01-01T23:32:00,F2,75.368,0.363,3.305,63.908,5.661,normal
2026-01-01T23:33:00,F2,67.994,0.051,2.767,65.169,6.047,normal
2026-01-01T23:34:00,F2,74.794,0.0,2.506,72.032,7.817,normal
2026-01-01T23:35:00,F2,74.17,0.0,2.475,53.705,4.88,normal
2026-01-01T23:36:00,F2,65.662,0.0,3.152,60.245,5.642,normal
2026-01-01T23:37:00,F2,80.462,0.0,2.814,75.539,7.124,normal
2026-01-01T23:38:00,F2,70.946,0.0,1.904,54.383,7.186,normal
2026-01-01T23:39:00,F2,65.938,0.0,3.064,71.226,3.784,normal
2026-01-01T23:40:00,F2,76.027,0.0,2.536,39.192,7.588,normal
2026-01-01T23:41:00,F2,61.65,0.0,2.289,58.998,7.221,normal
2026-01-01T23:42:00,F2,79.162,0.0,2.952,60.491,5.354,normal
2026-01-01T23:43:00,F2,68.164,0.0,4.137,69.459,4.968,normal
2026-01-01T23:44:00,F2,82.139,0.0,3.664,54.686,7.659,normal
2026-01-01T23:45:00,F2,76.285,0.0,3.337,52.427,5.84,normal
2026-01-01T23:46:00,F2,63.596,0.0,3.33,62.69,7.762,normal
2026-01-01T23:47:00,F2,86.356,0.0,3.712,65.429,7.352,normal
2026-01-01T23:48:00,F2,74.716,0.0,2.712,69.064,9.078,normal
2026-01-01T23:49:00,F2,64.186,0.0,3.574,56.524,6.979,normal
2026-01-01T23:50:00,F2,78.104,0.0,2.085,54.109,3.494,normal
2026-01-01T23:51:00,F2,78.985,0.0,3.191,61.862,5.7,normal
2026-01-01T23:52:00,F2,76.91,0.0,3.661,63.771,7.554,normal
2026-01-01T23:53:00,F2,72.3,0.0,2.639,51.665,9.254,normal
2026-01-01T23:54:00,F2,69.836,0.0,2.998,76.243,8.468,normal
2026-01-01T23:55:00,F2,70.797,0.0,3.62,64.402,5.944,normal
2026-01-01T23:56:00,F2,73.9,0.0,3.82,74.12,8.815,normal
2026-01-01T23:57:00,F2,64.503,0.0,2.875,55.865,6.529,normal
2026-01-01T23:58:00,F2,69.281,0.089,1.644,72.722,6.58,normal
2026-01-01T23:59:00,F2,75.653,0.0,3.06,52.078,6.883,normal
2026-01-02T00:00:00,F2,87.035,0.0,3.738,65.561,5.238,normal
2026-01-02T00:01:00,F2,85.143,0.072,3.605,72.699,5.459,normal
2026-01-02T00:02:00,F2,73.072,0.0,2.663,74.459,7.82,normal
2026-01-02T00:03:00,F2,77.011,0.0,3.718,70.413,7.882,normal
2026-01-02T00:04:00,F2,77.627,0.0,2.742,85.854,6.742,normal
2026-01-02T00:05:00,F2,76.202,0.0,2.493,76.875,9.537,normal
2026-01-02T00:06:00,F2,75.724,0.0,3.747,64.774,6.56,normal
2026-01-02T00:07:00,F2,77.514,0.0,3.424,56.706,7.307,normal
2026-01-02T00:08:00,F2,73.777,0.0,2.269,72.618,8.094,normal
2026-01-02T00:09:00,F2,55.789,0.0,2.792,71.54,7.213,normal
2026-01-02T00:10:00,F2,80.764,0.0,3.603,67.949,9.604,normal
2026-01-02T00:11:00,F2,77.851,0.0,3.757,72.779,7.962,normal
2026-01-02T00:12:00,F2,73.393,0.032,3.108,65.597,5.502,normal
2026-01-02T00:13:00,F2,64.583,0.0,3.206,54.31,8.11,normal
2026-01-02T00:14:00,F2,70.361,0.0,3.121,51.474,5.668,normal
2026-01-02T00:15:00,F2,75.85,0.0,3.877,68.419,7.01,normal
2026-01-02T00:16:00,F2,79.358,0.0,3.222,60.997,8.13,normal
2026-01-02T00:17:00,F2,69.59,0.0,2.875,55.527,5.471,normal
2026-01-02T00:18:00,F2,77.701,0.0,2.864,48.486,7.475,normal
2026-01-02T00:19:00,F2,60.574,0.0,2.656,47.715,5.984,normal
2026-01-02T00:20:00,F2,63.225,0.257,3.605,73.696,9.84,normal
2026-01-02T00:21:00,F2,72.043,0.0,2.464,68.779,8.583,normal
2026-01-02T00:22:00,F2,71.247,0.0,3.463,49.629,5.616,normal
2026-01-02T00:23:00,F2,73.92,0.0,3.44,57.333,7.47,normal
2026-01-02T00:24:00,F2,78.567,0.0,2.778,56.285,7.557,normal
2026-01-02T00:25:00,F2,69.211,0.078,3.484,62.402,8.855,normal
2026-01-02T00:26:00,F2,80.131,0.0,3.928,82.504,6.803,normal
2026-01-02T00:27:00,F2,63.39,0.0,3.285,70.837,9.3,normal
2026-01-02T00:28:00,F2,76.681,0.231,1.518,77.898,7.486,normal
2026-01-02T00:29:00,F2,77.713,0.0,3.078,56.182,6.135,normal
2026-01-02T00:30:00,F2,74.361,0.0,3.006,63.704,6.254,normal
2026-01-02T00:31:00,F2,68.945,0.0,3.769,67.143,6.611,normal
2026-01-02T00:32:00,F2,75.382,0.0,2.725,74.493,6.487,normal
2026-01-02T00:33:00,F2,69.256,0.0,2.388,79.353,6.987,normal
2026-01-02T00:34:00,F2,69.29,0.0,3.362,74.047,7.142,normal
2026-01-02T00:35:00,F2,67.161,0.0,3.372,41.301,6.06,normal
2026-01-02T00:36:00,F2,75.609,0.0,2.159,67.834,7.629,normal
2026-01-02T00:37:00,F2,66.741,0.0,2.99,76.157,4.881,normal
2026-01-02T00:38:00,F2,67.929,0.0,2.28,66.359,6.193,normal
2026-01-02T00:39:00,F2,75.897,0.0,4.262,54.499,5.942,normal
2026-01-02T00:40:00,F2,74.048,0.0,4.148,56.813,6.686,normal
2026-01-02T00:41:00,F2,69.356,0.0,1.472,68.788,8.323,normal
2026-01-02T00:42:00,F2,60.907,0.0,3.442,65.051,6.463,normal
2026-01-02T00:43:00,F2,62.694,0.0,2.991,49.968,8.262,normal
2026-01-02T00:44:00,F2,67.558,0.0,3.107,74.525,4.961,normal
2026-01-02T00:45:00,F2,67.848,0.0,3.293,61.983,7.891,normal
2026-01-02T00:46:00,F2,81.187,0.0,0.387,67.285,5.981,normal
2026-01-02T00:47:00,F2,88.091,0.0,2.607,74.283,8.942,normal
2026-01-02T00:48:00,F2,60.217,0.201,3.431,66.521,8.457,normal
2026-01-02T00:49:00,F2,77.119,0.023,2.569,58.779,7.5,normal
2026-01-02T00:50:00,F2,74.126,0.0,3.704,51.885,1.095,normal
2026-01-02T00:51:00,F2,83.527,0.0,2.231,54.082,5.398,normal
2026-01-02T00:52:00,F2,85.588,0.0,4.205,61.795,5.468,normal
2026-01-02T00:53:00,F2,79.962,0.0,2.636,71.791,9.616,normal
2026-01-02T00:54:00,F2,67.202,0.134,2.398,81.917,5.36,normal
2026-01-02T00:55:00,F2,79.093,0.06,3.021,77.735,7.273,normal
2026-01-02T00:56:00,F2,75.938,0.0,3.143,78.201,7.459,normal
2026-01-02T00:57:00,F2,77.486,0.0,3.237,62.356,7.513,normal
2026-01-02T00:58:00,F2,72.444,0.0,3.422,59.552,7.955,normal
2026-01-02T00:59:00,F2,67.378,0.0,2.054,55.694,8.398,normal
2026-01-02T01:00:00,F2,69.023,0.0,3.57,62.806,8.086,normal
2026-01-02T01:01:00,F2,86.641,0.0,4.048,71.814,7.355,normal
2026-01-02T01:02:00,F2,79.413,0.0,2.815,62.452,6.194,normal
2026-01-02T01:03:00,F2,72.347,0.0,2.561,57.412,8.703,normal
2026-01-02T01:04:00,F2,93.378,0.0,1.856,52.127,6.635,normal
2026-01-02T01:05:00,F2,67.068,0.0,2.265,42.818,7.727,normal
2026-01-02T01:06:00,F2,76.759,0.102,3.768,60.453,6.612,normal
2026-01-02T01:07:00,F2,64.716,0.0,2.531,71.358,4.508,normal
2026-01-02T01:08:00,F2,57.117,0.0,3.556,60.2,7.464,normal
2026-01-02T01:09:00,F2,72.864,0.0,2.649,48.753,4.879,normal
2026-01-02T01:10:00,F2,80.056,0.0,3.617,51.92,5.402,normal
2026-01-02T01:11:00,F2,66.909,0.0,3.501,49.761,8.073,normal
2026-01-02T01:12:00,F2,83.009,0.0,2.116,58.806,6.663,normal
2026-01-02T01:13:00,F2,80.125,0.003,2.101,66.383,7.161,normal
2026-01-02T01:14:00,F2,92.537,0.0,2.392,68.4,9.398,normal
2026-01-02T01:15:00,F2,70.408,0.007,2.322,53.966,6.792,normal
2026-01-02T01:16:00,F2,67.882,0.813,3.503,61.467,7.518,normal
2026-01-02T01:17:00,F2,66.889,0.0,4.224,64.368,5.905,normal
2026-01-02T01:18:00,F2,74.268,0.0,3.617,56.764,7.82,normal
2026-01-02T01:19:00,F2,51.936,0.0,3.792,80.977,5.307,normal
2026-01-02T01:20:00,F2,79.061,0.15,2.585,54.582,6.721,normal
2026-01-02T01:21:00,F2,67.759,0.0,3.613,80.641,7.735,normal
2026-01-02T01:22:00,F2,62.456,0.0,3.25,68.274,9.749,normal
2026-01-02T01:23:00,F2,76.707,0.0,2.201,69.867,7.761,normal
2026-01-02T01:24:00,F2,72.791,0.0,3.219,74.384,4.711,normal
2026-01-02T01:25:00,F2,73.686,0.0,3.616,66.722,5.738,normal
2026-01-02T01:26:00,F2,62.833,0.0,2.905,68.668,4.255,normal
2026-01-02T01:27:00,F2,74.852,0.0,1.891,63.955,5.868,normal
2026-01-02T01:28:00,F2,75.067,0.0,1.879,58.716,12.32,normal
2026-01-02T01:29:00,F2,72.739,0.0,2.734,67.319,6.422,normal
2026-01-02T01:30:00,F2,73.02,0.0,3.067,66.533,6.183,normal
2026-01-02T01:31:00,F2,80.38,0.037,1.833,55.046,8.778,normal
2026-01-02T01:32:00,F2,93.894,0.0,2.621,72.42,7.518,normal
2026-01-02T01:33:00,F2,63.122,0.0,4.278,67.871,9.294,normal
2026-01-02T01:34:00,F2,72.162,0.104,2.403,40.987,7.52,normal
2026-01-02T01:35:00,F2,73.072,0.0,3.594,65.7,7.721,normal
2026-01-02T01:36:00,F2,61.897,0.13,3.912,65.248,7.013,normal
2026-01-02T01:37:00,F2,77.638,0.073,2.509,78.186,6.59,normal
2026-01-02T01:38:00,F2,72.637,0.0,3.678,72.66,8.474,normal
2026-01-02T01:39:00,F2,84.547,0.0,3.144,67.604,4.376,normal
2026-01-02T01:40:00,F2,72.469,0.0,2.517,57.596,4.16,normal
2026-01-02T01:41:00,F2,90.603,0.0,3.077,58.198,6.746,normal
2026-01-02T01:42:00,F2,67.756,0.0,2.263,63.765,5.941,normal
2026-01-02T01:43:00,F2,74.023,0.0,3.392,73.888,6.448,normal
2026-01-02T01:44:00,F2,70.764,0.0,2.963,64.044,6.969,normal
2026-01-02T01:45:00,F2,90.442,0.0,2.804,76.665,6.276,normal
2026-01-02T01:46:00,F2,81.428,0.0,2.839,73.626,4.891,normal
2026-01-02T01:47:00,F2,78.34,0.0,2.956,70.583,7.166,normal
2026-01-02T01:48:00,F2,77.937,0.0,3.691,53.844,7.505,normal
2026-01-02T01:49:00,F2,67.598,0.0,2.765,76.155,7.62,normal
2026-01-02T01:50:00,F2,87.559,0.0,2.158,76.845,7.452,normal
2026-01-02T01:51:00,F2,74.499,0.0,2.187,59.417,8.088,normal
2026-01-02T01:52:00,F2,80.931,0.0,2.281,61.585,6.075,normal
2026-01-02T01:53:00,F2,74.224,0.0,3.911,53.064,7.126,normal
2026-01-02T01:54:00,F2,64.185,0.078,3.012,65.228,5.676,normal
2026-01-02T01:55:00,F2,70.45,0.0,2.152,55.238,7.015,normal
2026-01-02T01:56:00,F2,79.274,0.0,2.991,51.874,3.984,normal
2026-01-02T01:57:00,F2,69.157,0.0,3.482,59.575,9.485,normal
2026-01-02T01:58:00,F2,80.796,0.0,3.34,64.27,6.712,normal
2026-01-02T01:59:00,F2,60.617,0.0,3.473,61.039,5.034,normal
2026-01-02T02:00:00,F2,82.383,0.0,3.029,66.077,8.054,normal
2026-01-02T02:01:00,F2,77.849,0.0,2.815,56.81,6.475,normal
2026-01-02T02:02:00,F2,75.943,0.0,1.594,61.281,5.973,normal
2026-01-02T02:03:00,F2,73.687,0.0,2.725,73.325,5.932,normal
2026-01-02T02:04:00,F2,81.217,0.0,2.595,60.184,6.247,normal
2026-01-02T02:05:00,F2,87.441,0.0,3.098,58.874,5.295,normal
2026-01-02T02:06:00,F2,79.872,0.0,3.074,60.557,5.327,normal
2026-01-02T02:07:00,F2,73.491,0.0,2.603,68.389,8.456,normal
2026-01-02T02:08:00,F2,78.354,0.0,3.754,73.507,6.289,normal
2026-01-02T02:09:00,F2,62.365,0.0,3.425,66.454,5.242,normal
2026-01-02T02:10:00,F2,75.315,0.0,3.696,48.129,8.224,normal
2026-01-02T02:11:00,F2,73.728,0.0,3.32,80.127,4.356,normal
2026-01-02T02:12:00,F2,73.568,0.0,4.093,75.27,8.639,normal
2026-01-02T02:13:00,F2,71.001,0.0,2.509,55.048,4.705,normal
2026-01-02T02:14:00,F2,69.338,0.0,2.285,61.865,4.835,normal
2026-01-02T02:15:00,F2,63.586,0.0,2.613,68.927,7.365,normal
2026-01-02T02:16:00,F2,63.774,0.0,2.102,83.0,5.364,normal
2026-01-02T02:17:00,F2,58.514,0.0,2.535,71.123,5.598,normal
2026-01-02T02:18:00,F2,72.383,0.0,3.836,88.574,7.347,normal
2026-01-02T02:19:00,F2,73.007,0.0,2.912,71.481,4.927,normal
2026-01-02T02:20:00,F2,78.158,0.0,3.058,71.326,9.121,normal
2026-01-02T02:21:00,F2,74.366,0.0,2.848,69.198,6.056,normal
2026-01-02T02:22:00,F2,65.981,0.0,2.209,75.077,8.862,normal
2026-01-02T02:23:00,F2,69.432,0.0,2.841,63.438,7.734,normal
2026-01-02T02:24:00,F2,69.226,0.0,3.573,67.822,7.123,normal
2026-01-02T02:25:00,F2,58.605,0.0,2.679,44.138,6.249,normal
2026-01-02T02:26:00,F2,63.728,0.15,3.745,70.978,6.099,normal
2026-01-02T02:27:00,F2,72.231,0.0,4.035,69.332,7.467,normal
2026-01-02T02:28:00,F2,91.973,0.06,3.386,62.46,4.495,normal
2026-01-02T02:29:00,F2,78.935,0.0,3.426,57.652,7.861,normal
2026-01-02T02:30:00,F2,80.907,0.0,4.153,61.55,7.866,normal
2026-01-02T02:31:00,F2,77.832,0.0,3.399,79.337,6.705,normal
2026-01-02T02:32:00,F2,78.946,0.0,1.861,63.823,6.235,normal
2026-01-02T02:33:00,F2,74.214,0.0,2.49,63.669,7.862,normal
2026-01-02T02:34:00,F2,75.528,0.0,2.254,65.537,8.265,normal
2026-01-02T02:35:00,F2,84.222,0.0,2.768,67.487,8.559,normal
2026-01-02T02:36:00,F2,81.293,0.0,2.855,49.468,4.784,normal
2026-01-02T02:37:00,F2,77.302,0.0,3.548,52.794,6.367,normal
2026-01-02T02:38:00,F2,53.946,0.0,2.611,49.697,5.869,normal
2026-01-02T02:39:00,F2,88.282,0.0,2.619,59.801,7.662,normal
2026-01-02T02:40:00,F2,72.195,0.0,2.672,70.029,4.421,normal
2026-01-02T02:41:00,F2,76.064,0.0,2.639,70.065,8.416,normal
2026-01-02T02:42:00,F2,70.237,0.0,2.981,52.419,6.414,normal
2026-01-02T02:43:00,F2,90.602,0.0,3.434,53.219,7.589,normal
2026-01-02T02:44:00,F2,79.385,0.0,2.94,62.321,6.841,normal
2026-01-02T02:45:00,F2,83.288,0.0,2.675,62.809,8.514,normal
2026-01-02T02:46:00,F2,69.161,0.0,2.236,61.64,6.757,normal
2026-01-02T02:47:00,F2,81.808,0.0,3.053,61.442,7.784,normal
2026-01-02T02:48:00,F2,70.181,0.0,1.949,61.93,4.678,normal
2026-01-02T02:49:00,F2,63.885,0.0,2.774,68.791,5.434,normal
2026-01-02T02:50:00,F2,74.089,0.0,3.3,66.669,6.934,normal
2026-01-02T02:51:00,F2,70.922,0.0,2.476,59.381,8.309,normal
2026-01-02T02:52:00,F2,88.704,0.0,4.559,62.249,6.798,normal
2026-01-02T02:53:00,F2,69.194,0.0,0.705,71.726,5.125,normal
2026-01-02T02:54:00,F2,75.452,0.0,2.766,71.505,10.379,normal
2026-01-02T02:55:00,F2,74.393,0.0,2.785,70.91,4.633,normal
2026-01-02T02:56:00,F2,73.142,0.0,2.794,42.977,4.684,normal
2026-01-02T02:57:00,F2,84.987,0.0,3.056,62.65,6.202,normal
2026-01-02T02:58:00,F2,67.714,0.0,3.788,66.777,5.368,normal
2026-01-02T02:59:00,F2,65.528,0.0,3.123,62.91,6.078,normal
2026-01-02T03:00:00,F2,85.061,0.0,3.419,63.922,6.325,normal
2026-01-02T03:01:00,F2,80.023,0.0,2.939,61.866,4.912,normal
2026-01-02T03:02:00,F2,78.136,0.0,3.669,61.708,6.251,normal
2026-01-02T03:03:00,F2,71.848,0.0,3.139,58.974,6.133,normal
2026-01-02T03:04:00,F2,75.176,0.0,2.52,55.677,7.792,normal
2026-01-02T03:05:00,F2,66.81,0.0,2.165,79.271,6.51,normal
2026-01-02T03:06:00,F2,82.558,0.0,2.449,71.876,8.192,normal
2026-01-02T03:07:00,F2,75.125,0.0,2.953,73.919,8.021,normal
2026-01-02T03:08:00,F2,77.476,0.0,2.022,55.994,7.627,normal
2026-01-02T03:09:00,F2,77.527,0.0,2.079,62.957,8.355,normal
2026-01-02T03:10:00,F2,65.52,0.0,3.724,41.638,7.174,normal
2026-01-02T03:11:00,F2,61.07,0.0,0.793,69.478,9.692,normal
2026-01-02T03:12:00,F2,68.386,0.0,2.172,71.066,5.146,normal
2026-01-02T03:13:00,F2,84.011,0.0,2.606,78.961,7.422,normal
2026-01-02T03:14:00,F2,75.348,0.0,2.692,65.149,7.68,normal
2026-01-02T03:15:00,F2,76.114,0.0,2.135,47.212,6.724,normal
2026-01-02T03:16:00,F2,63.372,0.0,1.971,60.338,6.069,normal
2026-01-02T03:17:00,F2,71.058,0.0,4.346,57.79,6.254,normal
2026-01-02T03:18:00,F2,80.271,0.0,2.904,61.732,6.511,normal
2026-01-02T03:19:00,F2,99.816,0.0,3.436,64.576,6.219,normal
2026-01-02T03:20:00,F2,72.391,0.0,2.809,61.955,7.454,normal
2026-01-02T03:21:00,F2,74.446,0.0,2.753,75.642,6.567,normal
2026-01-02T03:22:00,F2,77.186,0.0,3.308,68.714,6.388,normal
2026-01-02T03:23:00,F2,72.574,0.0,3.184,65.815,7.532,normal
2026-01-02T03:24:00,F2,69.311,0.0,2.682,54.036,5.65,normal
2026-01-02T03:25:00,F2,74.701,0.0,1.601,53.493,9.253,normal
2026-01-02T03:26:00,F2,80.261,0.0,4.062,88.801,3.226,normal
2026-01-02T03:27:00,F2,85.23,0.0,2.376,44.828,7.025,normal
2026-01-02T03:28:00,F2,68.05,0.0,2.92,72.505,3.79,normal
2026-01-02T03:29:00,F2,75.09,0.0,2.78,59.012,8.916,normal
2026-01-02T03:30:00,F2,67.146,0.0,2.483,61.296,9.244,normal
2026-01-02T03:31:00,F2,68.404,0.0,2.129,62.432,6.063,normal
2026-01-02T03:32:00,F2,79.161,0.0,2.388,52.703,5.894,normal
2026-01-02T03:33:00,F2,65.293,0.0,2.824,71.175,8.871,normal
2026-01-02T03:34:00,F2,76.717,0.0,3.302,66.128,5.151,normal
2026-01-02T03:35:00,F2,62.577,0.0,3.792,61.035,6.377,normal
2026-01-02T03:36:00,F2,68.946,0.0,3.54,65.435,7.637,normal
2026-01-02T03:37:00,F2,76.204,0.0,2.453,60.375,7.575,normal
2026-01-02T03:38:00,F2,66.53,0.0,2.812,66.824,8.379,normal
2026-01-02T03:39:00,F2,88.054,0.0,2.734,70.53,5.337,normal
2026-01-02T03:40:00,F2,81.474,0.0,2.519,73.897,7.987,normal
2026-01-02T03:41:00,F2,65.103,0.0,3.39,53.178,6.019,normal
2026-01-02T03:42:00,F2,74.308,0.0,2.739,67.521,5.43,normal
2026-01-02T03:43:00,F2,90.335,0.0,3.354,72.834,6.983,normal
2026-01-02T03:44:00,F2,72.955,0.0,2.348,51.987,3.518,normal
2026-01-02T03:45:00,F2,73.549,0.0,3.906,76.016,6.702,normal
2026-01-02T03:46:00,F2,85.964,0.0,3.13,63.053,4.847,normal
2026-01-02T03:47:00,F2,67.262,0.0,3.694,71.357,9.049,normal
2026-01-02T03:48:00,F2,73.826,0.0,2.23,65.98,6.805,normal
2026-01-02T03:49:00,F2,74.346,0.0,4.102,66.09,7.721,normal
2026-01-02T03:50:00,F2,66.452,0.0,3.376,48.612,7.401,normal
2026-01-02T03:51:00,F2,66.041,0.0,3.365,62.191,6.714,normal
2026-01-02T03:52:00,F2,65.87,0.0,3.757,77.51,6.122,normal
2026-01-02T03:53:00,F2,72.365,0.0,2.893,62.898,5.944,normal
2026-01-02T03:54:00,F2,66.517,0.0,2.591,67.42,6.317,normal
2026-01-02T03:55:00,F2,76.58,0.039,4.475,68.823,5.733,normal
2026-01-02T03:56:00,F2,77.649,0.0,2.53,70.93,7.104,normal
2026-01-02T03:57:00,F2,67.407,0.0,2.534,64.382,5.812,normal
2026-01-02T03:58:00,F2,62.104,0.0,3.019,68.877,7.588,normal
2026-01-02T03:59:00,F2,54.791,0.0,3.387,65.528,6.43,normal
2026-01-02T04:00:00,F2,53.811,0.0,2.32,66.952,6.459,normal
2026-01-02T04:01:00,F2,74.168,0.0,3.832,62.14,6.783,normal
2026-01-02T04:02:00,F2,76.244,0.0,2.492,58.207,6.409,normal
2026-01-02T04:03:00,F2,71.836,0.0,1.594,63.497,4.339,normal
2026-01-02T04:04:00,F2,69.784,0.0,2.708,70.2,5.362,normal
2026-01-02T04:05:00,F2,67.214,0.0,2.594,56.431,7.355,normal
2026-01-02T04:06:00,F2,83.459,0.0,3.445,85.388,6.741,normal
2026-01-02T04:07:00,F2,70.0,0.0,2.059,66.122,6.577,normal
2026-01-02T04:08:00,F2,76.727,0.0,3.409,64.239,7.857,normal
2026-01-02T04:09:00,F2,71.324,0.0,1.933,49.895,6.385,normal
2026-01-02T04:10:00,F2,63.384,0.0,2.798,51.474,6.583,normal
2026-01-02T04:11:00,F2,82.897,0.0,3.703,47.175,8.644,normal
2026-01-02T04:12:00,F2,72.231,0.0,1.294,74.243,7.678,normal
2026-01-02T04:13:00,F2,75.092,0.0,2.162,55.639,7.505,normal
2026-01-02T04:14:00,F2,85.131,0.0,1.812,64.401,7.558,normal
2026-01-02T04:15:00,F2,79.971,0.0,2.878,55.755,6.335,normal
2026-01-02T04:16:00,F2,86.567,0.0,3.769,65.843,6.267,normal
2026-01-02T04:17:00,F2,74.724,0.0,2.259,72.377,7.257,normal
2026-01-02T04:18:00,F2,80.124,0.0,2.794,60.6,8.963,normal
2026-01-02T04:19:00,F2,77.921,0.0,2.404,70.503,4.699,normal
2026-01-02T04:20:00,F2,72.492,0.0,2.429,78.732,8.91,normal
2026-01-02T04:21:00,F2,83.532,0.0,3.314,59.009,4.293,normal
2026-01-02T04:22:00,F2,78.433,0.0,3.122,59.37,8.549,normal
2026-01-02T04:23:00,F2,69.453,0.0,3.533,56.274,8.133,normal
2026-01-02T04:24:00,F2,86.752,0.0,2.916,53.511,5.448,normal
2026-01-02T04:25:00,F2,74.824,0.0,1.371,62.549,6.836,normal
2026-01-02T04:26:00,F2,62.318,0.0,1.99,82.219,6.661,normal
2026-01-02T04:27:00,F2,68.982,0.0,2.55,60.655,5.844,normal
2026-01-02T04:28:00,F2,67.17,0.0,3.749,70.048,8.298,normal
2026-01-02T04:29:00,F2,73.638,0.0,2.252,51.492,6.063,normal
2026-01-02T04:30:00,F2,80.455,0.0,3.504,58.66,6.929,normal
2026-01-02T04:31:00,F2,74.719,0.0,2.754,77.609,8.504,normal
2026-01-02T04:32:00,F2,85.834,0.0,3.566,64.39,5.58,normal
2026-01-02T04:33:00,F2,80.042,0.0,2.608,59.372,8.95,normal
2026-01-02T04:34:00,F2,70.224,0.0,2.846,71.894,5.504,normal
2026-01-02T04:35:00,F2,84.772,0.0,2.692,71.041,4.469,normal
2026-01-02T04:36:00,F2,56.871,0.0,4.649,70.704,4.208,normal
2026-01-02T04:37:00,F2,88.355,0.0,1.951,59.475,6.43,normal
2026-01-02T04:38:00,F2,96.655,0.0,1.295,60.832,6.076,normal
2026-01-02T04:39:00,F2,73.838,0.0,2.847,52.476,6.625,normal
2026-01-02T04:40:00,F2,74.532,0.0,2.57,70.524,8.181,normal
2026-01-02T04:41:00,F2,89.31,0.0,3.527,60.577,7.173,normal
2026-01-02T04:42:00,F2,69.408,0.0,3.296,64.867,7.282,normal
2026-01-02T04:43:00,F2,73.925,0.0,1.821,65.118,5.499,normal
2026-01-02T04:44:00,F2,63.621,0.0,2.137,62.6,9.406,normal
2026-01-02T04:45:00,F2,74.713,0.0,3.601,63.82,7.827,normal
2026-01-02T04:46:00,F2,72.287,0.0,2.511,72.485,5.88,normal
2026-01-02T04:47:00,F2,76.727,0.0,2.004,70.959,4.868,normal
2026-01-02T04:48:00,F2,72.739,0.0,3.275,46.55,8.599,normal
2026-01-02T04:49:00,F2,77.057,0.0,2.792,76.538,4.342,normal
2026-01-02T04:50:00,F2,82.048,0.0,3.204,59.452,6.167,normal
2026-01-02T04:51:00,F2,97.73,0.0,3.572,71.793,6.804,normal
2026-01-02T04:52:00,F2,53.819,0.0,2.278,61.994,8.578,normal
2026-01-02T04:53:00,F2,88.58,0.0,1.951,77.632,5.869,normal
2026-01-02T04:54:00,F2,69.051,0.0,1.448,63.522,6.259,normal
2026-01-02T04:55:00,F2,59.163,0.0,2.084,68.651,7.681,normal
2026-01-02T04:56:00,F2,72.243,0.0,2.526,68.309,7.243,normal
2026-01-02T04:57:00,F2,71.385,0.0,3.833,62.731,5.729,normal
2026-01-02T04:58:00,F2,70.751,0.0,3.891,56.853,5.826,normal
2026-01-02T04:59:00,F2,61.972,0.0,3.328,72.099,3.319,normal
2026-01-02T05:00:00,F2,61.989,0.0,3.94,56.867,3.418,normal
2026-01-02T05:01:00,F2,70.291,0.0,3.632,50.844,7.184,normal
2026-01-02T05:02:00,F2,85.166,0.0,3.592,76.986,6.798,normal
2026-01-02T05:03:00,F2,29.28,0.0,3.35,76.321,6.128,normal
2026-01-02T05:04:00,F2,79.768,0.0,3.305,80.131,7.962,normal
2026-01-02T05:05:00,F2,80.598,0.0,3.399,64.078,6.883,normal
2026-01-02T05:06:00,F2,74.378,0.0,3.715,54.952,3.431,normal
2026-01-02T05:07:00,F2,65.347,0.0,2.62,69.061,10.28,normal
2026-01-02T05:08:00,F2,69.034,0.0,1.792,71.537,3.784,normal
2026-01-02T05:09:00,F2,96.564,0.0,1.829,71.706,6.776,normal
2026-01-02T05:10:00,F2,83.296,0.0,2.508,49.482,6.116,normal
2026-01-02T05:11:00,F2,70.424,0.0,2.724,66.233,9.147,normal
2026-01-02T05:12:00,F2,79.828,0.0,4.144,72.862,5.96,normal
2026-01-02T05:13:00,F2,75.685,0.0,2.03,67.35,7.636,normal
2026-01-02T05:14:00,F2,68.269,0.0,1.609,69.641,6.597,normal
2026-01-02T05:15:00,F2,62.825,0.0,2.822,68.172,5.195,normal
2026-01-02T05:16:00,F2,78.09,0.0,2.913,62.872,7.342,normal
2026-01-02T05:17:00,F2,62.477,0.0,3.373,71.545,8.076,normal
2026-01-02T05:18:00,F2,75.04,0.0,2.543,76.985,7.592,normal
2026-01-02T05:19:00,F2,76.753,0.0,2.326,38.988,5.543,normal
2026-01-02T05:20:00,F2,83.888,0.0,2.365,59.819,9.5,normal
2026-01-02T05:21:00,F2,68.275,0.0,2.947,69.868,7.564,normal
2026-01-02T05:22:00,F2,78.404,0.0,3.671,60.763,6.894,normal
2026-01-02T05:23:00,F2,71.684,0.0,3.244,64.004,5.883,normal
2026-01-02T05:24:00,F2,92.406,0.0,2.13,63.716,6.028,normal
2026-01-02T05:25:00,F2,71.241,0.0,1.529,73.848,6.082,normal
2026-01-02T05:26:00,F2,78.131,0.0,2.697,65.676,7.132,normal
2026-01-02T05:27:00,F2,82.648,0.0,3.493,52.404,8.198,normal
2026-01-02T05:28:00,F2,81.463,0.0,0.657,48.923,8.464,normal
2026-01-02T05:29:00,F2,69.313,0.0,3.254,60.175,5.83,normal
2026-01-02T05:30:00,F2,61.553,0.0,2.799,77.034,6.7,normal
2026-01-02T05:31:00,F2,66.641,0.0,2.783,64.574,5.526,normal
2026-01-02T05:32:00,F2,68.755,0.0,2.097,58.142,6.681,normal
2026-01-02T05:33:00,F2,75.912,0.0,2.592,72.588,4.651,normal
2026-01-02T05:34:00,F2,61.907,0.0,2.051,70.423,10.394,normal
2026-01-02T05:35:00,F2,64.912,0.0,2.805,63.714,5.058,normal
2026-01-02T05:36:00,F2,82.374,0.0,2.416,67.051,8.563,normal
2026-01-02T05:37:00,F2,69.849,0.0,3.426,78.08,8.411,normal
2026-01-02T05:38:00,F2,61.076,0.001,2.136,71.324,7.948,normal
2026-01-02T05:39:00,F2,70.396,0.0,2.872,70.417,8.212,normal
2026-01-02T05:40:00,F2,71.718,0.0,3.398,55.595,6.351,normal
2026-01-02T05:41:00,F2,70.474,0.0,2.62,70.143,6.721,normal
2026-01-02T05:42:00,F2,77.609,0.0,2.624,55.618,5.627,normal
2026-01-02T05:43:00,F2,77.786,0.0,3.065,74.147,7.168,normal
2026-01-02T05:44:00,F2,81.546,0.0,1.655,66.98,6.394,normal
2026-01-02T05:45:00,F2,82.064,0.0,2.526,75.312,6.133,normal
2026-01-02T05:46:00,F2,74.699,0.0,2.166,75.078,5.924,normal
2026-01-02T05:47:00,F2,80.292,0.0,3.138,54.367,3.142,normal
2026-01-02T05:48:00,F2,82.563,0.0,3.274,65.68,7.878,normal
2026-01-02T05:49:00,F2,73.485,0.0,2.858,60.31,3.812,normal
2026-01-02T05:50:00,F2,90.862,0.0,2.048,57.911,4.716,normal
2026-01-02T05:51:00,F2,78.258,0.0,3.015,64.967,8.502,normal
2026-01-02T05:52:00,F2,78.087,0.0,3.005,74.6,6.288,normal
2026-01-02T05:53:00,F2,71.604,0.0,2.846,60.806,8.246,normal
2026-01-02T05:54:00,F2,49.51,0.0,2.64,62.675,5.723,normal
2026-01-02T05:55:00,F2,75.338,0.0,2.684,57.543,6.815,normal
2026-01-02T05:56:00,F2,77.582,0.0,3.65,60.507,7.728,normal
2026-01-02T05:57:00,F2,85.339,0.0,2.965,56.76,7.91,normal
2026-01-02T05:58:00,F2,77.287,0.0,2.984,57.281,7.845,normal
2026-01-02T05:59:00,F2,79.815,0.0,1.228,73.492,6.69,normal
2026-01-02T06:00:00,F2,82.253,0.0,3.758,84.459,3.895,normal
2026-01-02T06:01:00,F2,64.042,0.0,2.2,60.38,7.234,normal
2026-01-02T06:02:00,F2,86.063,0.0,2.234,55.619,8.754,normal
2026-01-02T06:03:00,F2,78.029,0.0,2.802,77.242,6.328,normal
2026-01-02T06:04:00,F2,76.232,0.0,1.997,55.422,6.387,normal
2026-01-02T06:05:00,F2,64.85,0.0,2.772,50.997,3.716,normal
2026-01-02T06:06:00,F2,69.282,0.0,2.607,60.338,7.622,normal
2026-01-02T06:07:00,F2,92.703,0.0,2.405,61.33,7.873,normal
2026-01-02T06:08:00,F2,68.816,0.0,2.614,72.972,7.676,normal
2026-01-02T06:09:00,F2,69.167,0.0,2.696,61.993,8.195,normal
2026-01-02T06:10:00,F2,64.937,0.0,0.686,55.016,6.19,normal
2026-01-02T06:11:00,F2,75.418,0.0,3.061,62.502,5.086,normal
2026-01-02T06:12:00,F2,78.248,0.0,1.597,64.692,5.261,normal
2026-01-02T06:13:00,F2,78.343,0.0,2.294,75.62,8.562,normal
2026-01-02T06:14:00,F2,82.726,0.0,2.707,57.612,7.657,normal
2026-01-02T06:15:00,F2,84.914,0.0,2.979,68.321,6.679,normal
2026-01-02T06:16:00,F2,93.171,0.0,3.633,73.669,4.178,normal
2026-01-02T06:17:00,F2,59.059,0.0,2.87,84.986,5.955,normal
2026-01-02T06:18:00,F2,79.664,0.0,2.036,64.798,8.621,normal
2026-01-02T06:19:00,F2,66.4,0.0,1.61,76.55,7.129,normal
2026-01-02T06:20:00,F2,59.401,0.0,3.269,61.882,4.996,normal
2026-01-02T06:21:00,F2,74.62,0.0,2.804,73.684,5.095,normal
2026-01-02T06:22:00,F2,74.468,0.0,1.924,69.345,5.967,normal
2026-01-02T06:23:00,F2,67.063,0.0,0.894,68.919,7.862,normal
2026-01-02T06:24:00,F2,59.927,0.0,2.725,64.414,6.284,normal
2026-01-02T06:25:00,F2,70.654,0.0,3.331,65.453,4.058,normal
2026-01-02T06:26:00,F2,80.681,0.0,3.655,63.02,7.388,normal
2026-01-02T06:27:00,F2,72.694,0.0,2.775,59.379,7.522,normal
2026-01-02T06:28:00,F2,68.932,0.0,2.436,52.105,6.652,normal
2026-01-02T06:29:00,F2,83.578,0.0,2.19,68.204,3.991,normal
2026-01-02T06:30:00,F2,72.299,0.0,3.247,70.674,9.179,normal
2026-01-02T06:31:00,F2,69.634,0.0,2.475,75.847,4.287,normal
2026-01-02T06:32:00,F2,77.669,0.0,2.362,61.36,7.488,normal
2026-01-02T06:33:00,F2,75.276,0.0,3.445,55.472,5.772,normal
2026-01-02T06:34:00,F2,64.928,0.0,2.912,66.823,5.258,normal
2026-01-02T06:35:00,F2,74.107,0.0,2.944,69.666,9.01,normal
2026-01-02T06:36:00,F2,70.217,0.0,2.715,64.537,5.975,normal
2026-01-02T06:37:00,F2,88.874,0.0,1.964,64.92,8.126,normal
2026-01-02T06:38:00,F2,76.662,0.0,2.302,66.483,6.647,normal
2026-01-02T06:39:00,F2,77.805,0.0,2.692,62.87,4.886,normal
2026-01-02T06:40:00,F2,75.785,0.0,3.581,64.469,6.684,normal
2026-01-02T06:41:00,F2,74.835,0.0,1.862,53.669,4.935,normal
2026-01-02T06:42:00,F2,80.543,0.0,2.152,68.072,7.519,normal
2026-01-02T06:43:00,F2,75.859,0.0,3.621,62.954,7.273,normal
2026-01-02T06:44:00,F2,74.863,0.0,2.391,60.732,6.622,normal
2026-01-02T06:45:00,F2,58.221,0.0,2.859,61.05,8.091,normal
2026-01-02T06:46:00,F2,88.991,0.0,2.009,68.362,5.587,normal
2026-01-02T06:47:00,F2,73.71,0.0,2.241,71.384,6.374,normal
2026-01-02T06:48:00,F2,69.772,0.0,3.238,63.948,5.737,normal
2026-01-02T06:49:00,F2,74.478,0.0,2.907,68.062,5.906,normal
2026-01-02T06:50:00,F2,69.98,0.0,2.595,61.4,6.147,normal
2026-01-02T06:51:00,F2,91.404,0.0,3.11,62.878,8.013,normal
2026-01-02T06:52:00,F2,69.961,0.0,2.595,62.263,7.66,normal
2026-01-02T06:53:00,F2,69.364,0.0,4.044,49.59,6.051,normal
2026-01-02T06:54:00,F2,82.249,0.0,3.086,55.895,6.288,normal
2026-01-02T06:55:00,F2,75.614,0.0,3.817,66.677,6.479,normal
2026-01-02T06:56:00,F2,77.841,0.0,2.942,76.05,5.76,normal
2026-01-02T06:57:00,F2,84.415,0.0,2.3,49.12,5.938,normal
2026-01-02T06:58:00,F2,82.773,0.0,2.228,73.555,6.121,normal
2026-01-02T06:59:00,F2,81.197,0.0,1.825,63.935,8.994,normal
2026-01-02T07:00:00,F2,82.132,0.0,2.015,60.356,4.607,normal
2026-01-02T07:01:00,F2,76.298,0.0,3.163,64.588,6.313,normal
2026-01-02T07:02:00,F2,67.331,0.0,2.942,71.808,5.615,normal
2026-01-02T07:03:00,F2,79.396,0.0,3.034,53.695,6.281,normal
2026-01-02T07:04:00,F2,77.475,0.0,1.685,66.738,5.295,normal
2026-01-02T07:05:00,F2,65.753,0.0,2.801,53.065,8.395,normal
2026-01-02T07:06:00,F2,77.424,0.0,3.047,85.393,5.441,normal
2026-01-02T07:07:00,F2,77.416,0.0,2.146,65.703,8.25,normal
2026-01-02T07:08:00,F2,70.527,0.0,2.337,71.359,6.929,normal
2026-01-02T07:09:00,F2,66.682,0.0,3.447,74.448,6.775,normal
2026-01-02T07:10:00,F2,77.612,0.0,4.536,56.883,6.024,normal
2026-01-02T07:11:00,F2,78.957,0.0,1.675,53.899,6.87,normal
2026-01-02T07:12:00,F2,90.402,0.0,1.933,64.199,6.682,normal
2026-01-02T07:13:00,F2,71.597,0.0,4.282,77.356,6.348,normal
2026-01-02T07:14:00,F2,83.603,0.0,4.33,55.348,7.699,normal
2026-01-02T07:15:00,F2,70.85,0.0,2.82,76.026,1.971,normal
2026-01-02T07:16:00,F2,69.529,0.0,2.124,64.833,4.557,normal
2026-01-02T07:17:00,F2,65.825,0.0,1.987,79.447,4.108,normal
2026-01-02T07:18:00,F2,61.887,0.0,2.93,81.927,8.011,normal
2026-01-02T07:19:00,F2,77.862,0.0,1.854,64.858,9.302,normal
2026-01-02T07:20:00,F2,73.262,0.0,2.271,64.696,8.13,normal
2026-01-02T07:21:00,F2,59.054,0.0,3.327,55.898,7.049,normal
2026-01-02T07:22:00,F2,65.74,0.0,2.505,70.345,5.736,normal
2026-01-02T07:23:00,F2,69.571,0.0,2.678,66.269,8.793,normal
2026-01-02T07:24:00,F2,63.518,0.0,4.126,64.23,5.589,normal
2026-01-02T07:25:00,F2,63.43,0.0,2.365,68.449,8.562,normal
2026-01-02T07:26:00,F2,73.541,0.0,3.856,67.409,6.342,normal
2026-01-02T07:27:00,F2,74.002,0.0,2.106,69.668,5.027,normal
2026-01-02T07:28:00,F2,74.634,0.0,1.995,80.413,5.671,normal
2026-01-02T07:29:00,F2,70.705,0.0,2.893,53.125,4.525,normal
2026-01-02T07:30:00,F2,68.943,0.0,3.101,58.655,5.722,normal
2026-01-02T07:31:00,F2,80.564,0.0,2.74,53.736,6.958,normal
2026-01-02T07:32:00,F2,77.504,0.0,3.856,57.537,8.403,normal
2026-01-02T07:33:00,F2,69.222,0.0,2.191,75.391,8.247,normal
2026-01-02T07:34:00,F2,95.759,0.0,2.139,59.847,4.625,normal
2026-01-02T07:35:00,F2,91.271,0.0,1.745,69.454,3.316,normal
2026-01-02T07:36:00,F2,64.928,0.0,1.979,55.773,6.315,normal
2026-01-02T07:37:00,F2,87.047,0.0,1.806,53.219,5.027,normal
2026-01-02T07:38:00,F2,77.978,0.0,2.806,61.84,7.214,normal
2026-01-02T07:39:00,F2,59.791,0.0,1.672,55.87,6.39,normal
2026-01-02T07:40:00,F2,73.657,0.0,2.236,77.199,7.969,normal
2026-01-02T07:41:00,F2,76.167,0.0,3.356,68.633,3.875,normal
2026-01-02T07:42:00,F2,66.587,0.0,3.562,59.217,8.497,normal
2026-01-02T07:43:00,F2,77.764,0.0,2.297,59.063,5.489,normal
2026-01-02T07:44:00,F2,77.027,0.0,3.141,46.616,8.058,normal
2026-01-02T07:45:00,F2,82.628,0.0,2.084,75.035,6.942,normal
2026-01-02T07:46:00,F2,69.014,0.0,1.554,59.586,9.271,normal
2026-01-02T07:47:00,F2,79.622,0.0,1.744,57.957,7.964,normal
2026-01-02T07:48:00,F2,62.053,0.0,4.026,61.614,5.355,normal
2026-01-02T07:49:00,F2,87.251,0.0,3.187,56.83,7.922,normal
2026-01-02T07:50:00,F2,84.513,0.0,1.139,67.82,10.617,normal
2026-01-02T07:51:00,F2,67.026,0.0,1.738,68.537,7.178,normal
2026-01-02T07:52:00,F2,75.399,0.0,2.024,72.307,5.819,normal
2026-01-02T07:53:00,F2,70.331,0.0,2.299,80.686,7.88,normal
2026-01-02T07:54:00,F2,73.07,0.0,2.616,50.133,7.184,normal
2026-01-02T07:55:00,F2,64.012,0.0,3.065,58.268,4.56,normal
2026-01-02T07:56:00,F2,75.14,0.0,4.612,65.533,7.422,normal
2026-01-02T07:57:00,F2,72.054,0.0,2.612,62.94,6.515,normal
2026-01-02T07:58:00,F2,65.006,0.0,2.89,59.15,8.695,normal
2026-01-02T07:59:00,F2,72.424,0.0,3.068,69.322,6.406,normal
2026-01-02T08:00:00,F2,70.412,0.0,2.56,74.707,8.273,normal
2026-01-02T08:01:00,F2,77.469,0.0,2.195,70.091,5.179,normal
2026-01-02T08:02:00,F2,63.494,0.0,3.613,52.377,10.228,normal
2026-01-02T08:03:00,F2,78.359,0.0,3.141,67.561,6.144,normal
2026-01-02T08:04:00,F2,72.992,0.0,2.508,39.22,7.419,normal
2026-01-02T08:05:00,F2,67.92,0.0,2.55,63.901,6.731,normal
2026-01-02T08:06:00,F2,59.198,0.0,2.647,77.682,4.539,normal
2026-01-02T08:07:00,F2,74.621,0.0,2.427,59.306,8.028,normal
2026-01-02T08:08:00,F2,75.549,0.0,4.156,58.471,6.293,normal
2026-01-02T08:09:00,F2,74.704,0.0,1.589,48.391,7.032,normal
2026-01-02T08:10:00,F2,67.846,0.0,0.52,56.713,6.207,normal
2026-01-02T08:11:00,F2,65.894,0.0,1.636,73.943,6.438,normal
2026-01-02T08:12:00,F2,94.065,0.0,3.461,42.678,9.721,normal
2026-01-02T08:13:00,F2,73.3,0.0,3.749,72.381,5.055,normal
2026-01-02T08:14:00,F2,93.81,0.0,2.554,58.868,7.318,normal
2026-01-02T08:15:00,F2,90.985,0.0,1.875,53.016,5.65,normal
2026-01-02T08:16:00,F2,68.44,0.0,1.969,45.19,6.39,normal
2026-01-02T08:17:00,F2,85.866,0.0,2.646,62.206,8.455,normal
2026-01-02T08:18:00,F2,71.439,0.0,1.932,63.802,7.99,normal
2026-01-02T08:19:00,F2,84.091,0.0,2.529,70.515,5.551,normal
2026-01-02T08:20:00,F2,81.685,0.0,2.299,66.013,6.725,normal
2026-01-02T08:21:00,F2,84.317,0.0,3.674,63.313,8.566,normal
2026-01-02T08:22:00,F2,75.104,0.0,2.638,50.061,6.556,normal
2026-01-02T08:23:00,F2,75.592,0.0,1.713,64.375,8.59,normal
2026-01-02T08:24:00,F2,75.081,0.0,2.119,62.827,6.701,normal
2026-01-02T08:25:00,F2,68.464,0.0,2.691,40.12,7.333,normal
2026-01-02T08:26:00,F2,69.114,0.0,3.666,60.331,6.04,normal
2026-01-02T08:27:00,F2,59.401,0.0,3.997,63.703,7.758,normal
2026-01-02T08:28:00,F2,75.826,0.0,2.992,60.904,4.011,normal
2026-01-02T08:29:00,F2,61.719,0.0,3.505,81.543,5.614,normal
2026-01-02T08:30:00,F2,81.33,0.0,2.862,60.626,6.264,normal
2026-01-02T08:31:00,F2,68.534,0.0,3.654,72.875,5.91,normal
2026-01-02T08:32:00,F2,82.987,0.0,2.963,65.788,7.662,normal
2026-01-02T08:33:00,F2,63.931,0.0,2.195,81.475,9.987,normal
2026-01-02T08:34:00,F2,84.602,0.0,2.026,58.707,5.338,normal
2026-01-02T08:35:00,F2,58.341,0.0,1.985,75.169,6.759,normal
2026-01-02T08:36:00,F2,80.074,0.0,2.586,64.906,7.238,normal
2026-01-02T08:37:00,F2,58.943,0.0,2.948,80.981,7.191,normal
2026-01-02T08:38:00,F2,80.941,0.0,2.414,84.572,4.684,normal
2026-01-02T08:39:00,F2,84.869,0.0,3.641,65.536,5.925,normal
2026-01-02T08:40:00,F2,70.84,0.0,3.06,68.225,5.005,normal
2026-01-02T08:41:00,F2,72.405,0.0,3.545,63.017,6.507,normal
2026-01-02T08:42:00,F2,81.375,0.0,2.235,73.381,6.112,normal
2026-01-02T08:43:00,F2,70.043,0.0,2.983,67.465,6.193,normal
2026-01-02T08:44:00,F2,72.99,0.0,3.639,80.302,8.138,normal
2026-01-02T08:45:00,F2,70.984,0.0,3.169,64.737,6.93,normal
2026-01-02T08:46:00,F2,76.709,0.0,2.937,44.137,6.94,normal
2026-01-02T08:47:00,F2,67.671,0.0,1.369,75.03,9.758,normal
2026-01-02T08:48:00,F2,72.653,0.0,3.435,76.95,4.869,normal
2026-01-02T08:49:00,F2,60.322,0.0,2.351,75.731,6.292,normal
2026-01-02T08:50:00,F2,72.552,0.0,1.809,65.943,5.374,normal
2026-01-02T08:51:00,F2,81.588,0.0,3.841,50.948,5.904,normal
2026-01-02T08:52:00,F2,85.733,0.0,3.728,69.543,7.218,normal
2026-01-02T08:53:00,F2,70.648,0.0,2.346,48.539,5.999,normal
2026-01-02T08:54:00,F2,69.002,0.0,1.345,83.411,6.731,normal
2026-01-02T08:55:00,F2,81.54,0.0,1.838,66.874,7.304,normal
2026-01-02T08:56:00,F2,73.841,0.0,3.027,62.918,7.056,normal
2026-01-02T08:57:00,F2,84.195,0.0,2.786,73.541,7.238,normal
2026-01-02T08:58:00,F2,85.403,0.0,2.581,56.711,7.051,normal
2026-01-02T08:59:00,F2,71.104,0.0,2.114,65.034,5.908,normal
2026-01-02T09:00:00,F2,74.7,0.0,1.972,61.599,5.272,normal
2026-01-02T09:01:00,F2,76.089,0.0,3.042,51.98,6.193,normal
2026-01-02T09:02:00,F2,67.008,0.0,2.955,80.943,7.294,normal
2026-01-02T09:03:00,F2,70.547,0.0,3.142,74.396,7.06,normal
2026-01-02T09:04:00,F2,73.053,0.0,1.846,74.023,7.521,normal
2026-01-02T09:05:00,F2,90.393,0.0,2.554,60.561,5.008,normal
2026-01-02T09:06:00,F2,88.711,0.0,3.152,72.342,7.616,normal
2026-01-02T09:07:00,F2,68.757,0.0,1.649,45.058,6.745,normal
2026-01-02T09:08:00,F2,71.959,0.0,2.665,44.467,6.63,normal
2026-01-02T09:09:00,F2,62.311,0.0,2.206,67.289,8.092,normal
2026-01-02T09:10:00,F2,77.445,0.0,2.73,76.469,5.747,normal
2026-01-02T09:11:00,F2,82.728,0.0,1.928,70.078,5.447,normal
2026-01-02T09:12:00,F2,84.919,0.0,2.686,64.463,7.052,normal
2026-01-02T09:13:00,F2,86.837,0.0,3.049,70.19,4.065,normal
2026-01-02T09:14:00,F2,69.747,0.0,2.289,82.058,7.44,normal
2026-01-02T09:15:00,F2,66.746,0.0,2.109,67.738,5.677,normal
2026-01-02T09:16:00,F2,72.369,0.0,2.453,58.812,4.596,normal
2026-01-02T09:17:00,F2,72.372,0.0,2.963,80.118,3.221,normal
2026-01-02T09:18:00,F2,73.233,0.0,3.572,64.758,7.468,normal
2026-01-02T09:19:00,F2,42.942,0.0,2.235,63.323,6.715,normal
2026-01-02T09:20:00,F2,76.616,0.0,3.085,72.895,7.086,normal
2026-01-02T09:21:00,F2,74.052,0.0,2.771,69.999,7.28,normal
2026-01-02T09:22:00,F2,65.859,0.0,3.137,60.82,6.931,normal
2026-01-02T09:23:00,F2,75.26,0.0,1.575,54.25,5.936,normal
2026-01-02T09:24:00,F2,75.212,0.0,1.885,67.174,7.259,normal
2026-01-02T09:25:00,F2,78.626,0.0,2.442,67.427,8.182,normal
2026-01-02T09:26:00,F2,71.428,0.0,3.326,71.704,7.395,normal
2026-01-02T09:27:00,F2,67.276,0.0,1.478,50.185,6.597,normal
2026-01-02T09:28:00,F2,74.778,0.0,3.637,52.885,5.433,normal
2026-01-02T09:29:00,F2,76.384,0.0,3.017,72.682,4.028,normal
2026-01-02T09:30:00,F2,70.223,0.0,2.682,53.596,6.758,normal
2026-01-02T09:31:00,F2,87.848,0.0,3.436,59.644,6.364,normal
2026-01-02T09:32:00,F2,75.895,0.0,2.709,60.379,7.176,normal
2026-01-02T09:33:00,F2,80.456,0.0,2.297,56.525,7.149,normal
2026-01-02T09:34:00,F2,62.925,0.0,0.439,61.845,8.212,normal
2026-01-02T09:35:00,F2,73.771,0.0,3.207,66.613,8.885,normal
2026-01-02T09:36:00,F2,64.792,0.0,2.226,62.683,6.828,normal
2026-01-02T09:37:00,F2,78.496,0.0,1.395,59.597,9.133,normal
2026-01-02T09:38:00,F2,69.324,0.0,2.339,67.194,5.941,normal
2026-01-02T09:39:00,F2,81.753,0.0,1.814,66.23,5.15,normal
2026-01-02T09:40:00,F2,69.14,0.0,1.954,54.096,4.504,normal
2026-01-02T09:41:00,F2,72.955,0.0,2.655,72.493,7.061,normal
2026-01-02T09:42:00,F2,66.061,0.0,3.386,62.435,7.56,normal
2026-01-02T09:43:00,F2,66.004,0.0,2.803,52.067,5.586,normal
2026-01-02T09:44:00,F2,61.579,0.0,2.134,55.061,6.13,normal
2026-01-02T09:45:00,F2,68.276,0.0,2.467,65.31,6.659,normal
2026-01-02T09:46:00,F2,69.122,0.0,2.984,53.47,5.935,normal
2026-01-02T09:47:00,F2,87.681,0.0,2.259,55.945,7.326,normal
2026-01-02T09:48:00,F2,75.116,0.0,3.534,58.791,7.116,normal
2026-01-02T09:49:00,F2,91.644,0.0,2.395,84.468,5.611,normal
2026-01-02T09:50:00,F2,83.968,0.0,3.261,50.144,6.356,normal
2026-01-02T09:51:00,F2,74.103,0.0,1.973,62.567,3.782,normal
2026-01-02T09:52:00,F2,67.137,0.0,1.828,67.901,6.793,normal
2026-01-02T09:53:00,F2,74.68,0.0,2.974,64.498,4.366,normal
2026-01-02T09:54:00,F2,73.952,0.0,2.378,66.137,4.36,normal
2026-01-02T09:55:00,F2,75.902,0.0,1.472,68.151,5.22,normal
2026-01-02T09:56:00,F2,80.09,0.0,1.799,71.091,7.633,normal
2026-01-02T09:57:00,F2,78.583,0.0,2.307,73.892,4.763,normal
2026-01-02T09:58:00,F2,71.375,0.0,2.469,61.505,6.536,normal
2026-01-02T09:59:00,F2,61.503,0.0,2.816,59.907,6.346,normal
2026-01-02T10:00:00,F2,66.205,0.0,3.156,77.743,8.127,normal
2026-01-02T10:01:00,F2,71.294,0.0,1.368,48.85,2.732,normal
2026-01-02T10:02:00,F2,76.84,0.0,3.732,55.126,6.007,normal
2026-01-02T10:03:00,F2,62.862,0.0,1.548,69.202,8.365,normal
2026-01-02T10:04:00,F2,71.388,0.0,1.286,62.319,6.024,normal
2026-01-02T10:05:00,F2,74.252,0.0,3.035,51.05,5.832,normal
2026-01-02T10:06:00,F2,73.57,0.0,2.388,47.121,6.5,normal
2026-01-02T10:07:00,F2,84.375,0.0,3.894,70.815,6.109,normal
2026-01-02T10:08:00,F2,68.036,0.0,1.851,89.535,7.366,normal
2026-01-02T10:09:00,F2,72.644,0.0,3.281,66.086,7.736,normal
2026-01-02T10:10:00,F2,67.53,0.0,2.341,85.309,5.475,normal
2026-01-02T10:11:00,F2,69.549,0.0,1.62,65.995,4.293,normal
2026-01-02T10:12:00,F2,90.153,0.0,2.228,76.128,6.527,normal
2026-01-02T10:13:00,F2,68.19,0.0,1.7,79.611,6.997,normal
2026-01-02T10:14:00,F2,69.436,0.0,2.495,62.575,2.875,normal
2026-01-02T10:15:00,F2,79.217,0.0,3.189,67.091,9.71,normal
2026-01-02T10:16:00,F2,79.791,0.0,2.057,57.136,7.611,normal
2026-01-02T10:17:00,F2,74.707,0.0,2.191,70.305,6.383,normal
2026-01-02T10:18:00,F2,69.032,0.0,2.098,75.734,8.598,normal
2026-01-02T10:19:00,F2,74.618,0.0,3.63,57.496,3.962,normal
2026-01-02T10:20:00,F2,61.953,0.0,2.882,55.659,5.307,normal
2026-01-02T10:21:00,F2,75.784,0.0,2.684,61.508,9.608,normal
2026-01-02T10:22:00,F2,63.299,0.0,2.572,62.725,7.401,normal
2026-01-02T10:23:00,F2,74.596,0.0,2.646,76.486,4.812,normal
2026-01-02T10:24:00,F2,73.887,0.0,3.383,67.612,4.804,normal
2026-01-02T10:25:00,F2,79.635,0.0,2.291,53.875,5.527,normal
2026-01-02T10:26:00,F2,76.805,0.0,2.216,60.823,7.352,normal
2026-01-02T10:27:00,F2,83.45,0.0,2.754,57.704,6.897,normal
2026-01-02T10:28:00,F2,80.471,0.0,2.295,62.224,7.569,normal
2026-01-02T10:29:00,F2,69.951,0.0,2.945,75.435,7.073,normal
2026-01-02T10:30:00,F2,78.426,0.0,3.062,68.652,3.46,normal
2026-01-02T10:31:00,F2,67.483,0.0,2.618,61.124,7.258,normal
2026-01-02T10:32:00,F2,89.706,0.0,2.137,59.794,6.675,normal
2026-01-02T10:33:00,F2,84.588,0.0,2.898,67.199,7.68,normal
2026-01-02T10:34:00,F2,66.212,0.0,3.296,63.128,5.312,normal
2026-01-02T10:35:00,F2,84.862,0.0,3.034,52.879,8.001,normal
2026-01-02T10:36:00,F2,87.12,0.0,1.84,72.05,7.747,normal
2026-01-02T10:37:00,F2,78.83,0.0,2.258,43.905,5.399,normal
2026-01-02T10:38:00,F2,81.347,0.0,1.999,59.667,5.497,normal
2026-01-02T10:39:00,F2,73.167,0.0,2.707,72.967,8.396,normal
2026-01-02T10:40:00,F2,69.821,0.0,3.396,70.638,4.084,normal
2026-01-02T10:41:00,F2,73.23,0.0,2.14,67.717,8.673,normal
2026-01-02T10:42:00,F2,60.425,0.0,1.905,45.431,9.652,normal
2026-01-02T10:43:00,F2,78.291,0.0,3.332,61.243,5.693,normal
2026-01-02T10:44:00,F2,77.797,0.0,1.43,69.653,6.749,normal
2026-01-02T10:45:00,F2,68.871,0.0,3.287,68.212,3.735,normal
2026-01-02T10:46:00,F2,48.301,0.0,2.928,61.775,6.747,normal
2026-01-02T10:47:00,F2,74.798,0.0,2.239,75.342,6.431,normal
2026-01-02T10:48:00,F2,61.925,0.0,3.581,67.397,6.498,normal
2026-01-02T10:49:00,F2,75.059,0.0,2.802,64.824,6.063,normal
2026-01-02T10:50:00,F2,70.62,0.0,2.435,67.032,8.453,normal
2026-01-02T10:51:00,F2,66.904,0.0,2.387,56.484,4.761,normal
2026-01-02T10:52:00,F2,75.29,0.0,3.324,53.317,6.89,normal
2026-01-02T10:53:00,F2,69.855,0.0,2.215,66.853,6.514,normal
2026-01-02T10:54:00,F2,79.383,0.0,2.095,79.892,9.327,normal
2026-01-02T10:55:00,F2,69.757,0.0,2.464,74.218,6.836,normal
2026-01-02T10:56:00,F2,71.836,0.0,2.796,72.772,6.065,normal
2026-01-02T10:57:00,F2,79.369,0.0,2.5,61.673,5.811,normal
2026-01-02T10:58:00,F2,67.81,0.0,2.739,52.415,8.104,normal
2026-01-02T10:59:00,F2,64.977,0.0,2.28,67.449,4.964,normal
2026-01-02T11:00:00,F2,72.49,0.0,2.616,73.198,4.621,normal
2026-01-02T11:01:00,F2,56.696,0.0,3.352,66.62,4.106,normal
2026-01-02T11:02:00,F2,80.693,0.0,2.593,56.869,8.372,normal
2026-01-02T11:03:00,F2,80.154,0.0,2.741,71.441,3.605,normal
2026-01-02T11:04:00,F2,59.265,0.0,3.397,57.746,7.272,normal
2026-01-02T11:05:00,F2,70.001,0.0,2.171,77.747,8.792,normal
2026-01-02T11:06:00,F2,65.227,0.0,2.533,90.35,6.34,normal
2026-01-02T11:07:00,F2,72.606,0.0,2.618,71.674,5.903,normal
2026-01-02T11:08:00,F2,76.568,0.0,2.553,72.322,8.404,normal
2026-01-02T11:09:00,F2,61.864,0.0,3.51,52.091,5.155,normal
2026-01-02T11:10:00,F2,69.234,0.0,3.488,54.873,8.89,normal
2026-01-02T11:11:00,F2,74.639,0.0,2.329,50.215,5.621,normal
2026-01-02T11:12:00,F2,62.936,0.0,2.085,55.233,8.464,normal
2026-01-02T11:13:00,F2,70.834,0.0,3.106,63.088,6.33,normal
2026-01-02T11:14:00,F2,87.083,0.0,2.088,74.35,6.962,normal
2026-01-02T11:15:00,F2,71.794,0.0,1.293,52.865,7.231,normal
2026-01-02T11:16:00,F2,83.588,0.0,3.033,72.191,5.394,normal
2026-01-02T11:17:00,F2,73.873,0.0,2.331,64.457,8.226,normal
2026-01-02T11:18:00,F2,68.017,0.0,3.756,57.747,6.531,normal
2026-01-02T11:19:00,F2,78.535,0.0,2.285,80.482,9.738,normal
2026-01-02T11:20:00,F2,70.892,0.0,4.44,62.412,8.648,normal
2026-01-02T11:21:00,F2,67.094,0.0,1.759,66.732,7.711,normal
2026-01-02T11:22:00,F2,67.718,0.0,2.431,69.674,5.246,normal
2026-01-02T11:23:00,F2,76.216,0.0,4.138,67.725,4.716,normal
2026-01-02T11:24:00,F2,57.72,0.0,2.284,69.697,7.621,normal
2026-01-02T11:25:00,F2,68.545,0.0,2.366,66.159,5.113,normal
2026-01-02T11:26:00,F2,58.859,0.0,2.433,59.303,7.021,normal
2026-01-02T11:27:00,F2,74.741,0.0,2.987,65.02,7.818,normal
2026-01-02T11:28:00,F2,76.817,0.0,2.47,68.829,5.518,normal
2026-01-02T11:29:00,F2,75.826,0.0,1.041,66.391,3.787,normal
2026-01-02T11:30:00,F2,86.615,0.0,2.949,62.986,2.914,normal
2026-01-02T11:31:00,F2,76.119,0.0,1.028,71.784,7.239,normal
2026-01-02T11:32:00,F2,76.088,0.0,3.688,68.969,8.327,normal
2026-01-02T11:33:00,F2,66.43,0.0,1.446,53.976,6.858,normal
2026-01-02T11:34:00,F2,94.701,0.0,1.7,62.221,6.729,normal
2026-01-02T11:35:00,F2,72.225,0.0,3.03,54.747,5.812,normal
2026-01-02T11:36:00,F2,69.468,0.0,2.56,61.025,5.93,normal
2026-01-02T11:37:00,F2,78.782,0.0,2.872,65.925,5.677,normal
2026-01-02T11:38:00,F2,84.32,0.0,1.979,73.593,7.709,normal
2026-01-02T11:39:00,F2,74.011,0.0,3.995,56.915,7.351,normal
2026-01-02T11:40:00,F2,75.767,0.0,3.282,46.911,4.761,normal
2026-01-02T11:41:00,F2,77.453,0.0,1.828,66.67,6.551,normal
2026-01-02T11:42:00,F2,79.23,0.0,1.714,61.585,5.218,normal
2026-01-02T11:43:00,F2,83.123,0.0,3.241,58.868,7.805,normal
2026-01-02T11:44:00,F2,88.251,0.0,1.59,79.091,5.67,normal
2026-01-02T11:45:00,F2,77.812,0.0,2.289,60.005,8.442,normal
2026-01-02T11:46:00,F2,62.707,0.0,2.413,66.075,4.606,normal
2026-01-02T11:47:00,F2,77.571,0.0,2.256,58.356,7.953,normal
2026-01-02T11:48:00,F2,80.317,0.0,2.621,62.028,4.347,normal
2026-01-02T11:49:00,F2,78.535,0.0,3.099,45.771,5.095,normal
2026-01-02T11:50:00,F2,64.84,0.0,2.98,51.02,5.99,normal
2026-01-02T11:51:00,F2,63.047,0.0,2.253,91.33,6.319,normal
2026-01-02T11:52:00,F2,80.337,0.0,2.305,55.38,4.82,normal
2026-01-02T11:53:00,F2,73.311,0.0,0.94,48.367,6.104,normal
2026-01-02T11:54:00,F2,74.117,0.0,2.012,62.091,6.787,normal
2026-01-02T11:55:00,F2,92.275,0.0,2.598,75.092,6.163,normal
2026-01-02T11:56:00,F2,80.423,0.0,3.396,52.609,8.108,normal
2026-01-02T11:57:00,F2,58.126,0.0,2.963,54.223,5.976,normal
2026-01-02T11:58:00,F2,69.722,0.0,2.434,48.641,9.055,normal
2026-01-02T11:59:00,F2,68.538,0.0,2.121,57.368,8.994,normal
2026-01-02T12:00:00,F2,78.186,0.0,1.08,59.872,7.97,normal
2026-01-02T12:01:00,F2,77.318,0.0,2.569,80.74,5.05,normal
2026-01-02T12:02:00,F2,60.471,0.0,2.48,60.685,6.408,normal
2026-01-02T12:03:00,F2,71.435,0.0,1.366,52.55,5.472,normal
2026-01-02T12:04:00,F2,79.866,0.0,3.238,54.162,8.686,normal
2026-01-02T12:05:00,F2,74.051,0.0,3.196,76.998,5.538,normal
2026-01-02T12:06:00,F2,73.843,0.0,2.818,62.556,4.437,normal
2026-01-02T12:07:00,F2,83.881,0.0,2.729,77.657,5.515,normal
2026-01-02T12:08:00,F2,66.083,0.0,2.167,71.542,5.01,normal
2026-01-02T12:09:00,F2,81.917,0.0,2.313,60.624,7.423,normal
2026-01-02T12:10:00,F2,83.509,0.0,1.79,42.716,7.464,normal
2026-01-02T12:11:00,F2,61.465,0.0,0.973,61.081,6.151,normal
2026-01-02T12:12:00,F2,63.994,0.0,2.288,74.375,6.487,normal
2026-01-02T12:13:00,F2,84.897,0.0,4.329,76.541,6.615,normal
2026-01-02T12:14:00,F2,58.245,0.0,1.975,58.277,4.635,normal
2026-01-02T12:15:00,F2,75.093,0.0,2.795,74.81,7.727,normal
2026-01-02T12:16:00,F2,71.551,0.0,3.204,56.904,5.819,normal
2026-01-02T12:17:00,F2,60.014,0.0,1.984,61.668,6.549,normal
2026-01-02T12:18:00,F2,78.532,0.0,3.497,58.872,9.228,normal
2026-01-02T12:19:00,F2,81.298,0.0,1.812,55.537,7.144,normal
2026-01-02T12:20:00,F2,74.703,0.0,2.194,57.801,4.626,normal
2026-01-02T12:21:00,F2,80.891,0.0,3.057,86.655,6.261,normal
2026-01-02T12:22:00,F2,68.171,0.0,3.45,51.948,6.259,normal
2026-01-02T12:23:00,F2,78.16,0.0,3.761,46.103,6.776,normal
2026-01-02T12:24:00,F2,93.984,0.0,3.252,68.749,8.313,normal
2026-01-02T12:25:00,F2,87.127,0.0,2.484,58.374,5.502,normal
2026-01-02T12:26:00,F2,72.86,0.0,2.028,59.974,7.129,normal
2026-01-02T12:27:00,F2,87.025,0.0,1.927,60.809,5.961,normal
2026-01-02T12:28:00,F2,63.877,0.0,2.169,77.034,9.024,normal
2026-01-02T12:29:00,F2,76.485,0.0,1.799,76.54,7.459,normal
2026-01-02T12:30:00,F2,69.857,0.0,1.759,48.348,5.976,normal
2026-01-02T12:31:00,F2,67.671,0.0,2.444,74.245,7.601,normal
2026-01-02T12:32:00,F2,83.195,0.0,2.778,37.847,6.019,normal
2026-01-02T12:33:00,F2,65.216,0.0,1.929,66.195,5.829,normal
2026-01-02T12:34:00,F2,77.526,0.0,3.312,58.208,7.693,normal
2026-01-02T12:35:00,F2,81.426,0.0,1.411,73.739,7.481,normal
2026-01-02T12:36:00,F2,69.213,0.0,3.44,54.605,7.383,normal
2026-01-02T12:37:00,F2,78.118,0.0,3.199,61.774,8.315,normal
2026-01-02T12:38:00,F2,79.656,0.0,1.829,64.832,6.468,normal
2026-01-02T12:39:00,F2,71.542,0.0,3.165,50.44,8.141,normal
2026-01-02T12:40:00,F2,88.485,0.0,2.916,64.714,7.733,normal
2026-01-02T12:41:00,F2,79.861,0.0,3.175,48.895,7.032,normal
2026-01-02T12:42:00,F2,62.144,0.0,2.288,58.391,4.829,normal
2026-01-02T12:43:00,F2,70.925,0.0,2.07,68.543,8.712,normal
2026-01-02T12:44:00,F2,66.662,0.0,3.11,74.227,5.151,normal
2026-01-02T12:45:00,F2,67.931,0.0,2.861,62.816,7.213,normal
2026-01-02T12:46:00,F2,77.387,0.0,2.876,64.313,4.692,normal
2026-01-02T12:47:00,F2,71.145,0.0,2.143,82.3,4.178,normal
2026-01-02T12:48:00,F2,61.194,0.0,2.627,65.453,7.324,normal
2026-01-02T12:49:00,F2,71.241,0.0,3.033,55.511,5.395,normal
2026-01-02T12:50:00,F2,77.654,0.0,2.592,54.536,5.089,normal
2026-01-02T12:51:00,F2,80.978,0.0,2.554,57.58,9.304,normal
2026-01-02T12:52:00,F2,63.468,0.0,3.492,52.457,6.958,normal
2026-01-02T12:53:00,F2,75.67,0.0,2.318,73.255,5.694,normal
2026-01-02T12:54:00,F2,74.087,0.0,2.421,53.531,4.571,normal
2026-01-02T12:55:00,F2,57.157,0.0,2.14,61.409,6.068,normal
2026-01-02T12:56:00,F2,82.616,0.0,2.09,62.645,10.383,normal
2026-01-02T12:57:00,F2,73.589,0.0,1.679,70.241,6.74,normal
2026-01-02T12:58:00,F2,58.517,0.0,2.165,64.278,6.025,normal
2026-01-02T12:59:00,F2,77.016,0.0,3.228,58.241,5.883,normal
2026-01-02T13:00:00,F2,84.969,0.0,3.338,48.484,4.734,normal
2026-01-02T13:01:00,F2,66.469,0.0,1.602,60.011,8.277,normal
2026-01-02T13:02:00,F2,85.677,0.0,2.345,50.054,7.941,normal
2026-01-02T13:03:00,F2,55.729,0.0,2.116,57.644,7.621,normal
2026-01-02T13:04:00,F2,81.082,0.0,1.994,67.192,9.295,normal
2026-01-02T13:05:00,F2,82.469,0.0,3.202,66.379,8.786,normal
2026-01-02T13:06:00,F2,76.798,0.0,3.46,71.677,7.103,normal
2026-01-02T13:07:00,F2,61.875,0.0,2.478,54.016,4.565,normal
2026-01-02T13:08:00,F2,71.852,0.0,1.411,62.56,5.437,normal
2026-01-02T13:09:00,F2,73.164,0.0,2.752,64.922,7.869,normal
2026-01-02T13:10:00,F2,80.533,0.0,2.025,59.37,3.841,normal
2026-01-02T13:11:00,F2,68.932,0.0,2.062,56.79,8.924,normal
2026-01-02T13:12:00,F2,78.247,0.0,2.557,74.977,6.131,normal
2026-01-02T13:13:00,F2,65.034,0.0,2.045,56.482,6.128,normal
2026-01-02T13:14:00,F2,82.569,0.0,2.156,66.077,6.797,normal
2026-01-02T13:15:00,F2,70.733,0.0,2.287,57.664,6.765,normal
2026-01-02T13:16:00,F2,77.955,0.0,1.588,68.252,5.25,normal
2026-01-02T13:17:00,F2,56.714,0.0,2.186,56.312,6.588,normal
2026-01-02T13:18:00,F2,80.345,0.0,1.445,49.598,6.192,normal
2026-01-02T13:19:00,F2,79.363,0.0,2.414,55.496,6.142,normal
2026-01-02T13:20:00,F2,68.735,0.0,2.06,75.231,2.351,normal
2026-01-02T13:21:00,F2,73.693,0.0,2.99,62.18,6.353,normal
2026-01-02T13:22:00,F2,66.508,0.0,2.826,68.802,6.016,normal
2026-01-02T13:23:00,F2,69.406,0.0,1.947,69.631,6.435,normal
2026-01-02T13:24:00,F2,58.224,0.0,2.46,67.513,7.386,normal
2026-01-02T13:25:00,F2,64.883,0.0,2.412,62.486,8.014,normal
2026-01-02T13:26:00,F2,75.307,0.0,2.701,76.262,7.091,normal
2026-01-02T13:27:00,F2,81.191,0.0,1.955,63.821,5.135,normal
2026-01-02T13:28:00,F2,68.803,0.0,2.43,84.56,6.104,normal
2026-01-02T13:29:00,F2,83.773,0.0,3.808,64.693,6.354,normal
2026-01-02T13:30:00,F2,64.736,0.0,3.447,51.136,9.51,normal
2026-01-02T13:31:00,F2,66.473,0.0,2.726,68.6,8.67,normal
2026-01-02T13:32:00,F2,80.829,0.0,2.48,50.143,5.334,normal
2026-01-02T13:33:00,F2,83.278,0.0,1.945,72.88,5.775,normal
2026-01-02T13:34:00,F2,71.483,0.0,1.919,60.106,9.017,normal
2026-01-02T13:35:00,F2,65.988,0.0,3.948,59.237,8.126,normal
2026-01-02T13:36:00,F2,79.197,0.0,2.452,52.744,6.176,normal
2026-01-02T13:37:00,F2,86.558,0.0,3.514,65.272,6.464,normal
2026-01-02T13:38:00,F2,73.19,0.0,2.889,64.719,6.137,normal
2026-01-02T13:39:00,F2,87.023,0.0,2.595,74.865,8.2,normal
2026-01-02T13:40:00,F2,73.641,0.0,1.949,69.62,6.432,normal
2026-01-02T13:41:00,F2,67.44,0.0,1.589,53.971,6.658,normal
2026-01-02T13:42:00,F2,63.078,0.0,2.985,50.162,6.303,normal
2026-01-02T13:43:00,F2,69.752,0.0,3.533,66.847,4.583,normal
2026-01-02T13:44:00,F2,74.913,0.0,2.964,48.122,6.9,normal
2026-01-02T13:45:00,F2,77.8,0.0,3.413,53.788,4.715,normal
2026-01-02T13:46:00,F2,73.689,0.0,1.917,67.057,5.307,normal
2026-01-02T13:47:00,F2,47.864,0.0,3.03,69.482,7.79,normal
2026-01-02T13:48:00,F2,84.998,0.0,2.654,49.752,7.379,normal
2026-01-02T13:49:00,F2,73.297,0.0,2.235,63.98,6.939,normal
2026-01-02T13:50:00,F2,79.123,0.0,3.123,68.214,7.391,normal
2026-01-02T13:51:00,F2,73.573,0.0,2.336,51.526,4.807,normal
2026-01-02T13:52:00,F2,71.888,0.0,3.682,59.962,7.071,normal
2026-01-02T13:53:00,F2,60.458,0.0,2.859,52.425,7.616,normal
2026-01-02T13:54:00,F2,73.881,0.0,2.059,71.759,5.246,normal
2026-01-02T13:55:00,F2,71.222,0.0,0.174,60.148,6.269,normal
2026-01-02T13:56:00,F2,85.04,0.0,3.486,78.567,4.482,normal
2026-01-02T13:57:00,F2,70.185,0.0,3.064,78.917,7.772,normal
2026-01-02T13:58:00,F2,68.434,0.0,2.693,54.464,7.071,normal
2026-01-02T13:59:00,F2,83.211,0.0,3.034,61.464,6.239,normal
2026-01-02T14:00:00,F2,76.891,0.0,2.022,56.396,7.649,normal
2026-01-02T14:01:00,F2,79.838,0.0,1.304,49.62,4.854,normal
2026-01-02T14:02:00,F2,69.482,0.0,2.583,62.462,7.599,normal
2026-01-02T14:03:00,F2,74.091,0.0,1.062,58.825,4.637,normal
2026-01-02T14:04:00,F2,65.886,0.0,2.801,61.546,4.369,normal
2026-01-02T14:05:00,F2,60.177,0.0,1.545,70.317,6.693,normal
2026-01-02T14:06:00,F2,62.385,0.0,1.844,65.757,6.767,normal
2026-01-02T14:07:00,F2,70.52,0.0,2.418,50.929,5.521,normal
2026-01-02T14:08:00,F2,70.559,0.0,1.507,54.302,8.247,normal
2026-01-02T14:09:00,F2,75.252,0.0,3.764,69.221,3.358,normal
2026-01-02T14:10:00,F2,78.185,0.0,2.261,55.415,5.421,normal
2026-01-02T14:11:00,F2,76.454,0.0,2.34,58.936,8.554,normal
2026-01-02T14:12:00,F2,78.247,0.0,3.059,74.03,7.159,normal
2026-01-02T14:13:00,F2,64.678,0.0,1.646,66.075,8.055,normal
2026-01-02T14:14:00,F2,80.187,0.0,2.777,62.322,7.56,normal
2026-01-02T14:15:00,F2,73.123,0.0,2.543,71.718,4.496,normal
2026-01-02T14:16:00,F2,67.236,0.0,2.623,64.238,7.385,normal
2026-01-02T14:17:00,F2,84.501,0.0,2.698,54.611,7.082,normal
2026-01-02T14:18:00,F2,87.37,0.0,2.509,64.906,6.956,normal
2026-01-02T14:19:00,F2,77.418,0.0,3.474,77.373,8.303,normal
2026-01-02T14:20:00,F2,58.714,0.0,3.049,76.883,5.407,normal
2026-01-02T14:21:00,F2,74.987,0.0,2.288,76.336,3.06,normal
2026-01-02T14:22:00,F2,65.475,0.0,2.935,72.446,3.785,normal
2026-01-02T14:23:00,F2,64.069,0.0,0.564,60.358,5.218,normal
2026-01-02T14:24:00,F2,71.915,0.0,1.89,72.949,6.619,normal
2026-01-02T14:25:00,F2,68.267,0.0,3.363,62.303,4.086,normal
2026-01-02T14:26:00,F2,81.868,0.0,2.766,53.311,6.671,normal
2026-01-02T14:27:00,F2,64.151,0.0,2.284,62.166,9.277,normal
2026-01-02T14:28:00,F2,59.568,0.0,2.993,70.724,7.101,normal
2026-01-02T14:29:00,F2,75.771,0.0,3.405,61.802,5.349,normal
2026-01-02T14:30:00,F2,80.246,0.0,1.802,82.764,8.321,normal
2026-01-02T14:31:00,F2,73.477,0.0,3.495,67.107,5.538,normal
2026-01-02T14:32:00,F2,79.615,0.0,3.155,58.556,5.658,normal
2026-01-02T14:33:00,F2,75.846,0.0,2.546,54.829,6.086,normal
2026-01-02T14:34:00,F2,59.548,0.0,1.954,58.279,4.953,normal
2026-01-02T14:35:00,F2,64.213,0.0,1.871,54.502,9.455,normal
2026-01-02T14:36:00,F2,78.099,0.0,2.832,64.703,6.313,normal
2026-01-02T14:37:00,F2,70.687,0.0,3.022,67.253,6.742,normal
2026-01-02T14:38:00,F2,78.009,0.0,3.6,57.989,7.21,normal
2026-01-02T14:39:00,F2,74.839,0.0,2.181,52.374,7.908,normal
2026-01-02T14:40:00,F2,88.703,0.0,2.247,61.644,3.024,normal
2026-01-02T14:41:00,F2,62.317,0.0,3.576,66.085,6.794,normal
2026-01-02T14:42:00,F2,71.583,0.0,2.932,68.232,5.354,normal
2026-01-02T14:43:00,F2,80.317,0.0,2.022,55.565,7.248,normal
2026-01-02T14:44:00,F2,78.209,0.0,1.787,67.69,5.985,normal
2026-01-02T14:45:00,F2,72.071,0.0,2.878,82.037,6.259,normal
2026-01-02T14:46:00,F2,75.288,0.0,2.925,55.436,4.227,normal
2026-01-02T14:47:00,F2,78.426,0.0,1.101,75.782,5.807,normal
2026-01-02T14:48:00,F2,79.283,0.0,1.771,61.933,6.868,normal
2026-01-02T14:49:00,F2,75.388,0.0,2.208,55.052,2.777,normal
2026-01-02T14:50:00,F2,76.659,0.0,1.819,73.9,5.415,normal
2026-01-02T14:51:00,F2,82.737,0.0,2.214,50.483,5.087,normal
2026-01-02T14:52:00,F2,63.781,0.0,2.881,72.162,6.211,normal
2026-01-02T14:53:00,F2,67.334,0.0,2.138,51.152,5.591,normal
2026-01-02T14:54:00,F2,88.632,0.0,2.6,51.791,6.38,normal
2026-01-02T14:55:00,F2,82.652,0.0,2.833,69.907,5.473,normal
2026-01-02T14:56:00,F2,67.734,0.0,2.698,64.399,7.139,normal
2026-01-02T14:57:00,F2,81.396,0.0,2.836,74.726,7.125,normal
2026-01-02T14:58:00,F2,83.821,0.0,1.564,67.968,6.84,normal
2026-01-02T14:59:00,F2,67.541,0.0,4.092,70.41,6.602,normal
2026-01-02T15:00:00,F2,78.944,0.0,3.693,74.93,5.957,normal
2026-01-02T15:01:00,F2,70.021,0.0,3.56,84.182,5.09,normal
2026-01-02T15:02:00,F2,67.977,0.0,1.987,66.52,7.721,normal
2026-01-02T15:03:00,F2,65.859,0.0,2.872,70.565,5.263,normal
2026-01-02T15:04:00,F2,51.384,0.0,2.332,63.025,8.354,normal
2026-01-02T15:05:00,F2,55.161,0.0,2.752,79.815,4.524,normal
2026-01-02T15:06:00,F2,65.036,0.0,2.884,64.914,7.257,normal
2026-01-02T15:07:00,F2,73.393,0.0,2.59,70.117,6.471,normal
2026-01-02T15:08:00,F2,67.252,0.0,3.125,62.2,8.669,normal
2026-01-02T15:09:00,F2,79.761,0.0,1.591,62.465,6.808,normal
2026-01-02T15:10:00,F2,79.976,0.0,2.264,56.43,7.137,normal
2026-01-02T15:11:00,F2,80.772,0.0,3.211,56.868,5.886,normal
2026-01-02T15:12:00,F2,73.081,0.0,2.11,67.465,8.649,normal
2026-01-02T15:13:00,F2,58.422,0.0,2.75,65.169,7.991,normal
2026-01-02T15:14:00,F2,59.501,0.0,4.146,69.639,6.54,normal
2026-01-02T15:15:00,F2,64.129,0.0,2.549,66.948,8.031,normal
2026-01-02T15:16:00,F2,67.866,0.0,2.101,78.784,7.199,normal
2026-01-02T15:17:00,F2,81.653,0.0,2.46,61.677,4.799,normal
2026-01-02T15:18:00,F2,67.509,0.0,1.651,56.6,7.155,normal
2026-01-02T15:19:00,F2,64.185,0.0,2.557,69.476,5.654,normal
2026-01-02T15:20:00,F2,60.541,0.0,2.711,72.996,7.493,normal
2026-01-02T15:21:00,F2,78.325,0.0,3.343,63.189,5.315,normal
2026-01-02T15:22:00,F2,67.043,0.0,2.266,72.688,8.336,normal
2026-01-02T15:23:00,F2,75.92,0.0,2.616,56.634,5.329,normal
2026-01-02T15:24:00,F2,64.829,0.0,3.483,73.308,7.22,normal
2026-01-02T15:25:00,F2,64.656,0.0,1.617,52.915,5.796,normal
2026-01-02T15:26:00,F2,64.843,0.0,3.428,46.371,7.253,normal
2026-01-02T15:27:00,F2,76.259,0.0,1.8,60.356,3.484,normal
2026-01-02T15:28:00,F2,72.367,0.0,2.416,72.267,6.115,normal
2026-01-02T15:29:00,F2,69.746,0.0,2.42,56.128,6.3,normal
2026-01-02T15:30:00,F2,67.39,0.0,2.884,87.165,5.257,normal
2026-01-02T15:31:00,F2,79.949,0.0,1.952,59.075,8.364,normal
2026-01-02T15:32:00,F2,75.837,0.0,2.024,64.25,6.499,normal
2026-01-02T15:33:00,F2,66.282,0.0,2.057,59.998,7.402,normal
2026-01-02T15:34:00,F2,67.977,0.0,2.157,69.97,7.152,normal
2026-01-02T15:35:00,F2,78.21,0.0,2.593,65.008,6.175,normal
2026-01-02T15:36:00,F2,73.123,0.0,2.628,43.608,7.235,normal
2026-01-02T15:37:00,F2,73.847,0.0,2.83,68.6,5.967,normal
2026-01-02T15:38:00,F2,73.615,0.0,3.285,69.002,5.075,normal
2026-01-02T15:39:00,F2,63.388,0.0,3.383,79.865,6.387,normal
2026-01-02T15:40:00,F2,79.66,0.0,2.458,75.03,3.525,normal
2026-01-02T15:41:00,F2,73.413,0.0,1.656,61.338,7.666,normal
2026-01-02T15:42:00,F2,67.245,0.0,3.419,80.652,3.874,normal
2026-01-02T15:43:00,F2,68.302,0.0,2.994,48.885,5.621,normal
2026-01-02T15:44:00,F2,86.832,0.0,1.945,60.706,5.3,normal
2026-01-02T15:45:00,F2,72.925,0.0,3.212,71.278,6.738,normal
2026-01-02T15:46:00,F2,67.632,0.0,3.327,68.594,9.345,normal
2026-01-02T15:47:00,F2,80.244,0.0,1.162,67.147,6.672,normal
2026-01-02T15:48:00,F2,74.021,0.0,1.68,61.63,5.568,normal
2026-01-02T15:49:00,F2,67.286,0.0,1.755,50.568,8.871,normal
2026-01-02T15:50:00,F2,69.831,0.0,4.165,70.751,5.242,normal
2026-01-02T15:51:00,F2,64.573,0.0,2.361,56.289,5.183,normal
2026-01-02T15:52:00,F2,79.22,0.0,2.513,75.373,7.408,normal
2026-01-02T15:53:00,F2,83.341,0.0,2.713,55.014,5.027,normal
2026-01-02T15:54:00,F2,70.569,0.0,2.512,65.536,7.376,normal
2026-01-02T15:55:00,F2,62.995,0.0,2.266,65.941,7.728,normal
2026-01-02T15:56:00,F2,61.209,0.0,1.496,59.381,3.406,normal
2026-01-02T15:57:00,F2,73.08,0.0,1.612,53.22,4.907,normal
2026-01-02T15:58:00,F2,67.519,0.0,2.756,71.695,8.001,normal
2026-01-02T15:59:00,F2,79.716,0.0,1.831,58.041,5.866,normal
2026-01-02T16:00:00,F2,63.855,0.0,2.755,61.622,5.666,normal
2026-01-02T16:01:00,F2,67.622,0.0,2.88,72.395,4.844,normal
2026-01-02T16:02:00,F2,65.549,0.0,2.963,67.534,7.371,normal
2026-01-02T16:03:00,F2,71.372,0.0,3.041,65.337,8.564,normal
2026-01-02T16:04:00,F2,81.214,0.0,3.048,58.109,4.396,normal
2026-01-02T16:05:00,F2,68.082,0.0,1.453,69.424,6.716,normal
2026-01-02T16:06:00,F2,72.921,0.0,3.333,53.014,5.678,normal
2026-01-02T16:07:00,F2,47.401,0.0,2.224,58.681,5.322,normal
2026-01-02T16:08:00,F2,82.047,0.0,1.769,75.606,5.821,normal
2026-01-02T16:09:00,F2,71.284,0.0,2.0,62.953,6.121,normal
2026-01-02T16:10:00,F2,70.35,0.0,2.779,66.985,4.401,normal
2026-01-02T16:11:00,F2,83.729,0.0,3.138,63.008,5.936,normal
2026-01-02T16:12:00,F2,60.378,0.0,2.435,56.189,8.252,normal
2026-01-02T16:13:00,F2,73.947,0.0,2.797,75.23,4.29,normal
2026-01-02T16:14:00,F2,65.813,0.0,2.064,68.913,9.445,normal
2026-01-02T16:15:00,F2,75.725,0.0,1.339,71.673,4.916,normal
2026-01-02T16:16:00,F2,59.111,0.0,2.657,50.906,4.484,normal
2026-01-02T16:17:00,F2,79.444,0.0,0.0,57.326,4.836,normal
2026-01-02T16:18:00,F2,67.624,0.0,2.699,68.372,5.509,normal
2026-01-02T16:19:00,F2,76.358,0.0,2.838,76.792,7.15,normal
2026-01-02T16:20:00,F2,70.041,0.0,4.104,71.258,7.741,normal
2026-01-02T16:21:00,F2,65.405,0.0,3.989,66.806,7.772,normal
2026-01-02T16:22:00,F2,73.522,0.0,1.968,56.904,5.718,normal
2026-01-02T16:23:00,F2,74.336,0.0,1.713,50.985,5.352,normal
2026-01-02T16:24:00,F2,81.469,0.0,3.273,68.058,7.302,normal
2026-01-02T16:25:00,F2,89.245,0.0,3.877,64.322,8.141,normal
2026-01-02T16:26:00,F2,62.617,0.0,2.656,68.195,6.322,normal
2026-01-02T16:27:00,F2,69.917,0.0,2.499,67.639,8.156,normal
2026-01-02T16:28:00,F2,61.706,0.0,1.809,74.752,5.227,normal
2026-01-02T16:29:00,F2,73.383,0.0,3.023,68.684,9.078,normal
2026-01-02T16:30:00,F2,68.827,0.0,2.18,61.938,8.095,normal
2026-01-02T16:31:00,F2,69.202,0.0,2.48,73.916,4.175,normal
2026-01-02T16:32:00,F2,84.283,0.0,1.607,60.325,7.615,normal
2026-01-02T16:33:00,F2,76.146,0.0,3.023,64.506,6.7,normal
2026-01-02T16:34:00,F2,68.773,0.0,2.01,64.574,5.208,normal
2026-01-02T16:35:00,F2,87.057,0.0,2.575,62.107,5.744,normal
2026-01-02T16:36:00,F2,73.575,0.0,1.9,61.102,8.523,normal
2026-01-02T16:37:00,F2,75.373,0.0,2.824,48.226,3.316,normal
2026-01-02T16:38:00,F2,77.513,0.0,2.9,71.386,6.88,normal
2026-01-02T16:39:00,F2,62.9,0.0,1.977,60.835,4.82,normal
2026-01-02T16:40:00,F2,90.433,0.0,2.795,65.635,4.938,normal
2026-01-02T16:41:00,F2,72.131,0.0,2.048,62.942,6.686,normal
2026-01-02T16:42:00,F2,65.739,0.0,1.396,67.864,5.193,normal
2026-01-02T16:43:00,F2,79.766,0.0,2.359,60.746,6.454,normal
2026-01-02T16:44:00,F2,65.706,0.0,3.3,55.207,5.554,normal
2026-01-02T16:45:00,F2,79.818,0.0,3.166,64.41,5.08,normal
2026-01-02T16:46:00,F2,71.614,0.0,3.33,60.97,7.675,normal
2026-01-02T16:47:00,F2,66.537,0.0,1.31,65.597,7.143,normal
2026-01-02T16:48:00,F2,80.949,0.0,1.052,52.641,3.264,normal
2026-01-02T16:49:00,F2,56.042,0.0,2.028,54.519,5.934,normal
2026-01-02T16:50:00,F2,66.929,0.0,3.452,60.775,6.353,normal
2026-01-02T16:51:00,F2,72.579,0.0,2.297,69.484,7.221,normal
2026-01-02T16:52:00,F2,63.776,0.0,2.542,84.602,7.411,normal
2026-01-02T16:53:00,F2,68.976,0.0,2.44,63.745,5.164,normal
2026-01-02T16:54:00,F2,83.47,0.0,2.543,66.86,7.777,normal
2026-01-02T16:55:00,F2,93.05,0.0,1.015,73.198,6.561,normal
2026-01-02T16:56:00,F2,71.094,0.0,2.137,56.981,8.349,normal
2026-01-02T16:57:00,F2,67.495,0.0,3.02,76.925,4.632,normal
2026-01-02T16:58:00,F2,79.281,0.0,2.338,37.255,8.037,normal
2026-01-02T16:59:00,F2,81.354,0.0,1.875,66.028,5.295,normal
2026-01-02T17:00:00,F2,95.225,0.0,2.496,59.153,5.523,normal
2026-01-02T17:01:00,F2,63.567,0.0,1.207,71.774,5.375,normal
2026-01-02T17:02:00,F2,73.989,0.0,3.403,70.935,7.348,normal
2026-01-02T17:03:00,F2,70.715,0.0,2.277,70.081,9.408,normal
2026-01-02T17:04:00,F2,63.444,0.0,2.615,47.307,6.013,normal
2026-01-02T17:05:00,F2,64.493,0.0,3.007,56.003,3.466,normal
2026-01-02T17:06:00,F2,73.75,0.0,2.685,61.511,7.705,normal
2026-01-02T17:07:00,F2,65.48,0.0,1.788,57.485,6.801,normal
2026-01-02T17:08:00,F2,58.745,0.0,2.668,41.953,6.256,normal
2026-01-02T17:09:00,F2,66.172,0.0,2.105,82.4,6.868,normal
2026-01-02T17:10:00,F2,83.941,0.0,1.625,62.1,8.993,normal
2026-01-02T17:11:00,F2,73.059,0.0,2.816,64.957,4.658,normal
2026-01-02T17:12:00,F2,66.229,0.0,1.82,56.008,12.458,normal
2026-01-02T17:13:00,F2,68.916,0.0,1.946,58.606,2.275,normal
2026-01-02T17:14:00,F2,85.518,0.0,2.675,66.868,5.528,normal
2026-01-02T17:15:00,F2,61.551,0.0,2.793,61.9,7.688,normal
2026-01-02T17:16:00,F2,71.635,0.0,3.366,64.458,7.052,normal
2026-01-02T17:17:00,F2,73.878,0.0,2.719,70.485,6.02,normal
2026-01-02T17:18:00,F2,74.503,0.0,1.536,63.251,4.437,normal
2026-01-02T17:19:00,F2,68.388,0.0,1.552,67.488,7.354,normal
2026-01-02T17:20:00,F2,84.44,0.0,3.953,74.122,5.63,normal
2026-01-02T17:21:00,F2,82.316,0.0,2.44,66.721,8.356,normal
2026-01-02T17:22:00,F2,83.695,0.0,3.191,76.175,6.148,normal
2026-01-02T17:23:00,F2,74.7,0.0,2.307,51.402,4.185,normal
2026-01-02T17:24:00,F2,82.829,0.0,3.79,62.15,6.49,normal
2026-01-02T17:25:00,F2,62.683,0.0,2.201,73.36,7.614,normal
2026-01-02T17:26:00,F2,76.151,0.0,2.138,70.125,5.984,normal
2026-01-02T17:27:00,F2,82.895,0.0,2.929,76.394,8.037,normal
2026-01-02T17:28:00,F2,64.412,0.0,2.716,73.683,6.858,normal
2026-01-02T17:29:00,F2,73.452,0.0,3.063,72.044,5.81,normal
2026-01-02T17:30:00,F2,74.542,0.0,2.873,70.598,7.12,normal
2026-01-02T17:31:00,F2,78.538,0.0,1.697,71.579,6.093,normal
2026-01-02T17:32:00,F2,76.767,0.0,2.455,56.874,5.992,normal
2026-01-02T17:33:00,F2,70.83,0.0,1.737,69.004,7.17,normal
2026-01-02T17:34:00,F2,79.095,0.0,2.975,59.6,7.006,normal
2026-01-02T17:35:00,F2,76.405,0.0,2.068,60.848,6.173,normal
2026-01-02T17:36:00,F2,81.107,0.0,3.548,46.824,5.146,normal
2026-01-02T17:37:00,F2,89.602,0.0,3.277,76.686,6.147,normal
2026-01-02T17:38:00,F2,77.995,0.0,2.778,57.136,6.189,normal
2026-01-02T17:39:00,F2,77.77,0.0,2.28,72.443,5.852,normal
2026-01-02T17:40:00,F2,71.694,0.0,1.776,53.618,4.682,normal
2026-01-02T17:41:00,F2,71.291,0.0,0.904,63.916,7.063,normal
2026-01-02T17:42:00,F2,72.205,0.0,2.55,60.846,8.007,normal
2026-01-02T17:43:00,F2,82.199,0.0,1.616,71.076,8.193,normal
2026-01-02T17:44:00,F2,64.515,0.0,2.327,49.238,5.506,normal
2026-01-02T17:45:00,F2,63.346,0.0,1.675,71.437,8.183,normal
2026-01-02T17:46:00,F2,84.427,0.0,2.458,71.125,7.177,normal
2026-01-02T17:47:00,F2,80.806,0.0,2.571,60.108,4.136,normal
2026-01-02T17:48:00,F2,72.165,0.0,1.983,69.07,8.168,normal
2026-01-02T17:49:00,F2,69.382,0.0,3.206,52.447,6.011,normal
2026-01-02T17:50:00,F2,78.062,0.0,2.598,66.881,6.759,normal
2026-01-02T17:51:00,F2,80.99,0.0,2.416,67.394,7.225,normal
2026-01-02T17:52:00,F2,71.522,0.0,3.627,61.539,4.704,normal
2026-01-02T17:53:00,F2,83.133,0.0,2.629,73.133,6.112,normal
2026-01-02T17:54:00,F2,83.869,0.0,2.05,76.899,7.948,normal
2026-01-02T17:55:00,F2,59.341,0.0,2.55,69.437,6.203,normal
2026-01-02T17:56:00,F2,73.85,0.0,2.0,80.75,5.706,normal
2026-01-02T17:57:00,F2,76.142,0.0,3.628,64.265,5.658,normal
2026-01-02T17:58:00,F2,51.394,0.0,3.044,66.672,6.05,normal
2026-01-02T17:59:00,F2,79.629,0.0,1.517,61.747,7.364,normal
2026-01-02T18:00:00,F2,81.975,0.0,1.84,65.954,5.258,normal
2026-01-02T18:01:00,F2,68.603,0.0,3.465,53.846,6.091,normal
2026-01-02T18:02:00,F2,67.571,0.0,2.297,45.782,4.775,normal
2026-01-02T18:03:00,F2,62.006,0.0,1.49,82.713,5.982,normal
2026-01-02T18:04:00,F2,72.277,0.0,1.784,61.849,7.511,normal
2026-01-02T18:05:00,F2,89.585,0.0,2.371,57.006,5.922,normal
2026-01-02T18:06:00,F2,59.211,0.0,3.284,67.902,5.611,normal
2026-01-02T18:07:00,F2,87.189,0.0,1.956,66.863,8.185,normal
2026-01-02T18:08:00,F2,75.157,0.0,2.788,51.303,6.931,normal
2026-01-02T18:09:00,F2,82.879,0.0,2.161,59.591,4.429,normal
2026-01-02T18:10:00,F2,97.077,0.0,2.896,64.717,6.529,normal
2026-01-02T18:11:00,F2,71.813,0.0,2.914,63.104,7.486,normal
2026-01-02T18:12:00,F2,81.248,0.0,2.94,70.28,3.287,normal
2026-01-02T18:13:00,F2,76.748,0.0,1.174,69.455,6.981,normal
2026-01-02T18:14:00,F2,84.373,0.0,2.546,72.319,6.897,normal
2026-01-02T18:15:00,F2,72.228,0.0,2.512,66.145,6.446,normal
2026-01-02T18:16:00,F2,100.585,0.0,3.64,59.205,6.262,normal
2026-01-02T18:17:00,F2,55.461,0.0,2.819,67.112,7.291,normal
2026-01-02T18:18:00,F2,65.077,0.0,2.433,68.983,3.679,normal
2026-01-02T18:19:00,F2,65.099,0.0,3.592,56.312,6.031,normal
2026-01-02T18:20:00,F2,64.117,0.0,1.498,65.613,4.638,normal
2026-01-02T18:21:00,F2,74.945,0.0,1.876,64.878,5.772,normal
2026-01-02T18:22:00,F2,65.175,0.0,3.112,63.992,4.164,normal
2026-01-02T18:23:00,F2,84.053,0.0,2.367,66.715,6.806,normal
2026-01-02T18:24:00,F2,71.971,0.0,3.004,71.074,7.619,normal
2026-01-02T18:25:00,F2,71.485,0.0,3.22,69.911,5.617,normal
2026-01-02T18:26:00,F2,60.783,0.0,3.771,63.04,6.057,normal
2026-01-02T18:27:00,F2,68.852,0.0,2.253,70.561,4.429,normal
2026-01-02T18:28:00,F2,66.77,0.0,0.968,58.527,7.427,normal
2026-01-02T18:29:00,F2,68.21,0.0,2.948,56.909,7.987,normal
2026-01-02T18:30:00,F2,63.67,0.0,3.898,78.749,6.133,normal
2026-01-02T18:31:00,F2,85.387,0.0,3.004,62.278,7.182,normal
2026-01-02T18:32:00,F2,76.064,0.0,3.027,59.746,6.118,normal
2026-01-02T18:33:00,F2,81.353,0.0,2.82,66.927,9.228,normal
2026-01-02T18:34:00,F2,73.203,0.0,1.615,67.811,5.067,normal
2026-01-02T18:35:00,F2,72.554,0.0,1.448,67.619,6.191,normal
2026-01-02T18:36:00,F2,80.909,0.0,1.839,80.791,7.106,normal
2026-01-02T18:37:00,F2,71.196,0.0,3.102,47.151,9.026,normal
2026-01-02T18:38:00,F2,57.99,0.0,3.067,54.194,5.856,normal
2026-01-02T18:39:00,F2,91.52,0.0,3.251,73.346,5.879,normal
2026-01-02T18:40:00,F2,70.871,0.0,2.24,54.843,5.159,normal
2026-01-02T18:41:00,F2,70.487,0.0,3.491,56.691,6.639,normal
2026-01-02T18:42:00,F2,65.636,0.0,2.892,63.621,5.228,normal
2026-01-02T18:43:00,F2,95.621,0.0,2.711,65.328,6.321,normal
2026-01-02T18:44:00,F2,78.945,0.0,1.443,70.915,7.98,normal
2026-01-02T18:45:00,F2,62.363,0.0,4.18,45.987,9.049,normal
2026-01-02T18:46:00,F2,63.303,0.0,2.454,62.084,4.845,normal
2026-01-02T18:47:00,F2,73.678,0.0,2.656,62.439,6.566,normal
2026-01-02T18:48:00,F2,81.056,0.0,2.519,56.758,3.13,normal
2026-01-02T18:49:00,F2,57.247,0.0,2.096,73.132,6.037,normal
2026-01-02T18:50:00,F2,87.644,0.0,2.794,72.553,7.278,normal
2026-01-02T18:51:00,F2,76.726,0.0,1.792,63.923,6.554,normal
2026-01-02T18:52:00,F2,84.585,0.0,1.999,59.722,6.583,normal
2026-01-02T18:53:00,F2,64.534,0.0,2.683,57.792,4.805,normal
2026-01-02T18:54:00,F2,77.093,0.0,2.534,44.927,5.761,normal
2026-01-02T18:55:00,F2,86.799,0.0,2.69,66.222,5.972,normal
2026-01-02T18:56:00,F2,74.107,0.0,1.809,72.467,6.475,normal
2026-01-02T18:57:00,F2,87.862,0.0,2.057,60.383,5.145,normal
2026-01-02T18:58:00,F2,66.334,0.0,2.966,67.989,8.316,normal
2026-01-02T18:59:00,F2,71.856,0.0,2.2,59.465,8.318,normal
2026-01-02T19:00:00,F2,83.016,0.0,2.137,66.708,7.007,normal
2026-01-02T19:01:00,F2,76.353,0.0,2.299,66.787,4.725,normal
2026-01-02T19:02:00,F2,68.025,0.0,1.761,67.177,6.233,normal
2026-01-02T19:03:00,F2,66.139,0.0,1.418,59.467,5.132,normal
2026-01-02T19:04:00,F2,66.188,0.0,2.838,34.936,6.273,normal
2026-01-02T19:05:00,F2,87.483,0.0,2.472,67.749,6.509,normal
2026-01-02T19:06:00,F2,74.477,0.0,1.189,86.901,5.279,normal
2026-01-02T19:07:00,F2,46.793,0.0,1.261,77.093,4.017,normal
2026-01-02T19:08:00,F2,66.85,0.0,1.448,65.782,4.715,normal
2026-01-02T19:09:00,F2,75.69,0.0,2.887,56.347,5.964,normal
2026-01-02T19:10:00,F2,88.769,0.0,1.894,77.798,6.809,normal
2026-01-02T19:11:00,F2,75.792,0.0,3.563,57.28,6.727,normal
2026-01-02T19:12:00,F2,67.308,0.0,1.927,48.573,6.629,normal
2026-01-02T19:13:00,F2,75.397,0.0,3.518,67.305,7.041,normal
2026-01-02T19:14:00,F2,79.924,0.0,3.176,60.217,6.186,normal
2026-01-02T19:15:00,F2,78.557,0.0,2.6,65.754,6.427,normal
2026-01-02T19:16:00,F2,75.641,0.0,1.648,62.17,7.893,normal
2026-01-02T19:17:00,F2,97.099,0.0,3.246,60.044,4.348,normal
2026-01-02T19:18:00,F2,85.468,0.0,2.344,56.916,4.823,normal
2026-01-02T19:19:00,F2,78.097,0.0,2.626,112.968,6.471,normal
2026-01-02T19:20:00,F2,67.988,0.0,1.384,74.886,5.146,normal
2026-01-02T19:21:00,F2,98.05,0.0,2.557,74.227,7.856,normal
2026-01-02T19:22:00,F2,53.838,0.0,2.407,49.77,6.451,normal
2026-01-02T19:23:00,F2,82.302,0.0,2.91,63.002,8.66,normal
2026-01-02T19:24:00,F2,78.547,0.0,2.446,64.654,5.545,normal
2026-01-02T19:25:00,F2,60.333,0.0,1.945,74.126,6.599,normal
2026-01-02T19:26:00,F2,76.834,0.0,2.062,59.45,4.689,normal
2026-01-02T19:27:00,F2,96.036,0.0,3.378,64.442,4.843,normal
2026-01-02T19:28:00,F2,78.24,0.0,3.01,59.439,8.199,normal
2026-01-02T19:29:00,F2,92.081,0.0,2.696,74.523,6.08,normal
2026-01-02T19:30:00,F2,77.353,0.0,2.671,62.906,4.814,normal
2026-01-02T19:31:00,F2,72.633,0.0,3.226,62.497,4.967,normal
2026-01-02T19:32:00,F2,74.962,0.0,2.353,70.139,7.649,normal
2026-01-02T19:33:00,F2,59.154,0.0,2.231,47.071,5.695,normal
2026-01-02T19:34:00,F2,82.117,0.0,2.367,57.337,8.452,normal
2026-01-02T19:35:00,F2,62.061,0.0,2.27,56.885,6.856,normal
2026-01-02T19:36:00,F2,65.67,0.0,2.653,70.25,4.658,normal
2026-01-02T19:37:00,F2,66.455,0.0,4.183,63.444,5.926,normal
2026-01-02T19:38:00,F2,71.545,0.0,2.927,48.475,7.618,normal
2026-01-02T19:39:00,F2,72.42,0.0,1.859,70.632,6.129,normal
2026-01-02T19:40:00,F2,80.628,0.0,2.005,61.281,5.183,normal
2026-01-02T19:41:00,F2,74.381,0.0,2.908,60.769,3.982,normal
2026-01-02T19:42:00,F2,70.384,0.0,2.653,66.618,6.83,normal
2026-01-02T19:43:00,F2,79.452,0.0,2.763,77.713,3.577,normal
2026-01-02T19:44:00,F2,76.439,0.0,1.126,69.511,7.695,normal
2026-01-02T19:45:00,F2,54.493,0.0,2.245,82.738,7.502,normal
2026-01-02T19:46:00,F2,69.957,0.0,2.406,69.253,9.582,normal
2026-01-02T19:47:00,F2,71.877,0.0,2.111,55.591,6.559,normal
2026-01-02T19:48:00,F2,71.616,0.0,2.209,68.762,4.621,normal
2026-01-02T19:49:00,F2,73.195,0.0,2.37,70.518,8.709,normal
2026-01-02T19:50:00,F2,75.558,0.0,1.743,64.965,5.091,normal
2026-01-02T19:51:00,F2,69.884,0.0,3.069,66.904,6.435,normal
2026-01-02T19:52:00,F2,77.504,0.0,3.513,72.526,5.747,normal
2026-01-02T19:53:00,F2,68.501,0.0,1.912,68.037,4.215,normal
2026-01-02T19:54:00,F2,74.984,0.0,1.602,76.212,4.918,normal
2026-01-02T19:55:00,F2,66.851,0.0,2.666,68.639,8.3,normal
2026-01-02T19:56:00,F2,72.064,0.0,2.237,67.789,7.904,normal
2026-01-02T19:57:00,F2,66.446,0.0,2.279,51.31,5.036,normal
2026-01-02T19:58:00,F2,81.144,0.0,2.058,57.833,5.399,normal
2026-01-02T19:59:00,F2,79.887,0.0,2.202,63.022,8.718,normal
2026-01-02T20:00:00,F2,76.072,0.0,2.032,64.75,7.019,normal
2026-01-02T20:01:00,F2,70.894,0.0,0.445,67.631,6.71,normal
2026-01-02T20:02:00,F2,71.476,0.0,2.392,66.981,8.028,normal
2026-01-02T20:03:00,F2,87.182,0.0,2.429,52.471,5.294,normal
2026-01-02T20:04:00,F2,63.098,0.0,3.94,65.233,5.136,normal
2026-01-02T20:05:00,F2,73.002,0.0,2.348,51.007,8.441,normal
2026-01-02T20:06:00,F2,73.054,0.0,2.473,65.019,5.031,normal
2026-01-02T20:07:00,F2,71.649,0.0,2.646,49.446,5.649,normal
2026-01-02T20:08:00,F2,58.566,0.0,3.112,67.825,8.456,normal
2026-01-02T20:09:00,F2,75.515,0.0,1.987,69.737,6.522,normal
2026-01-02T20:10:00,F2,67.36,0.0,2.433,66.013,7.602,normal
2026-01-02T20:11:00,F2,66.701,0.0,3.669,58.892,5.153,normal
2026-01-02T20:12:00,F2,75.749,0.0,3.141,61.434,7.702,normal
2026-01-02T20:13:00,F2,67.473,0.0,3.072,44.88,5.434,normal
2026-01-02T20:14:00,F2,73.886,0.0,1.721,44.093,7.493,normal
2026-01-02T20:15:00,F2,78.382,0.0,2.913,53.219,7.992,normal
2026-01-02T20:16:00,F2,70.303,0.0,2.374,65.961,5.613,normal
2026-01-02T20:17:00,F2,71.81,0.0,2.689,59.024,3.594,normal
2026-01-02T20:18:00,F2,77.479,0.0,3.172,51.35,5.622,normal
2026-01-02T20:19:00,F2,67.503,0.0,1.904,70.834,6.107,normal
2026-01-02T20:20:00,F2,85.827,0.0,1.622,66.961,7.208,normal
2026-01-02T20:21:00,F2,72.112,0.0,2.434,66.562,3.898,normal
2026-01-02T20:22:00,F2,75.446,0.0,2.89,60.667,10.211,normal
2026-01-02T20:23:00,F2,78.939,0.0,2.155,77.377,8.225,normal
2026-01-02T20:24:00,F2,66.345,0.0,2.687,57.937,5.673,normal
2026-01-02T20:25:00,F2,74.298,0.0,3.035,59.214,6.69,normal
2026-01-02T20:26:00,F2,83.207,0.0,2.221,71.716,6.943,normal
2026-01-02T20:27:00,F2,78.466,0.0,2.522,88.697,6.005,normal
2026-01-02T20:28:00,F2,75.69,0.0,2.533,57.683,7.13,normal
2026-01-02T20:29:00,F2,81.427,0.0,2.781,56.356,7.909,normal
2026-01-02T20:30:00,F2,88.763,0.0,1.859,63.997,6.924,normal
2026-01-02T20:31:00,F2,74.628,0.0,3.043,64.568,7.927,normal
2026-01-02T20:32:00,F2,59.948,0.0,2.907,63.765,7.424,normal
2026-01-02T20:33:00,F2,78.782,0.0,2.73,52.91,6.229,normal
2026-01-02T20:34:00,F2,74.981,0.0,2.842,69.627,8.519,normal
2026-01-02T20:35:00,F2,65.838,0.0,2.284,70.592,8.505,normal
2026-01-02T20:36:00,F2,85.615,0.0,2.109,62.073,9.561,normal
2026-01-02T20:37:00,F2,75.437,0.0,2.232,37.196,5.897,normal
2026-01-02T20:38:00,F2,57.506,0.0,0.914,61.273,8.644,normal
2026-01-02T20:39:00,F2,65.859,0.0,2.612,61.742,5.847,normal
2026-01-02T20:40:00,F2,78.162,0.0,2.955,58.751,5.116,normal
2026-01-02T20:41:00,F2,58.624,0.0,2.851,64.676,5.597,normal
2026-01-02T20:42:00,F2,66.065,0.0,1.985,65.782,4.842,normal
2026-01-02T20:43:00,F2,74.393,0.0,1.83,60.434,4.566,normal
2026-01-02T20:44:00,F2,71.795,0.0,2.604,48.253,3.443,normal
2026-01-02T20:45:00,F2,90.014,0.0,3.243,76.841,6.522,normal
2026-01-02T20:46:00,F2,64.96,0.0,2.397,72.22,5.496,normal
2026-01-02T20:47:00,F2,75.171,0.0,3.248,58.01,6.258,normal
2026-01-02T20:48:00,F2,60.204,0.0,2.764,78.759,5.883,normal
2026-01-02T20:49:00,F2,81.0,0.0,2.892,55.467,4.994,normal
2026-01-02T20:50:00,F2,63.449,0.0,2.925,54.445,9.302,normal
2026-01-02T20:51:00,F2,71.38,0.0,3.066,65.45,6.446,normal
2026-01-02T20:52:00,F2,84.133,0.0,2.335,62.898,5.414,normal
2026-01-02T20:53:00,F2,64.478,0.0,2.678,71.39,5.154,normal
2026-01-02T20:54:00,F2,66.887,0.0,1.873,64.217,5.22,normal
2026-01-02T20:55:00,F2,73.106,0.0,1.605,65.092,3.235,normal
2026-01-02T20:56:00,F2,60.815,0.0,2.765,77.995,7.278,normal
2026-01-02T20:57:00,F2,72.416,0.0,3.019,76.245,8.284,normal
2026-01-02T20:58:00,F2,76.574,0.0,0.834,56.407,8.078,normal
2026-01-02T20:59:00,F2,71.476,0.0,1.999,67.112,5.414,normal
2026-01-02T21:00:00,F2,64.155,0.0,2.014,61.58,5.868,normal
2026-01-02T21:01:00,F2,70.275,0.0,2.056,53.052,6.266,normal
2026-01-02T21:02:00,F2,98.109,0.0,1.056,57.187,7.564,normal
2026-01-02T21:03:00,F2,71.894,0.0,2.629,56.997,4.843,normal
2026-01-02T21:04:00,F2,66.11,0.0,3.208,84.047,5.701,normal
2026-01-02T21:05:00,F2,69.858,0.0,2.552,67.655,6.733,normal
2026-01-02T21:06:00,F2,76.858,0.0,3.315,65.611,8.231,normal
2026-01-02T21:07:00,F2,85.521,0.0,3.37,70.34,5.469,normal
2026-01-02T21:08:00,F2,75.525,0.0,3.057,77.308,5.451,normal
2026-01-02T21:09:00,F2,63.132,0.0,3.006,74.002,8.918,normal
2026-01-02T21:10:00,F2,77.657,0.0,2.529,50.613,6.861,normal
2026-01-02T21:11:00,F2,72.777,0.0,2.138,66.332,6.1,normal
2026-01-02T21:12:00,F2,74.255,0.0,2.542,54.915,7.135,normal
2026-01-02T21:13:00,F2,72.555,0.0,1.53,62.509,5.155,normal
2026-01-02T21:14:00,F2,65.723,0.0,3.813,56.897,6.397,normal
2026-01-02T21:15:00,F2,74.813,0.0,2.614,52.222,6.414,normal
2026-01-02T21:16:00,F2,68.182,0.0,3.044,52.681,6.524,normal
2026-01-02T21:17:00,F2,72.142,0.0,3.024,74.815,8.581,normal
2026-01-02T21:18:00,F2,84.275,0.0,1.939,64.327,8.397,normal
2026-01-02T21:19:00,F2,81.29,0.0,2.488,44.975,4.37,normal
2026-01-02T21:20:00,F2,64.116,0.0,3.085,61.319,6.05,normal
2026-01-02T21:21:00,F2,79.766,0.0,3.052,53.45,7.069,normal
2026-01-02T21:22:00,F2,74.155,0.0,2.845,54.185,7.486,normal
2026-01-02T21:23:00,F2,75.847,0.0,3.085,62.399,6.255,normal
2026-01-02T21:24:00,F2,74.17,0.0,3.558,59.185,7.716,normal
2026-01-02T21:25:00,F2,65.313,0.0,2.983,59.916,6.904,normal
2026-01-02T21:26:00,F2,76.122,0.0,3.319,76.055,5.888,normal
2026-01-02T21:27:00,F2,71.066,0.0,1.997,60.904,9.238,normal
2026-01-02T21:28:00,F2,66.948,0.0,3.128,51.93,6.402,normal
2026-01-02T21:29:00,F2,59.761,0.0,4.127,45.126,6.547,normal
2026-01-02T21:30:00,F2,84.886,0.0,2.19,66.024,4.103,normal
2026-01-02T21:31:00,F2,69.406,0.0,2.671,64.526,7.426,normal
2026-01-02T21:32:00,F2,71.988,0.0,3.124,61.26,8.483,normal
2026-01-02T21:33:00,F2,68.693,0.0,3.765,76.059,5.78,normal
2026-01-02T21:34:00,F2,68.106,0.0,2.243,73.837,6.155,normal
2026-01-02T21:35:00,F2,85.938,0.0,2.183,51.486,6.41,normal
2026-01-02T21:36:00,F2,80.615,0.0,3.189,68.957,6.323,normal
2026-01-02T21:37:00,F2,73.962,0.0,1.952,57.247,8.825,normal
2026-01-02T21:38:00,F2,62.815,0.0,2.935,60.915,5.313,normal
2026-01-02T21:39:00,F2,72.128,0.0,3.652,74.175,7.264,normal
2026-01-02T21:40:00,F2,69.545,0.0,3.296,54.328,5.118,normal
2026-01-02T21:41:00,F2,64.678,0.0,2.467,72.51,8.454,normal
2026-01-02T21:42:00,F2,86.899,0.0,2.63,72.278,7.079,normal
2026-01-02T21:43:00,F2,81.41,0.0,3.184,68.841,2.679,normal
2026-01-02T21:44:00,F2,89.107,0.0,2.136,56.324,8.438,normal
2026-01-02T21:45:00,F2,83.962,0.0,1.88,77.797,4.963,normal
2026-01-02T21:46:00,F2,82.339,0.0,1.81,62.319,5.213,normal
2026-01-02T21:47:00,F2,72.074,0.0,2.926,53.241,4.948,normal
2026-01-02T21:48:00,F2,58.367,0.0,1.634,63.639,4.376,normal
2026-01-02T21:49:00,F2,79.903,0.0,2.474,52.055,4.204,normal
2026-01-02T21:50:00,F2,74.149,0.0,3.436,55.108,3.012,normal
2026-01-02T21:51:00,F2,75.532,0.0,3.664,59.007,4.853,normal
2026-01-02T21:52:00,F2,72.844,0.0,3.01,71.401,8.321,normal
2026-01-02T21:53:00,F2,79.231,0.0,3.319,62.801,7.054,normal
2026-01-02T21:54:00,F2,79.724,0.0,0.869,69.626,6.769,normal
2026-01-02T21:55:00,F2,73.455,0.0,3.322,61.616,4.222,normal
2026-01-02T21:56:00,F2,75.801,0.0,2.749,75.338,5.091,normal
2026-01-02T21:57:00,F2,63.251,0.0,1.556,82.003,6.933,normal
2026-01-02T21:58:00,F2,67.399,0.0,3.491,46.929,6.646,normal
2026-01-02T21:59:00,F2,68.279,0.0,1.759,59.9,5.07,normal
2026-01-02T22:00:00,F2,84.689,0.0,1.494,63.663,6.412,normal
2026-01-02T22:01:00,F2,79.22,0.0,2.283,65.729,7.428,normal
2026-01-02T22:02:00,F2,84.688,0.0,2.223,69.33,5.136,normal
2026-01-02T22:03:00,F2,65.42,0.0,1.858,68.665,9.697,normal
2026-01-02T22:04:00,F2,67.696,0.0,2.106,41.697,6.077,normal
2026-01-02T22:05:00,F2,65.262,0.0,2.568,58.807,7.962,normal
2026-01-02T22:06:00,F2,75.449,0.0,2.957,75.933,4.236,normal
2026-01-02T22:07:00,F2,78.334,0.0,3.659,56.585,6.072,normal
2026-01-02T22:08:00,F2,77.347,0.0,2.196,67.719,5.252,normal
2026-01-02T22:09:00,F2,78.778,0.0,1.295,67.799,4.999,normal
2026-01-02T22:10:00,F2,61.931,0.0,2.483,59.425,6.398,normal
2026-01-02T22:11:00,F2,74.833,0.0,2.974,62.202,5.267,normal
2026-01-02T22:12:00,F2,84.942,0.0,1.632,68.381,6.917,normal
2026-01-02T22:13:00,F2,72.984,0.0,2.438,74.82,8.027,normal
2026-01-02T22:14:00,F2,82.185,0.0,1.958,83.368,7.795,normal
2026-01-02T22:15:00,F2,66.583,0.0,2.563,58.695,6.043,normal
2026-01-02T22:16:00,F2,79.366,0.0,2.798,67.573,5.215,normal
2026-01-02T22:17:00,F2,66.001,0.0,2.932,69.171,6.214,normal
2026-01-02T22:18:00,F2,72.941,0.0,1.851,58.387,7.814,normal
2026-01-02T22:19:00,F2,75.421,0.0,2.683,48.324,7.909,normal
2026-01-02T22:20:00,F2,82.522,0.0,1.935,70.996,7.806,normal
2026-01-02T22:21:00,F2,73.153,0.0,2.357,64.492,3.037,normal
2026-01-02T22:22:00,F2,79.629,0.0,3.169,70.446,6.632,normal
2026-01-02T22:23:00,F2,90.461,0.0,3.42,47.839,9.063,normal
2026-01-02T22:24:00,F2,83.075,0.0,2.478,75.567,7.76,normal
2026-01-02T22:25:00,F2,73.59,0.0,1.944,76.696,6.719,normal
2026-01-02T22:26:00,F2,67.741,0.0,2.58,72.043,4.457,normal
2026-01-02T22:27:00,F2,66.411,0.0,2.549,68.368,5.11,normal
2026-01-02T22:28:00,F2,56.861,0.0,1.57,74.077,5.648,normal
2026-01-02T22:29:00,F2,69.654,0.0,2.168,65.224,4.941,normal
2026-01-02T22:30:00,F2,68.772,0.0,2.05,90.037,7.746,normal
2026-01-02T22:31:00,F2,85.445,0.0,3.461,63.553,3.651,normal
2026-01-02T22:32:00,F2,79.258,0.0,2.534,59.032,6.548,normal
2026-01-02T22:33:00,F2,71.006,0.0,2.431,72.312,5.267,normal
2026-01-02T22:34:00,F2,81.77,0.0,2.539,35.904,7.798,normal
2026-01-02T22:35:00,F2,65.761,0.0,1.802,58.65,6.867,normal
2026-01-02T22:36:00,F2,74.456,0.0,2.172,66.562,8.016,normal
2026-01-02T22:37:00,F2,69.119,0.0,2.18,63.521,8.148,normal
2026-01-02T22:38:00,F2,63.551,0.0,1.182,73.044,5.657,normal
2026-01-02T22:39:00,F2,76.226,0.0,1.998,93.02,6.743,normal
2026-01-02T22:40:00,F2,73.033,0.0,2.199,65.635,6.866,normal
2026-01-02T22:41:00,F2,65.222,0.0,3.08,70.555,4.852,normal
2026-01-02T22:42:00,F2,70.527,0.0,3.513,63.344,6.605,normal
2026-01-02T22:43:00,F2,74.752,0.0,2.384,42.777,4.667,normal
2026-01-02T22:44:00,F2,81.951,0.0,3.663,55.083,6.946,normal
2026-01-02T22:45:00,F2,90.94,0.0,2.284,53.133,5.729,normal
2026-01-02T22:46:00,F2,69.05,0.0,2.908,54.731,5.699,normal
2026-01-02T22:47:00,F2,83.262,0.0,2.408,70.797,8.03,normal
2026-01-02T22:48:00,F2,73.241,0.0,2.172,61.365,4.871,normal
2026-01-02T22:49:00,F2,72.719,0.0,1.723,57.826,5.268,normal
2026-01-02T22:50:00,F2,77.447,0.0,2.701,69.998,6.596,normal
2026-01-02T22:51:00,F2,85.634,0.0,1.473,65.618,3.89,normal
2026-01-02T22:52:00,F2,75.864,0.0,2.569,76.277,6.472,normal
2026-01-02T22:53:00,F2,80.229,0.0,1.831,49.854,7.518,normal
2026-01-02T22:54:00,F2,66.156,0.0,2.809,63.409,4.338,normal
2026-01-02T22:55:00,F2,71.531,0.0,2.055,63.367,5.649,normal
2026-01-02T22:56:00,F2,64.337,0.0,1.235,55.767,7.566,normal
2026-01-02T22:57:00,F2,78.88,0.0,1.761,77.719,8.672,normal
2026-01-02T22:58:00,F2,60.158,0.0,2.229,73.597,5.165,normal
2026-01-02T22:59:00,F2,74.167,0.0,2.109,72.803,6.111,normal
2026-01-02T23:00:00,F2,63.47,0.0,3.137,68.385,8.734,normal
2026-01-02T23:01:00,F2,72.258,0.0,2.514,61.322,4.169,normal
2026-01-02T23:02:00,F2,77.364,0.0,1.767,72.609,4.907,normal
2026-01-02T23:03:00,F2,79.101,0.0,2.595,59.363,7.201,normal
2026-01-02T23:04:00,F2,90.948,0.0,1.953,73.081,8.196,normal
2026-01-02T23:05:00,F2,72.576,0.0,3.197,76.295,6.913,normal
2026-01-02T23:06:00,F2,75.87,0.0,2.82,58.813,8.991,normal
2026-01-02T23:07:00,F2,81.834,0.0,3.658,70.278,6.653,normal
2026-01-02T23:08:00,F2,67.713,0.0,4.121,61.683,9.4,normal
2026-01-02T23:09:00,F2,72.212,0.0,2.623,60.82,2.325,normal
2026-01-02T23:10:00,F2,78.171,0.0,2.057,68.057,6.351,normal
2026-01-02T23:11:00,F2,76.927,0.0,3.236,71.194,6.286,normal
2026-01-02T23:12:00,F2,63.169,0.0,1.976,68.786,4.212,normal
2026-01-02T23:13:00,F2,86.484,0.0,2.528,67.491,5.891,normal
2026-01-02T23:14:00,F2,73.704,0.0,3.474,86.489,6.096,normal
2026-01-02T23:15:00,F2,73.687,0.0,2.288,59.639,7.006,normal
2026-01-02T23:16:00,F2,75.692,0.0,2.051,66.507,6.849,normal
2026-01-02T23:17:00,F2,74.762,0.0,3.36,52.872,5.545,normal
2026-01-02T23:18:00,F2,69.038,0.0,2.089,62.511,7.962,normal
2026-01-02T23:19:00,F2,66.328,0.0,2.738,63.041,7.778,normal
2026-01-02T23:20:00,F2,73.714,0.0,1.322,67.151,6.327,normal
2026-01-02T23:21:00,F2,92.937,0.0,3.167,65.031,5.59,normal
2026-01-02T23:22:00,F2,58.372,0.0,2.912,63.355,4.987,normal
2026-01-02T23:23:00,F2,74.258,0.0,2.506,69.592,4.744,normal
2026-01-02T23:24:00,F2,81.328,0.0,1.808,74.9,5.021,normal
2026-01-02T23:25:00,F2,74.309,0.0,3.036,77.724,7.925,normal
2026-01-02T23:26:00,F2,79.437,0.0,2.678,55.953,6.646,normal
2026-01-02T23:27:00,F2,75.49,0.0,2.475,44.985,7.114,normal
2026-01-02T23:28:00,F2,51.106,0.0,0.971,71.263,4.619,normal
2026-01-02T23:29:00,F2,66.888,0.0,1.761,71.689,8.434,normal
2026-01-02T23:30:00,F2,57.907,0.0,2.734,64.203,7.041,normal
2026-01-02T23:31:00,F2,73.357,0.0,1.72,76.707,7.017,normal
2026-01-02T23:32:00,F2,73.899,0.0,3.305,72.173,5.624,normal
2026-01-02T23:33:00,F2,84.304,0.0,1.841,77.809,5.757,normal
2026-01-02T23:34:00,F2,80.515,0.0,3.216,61.981,5.202,normal
2026-01-02T23:35:00,F2,73.329,0.0,3.272,61.757,9.073,normal
2026-01-02T23:36:00,F2,62.226,0.0,2.514,77.612,9.513,normal
2026-01-02T23:37:00,F2,85.556,0.0,2.156,38.015,7.608,normal
2026-01-02T23:38:00,F2,62.88,0.0,3.247,70.064,6.647,normal
2026-01-02T23:39:00,F2,65.308,0.0,2.498,57.955,6.595,normal
2026-01-02T23:40:00,F2,75.781,0.0,3.326,72.504,8.722,normal
2026-01-02T23:41:00,F2,73.076,0.0,3.666,72.747,7.754,normal
2026-01-02T23:42:00,F2,72.368,0.0,3.186,56.04,4.505,normal
2026-01-02T23:43:00,F2,50.386,0.0,2.965,65.346,7.862,normal
2026-01-02T23:44:00,F2,74.625,0.0,2.023,70.875,4.856,normal
2026-01-02T23:45:00,F2,90.484,0.0,1.909,68.266,6.273,normal
2026-01-02T23:46:00,F2,65.758,0.0,2.497,75.03,4.233,normal
2026-01-02T23:47:00,F2,59.819,0.0,2.687,59.264,5.514,normal
2026-01-02T23:48:00,F2,80.307,0.0,2.983,49.364,8.052,normal
2026-01-02T23:49:00,F2,84.94,0.0,2.79,63.065,6.513,normal
2026-01-02T23:50:00,F2,78.105,0.0,2.67,56.234,6.586,normal
2026-01-02T23:51:00,F2,77.256,0.0,3.764,46.089,8.474,normal
2026-01-02T23:52:00,F2,67.936,0.0,2.366,64.385,4.081,normal
2026-01-02T23:53:00,F2,75.756,0.0,3.197,65.267,8.613,normal
2026-01-02T23:54:00,F2,50.62,0.0,1.394,64.067,9.322,normal
2026-01-02T23:55:00,F2,76.969,0.0,2.706,66.377,6.853,normal
2026-01-02T23:56:00,F2,70.004,0.0,2.616,65.491,7.957,normal
2026-01-02T23:57:00,F2,84.965,0.0,2.159,73.536,4.298,normal
2026-01-02T23:58:00,F2,70.949,0.0,2.317,58.688,7.66,normal
2026-01-02T23:59:00,F2,71.943,0.0,1.959,61.718,7.218,normal
2026-01-03T00:00:00,F2,82.25,0.0,3.483,62.837,5.42,normal
2026-01-03T00:01:00,F2,84.998,0.0,2.909,63.332,6.095,normal
2026-01-03T00:02:00,F2,76.323,0.0,1.45,63.751,6.33,normal
2026-01-03T00:03:00,F2,81.693,0.0,2.381,62.278,5.801,normal
2026-01-03T00:04:00,F2,65.219,0.0,1.581,76.61,6.788,normal
2026-01-03T00:05:00,F2,64.954,0.0,2.71,70.599,5.519,normal
2026-01-03T00:06:00,F2,66.28,0.0,3.139,68.376,3.227,normal
2026-01-03T00:07:00,F2,83.209,0.0,2.261,72.319,7.691,normal
2026-01-03T00:08:00,F2,76.153,0.0,2.974,53.392,5.884,normal
2026-01-03T00:09:00,F2,56.217,0.0,3.008,60.799,8.054,normal
2026-01-03T00:10:00,F2,80.894,0.0,2.027,83.913,5.77,normal
2026-01-03T00:11:00,F2,84.241,0.0,4.181,75.808,7.905,normal
2026-01-03T00:12:00,F2,83.28,0.0,3.269,52.737,8.376,normal
2026-01-03T00:13:00,F2,73.091,0.0,3.002,67.212,8.139,normal
2026-01-03T00:14:00,F2,68.727,0.0,2.309,47.322,8.394,normal
2026-01-03T00:15:00,F2,66.631,0.0,2.502,76.61,7.125,normal
2026-01-03T00:16:00,F2,78.922,0.0,2.227,60.363,5.068,normal
2026-01-03T00:17:00,F2,83.36,0.0,1.172,57.172,5.882,normal
2026-01-03T00:18:00,F2,68.722,0.0,2.95,54.51,7.212,normal
2026-01-03T00:19:00,F2,87.165,0.0,2.369,87.117,6.785,normal
2026-01-03T00:20:00,F2,70.341,0.0,2.558,56.553,8.905,normal
2026-01-03T00:21:00,F2,74.88,0.0,1.323,66.067,7.695,normal
2026-01-03T00:22:00,F2,70.733,0.0,3.906,50.741,8.732,normal
2026-01-03T00:23:00,F2,78.159,0.0,2.126,81.902,6.58,normal
2026-01-03T00:24:00,F2,91.278,0.0,1.705,78.275,6.374,normal
2026-01-03T00:25:00,F2,84.077,0.0,3.04,75.797,5.887,normal
2026-01-03T00:26:00,F2,75.671,0.0,3.58,62.661,5.417,normal
2026-01-03T00:27:00,F2,69.086,0.0,2.343,62.994,7.144,normal
2026-01-03T00:28:00,F2,62.76,0.0,1.967,89.044,10.648,normal
2026-01-03T00:29:00,F2,56.318,0.0,3.712,42.462,5.942,normal
2026-01-03T00:30:00,F2,72.46,0.0,2.087,59.025,6.604,normal
2026-01-03T00:31:00,F2,74.135,0.0,2.146,55.201,3.973,normal
2026-01-03T00:32:00,F2,73.348,0.0,2.256,61.044,7.742,normal
2026-01-03T00:33:00,F2,86.884,0.0,2.756,60.78,5.488,normal
2026-01-03T00:34:00,F2,95.594,0.0,1.923,70.118,6.359,normal
2026-01-03T00:35:00,F2,82.513,0.0,2.685,50.773,6.064,normal
2026-01-03T00:36:00,F2,65.966,0.0,2.936,86.084,6.136,normal
2026-01-03T00:37:00,F2,83.976,0.0,2.179,64.484,5.41,normal
2026-01-03T00:38:00,F2,71.674,0.0,2.04,59.5,6.317,normal
2026-01-03T00:39:00,F2,75.671,0.0,3.334,77.555,4.353,normal
2026-01-03T00:40:00,F2,87.968,0.0,2.389,63.825,4.582,normal
2026-01-03T00:41:00,F2,91.021,0.0,2.675,65.898,5.495,normal
2026-01-03T00:42:00,F2,63.281,0.0,2.737,54.222,5.549,normal
2026-01-03T00:43:00,F2,73.969,0.0,3.153,62.337,5.175,normal
2026-01-03T00:44:00,F2,76.653,0.0,2.71,74.278,6.357,normal
2026-01-03T00:45:00,F2,78.078,0.0,3.472,66.056,6.494,normal
2026-01-03T00:46:00,F2,80.605,0.0,3.314,60.247,4.238,normal
2026-01-03T00:47:00,F2,81.467,0.0,3.493,74.787,4.194,normal
2026-01-03T00:48:00,F2,84.501,0.0,2.77,67.165,6.563,normal
2026-01-03T00:49:00,F2,70.147,0.0,2.314,63.009,9.321,normal
2026-01-03T00:50:00,F2,68.953,0.0,3.547,44.769,5.219,normal
2026-01-03T00:51:00,F2,83.4,0.0,3.073,74.097,5.087,normal
2026-01-03T00:52:00,F2,63.483,0.0,1.608,52.524,5.251,normal
2026-01-03T00:53:00,F2,74.165,0.0,3.043,68.921,6.129,normal
2026-01-03T00:54:00,F2,77.14,0.0,2.752,62.989,5.564,normal
2026-01-03T00:55:00,F2,81.002,0.0,2.818,73.565,6.738,normal
2026-01-03T00:56:00,F2,90.557,0.0,3.695,69.148,6.403,normal
2026-01-03T00:57:00,F2,75.901,0.0,3.563,71.738,5.806,normal
2026-01-03T00:58:00,F2,60.124,0.0,0.906,64.051,6.657,normal
2026-01-03T00:59:00,F2,82.969,0.0,3.18,63.631,5.659,normal
2026-01-03T01:00:00,F2,88.441,0.0,2.401,68.219,3.328,normal
2026-01-03T01:01:00,F2,90.191,0.0,3.494,62.706,6.294,normal
2026-01-03T01:02:00,F2,83.402,0.0,3.92,58.859,4.286,normal
2026-01-03T01:03:00,F2,63.952,0.0,2.597,71.126,5.671,normal
2026-01-03T01:04:00,F2,78.814,0.0,1.951,59.573,6.458,normal
2026-01-03T01:05:00,F2,74.305,0.0,1.799,62.081,6.319,normal
2026-01-03T01:06:00,F2,73.402,0.0,2.835,66.085,4.793,normal
2026-01-03T01:07:00,F2,79.484,0.0,2.68,56.643,7.098,normal
2026-01-03T01:08:00,F2,74.003,0.0,2.984,58.28,5.999,normal
2026-01-03T01:09:00,F2,68.826,0.0,2.834,76.317,5.698,normal
2026-01-03T01:10:00,F2,79.564,0.0,2.855,65.739,6.073,normal
2026-01-03T01:11:00,F2,74.377,0.0,2.913,71.254,5.308,normal
2026-01-03T01:12:00,F2,73.305,0.0,3.088,54.197,6.926,normal
2026-01-03T01:13:00,F2,78.078,0.0,3.008,75.582,7.322,normal
2026-01-03T01:14:00,F2,62.156,0.0,3.823,72.605,3.976,normal
2026-01-03T01:15:00,F2,77.309,0.0,2.166,53.537,7.305,normal
2026-01-03T01:16:00,F2,69.986,0.0,1.955,65.736,7.639,normal
2026-01-03T01:17:00,F2,72.21,0.0,3.341,66.587,5.675,normal
2026-01-03T01:18:00,F2,85.126,0.0,1.776,68.394,4.369,normal
2026-01-03T01:19:00,F2,69.616,0.0,3.161,62.835,6.695,normal
2026-01-03T01:20:00,F2,77.525,0.0,3.207,56.716,6.242,normal
2026-01-03T01:21:00,F2,100.59,0.0,2.699,67.436,6.333,normal
2026-01-03T01:22:00,F2,63.002,0.0,2.36,62.594,6.261,normal
2026-01-03T01:23:00,F2,84.52,0.0,0.938,63.023,7.203,normal
2026-01-03T01:24:00,F2,75.018,0.0,2.958,64.568,6.106,normal
2026-01-03T01:25:00,F2,68.085,0.0,1.345,80.966,7.998,normal
2026-01-03T01:26:00,F2,69.917,0.0,3.146,63.385,6.405,normal
2026-01-03T01:27:00,F2,71.651,0.0,2.594,78.833,5.279,normal
2026-01-03T01:28:00,F2,74.226,0.0,2.428,59.57,6.765,normal
2026-01-03T01:29:00,F2,78.189,0.0,1.679,64.083,4.691,normal
2026-01-03T01:30:00,F2,79.217,0.0,2.554,66.678,7.303,normal
2026-01-03T01:31:00,F2,71.503,0.0,1.773,69.237,9.48,normal
2026-01-03T01:32:00,F2,72.117,0.0,1.93,77.271,3.035,normal
2026-01-03T01:33:00,F2,65.879,0.0,1.746,52.38,8.093,normal
2026-01-03T01:34:00,F2,58.914,0.0,2.433,67.318,8.675,normal
2026-01-03T01:35:00,F2,59.841,0.0,3.838,57.451,5.708,normal
2026-01-03T01:36:00,F2,74.325,0.0,1.504,72.98,4.132,normal
2026-01-03T01:37:00,F2,88.405,0.0,2.702,70.299,6.843,normal
2026-01-03T01:38:00,F2,70.744,0.0,2.864,64.332,5.297,normal
2026-01-03T01:39:00,F2,70.111,0.0,2.754,59.242,6.345,normal
2026-01-03T01:40:00,F2,65.174,0.0,1.863,70.308,7.114,normal
2026-01-03T01:41:00,F2,65.413,0.0,0.973,53.68,6.44,normal
2026-01-03T01:42:00,F2,80.21,0.0,2.063,72.24,7.827,normal
2026-01-03T01:43:00,F2,67.388,0.0,2.996,69.198,8.044,normal
2026-01-03T01:44:00,F2,80.921,0.0,2.457,64.514,7.317,normal
2026-01-03T01:45:00,F2,62.613,0.0,1.474,62.761,4.662,normal
2026-01-03T01:46:00,F2,71.182,0.0,3.086,67.36,4.432,normal
2026-01-03T01:47:00,F2,86.51,0.0,3.315,60.846,7.865,normal
2026-01-03T01:48:00,F2,71.417,0.0,3.28,59.99,6.833,normal
2026-01-03T01:49:00,F2,70.744,0.0,2.485,54.84,8.084,normal
2026-01-03T01:50:00,F2,60.813,0.0,2.744,28.366,5.174,normal
2026-01-03T01:51:00,F2,67.759,0.0,3.054,69.38,5.808,normal
2026-01-03T01:52:00,F2,75.76,0.0,2.749,58.27,4.844,normal
2026-01-03T01:53:00,F2,73.244,0.0,2.741,61.956,5.293,normal
2026-01-03T01:54:00,F2,69.984,0.0,2.558,55.443,5.547,normal
2026-01-03T01:55:00,F2,74.58,0.0,2.568,74.495,5.957,normal
2026-01-03T01:56:00,F2,79.983,0.0,2.597,63.735,6.017,normal
2026-01-03T01:57:00,F2,64.992,0.0,1.672,61.887,7.395,normal
2026-01-03T01:58:00,F2,77.995,0.0,2.608,59.838,7.915,normal
2026-01-03T01:59:00,F2,72.379,0.0,3.708,61.628,8.199,normal
2026-01-03T02:00:00,F2,85.293,0.0,3.751,63.528,5.519,normal
2026-01-03T02:01:00,F2,72.278,0.0,2.252,69.891,4.555,normal
2026-01-03T02:02:00,F2,88.141,0.0,3.513,75.766,6.084,normal
2026-01-03T02:03:00,F2,68.4,0.0,4.843,73.426,4.362,normal
2026-01-03T02:04:00,F2,83.345,0.0,2.313,69.194,6.498,normal
2026-01-03T02:05:00,F2,82.938,0.0,2.545,65.802,6.261,normal
2026-01-03T02:06:00,F2,74.932,0.0,2.297,56.116,8.563,normal
2026-01-03T02:07:00,F2,74.833,0.0,2.7,60.947,7.629,normal
2026-01-03T02:08:00,F2,76.892,0.0,3.213,56.107,4.732,normal
2026-01-03T02:09:00,F2,81.125,0.0,4.107,67.517,8.473,normal
2026-01-03T02:10:00,F2,76.962,0.0,2.178,61.907,8.134,normal
2026-01-03T02:11:00,F2,70.747,0.0,3.031,55.213,6.341,normal
2026-01-03T02:12:00,F2,72.409,0.0,2.508,52.541,6.48,normal
2026-01-03T02:13:00,F2,82.511,0.0,2.884,56.766,4.886,normal
2026-01-03T02:14:00,F2,71.506,0.0,2.584,81.565,5.586,normal
2026-01-03T02:15:00,F2,73.093,0.0,2.107,66.043,7.082,normal
2026-01-03T02:16:00,F2,78.451,0.0,0.508,70.826,5.93,normal
2026-01-03T02:17:00,F2,72.799,0.0,2.556,69.458,4.817,normal
2026-01-03T02:18:00,F2,75.738,0.0,2.829,72.61,7.507,normal
2026-01-03T02:19:00,F2,78.848,0.0,1.969,69.514,6.403,normal
2026-01-03T02:20:00,F2,64.405,0.0,2.855,62.597,6.9,normal
2026-01-03T02:21:00,F2,75.25,0.0,2.251,58.46,7.778,normal
2026-01-03T02:22:00,F2,61.566,0.0,2.824,65.167,8.295,normal
2026-01-03T02:23:00,F2,86.664,0.0,2.797,63.581,8.357,normal
2026-01-03T02:24:00,F2,73.305,0.0,2.557,57.892,4.95,normal
2026-01-03T02:25:00,F2,88.988,0.0,1.571,69.773,7.672,normal
2026-01-03T02:26:00,F2,61.474,0.0,3.034,60.594,6.912,normal
2026-01-03T02:27:00,F2,85.368,0.0,2.17,69.248,7.356,normal
2026-01-03T02:28:00,F2,64.244,0.0,2.511,64.622,6.34,normal
2026-01-03T02:29:00,F2,78.996,0.0,2.879,57.608,6.481,normal
2026-01-03T02:30:00,F2,98.263,0.0,2.709,65.44,7.328,normal
2026-01-03T02:31:00,F2,75.88,0.0,2.666,69.708,8.213,normal
2026-01-03T02:32:00,F2,62.14,0.0,4.528,59.65,5.686,normal
2026-01-03T02:33:00,F2,71.287,0.0,3.74,68.451,6.395,normal
2026-01-03T02:34:00,F2,84.41,0.0,1.985,82.272,3.923,normal
2026-01-03T02:35:00,F2,69.168,0.0,3.563,56.294,5.434,normal
2026-01-03T02:36:00,F2,80.046,0.0,2.907,60.328,5.159,normal
2026-01-03T02:37:00,F2,70.01,0.0,2.716,54.369,2.068,normal
2026-01-03T02:38:00,F2,88.513,0.0,2.862,67.676,5.986,normal
2026-01-03T02:39:00,F2,63.538,0.0,3.64,63.447,8.288,normal
2026-01-03T02:40:00,F2,57.004,0.0,3.42,69.776,10.571,normal
2026-01-03T02:41:00,F2,58.968,0.0,3.312,71.2,5.269,normal
2026-01-03T02:42:00,F2,74.267,0.0,3.018,45.511,5.941,normal
2026-01-03T02:43:00,F2,86.128,0.0,2.127,58.346,5.062,normal
2026-01-03T02:44:00,F2,83.777,0.0,2.929,75.901,6.832,normal
2026-01-03T02:45:00,F2,68.956,0.0,4.027,63.821,6.741,normal
2026-01-03T02:46:00,F2,68.845,0.0,1.514,53.606,8.374,normal
2026-01-03T02:47:00,F2,90.375,0.0,2.16,76.856,8.647,normal
2026-01-03T02:48:00,F2,67.327,0.0,2.485,67.46,6.525,normal
2026-01-03T02:49:00,F2,83.003,0.0,3.303,75.506,8.235,normal
2026-01-03T02:50:00,F2,79.662,0.0,3.506,69.946,9.883,normal
2026-01-03T02:51:00,F2,83.642,0.0,2.394,59.283,7.089,normal
2026-01-03T02:52:00,F2,74.93,0.0,3.006,77.085,4.071,normal
2026-01-03T02:53:00,F2,68.864,0.0,2.594,70.261,8.555,normal
2026-01-03T02:54:00,F2,65.897,0.0,2.092,78.339,7.31,normal
2026-01-03T02:55:00,F2,78.463,0.0,2.754,66.427,4.761,normal
2026-01-03T02:56:00,F2,64.441,0.0,3.12,72.181,4.613,normal
2026-01-03T02:57:00,F2,80.851,0.0,2.681,79.279,6.047,normal
2026-01-03T02:58:00,F2,66.788,0.0,3.42,65.877,6.541,normal
2026-01-03T02:59:00,F2,72.566,0.0,3.281,53.547,8.471,normal
2026-01-03T03:00:00,F2,78.188,0.0,2.451,49.488,7.753,normal
2026-01-03T03:01:00,F2,78.853,0.0,2.072,71.376,6.323,normal
2026-01-03T03:02:00,F2,77.557,0.0,3.498,67.444,6.297,normal
2026-01-03T03:03:00,F2,72.757,0.0,2.611,39.523,7.409,normal
2026-01-03T03:04:00,F2,60.944,0.0,2.824,69.082,7.143,normal
2026-01-03T03:05:00,F2,80.188,0.0,2.563,56.949,6.419,normal
2026-01-03T03:06:00,F2,75.036,0.0,1.961,48.287,4.486,normal
2026-01-03T03:07:00,F2,53.61,0.0,2.039,56.079,4.777,normal
2026-01-03T03:08:00,F2,76.664,0.0,2.606,77.636,9.126,normal
2026-01-03T03:09:00,F2,76.126,0.0,3.095,57.912,9.305,normal
2026-01-03T03:10:00,F2,65.618,0.0,2.914,54.02,5.942,normal
2026-01-03T03:11:00,F2,92.156,0.0,2.18,66.27,7.019,normal
2026-01-03T03:12:00,F2,75.269,0.0,3.748,63.542,6.909,normal
2026-01-03T03:13:00,F2,79.87,0.0,2.319,66.381,7.047,normal
2026-01-03T03:14:00,F2,81.232,0.0,3.341,67.35,8.623,normal
2026-01-03T03:15:00,F2,78.047,0.0,2.909,57.804,4.166,normal
2026-01-03T03:16:00,F2,71.601,0.0,2.579,48.791,7.896,normal
2026-01-03T03:17:00,F2,68.232,0.0,3.486,71.806,8.086,normal
2026-01-03T03:18:00,F2,65.404,0.0,2.264,73.012,6.13,normal
2026-01-03T03:19:00,F2,54.726,0.0,2.229,33.468,8.428,normal
2026-01-03T03:20:00,F2,71.696,0.0,2.638,72.446,7.28,normal
2026-01-03T03:21:00,F2,75.901,0.0,3.243,64.143,7.844,normal
2026-01-03T03:22:00,F2,85.031,0.0,3.044,49.323,7.577,normal
2026-01-03T03:23:00,F2,70.067,0.0,2.735,56.998,4.316,normal
2026-01-03T03:24:00,F2,54.69,0.0,1.975,72.289,5.811,normal
2026-01-03T03:25:00,F2,67.138,0.0,2.828,78.96,6.91,normal
2026-01-03T03:26:00,F2,79.506,0.0,2.006,46.145,4.905,normal
2026-01-03T03:27:00,F2,63.778,0.0,2.782,63.433,5.905,normal
2026-01-03T03:28:00,F2,81.677,0.0,3.498,66.538,5.799,normal
2026-01-03T03:29:00,F2,86.419,0.0,2.691,37.012,6.049,normal
2026-01-03T03:30:00,F2,63.623,0.0,1.605,48.732,5.932,normal
2026-01-03T03:31:00,F2,73.753,0.0,2.497,55.182,9.507,normal
2026-01-03T03:32:00,F2,67.779,0.0,3.06,53.284,7.372,normal
2026-01-03T03:33:00,F2,81.657,0.0,3.335,60.601,8.821,normal
2026-01-03T03:34:00,F2,69.549,0.0,3.381,68.601,4.853,normal
2026-01-03T03:35:00,F2,63.093,0.0,2.633,57.56,8.056,normal
2026-01-03T03:36:00,F2,69.004,0.0,3.064,57.211,5.081,normal
2026-01-03T03:37:00,F2,69.323,0.0,2.27,72.161,5.825,normal
2026-01-03T03:38:00,F2,72.813,0.0,2.807,61.946,9.135,normal
2026-01-03T03:39:00,F2,67.602,0.0,3.503,58.966,6.909,normal
2026-01-03T03:40:00,F2,78.953,0.0,2.522,67.452,5.34,normal
2026-01-03T03:41:00,F2,62.013,0.0,2.235,58.08,7.188,normal
2026-01-03T03:42:00,F2,83.517,0.0,2.856,50.266,7.256,normal
2026-01-03T03:43:00,F2,80.97,0.0,2.938,57.433,3.656,normal
2026-01-03T03:44:00,F2,69.842,0.0,2.709,55.789,4.541,normal
2026-01-03T03:45:00,F2,67.51,0.0,1.835,54.303,5.795,normal
2026-01-03T03:46:00,F2,74.113,0.0,2.952,53.803,7.6,normal
2026-01-03T03:47:00,F2,78.951,0.0,4.486,58.702,6.522,normal
2026-01-03T03:48:00,F2,61.443,0.0,3.235,71.753,4.918,normal
2026-01-03T03:49:00,F2,93.779,0.0,2.947,59.585,5.646,normal
2026-01-03T03:50:00,F2,74.288,0.0,3.053,70.806,5.179,normal
2026-01-03T03:51:00,F2,83.546,0.0,2.342,79.006,7.174,normal
2026-01-03T03:52:00,F2,77.59,0.0,1.501,61.755,6.968,normal
2026-01-03T03:53:00,F2,64.644,0.0,1.897,69.799,6.864,normal
2026-01-03T03:54:00,F2,69.454,0.0,4.466,66.412,4.805,normal
2026-01-03T03:55:00,F2,77.043,0.0,3.838,72.215,4.483,normal
2026-01-03T03:56:00,F2,74.6,0.0,3.13,59.005,5.245,normal
2026-01-03T03:57:00,F2,88.208,0.0,2.919,55.116,5.927,normal
2026-01-03T03:58:00,F2,84.018,0.0,3.851,57.275,9.794,normal
2026-01-03T03:59:00,F2,68.661,0.0,3.631,74.725,6.736,normal
2026-01-03T04:00:00,F2,70.111,0.0,2.574,41.449,4.945,normal
2026-01-03T04:01:00,F2,77.128,0.0,2.462,66.304,7.904,normal
2026-01-03T04:02:00,F2,67.858,0.0,1.951,61.106,5.608,normal
2026-01-03T04:03:00,F2,62.173,0.0,2.512,70.47,6.428,normal
2026-01-03T04:04:00,F2,70.299,0.0,2.368,68.917,5.531,normal
2026-01-03T04:05:00,F2,80.047,0.0,4.277,65.57,4.221,normal
2026-01-03T04:06:00,F2,81.747,0.0,1.884,51.844,6.757,normal
2026-01-03T04:07:00,F2,56.198,0.0,3.257,75.056,6.748,normal
2026-01-03T04:08:00,F2,65.978,0.0,2.643,52.878,8.833,normal
2026-01-03T04:09:00,F2,86.32,0.0,2.578,56.271,4.974,normal
2026-01-03T04:10:00,F2,69.786,0.0,2.823,63.902,6.289,normal
2026-01-03T04:11:00,F2,68.806,0.0,4.221,65.052,5.51,normal
2026-01-03T04:12:00,F2,71.948,0.0,3.605,84.811,6.792,normal
2026-01-03T04:13:00,F2,75.234,0.0,3.058,61.071,7.472,normal
2026-01-03T04:14:00,F2,64.239,0.0,1.889,58.131,7.074,normal
2026-01-03T04:15:00,F2,72.272,0.0,3.153,62.375,6.633,normal
2026-01-03T04:16:00,F2,65.186,0.0,3.273,71.938,5.465,normal
2026-01-03T04:17:00,F2,69.772,0.0,2.528,76.157,6.644,normal
2026-01-03T04:18:00,F2,69.011,0.0,2.716,61.793,8.175,normal
2026-01-03T04:19:00,F2,54.472,0.0,1.121,64.66,6.245,normal
2026-01-03T04:20:00,F2,85.811,0.0,0.949,65.817,7.266,normal
2026-01-03T04:21:00,F2,73.068,0.0,2.28,53.911,4.869,normal
2026-01-03T04:22:00,F2,63.28,0.0,2.97,65.259,5.543,normal
2026-01-03T04:23:00,F2,79.908,0.0,3.41,84.767,7.06,normal
2026-01-03T04:24:00,F2,72.438,0.0,3.482,62.2,6.654,normal
2026-01-03T04:25:00,F2,79.136,0.0,3.236,72.393,5.638,normal
2026-01-03T04:26:00,F2,88.488,0.0,2.303,71.18,8.196,normal
2026-01-03T04:27:00,F2,66.552,0.0,3.215,58.554,6.811,normal
2026-01-03T04:28:00,F2,77.627,0.0,2.086,44.509,7.04,normal
2026-01-03T04:29:00,F2,75.834,0.0,3.296,71.186,7.69,normal
2026-01-03T04:30:00,F2,71.153,0.0,1.235,45.89,9.418,normal
2026-01-03T04:31:00,F2,63.911,0.0,2.668,72.506,6.84,normal
2026-01-03T04:32:00,F2,79.09,0.0,2.701,77.23,3.473,normal
2026-01-03T04:33:00,F2,72.991,0.059,2.367,64.028,7.256,normal
2026-01-03T04:34:00,F2,77.489,0.0,2.292,65.134,3.641,normal
2026-01-03T04:35:00,F2,75.021,0.0,2.78,59.648,7.558,normal
2026-01-03T04:36:00,F2,70.133,0.0,2.791,76.545,4.689,normal
2026-01-03T04:37:00,F2,74.549,0.0,3.2,41.364,5.389,normal
2026-01-03T04:38:00,F2,79.959,0.0,3.44,61.618,6.153,normal
2026-01-03T04:39:00,F2,60.007,0.0,3.533,60.422,7.826,normal
2026-01-03T04:40:00,F2,66.532,0.0,3.249,69.126,6.018,normal
2026-01-03T04:41:00,F2,79.924,0.0,2.213,63.343,5.5,normal
2026-01-03T04:42:00,F2,72.479,0.0,3.551,62.409,8.932,normal
2026-01-03T04:43:00,F2,82.854,0.0,2.754,73.154,6.952,normal
2026-01-03T04:44:00,F2,75.165,0.0,2.254,62.465,7.826,normal
2026-01-03T04:45:00,F2,66.252,0.0,2.614,69.077,6.489,normal
2026-01-03T04:46:00,F2,81.983,0.0,2.688,79.048,5.396,normal
2026-01-03T04:47:00,F2,73.409,0.0,2.711,75.029,3.991,normal
2026-01-03T04:48:00,F2,81.354,0.0,2.432,67.714,4.796,normal
2026-01-03T04:49:00,F2,129.805,0.0,2.16,67.896,5.099,normal
2026-01-03T04:50:00,F2,69.709,0.0,2.786,61.457,7.393,normal
2026-01-03T04:51:00,F2,68.888,0.0,2.465,64.275,8.572,normal
2026-01-03T04:52:00,F2,90.277,0.0,0.854,70.959,7.748,normal
2026-01-03T04:53:00,F2,73.333,0.0,1.918,76.874,7.589,normal
2026-01-03T04:54:00,F2,56.06,0.0,2.944,52.112,7.527,normal
2026-01-03T04:55:00,F2,70.349,0.0,3.521,74.151,8.413,normal
2026-01-03T04:56:00,F2,72.768,0.0,3.26,67.951,7.405,normal
2026-01-03T04:57:00,F2,80.597,0.0,2.612,58.113,7.924,normal
2026-01-03T04:58:00,F2,76.034,0.0,1.713,74.83,4.776,normal
2026-01-03T04:59:00,F2,86.802,0.0,3.181,79.046,9.374,normal
2026-01-03T05:00:00,F2,65.942,0.0,1.928,92.593,7.408,normal
2026-01-03T05:01:00,F2,68.706,0.0,3.23,73.548,6.894,normal
2026-01-03T05:02:00,F2,71.944,0.0,1.648,64.486,6.217,normal
2026-01-03T05:03:00,F2,66.439,0.0,3.719,51.59,5.398,normal
2026-01-03T05:04:00,F2,74.89,0.0,3.202,50.1,6.179,normal
2026-01-03T05:05:00,F2,57.359,0.0,2.796,64.511,7.508,normal
2026-01-03T05:06:00,F2,78.973,0.0,3.804,79.746,8.411,normal
2026-01-03T05:07:00,F2,70.075,0.0,3.434,43.316,4.521,normal
2026-01-03T05:08:00,F2,70.9,0.0,2.651,59.75,6.379,normal
2026-01-03T05:09:00,F2,70.767,0.0,2.294,64.137,6.025,normal
2026-01-03T05:10:00,F2,58.413,0.0,2.793,88.657,6.534,normal
2026-01-03T05:11:00,F2,71.379,0.0,3.362,75.411,7.546,normal
2026-01-03T05:12:00,F2,71.507,0.0,3.068,77.23,4.188,normal
2026-01-03T05:13:00,F2,69.864,0.0,2.834,64.136,6.148,normal
2026-01-03T05:14:00,F2,69.093,0.0,2.837,62.399,8.892,normal
2026-01-03T05:15:00,F2,73.045,0.0,3.876,67.474,8.916,normal
2026-01-03T05:16:00,F2,50.94,0.0,2.333,58.744,7.082,normal
2026-01-03T05:17:00,F2,72.117,0.0,2.723,57.978,5.749,normal
2026-01-03T05:18:00,F2,77.999,0.0,3.189,59.408,4.315,normal
2026-01-03T05:19:00,F2,70.648,0.0,2.772,57.89,7.977,normal
2026-01-03T05:20:00,F2,64.048,0.0,2.176,72.784,5.812,normal
2026-01-03T05:21:00,F2,67.619,0.0,3.045,77.11,6.726,normal
2026-01-03T05:22:00,F2,81.273,0.0,3.028,49.59,7.715,normal
2026-01-03T05:23:00,F2,65.573,0.0,3.989,54.793,7.708,normal
2026-01-03T05:24:00,F2,72.946,0.0,2.561,55.698,4.895,normal
2026-01-03T05:25:00,F2,81.779,0.0,3.663,74.748,7.73,normal
2026-01-03T05:26:00,F2,69.473,0.0,2.842,54.527,4.312,normal
2026-01-03T05:27:00,F2,53.85,0.0,2.601,74.018,9.784,normal
2026-01-03T05:28:00,F2,68.304,0.0,3.491,66.004,7.06,normal
2026-01-03T05:29:00,F2,81.728,0.0,1.718,54.581,6.186,normal
2026-01-03T05:30:00,F2,73.217,0.0,2.509,71.123,6.536,normal
2026-01-03T05:31:00,F2,74.047,0.0,3.325,71.849,7.807,normal
2026-01-03T05:32:00,F2,89.971,0.0,1.514,57.49,6.316,normal
2026-01-03T05:33:00,F2,78.031,0.0,2.855,77.232,5.695,normal
2026-01-03T05:34:00,F2,91.218,0.0,2.978,62.288,8.945,normal
2026-01-03T05:35:00,F2,70.845,0.0,2.891,70.578,7.814,normal
2026-01-03T05:36:00,F2,70.478,0.0,3.479,52.62,8.081,normal
2026-01-03T05:37:00,F2,88.126,0.0,3.316,61.158,2.727,normal
2026-01-03T05:38:00,F2,82.044,0.0,3.431,66.408,7.285,normal
2026-01-03T05:39:00,F2,86.31,0.0,3.185,58.103,6.096,normal
2026-01-03T05:40:00,F2,81.107,0.0,1.943,69.564,5.387,normal
2026-01-03T05:41:00,F2,82.669,0.0,2.732,59.717,4.243,normal
2026-01-03T05:42:00,F2,77.577,0.0,4.013,78.386,7.685,normal
2026-01-03T05:43:00,F2,69.822,0.0,3.845,64.283,5.047,normal
2026-01-03T05:44:00,F2,63.675,0.08,3.695,84.658,2.886,normal
2026-01-03T05:45:00,F2,73.848,0.0,2.542,78.293,8.082,normal
2026-01-03T05:46:00,F2,73.342,0.0,3.061,50.953,7.511,normal
2026-01-03T05:47:00,F2,77.74,0.0,3.01,62.251,5.101,normal
2026-01-03T05:48:00,F2,62.766,0.0,3.24,52.148,6.565,normal
2026-01-03T05:49:00,F2,70.1,0.0,4.061,74.534,8.393,normal
2026-01-03T05:50:00,F2,77.21,0.0,2.985,44.407,7.061,normal
2026-01-03T05:51:00,F2,77.866,0.0,3.18,42.379,6.75,normal
2026-01-03T05:52:00,F2,68.966,0.0,2.635,69.02,5.697,normal
2026-01-03T05:53:00,F2,71.304,0.0,4.259,66.425,6.595,normal
2026-01-03T05:54:00,F2,69.877,0.0,1.383,69.852,8.335,normal
2026-01-03T05:55:00,F2,67.274,0.0,3.792,52.173,7.415,normal
2026-01-03T05:56:00,F2,82.773,0.0,3.687,74.868,9.258,normal
2026-01-03T05:57:00,F2,57.811,0.0,1.565,72.143,4.818,normal
2026-01-03T05:58:00,F2,75.561,0.0,2.819,61.583,7.076,normal
2026-01-03T05:59:00,F2,63.298,0.0,2.388,72.558,6.294,normal
2026-01-03T06:00:00,F2,71.324,0.0,1.993,53.781,7.45,normal
2026-01-03T06:01:00,F2,74.636,0.0,2.916,74.828,7.341,normal
2026-01-03T06:02:00,F2,66.209,0.0,3.209,66.353,5.465,normal
2026-01-03T06:03:00,F2,67.19,0.0,3.633,63.103,7.034,normal
2026-01-03T06:04:00,F2,79.123,0.0,3.131,63.013,8.311,normal
2026-01-03T06:05:00,F2,77.55,0.0,2.765,61.931,8.383,normal
2026-01-03T06:06:00,F2,57.783,0.0,3.095,66.931,5.841,normal
2026-01-03T06:07:00,F2,68.877,0.0,2.212,74.014,8.586,normal
2026-01-03T06:08:00,F2,81.172,0.0,3.047,56.383,6.09,normal
2026-01-03T06:09:00,F2,91.035,0.0,3.993,46.651,8.552,normal
2026-01-03T06:10:00,F2,63.79,0.0,2.913,76.486,5.874,normal
2026-01-03T06:11:00,F2,81.647,0.0,2.432,69.221,5.553,normal
2026-01-03T06:12:00,F2,70.367,0.0,1.873,68.41,8.585,normal
2026-01-03T06:13:00,F2,66.302,0.0,3.329,76.26,7.71,normal
2026-01-03T06:14:00,F2,82.54,0.0,1.907,72.342,3.768,normal
2026-01-03T06:15:00,F2,85.478,0.0,2.891,71.781,7.356,normal
2026-01-03T06:16:00,F2,91.854,0.0,3.446,45.864,5.707,normal
2026-01-03T06:17:00,F2,84.633,0.0,2.861,45.957,6.77,normal
2026-01-03T06:18:00,F2,72.018,0.0,2.441,47.861,8.509,normal
2026-01-03T06:19:00,F2,69.919,0.0,2.808,61.486,7.051,normal
2026-01-03T06:20:00,F2,77.812,0.0,3.661,60.288,6.424,normal
2026-01-03T06:21:00,F2,75.465,0.0,2.589,71.9,8.744,normal
2026-01-03T06:22:00,F2,51.068,0.0,3.432,67.053,7.656,normal
2026-01-03T06:23:00,F2,68.891,0.0,3.493,64.748,6.261,normal
2026-01-03T06:24:00,F2,62.123,0.0,2.049,68.494,5.821,normal
2026-01-03T06:25:00,F2,78.717,0.0,2.282,74.205,9.135,normal
2026-01-03T06:26:00,F2,57.498,0.0,3.507,55.59,8.505,normal
2026-01-03T06:27:00,F2,75.191,0.0,1.965,69.801,7.285,normal
2026-01-03T06:28:00,F2,71.544,0.0,2.83,57.77,7.584,normal
2026-01-03T06:29:00,F2,68.153,0.0,3.864,67.342,5.898,normal
2026-01-03T06:30:00,F2,78.374,0.0,3.098,54.023,7.356,normal
2026-01-03T06:31:00,F2,75.946,0.0,1.608,67.26,5.947,normal
2026-01-03T06:32:00,F2,84.606,0.0,1.868,75.975,8.29,normal
2026-01-03T06:33:00,F2,69.719,0.0,2.983,70.721,5.502,normal
2026-01-03T06:34:00,F2,87.487,0.0,3.599,77.766,6.152,normal
2026-01-03T06:35:00,F2,66.434,0.0,2.85,56.12,8.528,normal
2026-01-03T06:36:00,F2,68.724,0.0,1.558,62.473,6.664,normal
2026-01-03T06:37:00,F2,58.692,0.0,3.467,62.013,10.045,normal
2026-01-03T06:38:00,F2,92.202,0.0,3.013,59.703,7.195,normal
2026-01-03T06:39:00,F2,82.689,0.0,2.742,67.459,5.643,normal
2026-01-03T06:40:00,F2,65.531,0.0,2.075,63.963,5.99,normal
2026-01-03T06:41:00,F2,73.763,0.0,3.174,63.614,5.065,normal
2026-01-03T06:42:00,F2,78.803,0.0,4.314,69.176,0.0,normal
2026-01-03T06:43:00,F2,82.52,0.0,3.133,62.421,7.627,normal
2026-01-03T06:44:00,F2,57.578,0.0,3.329,75.226,5.909,normal
2026-01-03T06:45:00,F2,71.091,0.0,3.391,75.739,4.677,normal
2026-01-03T06:46:00,F2,72.286,0.0,2.856,58.797,6.01,normal
2026-01-03T06:47:00,F2,67.34,0.0,2.983,68.182,5.698,normal
2026-01-03T06:48:00,F2,70.841,0.0,2.609,55.19,6.538,normal
2026-01-03T06:49:00,F2,64.798,0.0,2.702,72.823,4.823,normal
2026-01-03T06:50:00,F2,79.584,0.0,2.976,66.132,4.435,normal
2026-01-03T06:51:00,F2,89.211,0.0,3.164,87.179,6.724,normal
2026-01-03T06:52:00,F2,86.822,0.0,2.867,61.098,5.772,normal
2026-01-03T06:53:00,F2,58.37,0.0,3.499,70.283,6.81,normal
2026-01-03T06:54:00,F2,70.857,0.0,3.681,65.392,8.763,normal
2026-01-03T06:55:00,F2,74.519,0.0,2.298,50.296,6.431,normal
2026-01-03T06:56:00,F2,86.796,0.0,2.444,74.811,7.549,normal
2026-01-03T06:57:00,F2,73.149,0.0,2.505,69.839,8.551,normal
2026-01-03T06:58:00,F2,75.249,0.0,3.474,57.138,6.532,normal
2026-01-03T06:59:00,F2,75.879,0.0,2.967,60.829,6.348,normal
2026-01-03T07:00:00,F2,74.938,0.07,3.558,67.633,4.05,normal
2026-01-03T07:01:00,F2,77.921,0.0,3.352,76.495,5.337,normal
2026-01-03T07:02:00,F2,71.028,0.0,3.298,80.969,6.062,normal
2026-01-03T07:03:00,F2,65.556,0.0,2.576,71.194,6.205,normal
2026-01-03T07:04:00,F2,61.157,0.0,2.955,62.422,4.965,normal
2026-01-03T07:05:00,F2,86.267,0.0,2.991,62.81,8.186,normal
2026-01-03T07:06:00,F2,81.28,0.016,2.733,67.372,8.913,normal
2026-01-03T07:07:00,F2,85.396,0.0,4.301,53.89,5.382,normal
2026-01-03T07:08:00,F2,73.676,0.0,3.625,60.668,5.639,normal
2026-01-03T07:09:00,F2,56.981,0.0,1.987,67.442,6.67,normal
2026-01-03T07:10:00,F2,75.894,0.0,3.866,66.386,4.612,normal
2026-01-03T07:11:00,F2,77.945,0.0,3.237,67.229,9.151,normal
2026-01-03T07:12:00,F2,70.793,0.0,2.995,54.772,5.802,normal
2026-01-03T07:13:00,F2,79.403,0.0,2.509,76.038,7.832,normal
2026-01-03T07:14:00,F2,82.913,0.0,4.006,81.137,6.09,normal
2026-01-03T07:15:00,F2,78.787,0.0,3.355,82.001,6.187,normal
2026-01-03T07:16:00,F2,112.809,0.0,4.445,82.905,6.005,normal
2026-01-03T07:17:00,F2,70.3,0.0,3.152,72.458,8.606,normal
2026-01-03T07:18:00,F2,79.361,0.0,3.042,71.698,6.678,normal
2026-01-03T07:19:00,F2,90.63,0.0,2.789,73.327,7.089,normal
2026-01-03T07:20:00,F2,74.127,0.0,4.487,73.209,6.824,normal
2026-01-03T07:21:00,F2,78.719,0.0,1.455,66.428,5.432,normal
2026-01-03T07:22:00,F2,69.646,0.0,3.512,81.525,5.42,normal
2026-01-03T07:23:00,F2,83.182,0.0,3.28,68.18,2.422,normal
2026-01-03T07:24:00,F2,92.661,0.0,2.035,83.718,5.74,normal
2026-01-03T07:25:00,F2,72.171,0.0,1.688,52.172,9.079,normal
2026-01-03T07:26:00,F2,65.548,0.0,2.659,68.747,3.927,normal
2026-01-03T07:27:00,F2,84.716,0.0,2.986,59.444,7.977,normal
2026-01-03T07:28:00,F2,72.72,0.0,3.311,66.544,8.681,normal
2026-01-03T07:29:00,F2,73.967,0.0,2.604,53.22,8.163,normal
2026-01-03T07:30:00,F2,82.736,0.0,3.288,71.1,5.549,normal
2026-01-03T07:31:00,F2,81.331,0.0,2.833,57.936,6.328,normal
2026-01-03T07:32:00,F2,88.558,0.0,2.125,56.515,7.507,normal
2026-01-03T07:33:00,F2,78.501,0.0,2.597,83.816,9.09,normal
2026-01-03T07:34:00,F2,75.212,0.0,3.158,56.82,6.281,normal
2026-01-03T07:35:00,F2,75.389,0.0,2.169,51.41,3.863,normal
2026-01-03T07:36:00,F2,81.745,0.0,1.852,67.478,4.371,normal
2026-01-03T07:37:00,F2,79.304,0.0,2.812,74.144,8.122,normal
2026-01-03T07:38:00,F2,75.224,0.23,3.815,64.223,8.694,normal
2026-01-03T07:39:00,F2,75.267,0.0,2.693,68.479,10.156,normal
2026-01-03T07:40:00,F2,85.59,0.0,3.25,81.111,6.868,normal
2026-01-03T07:41:00,F2,92.046,0.0,4.224,52.765,6.65,normal
2026-01-03T07:42:00,F2,57.515,0.0,2.92,69.707,5.914,normal
2026-01-03T07:43:00,F2,79.709,0.0,2.819,66.27,8.567,normal
2026-01-03T07:44:00,F2,78.525,0.0,2.692,47.937,6.016,normal
2026-01-03T07:45:00,F2,69.715,0.0,3.879,69.081,7.053,normal
2026-01-03T07:46:00,F2,67.12,0.057,3.024,60.925,8.105,normal
2026-01-03T07:47:00,F2,86.604,0.0,3.618,56.42,6.675,normal
2026-01-03T07:48:00,F2,68.806,0.0,2.675,81.603,7.163,normal
2026-01-03T07:49:00,F2,75.673,0.0,2.912,62.265,5.727,normal
2026-01-03T07:50:00,F2,75.126,0.051,3.262,49.161,5.419,normal
2026-01-03T07:51:00,F2,71.429,0.0,2.248,58.243,6.501,normal
2026-01-03T07:52:00,F2,67.042,0.0,3.282,69.176,6.328,normal
2026-01-03T07:53:00,F2,72.168,0.4,4.598,61.528,6.831,normal
2026-01-03T07:54:00,F2,72.843,0.0,1.513,66.823,6.469,normal
2026-01-03T07:55:00,F2,61.494,0.0,2.621,57.884,8.264,normal
2026-01-03T07:56:00,F2,77.142,0.0,3.382,60.393,5.755,normal
2026-01-03T07:57:00,F2,59.377,0.046,3.176,66.448,7.622,normal
2026-01-03T07:58:00,F2,71.791,0.0,3.31,63.02,6.011,normal
2026-01-03T07:59:00,F2,72.239,0.0,3.59,61.483,7.859,normal
2026-01-03T08:00:00,F2,70.975,0.0,3.911,69.513,6.372,normal
2026-01-03T08:01:00,F2,72.819,0.056,3.437,55.475,6.817,normal
2026-01-03T08:02:00,F2,72.308,0.0,4.228,56.532,8.842,normal
2026-01-03T08:03:00,F2,72.185,0.0,3.667,64.563,5.584,normal
2026-01-03T08:04:00,F2,63.579,0.0,3.17,68.449,8.2,normal
2026-01-03T08:05:00,F2,68.376,0.0,2.892,69.02,7.861,normal
2026-01-03T08:06:00,F2,74.081,0.048,3.187,53.573,6.891,normal
2026-01-03T08:07:00,F2,74.931,0.0,4.215,78.995,8.613,normal
2026-01-03T08:08:00,F2,76.127,0.0,1.846,57.284,3.815,normal
2026-01-03T08:09:00,F2,61.33,0.0,3.748,49.481,5.647,normal
2026-01-03T08:10:00,F2,85.122,0.0,3.05,59.588,6.204,normal
2026-01-03T08:11:00,F2,83.086,0.0,3.602,68.013,6.08,normal
2026-01-03T08:12:00,F2,91.634,0.0,3.142,55.894,7.637,normal
2026-01-03T08:13:00,F2,67.861,0.0,3.901,62.844,5.975,normal
2026-01-03T08:14:00,F2,78.991,0.0,4.086,76.639,5.65,normal
2026-01-03T08:15:00,F2,78.874,0.0,2.883,64.06,9.871,normal
2026-01-03T08:16:00,F2,85.844,0.0,2.299,74.294,7.385,normal
2026-01-03T08:17:00,F2,76.565,0.0,2.443,56.757,6.153,normal
2026-01-03T08:18:00,F2,67.979,0.0,3.125,71.568,7.653,normal
2026-01-03T08:19:00,F2,76.404,0.041,3.659,60.703,9.81,normal
2026-01-03T08:20:00,F2,62.42,0.0,3.01,49.498,5.671,normal
2026-01-03T08:21:00,F2,83.093,0.0,2.786,57.874,5.758,normal
2026-01-03T08:22:00,F2,68.433,0.0,2.996,50.842,7.175,normal
2026-01-03T08:23:00,F2,80.656,0.0,3.273,75.184,7.201,normal
2026-01-03T08:24:00,F2,68.087,0.0,3.677,77.043,6.207,normal
2026-01-03T08:25:00,F2,60.984,0.0,3.544,70.415,8.386,normal
2026-01-03T08:26:00,F2,83.017,0.0,3.58,74.083,7.557,normal
2026-01-03T08:27:00,F2,75.25,0.0,4.122,59.988,6.541,normal
2026-01-03T08:28:00,F2,71.187,0.0,2.718,60.913,7.836,normal
2026-01-03T08:29:00,F2,74.235,0.0,3.301,66.35,6.801,normal
2026-01-03T08:30:00,F2,60.994,0.139,3.694,62.978,8.431,normal
2026-01-03T08:31:00,F2,83.0,0.048,4.356,68.815,4.896,normal
2026-01-03T08:32:00,F2,75.992,0.0,3.692,57.819,7.53,normal
2026-01-03T08:33:00,F2,67.886,0.0,2.91,62.918,7.165,normal
2026-01-03T08:34:00,F2,72.649,0.0,3.35,71.089,7.027,normal
2026-01-03T08:35:00,F2,58.833,0.0,2.978,44.476,9.605,normal
2026-01-03T08:36:00,F2,75.402,0.0,2.697,70.538,6.093,normal
2026-01-03T08:37:00,F2,79.982,0.0,2.771,67.5,6.244,normal
2026-01-03T08:38:00,F2,73.163,0.0,3.431,60.47,4.953,normal
2026-01-03T08:39:00,F2,88.114,0.024,4.003,71.503,7.624,normal
2026-01-03T08:40:00,F2,64.898,0.0,0.0,60.812,7.544,normal
2026-01-03T08:41:00,F2,83.52,0.0,2.968,56.118,5.764,normal
2026-01-03T08:42:00,F2,70.841,0.078,3.144,72.051,10.286,normal
2026-01-03T08:43:00,F2,77.263,0.286,2.733,53.137,9.06,normal
2026-01-03T08:44:00,F2,86.466,0.0,1.961,60.809,6.329,normal
2026-01-03T08:45:00,F2,74.587,0.0,2.079,70.513,8.414,normal
2026-01-03T08:46:00,F2,61.975,0.0,5.037,57.619,5.743,normal
2026-01-03T08:47:00,F2,81.727,0.0,3.801,66.612,5.97,normal
2026-01-03T08:48:00,F2,76.303,0.0,2.232,64.069,6.461,normal
2026-01-03T08:49:00,F2,74.097,0.263,3.28,59.812,5.496,normal
2026-01-03T08:50:00,F2,66.451,0.0,2.444,58.783,8.317,normal
2026-01-03T08:51:00,F2,74.818,0.0,1.867,60.364,7.178,normal
2026-01-03T08:52:00,F2,64.77,0.0,2.456,66.526,5.71,normal
2026-01-03T08:53:00,F2,66.885,0.0,3.859,56.701,7.71,normal
2026-01-03T08:54:00,F2,75.424,0.0,2.752,65.477,6.706,normal
2026-01-03T08:55:00,F2,88.244,0.0,2.899,55.969,9.676,normal
2026-01-03T08:56:00,F2,59.71,0.0,2.121,72.076,6.92,normal
2026-01-03T08:57:00,F2,69.98,0.0,2.253,72.833,7.344,normal
2026-01-03T08:58:00,F2,70.185,0.275,2.812,58.428,8.216,normal
2026-01-03T08:59:00,F2,76.999,0.005,2.015,64.207,9.121,normal
2026-01-03T09:00:00,F2,76.491,0.066,4.001,70.43,5.522,normal
2026-01-03T09:01:00,F2,65.313,0.0,4.659,52.784,5.864,normal
2026-01-03T09:02:00,F2,68.761,0.146,1.513,71.465,6.411,normal
2026-01-03T09:03:00,F2,93.61,0.0,4.005,65.265,4.915,normal
2026-01-03T09:04:00,F2,75.802,0.0,3.448,62.281,7.318,normal
2026-01-03T09:05:00,F2,63.312,0.0,2.503,73.446,6.936,normal
2026-01-03T09:06:00,F2,71.122,0.0,2.599,78.492,6.628,normal
2026-01-03T09:07:00,F2,70.214,0.0,3.363,62.43,8.404,normal
2026-01-03T09:08:00,F2,67.196,0.0,2.553,66.147,7.813,normal
2026-01-03T09:09:00,F2,64.041,0.0,3.611,65.062,6.968,normal
2026-01-03T09:10:00,F2,78.973,0.064,3.924,60.275,5.313,normal
2026-01-03T09:11:00,F2,83.889,0.0,3.738,73.109,7.349,normal
2026-01-03T09:12:00,F2,75.464,0.098,2.675,70.832,7.838,normal
2026-01-03T09:13:00,F2,61.792,0.061,2.893,53.407,6.398,normal
2026-01-03T09:14:00,F2,67.305,0.046,2.277,55.697,6.643,normal
2026-01-03T09:15:00,F2,64.96,0.0,2.438,65.121,3.116,normal
2026-01-03T09:16:00,F2,67.581,0.265,4.063,74.237,7.655,normal
2026-01-03T09:17:00,F2,80.73,0.0,1.986,59.22,6.271,normal
2026-01-03T09:18:00,F2,77.56,0.206,3.417,67.132,3.759,normal
2026-01-03T09:19:00,F2,73.395,0.054,3.946,72.516,7.343,normal
2026-01-03T09:20:00,F2,77.452,0.0,3.346,67.042,9.574,normal
2026-01-03T09:21:00,F2,57.316,0.0,3.813,62.933,5.837,normal
2026-01-03T09:22:00,F2,76.61,0.0,3.894,63.967,8.6,normal
2026-01-03T09:23:00,F2,74.568,0.0,2.723,71.819,7.122,normal
2026-01-03T09:24:00,F2,79.547,0.0,2.956,67.119,6.053,normal
2026-01-03T09:25:00,F2,71.186,0.0,4.204,39.529,7.146,normal
2026-01-03T09:26:00,F2,54.806,0.0,2.46,70.888,7.317,normal
2026-01-03T09:27:00,F2,76.247,0.0,3.002,71.088,9.131,normal
2026-01-03T09:28:00,F2,79.183,0.0,3.243,59.023,6.921,normal
2026-01-03T09:29:00,F2,67.369,0.0,3.578,59.459,7.148,normal
2026-01-03T09:30:00,F2,77.757,0.0,2.552,62.81,6.628,normal
2026-01-03T09:31:00,F2,80.158,0.0,2.69,66.249,8.545,normal
2026-01-03T09:32:00,F2,68.635,0.056,2.458,80.035,6.428,normal
2026-01-03T09:33:00,F2,87.066,0.0,4.324,82.348,5.805,normal
2026-01-03T09:34:00,F2,74.603,0.095,3.53,58.804,7.882,normal
2026-01-03T09:35:00,F2,66.589,0.0,3.78,52.038,4.687,normal
2026-01-03T09:36:00,F2,86.454,0.243,2.74,69.591,6.155,normal
2026-01-03T09:37:00,F2,66.768,0.0,5.117,50.787,8.323,normal
2026-01-03T09:38:00,F2,95.752,0.0,2.743,56.578,5.435,normal
2026-01-03T09:39:00,F2,85.604,0.084,3.447,68.045,6.352,normal
2026-01-03T09:40:00,F2,66.252,0.0,3.064,50.545,7.339,normal
2026-01-03T09:41:00,F2,83.43,0.0,2.653,55.693,6.897,normal
2026-01-03T09:42:00,F2,86.49,0.0,3.145,64.303,8.855,normal
2026-01-03T09:43:00,F2,64.363,0.0,3.686,54.868,5.481,normal
2026-01-03T09:44:00,F2,78.258,0.0,3.715,58.079,7.872,normal
2026-01-03T09:45:00,F2,81.4,0.0,2.38,51.684,7.847,normal
2026-01-03T09:46:00,F2,65.083,0.0,2.605,60.223,8.319,normal
2026-01-03T09:47:00,F2,57.242,0.0,2.825,80.96,5.807,normal
2026-01-03T09:48:00,F2,67.808,0.0,2.549,71.657,5.548,normal
2026-01-03T09:49:00,F2,71.427,0.0,2.939,56.79,6.523,normal
2026-01-03T09:50:00,F2,76.822,0.146,2.176,68.903,6.338,normal
2026-01-03T09:51:00,F2,74.329,0.085,3.07,65.539,4.814,normal
2026-01-03T09:52:00,F2,72.733,0.0,2.259,62.039,5.679,normal
2026-01-03T09:53:00,F2,89.359,0.0,3.239,65.849,7.841,normal
2026-01-03T09:54:00,F2,87.205,0.0,3.141,67.505,6.302,normal
2026-01-03T09:55:00,F2,72.119,0.0,3.74,67.035,7.695,normal
2026-01-03T09:56:00,F2,70.362,0.0,3.151,73.02,5.776,normal
2026-01-03T09:57:00,F2,57.382,0.0,2.874,59.971,6.878,normal
2026-01-03T09:58:00,F2,70.935,0.0,2.32,61.724,6.459,normal
2026-01-03T09:59:00,F2,73.539,0.031,2.414,61.894,9.017,normal
2026-01-03T10:00:00,F2,86.115,0.136,3.85,68.263,8.674,normal
2026-01-03T10:01:00,F2,65.062,0.134,4.308,54.762,5.284,normal
2026-01-03T10:02:00,F2,66.44,0.0,3.061,52.246,6.713,normal
2026-01-03T10:03:00,F2,79.107,0.149,2.328,59.007,7.791,normal
2026-01-03T10:04:00,F2,89.663,0.242,3.388,65.164,7.546,normal
2026-01-03T10:05:00,F2,71.148,0.204,4.127,75.227,6.018,normal
2026-01-03T10:06:00,F2,69.806,0.0,2.911,80.513,6.013,normal
2026-01-03T10:07:00,F2,60.157,0.05,3.265,59.38,5.635,normal
2026-01-03T10:08:00,F2,71.166,0.0,3.494,52.815,9.545,normal
2026-01-03T10:09:00,F2,80.497,0.086,3.32,56.889,6.659,normal
2026-01-03T10:10:00,F2,69.996,0.0,3.379,75.873,7.751,normal
2026-01-03T10:11:00,F2,76.512,0.141,2.028,66.48,7.759,normal
2026-01-03T10:12:00,F2,61.248,0.179,2.78,60.284,7.103,normal
2026-01-03T10:13:00,F2,76.94,0.121,1.882,59.747,5.222,normal
2026-01-03T10:14:00,F2,91.601,0.03,4.425,66.053,6.559,normal
2026-01-03T10:15:00,F2,85.31,0.0,2.554,53.169,7.136,normal
2026-01-03T10:16:00,F2,82.926,0.221,3.126,71.465,5.16,normal
2026-01-03T10:17:00,F2,79.235,0.081,2.057,63.489,7.259,normal
2026-01-03T10:18:00,F2,85.154,0.041,4.151,50.728,6.969,normal
2026-01-03T10:19:00,F2,71.363,0.0,3.413,71.603,7.758,normal
2026-01-03T10:20:00,F2,78.208,0.207,3.158,55.678,5.73,normal
2026-01-03T10:21:00,F2,65.075,0.0,3.586,78.05,9.42,normal
2026-01-03T10:22:00,F2,70.402,0.0,3.525,56.241,8.362,normal
2026-01-03T10:23:00,F2,68.066,0.144,4.074,67.482,6.818,normal
2026-01-03T10:24:00,F2,60.659,0.279,2.622,74.291,5.551,normal
2026-01-03T10:25:00,F2,79.656,0.002,2.992,69.157,4.553,normal
2026-01-03T10:26:00,F2,64.611,0.0,3.549,59.16,6.147,normal
2026-01-03T10:27:00,F2,76.834,0.0,3.575,68.082,6.762,normal
2026-01-03T10:28:00,F2,74.473,0.0,2.799,64.865,9.278,normal
2026-01-03T10:29:00,F2,61.785,0.166,4.458,56.354,8.362,normal
2026-01-03T10:30:00,F2,54.458,0.088,3.551,59.68,8.0,normal
2026-01-03T10:31:00,F2,84.079,0.111,3.78,68.089,8.09,normal
2026-01-03T10:32:00,F2,69.321,0.0,2.808,63.212,7.274,normal
2026-01-03T10:33:00,F2,62.851,0.077,3.002,70.69,7.105,normal
2026-01-03T10:34:00,F2,69.772,0.065,3.379,55.552,7.191,normal
2026-01-03T10:35:00,F2,80.696,0.134,2.172,46.193,7.798,normal
2026-01-03T10:36:00,F2,73.778,0.0,3.912,58.299,5.748,normal
2026-01-03T10:37:00,F2,72.989,0.0,2.18,82.971,4.653,normal
2026-01-03T10:38:00,F2,56.394,0.063,3.15,62.94,6.682,normal
2026-01-03T10:39:00,F2,88.688,0.0,4.021,71.914,4.136,normal
2026-01-03T10:40:00,F2,88.714,0.0,2.793,58.572,5.916,normal
2026-01-03T10:41:00,F2,70.606,0.0,3.562,65.958,6.8,normal
2026-01-03T10:42:00,F2,53.965,0.1,3.134,77.873,5.762,normal
2026-01-03T10:43:00,F2,72.165,0.158,2.872,75.72,6.539,normal
2026-01-03T10:44:00,F2,77.273,0.053,4.007,63.942,7.84,normal
2026-01-03T10:45:00,F2,74.059,0.0,2.591,40.034,8.013,normal
2026-01-03T10:46:00,F2,68.963,0.0,3.496,65.518,5.033,normal
2026-01-03T10:47:00,F2,77.869,0.0,3.011,63.406,7.404,normal
2026-01-03T10:48:00,F2,77.24,0.107,2.145,54.872,7.264,normal
2026-01-03T10:49:00,F2,80.491,0.068,3.567,73.961,8.22,normal
2026-01-03T10:50:00,F2,57.399,0.0,4.601,60.98,5.035,normal
2026-01-03T10:51:00,F2,67.835,0.0,2.478,73.181,5.879,normal
2026-01-03T10:52:00,F2,72.302,0.0,3.514,57.128,7.62,normal
2026-01-03T10:53:00,F2,85.021,0.128,4.214,70.962,5.355,normal
2026-01-03T10:54:00,F2,69.755,0.0,4.039,67.024,8.327,normal
2026-01-03T10:55:00,F2,72.005,0.053,2.755,75.035,5.707,normal
2026-01-03T10:56:00,F2,75.58,0.069,3.74,59.388,6.682,normal
2026-01-03T10:57:00,F2,78.565,0.086,2.626,64.1,9.049,normal
2026-01-03T10:58:00,F2,75.201,0.051,4.399,67.07,4.608,normal
2026-01-03T10:59:00,F2,69.555,0.0,4.373,70.763,6.036,normal
2026-01-03T11:00:00,F2,73.916,0.0,3.508,56.237,9.315,normal
2026-01-03T11:01:00,F2,88.476,0.352,3.23,43.61,9.446,normal
2026-01-03T11:02:00,F2,80.893,0.22,3.106,61.306,5.822,normal
2026-01-03T11:03:00,F2,75.621,0.031,3.623,72.273,4.716,normal
2026-01-03T11:04:00,F2,61.114,0.0,3.215,72.119,6.159,normal
2026-01-03T11:05:00,F2,83.958,0.0,3.047,36.18,5.525,normal
2026-01-03T11:06:00,F2,81.656,0.258,4.515,64.882,6.48,normal
2026-01-03T11:07:00,F2,61.193,0.155,2.703,70.06,5.734,normal
2026-01-03T11:08:00,F2,66.238,0.345,1.927,81.209,7.506,normal
2026-01-03T11:09:00,F2,59.582,0.108,3.369,71.075,4.644,normal
2026-01-03T11:10:00,F2,78.55,0.168,2.891,77.874,9.303,normal
2026-01-03T11:11:00,F2,90.357,0.0,2.869,75.446,9.04,normal
2026-01-03T11:12:00,F2,62.047,0.0,3.808,66.093,9.255,normal
2026-01-03T11:13:00,F2,62.28,0.138,2.418,48.169,5.227,normal
2026-01-03T11:14:00,F2,61.776,0.18,3.469,55.308,6.805,normal
2026-01-03T11:15:00,F2,62.51,0.218,3.493,78.932,9.135,normal
2026-01-03T11:16:00,F2,71.055,0.002,4.064,67.431,6.852,normal
2026-01-03T11:17:00,F2,79.058,0.0,4.758,63.292,7.285,normal
2026-01-03T11:18:00,F2,88.07,0.202,2.779,68.104,7.547,normal
2026-01-03T11:19:00,F2,65.207,0.0,3.403,65.84,5.36,normal
2026-01-03T11:20:00,F2,75.03,0.0,3.724,56.236,7.151,normal
2026-01-03T11:21:00,F2,64.829,0.0,3.283,43.277,7.955,normal
2026-01-03T11:22:00,F2,81.579,0.169,1.776,54.707,7.234,normal
2026-01-03T11:23:00,F2,84.676,0.102,2.835,59.185,4.579,normal
2026-01-03T11:24:00,F2,62.606,0.087,3.695,61.735,6.94,normal
2026-01-03T11:25:00,F2,79.877,0.125,3.719,70.999,3.716,normal
2026-01-03T11:26:00,F2,72.739,0.0,4.434,61.341,7.385,normal
2026-01-03T11:27:00,F2,72.933,0.186,3.637,65.343,8.504,normal
2026-01-03T11:28:00,F2,79.719,0.145,2.116,50.552,9.302,normal
2026-01-03T11:29:00,F2,92.835,0.208,3.775,89.144,7.561,normal
2026-01-03T11:30:00,F2,70.999,0.064,2.41,55.778,5.454,normal
2026-01-03T11:31:00,F2,80.852,0.094,2.271,79.307,7.98,normal
2026-01-03T11:32:00,F2,70.921,0.3,3.051,74.359,4.682,normal
2026-01-03T11:33:00,F2,72.73,0.012,2.481,54.763,7.414,normal
2026-01-03T11:34:00,F2,77.26,0.0,2.162,45.921,7.757,normal
2026-01-03T11:35:00,F2,68.465,0.066,3.777,55.703,3.773,normal
2026-01-03T11:36:00,F2,69.855,0.142,5.392,62.819,8.752,normal
2026-01-03T11:37:00,F2,72.59,0.241,3.56,33.11,5.674,normal
2026-01-03T11:38:00,F2,74.116,0.24,2.823,74.757,7.592,normal
2026-01-03T11:39:00,F2,72.717,0.102,3.027,58.207,6.568,normal
2026-01-03T11:40:00,F2,79.982,0.216,3.099,70.131,8.082,normal
2026-01-03T11:41:00,F2,74.864,0.301,3.481,56.568,4.362,normal
2026-01-03T11:42:00,F2,73.226,0.084,2.333,62.559,7.651,normal
2026-01-03T11:43:00,F2,61.44,0.003,3.29,55.263,8.135,normal
2026-01-03T11:44:00,F2,81.641,0.325,3.37,58.864,5.718,normal
2026-01-03T11:45:00,F2,50.046,0.0,2.944,66.499,4.953,normal
2026-01-03T11:46:00,F2,92.209,0.055,4.09,77.317,6.008,normal
2026-01-03T11:47:00,F2,71.684,0.112,2.652,69.342,8.036,normal
2026-01-03T11:48:00,F2,90.705,0.0,3.737,77.406,7.507,normal
2026-01-03T11:49:00,F2,63.393,0.347,3.825,72.305,7.841,normal
2026-01-03T11:50:00,F2,62.737,0.133,3.788,54.016,3.76,normal
2026-01-03T11:51:00,F2,79.247,0.126,3.127,52.029,7.771,normal
2026-01-03T11:52:00,F2,71.594,0.0,4.704,62.416,6.674,normal
2026-01-03T11:53:00,F2,85.581,0.0,1.954,76.701,7.002,normal
2026-01-03T11:54:00,F2,72.056,0.407,2.479,71.11,7.371,normal
2026-01-03T11:55:00,F2,79.256,0.0,3.379,80.902,6.266,normal
2026-01-03T11:56:00,F2,80.426,0.221,2.857,78.055,5.592,normal
2026-01-03T11:57:00,F2,77.454,0.344,2.848,59.966,9.027,normal
2026-01-03T11:58:00,F2,75.681,0.254,3.71,69.831,8.658,normal
2026-01-03T11:59:00,F2,68.181,0.252,2.944,70.365,6.736,normal
2026-01-03T12:00:00,F2,80.255,0.204,4.361,75.216,7.124,normal
2026-01-03T12:01:00,F2,77.712,0.0,3.981,70.319,8.372,normal
2026-01-03T12:02:00,F2,84.763,0.049,2.281,61.318,5.76,normal
2026-01-03T12:03:00,F2,79.131,0.207,3.516,62.763,7.344,normal
2026-01-03T12:04:00,F2,80.433,0.0,3.309,57.458,5.909,normal
2026-01-03T12:05:00,F2,79.975,0.121,2.956,51.086,8.809,normal
2026-01-03T12:06:00,F2,58.012,0.047,3.798,55.73,6.861,normal
2026-01-03T12:07:00,F2,79.144,0.093,4.347,67.143,7.895,normal
2026-01-03T12:08:00,F2,65.495,0.167,3.118,71.645,6.49,normal
2026-01-03T12:09:00,F2,65.934,0.294,4.735,45.126,10.591,normal
2026-01-03T12:10:00,F2,80.591,0.0,3.735,62.109,7.526,normal
2026-01-03T12:11:00,F2,74.158,0.0,3.097,78.176,6.755,normal
2026-01-03T12:12:00,F2,85.541,0.041,4.412,60.577,9.592,normal
2026-01-03T12:13:00,F2,86.502,0.006,2.94,67.158,7.132,normal
2026-01-03T12:14:00,F2,75.301,0.1,4.413,68.189,7.41,normal
2026-01-03T12:15:00,F2,82.916,0.014,3.636,61.994,9.224,normal
2026-01-03T12:16:00,F2,76.05,0.358,3.168,67.65,6.454,normal
2026-01-03T12:17:00,F2,69.368,0.099,2.312,62.9,7.101,normal
2026-01-03T12:18:00,F2,85.216,0.051,2.724,64.82,4.595,normal
2026-01-03T12:19:00,F2,85.966,0.025,2.746,65.452,6.389,normal
2026-01-03T12:20:00,F2,60.27,0.157,3.425,61.771,9.018,normal
2026-01-03T12:21:00,F2,71.652,0.059,3.139,62.416,6.826,normal
2026-01-03T12:22:00,F2,66.276,0.236,3.869,66.318,6.565,normal
2026-01-03T12:23:00,F2,77.27,0.045,4.138,75.774,6.339,normal
2026-01-03T12:24:00,F2,72.232,0.0,3.548,63.845,6.755,normal
2026-01-03T12:25:00,F2,85.616,0.447,1.893,46.386,7.329,normal
2026-01-03T12:26:00,F2,70.517,0.626,3.429,57.857,7.039,normal
2026-01-03T12:27:00,F2,75.48,0.137,4.016,77.565,9.208,normal
2026-01-03T12:28:00,F2,71.225,0.324,2.175,63.267,4.794,normal
2026-01-03T12:29:00,F2,70.118,0.082,6.418,43.863,6.986,normal
2026-01-03T12:30:00,F2,67.465,0.0,3.231,68.875,7.449,normal
2026-01-03T12:31:00,F2,83.405,0.237,3.454,92.611,8.238,normal
2026-01-03T12:32:00,F2,69.347,0.143,2.954,60.586,6.206,normal
2026-01-03T12:33:00,F2,74.584,0.128,4.202,69.712,7.243,normal
2026-01-03T12:34:00,F2,89.214,0.186,3.305,76.054,6.186,normal
2026-01-03T12:35:00,F2,75.754,0.013,3.359,53.688,8.746,normal
2026-01-03T12:36:00,F2,73.419,0.461,3.545,77.253,6.118,normal
2026-01-03T12:37:00,F2,71.539,0.326,3.452,43.542,8.92,normal
2026-01-03T12:38:00,F2,86.666,0.208,3.968,72.539,7.326,normal
2026-01-03T12:39:00,F2,72.689,0.028,2.773,69.777,7.304,normal
2026-01-03T12:40:00,F2,66.559,0.0,4.057,70.69,7.457,normal
2026-01-03T12:41:00,F2,70.443,0.065,3.323,62.331,6.222,normal
2026-01-03T12:42:00,F2,81.35,0.0,3.069,83.745,6.745,normal
2026-01-03T12:43:00,F2,73.551,0.227,2.942,72.263,5.985,normal
2026-01-03T12:44:00,F2,62.763,0.0,2.589,69.914,8.597,normal
2026-01-03T12:45:00,F2,64.747,0.298,3.161,53.073,6.641,normal
2026-01-03T12:46:00,F2,76.376,0.007,2.981,50.14,6.718,normal
2026-01-03T12:47:00,F2,83.986,0.146,2.898,54.249,6.662,normal
2026-01-03T12:48:00,F2,81.186,0.0,3.476,57.152,10.91,normal
2026-01-03T12:49:00,F2,76.636,0.227,3.652,70.056,7.284,normal
2026-01-03T12:50:00,F2,75.081,0.306,3.632,71.062,8.153,normal
2026-01-03T12:51:00,F2,83.761,0.295,4.073,72.514,5.443,normal
2026-01-03T12:52:00,F2,45.824,0.373,1.242,59.399,5.733,normal
2026-01-03T12:53:00,F2,69.728,0.366,3.89,53.53,7.034,normal
2026-01-03T12:54:00,F2,68.318,0.0,2.94,73.268,6.755,normal
2026-01-03T12:55:00,F2,69.909,0.14,2.707,73.349,6.215,normal
2026-01-03T12:56:00,F2,71.693,0.341,4.043,58.351,5.053,normal
2026-01-03T12:57:00,F2,78.181,0.625,3.458,63.372,6.878,normal
2026-01-03T12:58:00,F2,66.983,0.151,3.24,65.242,3.364,normal
2026-01-03T12:59:00,F2,78.396,0.0,2.487,62.217,8.192,normal
2026-01-03T13:00:00,F2,72.403,0.196,3.346,53.401,4.569,normal
2026-01-03T13:01:00,F2,91.553,0.301,2.803,80.251,3.099,normal
2026-01-03T13:02:00,F2,83.444,0.265,4.291,63.335,9.373,normal
2026-01-03T13:03:00,F2,69.801,0.004,3.717,64.869,4.858,normal
2026-01-03T13:04:00,F2,82.983,0.354,3.152,79.771,8.445,normal
2026-01-03T13:05:00,F2,66.191,0.358,4.206,72.826,6.207,normal
2026-01-03T13:06:00,F2,76.343,0.0,2.978,45.089,9.39,normal
2026-01-03T13:07:00,F2,70.421,0.265,2.007,54.7,7.173,normal
2026-01-03T13:08:00,F2,81.283,0.352,3.587,86.106,4.35,normal
2026-01-03T13:09:00,F2,58.61,0.434,3.043,63.156,8.123,normal
2026-01-03T13:10:00,F2,82.271,0.0,3.609,58.96,9.838,normal
2026-01-03T13:11:00,F2,56.929,0.212,3.549,52.386,5.152,normal
2026-01-03T13:12:00,F2,86.327,0.0,4.151,68.567,5.555,normal
2026-01-03T13:13:00,F2,79.075,0.153,4.306,68.427,8.805,normal
2026-01-03T13:14:00,F2,74.676,0.263,2.95,68.396,7.571,normal
2026-01-03T13:15:00,F2,64.392,0.049,3.742,51.994,4.771,normal
2026-01-03T13:16:00,F2,74.186,0.226,2.932,53.574,7.365,normal
2026-01-03T13:17:00,F2,74.359,0.229,3.667,64.109,7.669,normal
2026-01-03T13:18:00,F2,72.819,0.206,2.928,62.796,8.208,normal
2026-01-03T13:19:00,F2,81.141,0.439,2.985,61.07,7.89,normal
2026-01-03T13:20:00,F2,80.28,0.146,3.687,69.235,7.346,normal
2026-01-03T13:21:00,F2,67.471,0.352,3.114,65.281,6.286,normal
2026-01-03T13:22:00,F2,76.809,0.072,4.119,64.171,8.494,normal
2026-01-03T13:23:00,F2,73.431,0.086,3.608,66.066,6.207,normal
2026-01-03T13:24:00,F2,85.356,0.424,2.782,70.335,5.191,normal
2026-01-03T13:25:00,F2,81.949,0.0,3.086,70.247,6.408,normal
2026-01-03T13:26:00,F2,75.616,0.311,3.885,74.503,7.312,normal
2026-01-03T13:27:00,F2,79.963,0.25,3.048,61.974,3.505,normal
2026-01-03T13:28:00,F2,71.475,0.359,3.277,64.075,5.058,normal
2026-01-03T13:29:00,F2,82.463,0.0,3.284,62.383,6.698,normal
2026-01-03T13:30:00,F2,75.948,0.0,3.03,55.41,9.482,normal
2026-01-03T13:31:00,F2,86.146,0.285,4.247,61.904,3.922,normal
2026-01-03T13:32:00,F2,71.925,0.176,3.332,56.013,7.475,normal
2026-01-03T13:33:00,F2,81.956,0.268,3.547,85.19,5.72,normal
2026-01-03T13:34:00,F2,79.487,0.324,3.549,69.075,6.243,normal
2026-01-03T13:35:00,F2,72.116,0.116,3.84,72.644,8.537,normal
2026-01-03T13:36:00,F2,72.085,0.341,3.312,75.207,5.522,normal
2026-01-03T13:37:00,F2,66.089,0.033,1.693,68.731,8.398,normal
2026-01-03T13:38:00,F2,76.369,0.216,2.8,83.471,6.317,normal
2026-01-03T13:39:00,F2,69.927,0.429,2.746,80.52,7.503,normal
2026-01-03T13:40:00,F2,85.169,0.211,3.745,68.99,8.212,normal
2026-01-03T13:41:00,F2,74.084,0.11,3.132,50.798,5.278,normal
2026-01-03T13:42:00,F2,66.095,0.364,4.164,64.631,9.363,normal
2026-01-03T13:43:00,F2,74.494,0.279,3.783,69.795,8.135,normal
2026-01-03T13:44:00,F2,53.22,0.629,4.416,70.999,7.435,normal
2026-01-03T13:45:00,F2,82.654,0.122,2.301,69.088,8.775,normal
2026-01-03T13:46:00,F2,81.049,0.121,2.579,58.322,6.283,normal
2026-01-03T13:47:00,F2,80.879,0.149,4.379,70.592,7.195,normal
2026-01-03T13:48:00,F2,66.013,0.349,2.527,57.087,6.08,normal
2026-01-03T13:49:00,F2,78.809,0.142,2.756,77.909,7.444,normal
2026-01-03T13:50:00,F2,65.402,0.362,2.746,61.965,7.011,normal
2026-01-03T13:51:00,F2,81.124,0.0,4.486,60.545,6.668,normal
2026-01-03T13:52:00,F2,78.412,0.264,4.303,63.323,7.205,normal
2026-01-03T13:53:00,F2,74.927,0.621,4.088,66.236,8.055,normal
2026-01-03T13:54:00,F2,86.894,0.411,3.805,63.765,7.137,normal
2026-01-03T13:55:00,F2,63.165,0.44,3.907,68.195,6.314,normal
2026-01-03T13:56:00,F2,86.76,0.121,3.215,61.72,7.619,normal
2026-01-03T13:57:00,F2,82.454,0.255,3.614,38.776,7.322,normal
2026-01-03T13:58:00,F2,62.13,0.173,3.667,59.54,6.358,normal
2026-01-03T13:59:00,F2,71.124,0.282,4.55,89.796,8.629,normal
2026-01-03T14:00:00,F2,63.292,0.033,3.439,65.096,9.541,normal
2026-01-03T14:01:00,F2,93.948,0.551,3.632,68.977,6.445,normal
2026-01-03T14:02:00,F2,68.658,0.221,3.616,52.974,7.837,normal
2026-01-03T14:03:00,F2,80.924,0.278,3.893,65.025,7.528,normal
2026-01-03T14:04:00,F2,63.946,0.545,3.939,65.437,5.041,normal
2026-01-03T14:05:00,F2,61.159,0.344,2.902,70.001,7.536,normal
2026-01-03T14:06:00,F2,70.491,0.283,3.751,66.803,9.397,normal
2026-01-03T14:07:00,F2,76.802,0.424,2.255,79.013,5.879,normal
2026-01-03T14:08:00,F2,73.604,0.336,3.435,77.777,9.389,normal
2026-01-03T14:09:00,F2,94.707,0.309,3.0,64.512,6.295,normal
2026-01-03T14:10:00,F2,80.459,0.237,3.264,72.528,7.384,normal
2026-01-03T14:11:00,F2,80.038,0.317,3.831,48.458,4.183,normal
2026-01-03T14:12:00,F2,64.253,0.302,3.376,78.412,8.61,normal
2026-01-03T14:13:00,F2,72.295,0.069,3.229,53.589,7.836,normal
2026-01-03T14:14:00,F2,87.166,0.323,4.296,54.43,7.088,normal
2026-01-03T14:15:00,F2,80.557,0.243,3.471,60.184,6.415,normal
2026-01-03T14:16:00,F2,70.641,0.552,2.888,55.126,7.111,normal
2026-01-03T14:17:00,F2,87.278,0.149,3.29,62.318,7.748,normal
2026-01-03T14:18:00,F2,52.675,0.23,3.321,66.342,8.873,normal
2026-01-03T14:19:00,F2,88.416,0.125,3.746,71.981,7.17,normal
2026-01-03T14:20:00,F2,72.373,0.288,2.914,76.164,6.753,normal
2026-01-03T14:21:00,F2,71.686,0.37,4.214,56.994,7.012,normal
2026-01-03T14:22:00,F2,73.206,0.344,3.483,63.101,5.056,normal
2026-01-03T14:23:00,F2,81.275,0.327,2.863,68.124,7.875,normal
2026-01-03T14:24:00,F2,65.112,0.267,3.305,69.929,5.957,normal
2026-01-03T14:25:00,F2,79.325,0.325,3.624,74.801,6.351,normal
2026-01-03T14:26:00,F2,70.471,0.323,2.212,54.816,5.345,normal
2026-01-03T14:27:00,F2,65.043,0.101,3.41,61.458,6.418,normal
2026-01-03T14:28:00,F2,89.411,0.352,3.652,45.471,6.844,normal
2026-01-03T14:29:00,F2,65.528,0.0,4.313,74.472,8.44,normal
2026-01-03T14:30:00,F2,92.532,0.268,3.861,60.031,7.506,normal
2026-01-03T14:31:00,F2,67.732,0.513,3.711,57.839,4.961,normal
2026-01-03T14:32:00,F2,70.979,0.672,4.14,58.047,5.497,normal
2026-01-03T14:33:00,F2,83.698,0.467,3.617,74.278,7.754,normal
2026-01-03T14:34:00,F2,66.641,0.365,1.669,76.814,6.674,normal
2026-01-03T14:35:00,F2,67.645,0.555,4.733,60.258,6.87,normal
2026-01-03T14:36:00,F2,69.827,0.548,3.771,64.718,6.098,normal
2026-01-03T14:37:00,F2,72.862,0.38,4.228,77.748,10.13,normal
2026-01-03T14:38:00,F2,77.019,0.469,4.177,59.539,7.576,normal
2026-01-03T14:39:00,F2,72.945,0.395,3.058,64.828,7.81,normal
2026-01-03T14:40:00,F2,78.84,0.334,3.158,51.326,7.965,normal
2026-01-03T14:41:00,F2,84.869,0.276,5.06,67.247,8.529,normal
2026-01-03T14:42:00,F2,79.058,0.044,2.351,59.581,8.754,normal
2026-01-03T14:43:00,F2,77.159,0.301,5.678,70.375,6.283,normal
2026-01-03T14:44:00,F2,79.573,0.444,4.213,66.628,9.475,normal
2026-01-03T14:45:00,F2,72.236,0.322,2.838,72.715,7.542,normal
2026-01-03T14:46:00,F2,56.89,0.487,4.508,70.412,8.078,normal
2026-01-03T14:47:00,F2,83.508,0.502,4.026,74.491,6.118,normal
2026-01-03T14:48:00,F2,62.092,0.42,2.879,66.088,10.212,normal
2026-01-03T14:49:00,F2,78.312,0.085,3.672,54.83,5.598,normal
2026-01-03T14:50:00,F2,71.053,0.465,3.238,51.45,7.381,normal
2026-01-03T14:51:00,F2,66.423,0.192,3.83,73.602,6.495,normal
2026-01-03T14:52:00,F2,69.593,0.431,2.225,54.667,8.031,normal
2026-01-03T14:53:00,F2,79.687,0.258,4.474,64.877,8.269,normal
2026-01-03T14:54:00,F2,73.445,0.406,4.156,77.683,8.632,normal
2026-01-03T14:55:00,F2,62.297,0.48,2.675,72.434,9.099,normal
2026-01-03T14:56:00,F2,65.693,0.115,3.48,52.094,7.178,normal
2026-01-03T14:57:00,F2,92.822,0.313,3.586,70.657,8.889,normal
2026-01-03T14:58:00,F2,73.356,0.309,2.671,63.159,7.028,normal
2026-01-03T14:59:00,F2,85.924,0.536,4.068,54.008,7.623,normal
2026-01-03T15:00:00,F2,82.672,0.444,4.08,64.029,6.006,normal
2026-01-03T15:01:00,F2,65.027,0.534,3.255,53.788,7.491,normal
2026-01-03T15:02:00,F2,74.505,0.249,3.635,75.319,7.364,normal
2026-01-03T15:03:00,F2,82.949,0.469,3.491,68.083,5.796,normal
2026-01-03T15:04:00,F2,80.546,0.216,4.856,73.037,6.389,normal
2026-01-03T15:05:00,F2,66.788,0.0,3.082,72.437,6.216,normal
2026-01-03T15:06:00,F2,80.759,0.413,3.3,83.367,5.961,normal
2026-01-03T15:07:00,F2,73.386,0.576,3.324,52.312,9.978,normal
2026-01-03T15:08:00,F2,72.957,0.392,4.527,59.201,2.953,normal
2026-01-03T15:09:00,F2,77.485,0.507,3.725,77.504,6.889,normal
2026-01-03T15:10:00,F2,61.262,0.642,3.701,71.023,6.247,normal
2026-01-03T15:11:00,F2,69.195,0.519,4.356,62.827,6.778,normal
2026-01-03T15:12:00,F2,73.502,0.386,3.211,51.272,8.41,normal
2026-01-03T15:13:00,F2,67.836,0.328,4.327,54.615,7.321,normal
2026-01-03T15:14:00,F2,70.894,0.336,3.205,45.394,5.53,normal
2026-01-03T15:15:00,F2,81.25,0.307,4.127,54.085,8.511,normal
2026-01-03T15:16:00,F2,73.626,0.229,2.951,76.607,8.242,normal
2026-01-03T15:17:00,F2,63.525,0.438,3.645,62.052,6.507,normal
2026-01-03T15:18:00,F2,70.772,0.466,2.665,78.615,5.946,normal
2026-01-03T15:19:00,F2,77.148,0.164,4.476,71.521,7.265,normal
2026-01-03T15:20:00,F2,81.47,0.393,4.477,68.276,6.864,normal
2026-01-03T15:21:00,F2,63.313,0.604,4.208,68.226,7.574,normal
2026-01-03T15:22:00,F2,71.186,0.531,3.477,51.273,7.164,normal
2026-01-03T15:23:00,F2,51.279,0.673,2.966,74.893,7.779,normal
2026-01-03T15:24:00,F2,64.373,0.461,2.915,56.265,5.72,normal
2026-01-03T15:25:00,F2,69.481,0.303,2.648,62.24,7.153,normal
2026-01-03T15:26:00,F2,74.273,0.0,3.167,50.769,7.976,normal
2026-01-03T15:27:00,F2,88.597,0.51,3.705,54.468,6.552,normal
2026-01-03T15:28:00,F2,70.194,0.395,3.258,49.986,7.552,normal
2026-01-03T15:29:00,F2,64.973,0.584,3.298,62.423,6.811,normal
2026-01-03T15:30:00,F2,59.711,0.489,3.669,74.52,7.351,normal
2026-01-03T15:31:00,F2,68.45,0.447,3.09,59.729,8.07,normal
2026-01-03T15:32:00,F2,70.341,0.461,3.118,42.501,8.239,normal
2026-01-03T15:33:00,F2,56.9,0.189,1.642,63.416,5.874,normal
2026-01-03T15:34:00,F2,70.445,0.539,2.954,57.329,6.976,normal
2026-01-03T15:35:00,F2,75.251,0.557,3.044,68.327,8.728,normal
2026-01-03T15:36:00,F2,81.503,0.642,3.74,78.409,7.574,normal
2026-01-03T15:37:00,F2,67.42,0.528,2.771,50.617,7.818,normal
2026-01-03T15:38:00,F2,74.567,0.292,3.725,71.194,8.188,normal
2026-01-03T15:39:00,F2,79.558,0.043,4.482,65.294,6.58,normal
2026-01-03T15:40:00,F2,74.406,0.462,4.433,60.127,7.285,normal
2026-01-03T15:41:00,F2,81.674,0.645,3.214,67.692,9.331,normal
2026-01-03T15:42:00,F2,86.998,0.163,4.342,58.009,7.836,normal
2026-01-03T15:43:00,F2,62.073,0.256,2.471,72.426,6.423,normal
2026-01-03T15:44:00,F2,60.298,0.459,3.242,63.486,8.131,normal
2026-01-03T15:45:00,F2,76.311,0.316,3.512,61.049,5.832,normal
2026-01-03T15:46:00,F2,72.761,0.687,3.111,63.688,6.485,normal
2026-01-03T15:47:00,F2,81.085,0.279,3.253,72.444,9.659,normal
2026-01-03T15:48:00,F2,80.115,0.39,3.748,53.015,7.766,normal
2026-01-03T15:49:00,F2,68.416,0.234,3.436,74.474,7.12,normal
2026-01-03T15:50:00,F2,95.711,0.669,3.702,78.02,7.937,normal
2026-01-03T15:51:00,F2,84.398,0.389,3.146,69.801,5.583,normal
2026-01-03T15:52:00,F2,66.421,0.53,3.85,51.076,7.403,normal
2026-01-03T15:53:00,F2,74.744,0.229,3.982,47.866,7.031,normal
2026-01-03T15:54:00,F2,79.455,0.481,4.494,58.686,9.718,normal
2026-01-03T15:55:00,F2,73.51,0.193,3.528,67.667,5.67,normal
2026-01-03T15:56:00,F2,71.155,0.254,4.206,60.289,9.578,normal
2026-01-03T15:57:00,F2,72.453,0.237,4.075,46.927,5.459,normal
2026-01-03T15:58:00,F2,61.899,0.644,2.371,80.622,6.085,normal
2026-01-03T15:59:00,F2,73.111,0.299,3.492,65.249,6.684,normal
2026-01-03T16:00:00,F2,76.192,0.481,3.666,70.808,8.25,normal
2026-01-03T16:01:00,F2,80.931,0.287,2.606,80.299,6.408,normal
2026-01-03T16:02:00,F2,81.806,0.347,2.782,69.505,5.0,normal
2026-01-03T16:03:00,F2,83.511,0.343,3.841,68.801,5.601,normal
2026-01-03T16:04:00,F2,63.475,0.481,3.252,71.147,9.512,normal
2026-01-03T16:05:00,F2,85.104,0.553,3.061,61.581,9.498,normal
2026-01-03T16:06:00,F2,79.511,0.375,3.949,58.181,7.216,normal
2026-01-03T16:07:00,F2,63.275,0.837,3.795,39.911,7.436,normal
2026-01-03T16:08:00,F2,83.61,0.417,3.74,61.696,8.361,normal
2026-01-03T16:09:00,F2,63.633,0.444,2.348,69.206,6.856,normal
2026-01-03T16:10:00,F2,69.137,0.34,3.914,58.407,8.569,normal
2026-01-03T16:11:00,F2,70.813,0.405,3.443,43.665,6.882,normal
2026-01-03T16:12:00,F2,76.525,0.523,2.053,46.369,10.632,normal
2026-01-03T16:13:00,F2,69.326,0.38,3.72,56.63,8.121,normal
2026-01-03T16:14:00,F2,83.35,0.301,3.917,59.502,8.547,normal
2026-01-03T16:15:00,F2,70.421,0.562,3.593,71.108,5.775,normal
2026-01-03T16:16:00,F2,75.403,0.278,3.068,53.629,11.402,normal
2026-01-03T16:17:00,F2,75.391,0.219,3.786,56.779,5.462,normal
2026-01-03T16:18:00,F2,88.945,0.594,3.174,76.711,5.643,normal
2026-01-03T16:19:00,F2,74.4,0.575,3.554,63.027,9.172,normal
2026-01-03T16:20:00,F2,76.863,0.441,3.622,63.651,7.521,normal
2026-01-03T16:21:00,F2,73.644,0.344,3.569,66.046,7.389,normal
2026-01-03T16:22:00,F2,71.704,0.296,2.962,67.889,9.282,normal
2026-01-03T16:23:00,F2,64.869,0.416,5.529,54.414,5.564,normal
2026-01-03T16:24:00,F2,81.117,0.594,3.754,69.447,9.623,normal
2026-01-03T16:25:00,F2,75.679,0.334,3.618,91.488,7.39,normal
2026-01-03T16:26:00,F2,81.736,0.391,3.168,79.782,9.586,normal
2026-01-03T16:27:00,F2,64.335,0.34,3.26,65.702,7.569,normal
2026-01-03T16:28:00,F2,75.486,0.256,4.628,63.774,8.105,normal
2026-01-03T16:29:00,F2,68.606,0.207,3.913,73.402,4.273,normal
2026-01-03T16:30:00,F2,89.407,0.494,3.383,75.25,7.377,normal
2026-01-03T16:31:00,F2,83.687,0.429,3.269,49.182,6.401,normal
2026-01-03T16:32:00,F2,79.607,0.269,4.051,67.357,6.339,normal
2026-01-03T16:33:00,F2,78.205,0.673,2.568,60.389,9.522,normal
2026-01-03T16:34:00,F2,80.052,0.569,3.887,73.289,6.011,normal
2026-01-03T16:35:00,F2,72.834,0.39,3.544,56.593,9.858,normal
2026-01-03T16:36:00,F2,75.19,0.466,3.697,64.682,8.364,normal
2026-01-03T16:37:00,F2,76.698,0.674,3.922,60.552,6.863,normal
2026-01-03T16:38:00,F2,68.259,0.602,5.14,55.647,8.992,normal
2026-01-03T16:39:00,F2,65.096,0.661,3.184,82.288,10.109,normal
2026-01-03T16:40:00,F2,75.54,0.322,4.003,51.645,8.577,normal
2026-01-03T16:41:00,F2,58.384,0.438,4.437,52.972,9.255,normal
2026-01-03T16:42:00,F2,61.495,0.724,3.321,50.303,7.225,normal
2026-01-03T16:43:00,F2,88.147,0.507,3.564,62.812,8.229,normal
2026-01-03T16:44:00,F2,69.51,0.138,4.578,62.971,7.704,normal
2026-01-03T16:45:00,F2,63.981,0.44,3.957,72.77,7.105,normal
2026-01-03T16:46:00,F2,63.534,0.51,3.352,80.126,7.179,normal
2026-01-03T16:47:00,F2,96.357,0.603,3.76,65.358,8.204,normal
2026-01-03T16:48:00,F2,57.628,0.511,4.098,62.298,7.433,normal
2026-01-03T16:49:00,F2,76.193,0.195,3.289,65.74,8.099,normal
2026-01-03T16:50:00,F2,67.826,0.305,4.3,74.661,9.94,normal
2026-01-03T16:51:00,F2,65.933,0.832,3.636,69.811,8.015,normal
2026-01-03T16:52:00,F2,83.047,0.315,3.826,59.097,7.06,normal
2026-01-03T16:53:00,F2,76.436,0.668,4.928,65.694,7.282,normal
2026-01-03T16:54:00,F2,80.78,0.431,3.804,56.325,6.577,normal
2026-01-03T16:55:00,F2,78.508,0.42,1.926,57.707,7.896,normal
2026-01-03T16:56:00,F2,73.143,0.814,3.059,64.196,6.293,normal
2026-01-03T16:57:00,F2,62.121,0.488,3.449,78.857,9.022,normal
2026-01-03T16:58:00,F2,66.211,0.453,3.973,76.575,9.193,normal
2026-01-03T16:59:00,F2,89.603,0.747,3.5,69.884,7.177,normal
2026-01-03T17:00:00,F2,64.269,0.587,4.026,64.858,6.658,normal
2026-01-03T17:01:00,F2,73.316,0.689,4.316,78.261,5.796,normal
2026-01-03T17:02:00,F2,68.716,0.369,3.764,65.581,8.754,normal
2026-01-03T17:03:00,F2,89.098,0.887,3.186,65.356,5.505,normal
2026-01-03T17:04:00,F2,63.741,0.392,4.735,72.582,6.632,normal
2026-01-03T17:05:00,F2,82.67,0.57,3.043,60.369,7.038,normal
2026-01-03T17:06:00,F2,85.137,0.949,4.307,68.186,7.685,normal
2026-01-03T17:07:00,F2,58.176,0.531,3.863,75.838,9.286,normal
2026-01-03T17:08:00,F2,72.019,0.431,3.881,61.956,7.572,normal
2026-01-03T17:09:00,F2,80.438,0.689,4.734,79.446,8.83,normal
2026-01-03T17:10:00,F2,73.441,0.5,3.809,72.096,6.836,normal
2026-01-03T17:11:00,F2,74.369,0.553,3.512,68.634,5.81,normal
2026-01-03T17:12:00,F2,80.827,0.511,4.156,52.725,5.791,normal
2026-01-03T17:13:00,F2,75.853,0.386,3.716,82.288,7.439,normal
2026-01-03T17:14:00,F2,74.076,0.325,3.784,61.444,7.101,normal
2026-01-03T17:15:00,F2,80.067,0.612,3.441,51.116,7.996,normal
2026-01-03T17:16:00,F2,78.453,0.551,3.266,70.532,6.77,normal
2026-01-03T17:17:00,F2,79.678,0.983,3.096,63.471,8.614,normal
2026-01-03T17:18:00,F2,85.896,0.444,3.191,52.835,7.552,normal
2026-01-03T17:19:00,F2,65.169,0.726,3.184,55.625,7.778,normal
2026-01-03T17:20:00,F2,66.668,0.462,3.66,62.433,6.91,normal
2026-01-03T17:21:00,F2,65.712,0.423,3.06,66.508,7.458,normal
2026-01-03T17:22:00,F2,86.227,0.549,3.099,70.946,7.691,normal
2026-01-03T17:23:00,F2,75.778,0.626,3.665,77.672,6.415,normal
2026-01-03T17:24:00,F2,80.743,0.58,4.202,71.4,6.972,normal
2026-01-03T17:25:00,F2,82.09,0.622,4.091,53.915,7.426,normal
2026-01-03T17:26:00,F2,83.863,0.424,3.942,70.8,9.238,normal
2026-01-03T17:27:00,F2,74.757,0.376,3.792,63.362,9.83,normal
2026-01-03T17:28:00,F2,83.619,0.485,4.088,64.836,7.988,normal
2026-01-03T17:29:00,F2,75.543,0.769,2.749,61.872,8.375,normal
2026-01-03T17:30:00,F2,79.987,0.762,3.343,57.172,7.515,normal
2026-01-03T17:31:00,F2,74.144,0.383,3.186,67.531,8.408,normal
2026-01-03T17:32:00,F2,72.075,0.625,3.744,59.605,6.846,normal
2026-01-03T17:33:00,F2,75.761,0.521,2.993,65.78,10.017,normal
2026-01-03T17:34:00,F2,71.743,0.688,3.81,61.841,3.593,normal
2026-01-03T17:35:00,F2,81.552,0.635,3.462,71.266,8.695,normal
2026-01-03T17:36:00,F2,65.666,0.702,3.812,50.727,6.117,normal
2026-01-03T17:37:00,F2,69.063,0.561,5.043,68.735,6.752,normal
2026-01-03T17:38:00,F2,72.537,0.678,4.485,68.052,6.714,normal
2026-01-03T17:39:00,F2,84.756,0.179,2.755,62.071,9.409,normal
2026-01-03T17:40:00,F2,88.622,0.355,3.384,51.548,7.521,normal
2026-01-03T17:41:00,F2,77.639,0.611,3.629,77.11,10.535,normal
2026-01-03T17:42:00,F2,67.192,0.396,4.725,66.877,7.387,normal
2026-01-03T17:43:00,F2,61.68,0.611,4.739,48.141,5.589,normal
2026-01-03T17:44:00,F2,69.059,0.328,3.664,67.795,5.518,normal
2026-01-03T17:45:00,F2,74.096,0.622,4.141,66.568,6.434,normal
2026-01-03T17:46:00,F2,86.332,0.815,4.595,63.379,5.66,normal
2026-01-03T17:47:00,F2,75.831,0.713,4.142,50.092,5.219,normal
2026-01-03T17:48:00,F2,71.751,0.659,4.748,64.751,6.152,normal
2026-01-03T17:49:00,F2,73.401,0.601,2.785,66.178,8.169,normal
2026-01-03T17:50:00,F2,68.71,0.716,4.107,69.316,6.915,normal
2026-01-03T17:51:00,F2,82.211,0.521,4.241,67.589,10.2,normal
2026-01-03T17:52:00,F2,90.366,0.342,3.464,60.795,7.935,normal
2026-01-03T17:53:00,F2,79.631,0.552,3.197,63.398,8.281,normal
2026-01-03T17:54:00,F2,77.305,0.709,4.515,67.674,8.441,normal
2026-01-03T17:55:00,F2,82.951,0.806,4.645,56.506,4.816,normal
2026-01-03T17:56:00,F2,74.863,0.83,4.638,65.36,6.37,normal
2026-01-03T17:57:00,F2,81.377,0.632,3.618,65.316,7.802,normal
2026-01-03T17:58:00,F2,80.835,0.528,3.139,61.334,7.42,normal
2026-01-03T17:59:00,F2,71.244,0.434,3.524,72.02,9.975,normal
2026-01-03T18:00:00,F2,72.035,0.478,3.168,61.74,7.266,normal
2026-01-03T18:01:00,F2,64.809,0.863,4.091,68.245,10.069,normal
2026-01-03T18:02:00,F2,69.15,0.762,4.177,67.152,8.772,normal
2026-01-03T18:03:00,F2,74.935,0.69,3.319,53.09,9.018,normal
2026-01-03T18:04:00,F2,76.708,0.544,3.558,67.469,7.71,normal
2026-01-03T18:05:00,F2,72.947,0.696,3.4,67.57,6.106,normal
2026-01-03T18:06:00,F2,89.542,0.837,3.421,59.568,7.922,normal
2026-01-03T18:07:00,F2,69.203,0.286,5.047,82.277,9.021,normal
2026-01-03T18:08:00,F2,81.659,0.49,3.905,65.282,6.748,normal
2026-01-03T18:09:00,F2,85.492,0.229,3.347,57.216,8.648,normal
2026-01-03T18:10:00,F2,74.547,0.648,3.517,53.167,9.184,normal
2026-01-03T18:11:00,F2,67.628,0.795,3.899,59.45,3.43,normal
2026-01-03T18:12:00,F2,77.181,0.831,4.331,59.144,5.041,normal
2026-01-03T18:13:00,F2,74.897,1.015,3.901,43.682,8.652,normal
2026-01-03T18:14:00,F2,66.726,0.629,3.296,73.645,8.263,normal
2026-01-03T18:15:00,F2,82.428,0.746,4.974,66.474,10.305,normal
2026-01-03T18:16:00,F2,79.869,0.415,4.663,57.389,7.756,normal
2026-01-03T18:17:00,F2,78.63,0.813,4.831,61.696,6.882,normal
2026-01-03T18:18:00,F2,70.569,0.752,5.748,74.012,6.859,normal
2026-01-03T18:19:00,F2,65.654,0.717,4.426,59.275,9.591,normal
2026-01-03T18:20:00,F2,86.975,0.518,3.701,68.69,6.101,normal
2026-01-03T18:21:00,F2,94.088,0.521,2.588,58.83,8.032,normal
2026-01-03T18:22:00,F2,85.799,0.277,4.431,86.179,6.805,normal
2026-01-03T18:23:00,F2,69.045,0.587,3.772,72.917,10.324,normal
2026-01-03T18:24:00,F2,81.336,0.602,2.871,56.419,7.161,normal
2026-01-03T18:25:00,F2,85.995,0.515,3.851,59.475,6.08,normal
2026-01-03T18:26:00,F2,75.363,0.491,3.347,66.455,9.077,normal
2026-01-03T18:27:00,F2,72.819,0.742,3.926,69.492,8.151,normal
2026-01-03T18:28:00,F2,74.199,0.517,2.815,55.358,5.253,normal
2026-01-03T18:29:00,F2,88.052,0.802,5.341,57.205,7.633,normal
2026-01-03T18:30:00,F2,66.631,0.472,3.687,62.615,4.542,normal
2026-01-03T18:31:00,F2,79.489,0.538,3.016,69.058,7.731,normal
2026-01-03T18:32:00,F2,79.795,0.796,3.24,71.649,8.737,normal
2026-01-03T18:33:00,F2,81.99,0.467,3.974,58.124,8.399,normal
2026-01-03T18:34:00,F2,82.091,0.755,3.805,72.493,8.876,normal
2026-01-03T18:35:00,F2,78.527,0.821,4.351,88.525,7.321,normal
2026-01-03T18:36:00,F2,74.189,0.699,4.274,72.941,6.371,normal
2026-01-03T18:37:00,F2,79.781,0.502,3.655,82.049,9.45,normal
2026-01-03T18:38:00,F2,81.633,0.53,3.646,45.427,7.584,normal
2026-01-03T18:39:00,F2,75.249,1.151,3.031,76.125,5.965,normal
2026-01-03T18:40:00,F2,69.004,0.725,2.723,90.234,8.766,normal
2026-01-03T18:41:00,F2,73.731,0.614,2.904,49.138,8.678,normal
2026-01-03T18:42:00,F2,72.315,0.778,2.809,68.592,8.964,normal
2026-01-03T18:43:00,F2,79.105,0.748,4.75,59.424,7.058,normal
2026-01-03T18:44:00,F2,74.043,0.711,3.194,58.08,7.853,normal
2026-01-03T18:45:00,F2,86.462,0.791,2.821,68.189,8.432,normal
2026-01-03T18:46:00,F2,74.436,0.377,4.278,52.54,7.124,normal
2026-01-03T18:47:00,F2,83.262,0.739,3.9,81.668,6.912,normal
2026-01-03T18:48:00,F2,81.969,0.504,3.906,68.03,6.943,normal
2026-01-03T18:49:00,F2,71.332,0.364,4.233,87.385,9.196,normal
2026-01-03T18:50:00,F2,85.533,0.602,4.667,58.105,8.983,normal
2026-01-03T18:51:00,F2,71.819,0.565,4.179,58.594,8.372,normal
2026-01-03T18:52:00,F2,69.636,0.218,4.106,55.038,8.003,normal
2026-01-03T18:53:00,F2,83.201,0.855,4.869,59.584,8.171,normal
2026-01-03T18:54:00,F2,76.433,0.836,3.676,78.059,5.929,normal
2026-01-03T18:55:00,F2,66.157,0.579,3.855,58.749,5.929,normal
2026-01-03T18:56:00,F2,71.584,0.576,3.385,77.114,8.061,normal
2026-01-03T18:57:00,F2,61.98,0.146,3.592,65.872,6.519,normal
2026-01-03T18:58:00,F2,67.594,0.667,4.449,71.008,8.412,normal
2026-01-03T18:59:00,F2,63.075,0.827,4.16,59.773,8.981,normal
2026-01-03T19:00:00,F2,53.741,0.749,3.295,62.399,6.599,normal
2026-01-03T19:01:00,F2,76.11,0.801,4.695,65.753,10.375,normal
2026-01-03T19:02:00,F2,62.368,0.51,3.029,58.274,8.985,normal
2026-01-03T19:03:00,F2,65.73,0.791,3.731,58.69,10.289,normal
2026-01-03T19:04:00,F2,76.659,0.4,4.545,78.144,5.851,normal
2026-01-03T19:05:00,F2,94.906,0.809,4.034,67.276,8.942,normal
2026-01-03T19:06:00,F2,82.213,0.552,4.761,66.612,8.281,normal
2026-01-03T19:07:00,F2,65.569,0.487,3.722,78.854,7.461,normal
2026-01-03T19:08:00,F2,73.592,1.088,4.878,64.376,5.915,normal
2026-01-03T19:09:00,F2,82.133,0.662,3.02,75.502,9.094,normal
2026-01-03T19:10:00,F2,74.872,0.738,4.514,70.727,7.729,normal
2026-01-03T19:11:00,F2,74.495,0.455,4.005,82.779,9.649,normal
2026-01-03T19:12:00,F2,72.249,0.868,3.848,72.166,10.382,normal
2026-01-03T19:13:00,F2,88.501,0.545,4.107,60.868,8.783,normal
2026-01-03T19:14:00,F2,69.627,1.004,3.806,84.903,6.423,normal
2026-01-03T19:15:00,F2,99.215,0.701,3.673,52.037,3.357,normal
2026-01-03T19:16:00,F2,72.61,0.702,3.298,73.158,5.85,normal
2026-01-03T19:17:00,F2,57.269,0.69,6.366,68.154,6.296,normal
2026-01-03T19:18:00,F2,74.906,0.557,3.961,53.885,7.878,normal
2026-01-03T19:19:00,F2,89.602,0.793,3.603,74.373,5.244,normal
2026-01-03T19:20:00,F2,76.601,0.516,3.988,67.15,8.367,normal
2026-01-03T19:21:00,F2,59.371,0.76,4.055,61.712,7.459,normal
2026-01-03T19:22:00,F2,70.742,0.773,4.002,70.706,8.005,normal
2026-01-03T19:23:00,F2,75.197,0.536,3.74,68.822,10.374,normal
2026-01-03T19:24:00,F2,92.347,0.48,4.136,60.268,7.741,normal
2026-01-03T19:25:00,F2,76.484,0.639,4.039,76.93,6.657,normal
2026-01-03T19:26:00,F2,63.669,0.782,4.832,51.813,9.473,normal
2026-01-03T19:27:00,F2,74.261,1.12,3.73,64.627,7.875,normal
2026-01-03T19:28:00,F2,75.438,0.761,3.555,62.709,8.659,normal
2026-01-03T19:29:00,F2,85.648,0.753,3.429,65.015,6.014,normal
2026-01-03T19:30:00,F2,73.661,0.83,4.06,81.736,5.529,normal
2026-01-03T19:31:00,F2,55.914,0.455,3.685,54.798,7.753,normal
2026-01-03T19:32:00,F2,73.733,0.764,2.91,72.89,8.279,normal
2026-01-03T19:33:00,F2,79.663,0.496,4.613,64.828,8.203,normal
2026-01-03T19:34:00,F2,65.179,0.741,3.412,66.835,8.162,normal
2026-01-03T19:35:00,F2,90.616,0.891,4.561,73.619,7.668,normal
2026-01-03T19:36:00,F2,75.122,0.762,4.419,44.693,7.732,normal
2026-01-03T19:37:00,F2,79.151,0.385,4.004,66.792,7.735,normal
2026-01-03T19:38:00,F2,81.0,0.629,4.59,48.43,11.162,normal
2026-01-03T19:39:00,F2,64.411,0.832,3.594,66.215,8.656,normal
2026-01-03T19:40:00,F2,89.846,0.606,3.817,66.761,7.216,normal
2026-01-03T19:41:00,F2,70.51,0.383,3.456,80.651,6.192,normal
2026-01-03T19:42:00,F2,69.809,0.95,4.164,74.175,8.518,normal
2026-01-03T19:43:00,F2,72.807,0.955,3.875,60.42,8.844,normal
2026-01-03T19:44:00,F2,81.24,0.787,3.354,52.836,10.038,normal
2026-01-03T19:45:00,F2,62.895,0.621,3.007,74.68,8.997,normal
2026-01-03T19:46:00,F2,76.016,0.617,3.629,69.637,7.798,normal
2026-01-03T19:47:00,F2,56.296,0.825,5.197,70.694,9.948,normal
2026-01-03T19:48:00,F2,71.948,0.0,4.177,59.377,7.213,normal
2026-01-03T19:49:00,F2,65.646,0.827,3.35,55.299,7.424,normal
2026-01-03T19:50:00,F2,72.779,0.772,3.909,82.681,8.628,normal
2026-01-03T19:51:00,F2,72.945,0.698,3.384,52.016,6.063,normal
2026-01-03T19:52:00,F2,64.153,0.792,4.984,62.985,6.971,normal
2026-01-03T19:53:00,F2,72.951,0.863,5.059,72.347,12.677,normal
2026-01-03T19:54:00,F2,70.146,0.772,4.349,69.975,10.36,normal
2026-01-03T19:55:00,F2,73.083,1.042,4.784,61.74,6.878,normal
2026-01-03T19:56:00,F2,74.518,0.647,4.592,80.401,8.12,normal
2026-01-03T19:57:00,F2,69.205,0.731,4.764,72.409,8.804,normal
2026-01-03T19:58:00,F2,77.732,0.595,5.564,66.368,5.806,normal
2026-01-03T19:59:00,F2,79.145,0.994,4.773,56.404,8.295,normal
2026-01-03T20:00:00,F2,62.236,0.961,3.369,61.178,4.751,normal
2026-01-03T20:01:00,F2,74.105,0.806,4.713,74.006,5.038,normal
2026-01-03T20:02:00,F2,66.378,0.489,3.393,58.92,10.003,normal
2026-01-03T20:03:00,F2,61.576,1.048,4.164,59.11,5.389,normal
2026-01-03T20:04:00,F2,68.892,0.818,4.594,60.444,8.143,normal
2026-01-03T20:05:00,F2,86.557,0.602,4.653,77.491,13.334,normal
2026-01-03T20:06:00,F2,89.401,0.718,3.994,69.132,9.793,normal
2026-01-03T20:07:00,F2,66.008,0.765,3.997,69.052,8.004,normal
2026-01-03T20:08:00,F2,59.894,1.03,4.319,65.089,5.922,normal
2026-01-03T20:09:00,F2,75.882,0.895,4.229,62.07,8.186,normal
2026-01-03T20:10:00,F2,70.522,1.008,4.274,64.188,8.162,normal
2026-01-03T20:11:00,F2,70.375,0.922,2.937,64.019,5.89,normal
2026-01-03T20:12:00,F2,90.796,0.687,4.82,54.183,9.731,normal
2026-01-03T20:13:00,F2,77.485,0.995,3.37,84.597,7.863,normal
2026-01-03T20:14:00,F2,84.773,0.758,3.35,57.607,5.983,normal
2026-01-03T20:15:00,F2,75.785,0.856,3.659,68.579,8.883,normal
2026-01-03T20:16:00,F2,72.247,0.671,4.784,55.313,7.091,normal
2026-01-03T20:17:00,F2,85.386,0.98,4.08,71.747,8.437,failure
2026-01-03T20:18:00,F2,77.287,0.871,4.265,62.814,8.788,normal
2026-01-03T20:19:00,F2,70.403,0.706,3.608,66.291,6.866,normal
2026-01-03T20:20:00,F2,74.329,0.654,4.107,82.219,9.094,normal
2026-01-03T20:21:00,F2,77.042,0.793,3.57,71.164,7.465,normal
2026-01-03T20:22:00,F2,72.601,0.855,2.868,58.389,7.918,normal
2026-01-03T20:23:00,F2,88.654,0.856,4.749,76.521,7.756,failure
2026-01-03T20:24:00,F2,71.18,0.492,3.934,73.359,7.034,normal
2026-01-03T20:25:00,F2,77.739,0.583,3.52,65.276,8.04,normal
2026-01-03T20:26:00,F2,65.434,0.768,3.759,59.973,10.252,normal
2026-01-03T20:27:00,F2,85.558,0.874,4.386,54.274,6.221,normal
2026-01-03T20:28:00,F2,84.426,0.72,2.781,62.833,8.092,normal
2026-01-03T20:29:00,F2,85.208,0.705,3.588,66.417,9.298,normal
2026-01-03T20:30:00,F2,68.946,0.561,4.468,54.615,8.82,normal
2026-01-03T20:31:00,F2,83.456,0.77,3.158,55.863,10.418,normal
2026-01-03T20:32:00,F2,72.779,0.704,3.769,65.523,7.514,normal
2026-01-03T20:33:00,F2,72.357,0.892,4.546,60.309,6.766,normal
2026-01-03T20:34:00,F2,80.751,0.691,4.051,91.037,9.89,normal
2026-01-03T20:35:00,F2,88.695,0.898,4.769,57.722,6.885,normal
2026-01-03T20:36:00,F2,71.447,0.84,4.128,73.279,8.15,normal
2026-01-03T20:37:00,F2,83.357,0.864,3.299,87.449,7.175,normal
2026-01-03T20:38:00,F2,57.412,0.782,3.734,72.719,10.719,normal
2026-01-03T20:39:00,F2,75.429,0.829,3.859,58.292,6.879,normal
2026-01-03T20:40:00,F2,86.18,0.481,4.159,61.438,7.897,normal
2026-01-03T20:41:00,F2,83.101,0.722,4.857,58.239,9.833,normal
2026-01-03T20:42:00,F2,60.457,0.907,3.616,55.466,4.404,normal
2026-01-03T20:43:00,F2,77.12,0.694,4.628,67.672,7.156,normal
2026-01-03T20:44:00,F2,92.683,0.739,4.031,55.75,6.499,normal
2026-01-03T20:45:00,F2,76.928,0.997,3.889,64.031,8.082,normal
2026-01-03T20:46:00,F2,88.225,0.864,3.984,60.593,8.982,normal
2026-01-03T20:47:00,F2,66.262,0.756,3.298,64.45,6.661,normal
2026-01-03T20:48:00,F2,75.688,0.874,5.51,56.881,8.751,normal
2026-01-03T20:49:00,F2,77.656,0.696,4.269,62.038,8.241,normal
2026-01-03T20:50:00,F2,80.922,0.891,5.123,71.818,5.133,normal
2026-01-03T20:51:00,F2,73.784,0.662,3.684,59.057,8.149,normal
2026-01-03T20:52:00,F2,74.608,0.504,4.145,72.218,8.211,normal
2026-01-03T20:53:00,F2,61.722,0.792,3.961,61.061,4.678,normal
2026-01-03T20:54:00,F2,83.19,1.012,1.892,63.683,8.251,normal
2026-01-03T20:55:00,F2,81.384,0.828,3.917,71.685,6.152,normal
2026-01-03T20:56:00,F2,75.674,0.841,4.611,75.641,9.499,normal
2026-01-03T20:57:00,F2,69.12,1.004,4.317,45.304,7.096,normal
2026-01-03T20:58:00,F2,68.081,1.162,4.232,71.272,10.095,normal
2026-01-03T20:59:00,F2,64.488,0.768,3.062,68.356,7.185,normal
2026-01-03T21:00:00,F2,66.753,0.949,3.709,77.055,7.838,normal
2026-01-03T21:01:00,F2,73.6,1.043,4.329,55.741,8.985,normal
2026-01-03T21:02:00,F2,73.511,1.051,3.783,62.219,7.8,normal
2026-01-03T21:03:00,F2,74.018,1.068,4.323,66.532,7.022,normal
2026-01-03T21:04:00,F2,88.642,0.624,4.436,68.511,9.293,normal
2026-01-03T21:05:00,F2,74.643,0.815,3.504,69.333,8.028,normal
2026-01-03T21:06:00,F2,83.917,0.834,3.521,67.926,7.363,normal
2026-01-03T21:07:00,F2,89.036,0.919,4.547,67.825,10.963,normal
2026-01-03T21:08:00,F2,81.278,0.791,5.195,68.754,5.628,normal
2026-01-03T21:09:00,F2,84.905,0.677,5.09,39.889,5.33,normal
2026-01-03T21:10:00,F2,80.954,1.135,3.539,56.945,8.463,normal
2026-01-03T21:11:00,F2,65.178,0.911,4.225,60.233,7.092,normal
2026-01-03T21:12:00,F2,96.089,0.818,2.973,63.312,9.795,normal
2026-01-03T21:13:00,F2,83.154,1.073,5.636,63.47,7.624,normal
2026-01-03T21:14:00,F2,84.1,0.965,3.0,67.541,7.761,normal
2026-01-03T21:15:00,F2,74.565,0.647,3.748,53.607,10.703,normal
2026-01-03T21:16:00,F2,89.373,0.986,3.58,78.355,8.191,normal
2026-01-03T21:17:00,F2,75.648,0.684,4.306,63.905,7.165,normal
2026-01-03T21:18:00,F2,69.326,0.803,3.333,64.961,7.694,normal
2026-01-03T21:19:00,F2,80.234,0.943,4.526,67.8,7.17,normal
2026-01-03T21:20:00,F2,55.558,0.804,3.759,64.475,6.338,normal
2026-01-03T21:21:00,F2,64.665,1.036,4.694,69.245,6.722,normal
2026-01-03T21:22:00,F2,83.71,0.672,3.359,75.946,7.556,normal
2026-01-03T21:23:00,F2,77.451,0.94,3.305,65.287,8.218,normal
2026-01-03T21:24:00,F2,88.544,1.012,4.315,72.982,8.02,normal
2026-01-03T21:25:00,F2,70.697,1.092,4.321,70.397,9.421,normal
2026-01-03T21:26:00,F2,83.45,0.961,4.337,55.164,5.889,normal
2026-01-03T21:27:00,F2,69.209,1.046,3.649,51.983,7.328,normal
2026-01-03T21:28:00,F2,70.503,0.996,4.232,66.186,7.394,normal
2026-01-03T21:29:00,F2,78.021,0.862,4.794,45.243,5.215,normal
2026-01-03T21:30:00,F2,81.434,0.945,4.723,78.301,6.689,normal
2026-01-03T21:31:00,F2,83.11,0.702,3.358,65.623,5.684,normal
2026-01-03T21:32:00,F2,73.853,0.905,4.304,66.158,8.33,normal
2026-01-03T21:33:00,F2,82.661,1.009,3.827,80.533,8.868,normal
2026-01-03T21:34:00,F2,69.998,0.709,3.789,58.785,7.397,normal
2026-01-03T21:35:00,F2,71.249,0.807,4.707,72.683,4.059,normal
2026-01-03T21:36:00,F2,73.276,0.946,3.685,64.455,7.363,normal
2026-01-03T21:37:00,F2,80.514,0.749,3.149,71.384,7.944,normal
2026-01-03T21:38:00,F2,63.647,0.954,4.579,73.584,9.202,normal
2026-01-03T21:39:00,F2,85.871,0.95,3.746,78.4,8.822,normal
2026-01-03T21:40:00,F2,68.06,1.068,5.219,59.764,6.131,normal
2026-01-03T21:41:00,F2,77.106,1.045,3.859,57.71,7.842,normal
2026-01-03T21:42:00,F2,88.448,1.077,2.575,61.29,8.34,normal
2026-01-03T21:43:00,F2,71.211,0.947,4.301,61.48,9.586,normal
2026-01-03T21:44:00,F2,76.568,0.536,6.494,56.882,9.487,normal
2026-01-03T21:45:00,F2,76.72,0.658,3.634,77.076,8.91,normal
2026-01-03T21:46:00,F2,97.282,0.865,4.567,59.258,5.056,normal
2026-01-03T21:47:00,F2,82.346,0.974,4.212,58.486,8.813,normal
2026-01-03T21:48:00,F2,72.929,1.025,4.463,57.105,12.136,normal
2026-01-03T21:49:00,F2,68.627,0.943,4.384,60.187,8.482,normal
2026-01-03T21:50:00,F2,72.019,0.753,3.233,52.992,8.358,normal
2026-01-03T21:51:00,F2,79.745,1.093,4.613,61.429,6.608,normal
2026-01-03T21:52:00,F2,88.712,0.792,4.051,75.692,6.354,normal
2026-01-03T21:53:00,F2,75.433,1.121,4.711,58.736,5.661,normal
2026-01-03T21:54:00,F2,87.053,0.917,3.639,54.11,9.135,normal
2026-01-03T21:55:00,F2,73.534,1.112,5.061,76.353,6.383,normal
2026-01-03T21:56:00,F2,77.895,1.026,4.402,38.534,9.26,normal
2026-01-03T21:57:00,F2,74.641,0.843,3.627,79.731,6.854,normal
2026-01-03T21:58:00,F2,82.904,0.879,4.591,69.848,8.159,normal
2026-01-03T21:59:00,F2,70.088,1.149,3.617,51.483,8.493,normal
2026-01-03T22:00:00,F2,73.63,1.213,4.272,57.676,8.463,normal
2026-01-03T22:01:00,F2,65.006,1.256,4.686,71.797,6.01,normal
2026-01-03T22:02:00,F2,90.238,0.861,3.893,66.133,8.082,normal
2026-01-03T22:03:00,F2,75.095,0.945,5.079,65.163,7.26,normal
2026-01-03T22:04:00,F2,73.15,0.955,4.586,55.238,8.84,normal
2026-01-03T22:05:00,F2,68.622,1.017,5.01,61.503,5.528,normal
2026-01-03T22:06:00,F2,83.341,0.978,4.244,69.08,7.568,normal
2026-01-03T22:07:00,F2,73.928,0.979,4.997,73.439,7.472,normal
2026-01-03T22:08:00,F2,69.56,1.123,3.64,67.288,6.746,normal
2026-01-03T22:09:00,F2,71.26,0.947,3.48,71.034,6.69,normal
2026-01-03T22:10:00,F2,79.87,0.576,3.774,76.874,5.688,normal
2026-01-03T22:11:00,F2,76.539,0.622,4.461,50.329,7.086,normal
2026-01-03T22:12:00,F2,68.087,0.69,3.984,85.628,7.839,normal
2026-01-03T22:13:00,F2,56.19,1.199,4.008,75.517,5.102,normal
2026-01-03T22:14:00,F2,89.02,0.978,3.399,59.99,10.775,normal
2026-01-03T22:15:00,F2,79.908,0.94,3.497,65.014,8.27,normal
2026-01-03T22:16:00,F2,63.059,0.875,4.532,80.568,6.038,normal
2026-01-03T22:17:00,F2,73.043,0.559,3.507,65.431,7.718,normal
2026-01-03T22:18:00,F2,76.784,0.796,5.102,52.016,7.499,normal
2026-01-03T22:19:00,F2,75.971,0.893,4.038,61.292,4.799,normal
2026-01-03T22:20:00,F2,65.053,0.937,4.817,72.927,5.245,normal
2026-01-03T22:21:00,F2,76.18,1.053,3.533,67.788,8.258,normal
2026-01-03T22:22:00,F2,67.739,0.856,3.089,54.855,6.747,normal
2026-01-03T22:23:00,F2,90.768,0.884,4.268,74.967,7.795,normal
2026-01-03T22:24:00,F2,65.289,1.032,4.074,63.15,7.84,normal
2026-01-03T22:25:00,F2,93.451,0.918,4.528,62.501,9.446,normal
2026-01-03T22:26:00,F2,77.112,0.863,4.172,81.743,6.007,normal
2026-01-03T22:27:00,F2,76.624,0.96,5.306,54.923,8.032,normal
2026-01-03T22:28:00,F2,62.214,1.027,0.039,60.116,6.572,normal
2026-01-03T22:29:00,F2,76.548,0.882,3.836,82.763,12.491,normal
2026-01-03T22:30:00,F2,69.505,1.074,4.163,67.124,8.008,normal
2026-01-03T22:31:00,F2,85.567,0.858,4.298,62.065,7.895,normal
2026-01-03T22:32:00,F2,81.802,1.028,3.904,65.159,6.375,normal
2026-01-03T22:33:00,F2,84.486,0.851,4.798,61.241,9.342,normal
2026-01-03T22:34:00,F2,76.934,1.085,4.041,58.947,7.775,normal
2026-01-03T22:35:00,F2,61.552,1.134,4.169,61.87,7.931,normal
2026-01-03T22:36:00,F2,59.534,0.744,4.133,77.196,8.826,normal
2026-01-03T22:37:00,F2,79.772,0.933,3.76,45.572,8.48,normal
2026-01-03T22:38:00,F2,84.83,0.886,4.322,82.172,11.73,normal
2026-01-03T22:39:00,F2,71.735,0.646,2.76,67.446,8.068,normal
2026-01-03T22:40:00,F2,69.572,0.698,4.503,83.903,4.987,normal
2026-01-03T22:41:00,F2,75.261,0.86,4.606,44.278,5.511,normal
2026-01-03T22:42:00,F2,76.062,0.98,4.605,78.36,7.663,normal
2026-01-03T22:43:00,F2,75.107,0.665,3.817,62.123,8.09,normal
2026-01-03T22:44:00,F2,65.383,0.952,4.806,85.093,6.917,normal
2026-01-03T22:45:00,F2,81.372,1.006,5.207,73.927,7.986,failure
2026-01-03T22:46:00,F2,77.359,1.106,4.691,66.023,8.649,normal
2026-01-03T22:47:00,F2,64.623,1.079,4.552,77.54,8.588,normal
2026-01-03T22:48:00,F2,67.063,1.09,4.874,62.853,7.793,normal
2026-01-03T22:49:00,F2,67.691,0.85,3.686,53.692,6.925,normal
2026-01-03T22:50:00,F2,73.866,0.872,4.102,54.215,5.93,normal
2026-01-03T22:51:00,F2,80.187,0.913,3.888,63.699,8.277,normal
2026-01-03T22:52:00,F2,68.731,0.768,5.346,57.019,8.559,normal
2026-01-03T22:53:00,F2,71.723,0.604,3.141,52.161,9.767,normal
2026-01-03T22:54:00,F2,69.417,0.836,4.075,70.292,9.117,normal
2026-01-03T22:55:00,F2,71.166,0.699,3.691,58.452,5.445,normal
2026-01-03T22:56:00,F2,70.867,0.87,4.008,58.645,12.019,normal
2026-01-03T22:57:00,F2,73.151,1.162,3.633,84.709,7.272,normal
2026-01-03T22:58:00,F2,76.173,1.047,4.947,69.034,9.423,failure
2026-01-03T22:59:00,F2,59.221,0.723,4.301,82.355,7.152,normal
2026-01-03T23:00:00,F2,75.498,0.995,4.91,76.728,7.422,normal
2026-01-03T23:01:00,F2,67.487,1.09,4.867,87.524,4.996,normal
2026-01-03T23:02:00,F2,59.696,1.039,4.205,54.653,8.245,normal
2026-01-03T23:03:00,F2,77.344,0.791,4.528,67.347,9.887,normal
2026-01-03T23:04:00,F2,72.796,1.272,4.714,61.687,8.027,normal
2026-01-03T23:05:00,F2,71.9,1.111,3.058,51.797,8.085,normal
2026-01-03T23:06:00,F2,70.356,1.011,3.582,68.27,7.558,normal
2026-01-03T23:07:00,F2,77.832,0.955,3.677,54.976,9.858,normal
2026-01-03T23:08:00,F2,74.856,0.96,4.649,67.468,5.016,normal
2026-01-03T23:09:00,F2,79.391,0.946,5.152,51.408,8.062,normal
2026-01-03T23:10:00,F2,85.478,1.111,4.027,81.163,6.714,normal
2026-01-03T23:11:00,F2,69.734,0.851,4.901,67.957,7.847,normal
2026-01-03T23:12:00,F2,69.491,0.9,4.383,83.021,9.121,normal
2026-01-03T23:13:00,F2,70.613,1.106,4.15,59.704,8.953,normal
2026-01-03T23:14:00,F2,67.264,1.033,3.201,57.668,7.267,normal
2026-01-03T23:15:00,F2,80.203,0.719,3.787,87.458,9.851,normal
2026-01-03T23:16:00,F2,75.35,1.051,4.494,60.049,7.707,normal
2026-01-03T23:17:00,F2,66.45,1.176,5.417,56.325,8.021,normal
2026-01-03T23:18:00,F2,77.128,1.209,3.973,48.564,7.037,normal
2026-01-03T23:19:00,F2,75.689,0.786,4.32,69.284,9.586,normal
2026-01-03T23:20:00,F2,80.104,1.223,3.385,62.905,5.878,normal
2026-01-03T23:21:00,F2,89.298,0.837,4.359,63.604,7.912,normal
2026-01-03T23:22:00,F2,63.689,0.678,4.321,55.433,7.69,normal
2026-01-03T23:23:00,F2,76.192,0.93,4.261,58.547,8.985,normal
2026-01-03T23:24:00,F2,61.158,1.004,4.074,68.273,5.404,normal
2026-01-03T23:25:00,F2,65.769,1.063,4.509,62.92,6.994,normal
2026-01-03T23:26:00,F2,69.85,1.391,3.36,70.157,10.95,normal
2026-01-03T23:27:00,F2,56.384,1.182,3.722,75.254,7.218,normal
2026-01-03T23:28:00,F2,80.546,0.819,3.927,73.592,8.473,normal
2026-01-03T23:29:00,F2,65.232,0.824,4.278,84.061,5.632,normal
2026-01-03T23:30:00,F2,81.353,0.986,3.571,57.796,10.957,normal
2026-01-03T23:31:00,F2,74.086,0.906,5.081,54.347,7.278,normal
2026-01-03T23:32:00,F2,78.469,0.943,4.799,56.979,7.078,normal
2026-01-03T23:33:00,F2,67.869,1.206,4.82,66.864,8.268,normal
2026-01-03T23:34:00,F2,76.511,0.97,4.754,66.367,7.44,normal
2026-01-03T23:35:00,F2,77.979,1.04,3.792,71.002,8.868,normal
2026-01-03T23:36:00,F2,75.738,1.027,4.117,64.166,9.08,normal
2026-01-03T23:37:00,F2,68.132,0.953,3.666,51.271,7.631,normal
2026-01-03T23:38:00,F2,78.326,1.424,4.69,67.344,9.436,normal
2026-01-03T23:39:00,F2,76.674,1.017,4.226,64.5,8.951,normal
2026-01-03T23:40:00,F2,85.175,1.01,4.589,68.206,6.329,normal
2026-01-03T23:41:00,F2,67.968,1.471,3.751,72.61,7.245,normal
2026-01-03T23:42:00,F2,71.821,0.879,3.2,61.718,8.706,normal
2026-01-03T23:43:00,F2,82.193,1.011,4.142,66.077,8.439,normal
2026-01-03T23:44:00,F2,82.595,0.762,3.85,59.614,5.815,normal
2026-01-03T23:45:00,F2,65.236,0.779,4.131,72.529,8.261,normal
2026-01-03T23:46:00,F2,71.462,0.93,4.717,66.467,9.14,normal
2026-01-03T23:47:00,F2,64.932,1.051,4.229,47.86,7.003,normal
2026-01-03T23:48:00,F2,79.048,0.906,4.89,59.718,10.006,normal
2026-01-03T23:49:00,F2,71.993,0.956,4.205,84.788,9.348,normal
2026-01-03T23:50:00,F2,74.053,1.085,4.191,60.534,7.064,normal
2026-01-03T23:51:00,F2,75.054,1.387,3.318,74.554,8.543,normal
2026-01-03T23:52:00,F2,81.418,1.108,4.301,69.76,8.871,normal
2026-01-03T23:53:00,F2,68.664,1.15,4.67,78.252,8.774,normal
2026-01-03T23:54:00,F2,79.76,1.011,3.876,55.681,7.381,normal
2026-01-03T23:55:00,F2,67.561,1.068,3.51,60.206,7.949,normal
2026-01-03T23:56:00,F2,60.356,1.217,4.064,53.238,6.348,normal
2026-01-03T23:57:00,F2,91.349,1.195,3.743,61.359,7.297,normal
2026-01-03T23:58:00,F2,77.782,1.144,4.152,45.215,9.889,normal
2026-01-03T23:59:00,F2,65.435,1.206,4.607,62.237,8.344,normal
2026-01-04T00:00:00,F2,89.956,1.312,3.661,71.101,7.88,normal
2026-01-04T00:01:00,F2,70.196,0.949,3.169,69.467,9.458,normal
2026-01-04T00:02:00,F2,75.362,0.862,3.71,79.291,8.994,normal
2026-01-04T00:03:00,F2,78.604,0.807,4.182,75.017,7.167,normal
2026-01-04T00:04:00,F2,81.315,1.16,3.884,65.583,9.085,normal
2026-01-04T00:05:00,F2,74.474,1.268,3.551,66.024,7.756,normal
2026-01-04T00:06:00,F2,87.56,1.01,5.376,57.562,8.813,normal
2026-01-04T00:07:00,F2,83.022,1.052,4.402,83.07,10.606,normal
2026-01-04T00:08:00,F2,71.419,0.921,5.908,79.39,10.3,normal
2026-01-04T00:09:00,F2,77.454,1.033,3.617,69.705,9.387,normal
2026-01-04T00:10:00,F2,73.518,1.045,5.433,75.468,8.622,normal
2026-01-04T00:11:00,F2,86.149,1.018,3.591,58.755,7.067,normal
2026-01-04T00:12:00,F2,60.484,0.816,4.293,65.888,8.071,normal
2026-01-04T00:13:00,F2,67.354,1.051,4.866,65.345,10.415,normal
2026-01-04T00:14:00,F2,76.878,1.228,3.511,58.712,6.542,normal
2026-01-04T00:15:00,F2,61.835,1.016,3.998,91.114,8.02,normal
2026-01-04T00:16:00,F2,64.31,1.179,5.341,59.834,8.012,normal
2026-01-04T00:17:00,F2,79.048,1.006,4.662,70.574,8.941,normal
2026-01-04T00:18:00,F2,77.629,1.124,4.315,54.4,7.13,normal
2026-01-04T00:19:00,F2,84.038,1.122,3.991,66.616,7.399,normal
2026-01-04T00:20:00,F2,93.559,1.244,4.252,70.211,6.644,normal
2026-01-04T00:21:00,F2,72.123,0.924,4.397,68.531,5.685,normal
2026-01-04T00:22:00,F2,86.598,0.69,4.912,50.669,5.376,normal
2026-01-04T00:23:00,F2,85.049,1.504,5.078,85.005,9.151,normal
2026-01-04T00:24:00,F2,81.425,0.871,4.075,57.966,7.658,normal
2026-01-04T00:25:00,F2,75.465,1.141,4.501,60.901,9.575,normal
2026-01-04T00:26:00,F2,65.956,1.44,3.778,55.896,4.293,normal
2026-01-04T00:27:00,F2,73.272,0.765,3.539,56.809,9.016,normal
2026-01-04T00:28:00,F2,87.414,0.813,3.57,73.362,7.616,normal
2026-01-04T00:29:00,F2,74.732,1.073,5.519,58.088,7.982,normal
2026-01-04T00:30:00,F2,77.938,1.278,4.079,71.694,5.498,normal
2026-01-04T00:31:00,F2,81.659,1.065,3.659,63.657,7.125,normal
2026-01-04T00:32:00,F2,73.297,1.089,3.959,65.164,5.181,normal
2026-01-04T00:33:00,F2,74.519,1.217,4.466,58.304,9.969,normal
2026-01-04T00:34:00,F2,73.847,1.024,2.564,49.831,8.983,normal
2026-01-04T00:35:00,F2,80.701,1.823,5.024,68.679,8.442,normal
2026-01-04T00:36:00,F2,80.288,1.004,4.422,63.184,7.134,normal
2026-01-04T00:37:00,F2,84.919,1.062,5.246,58.527,7.483,normal
2026-01-04T00:38:00,F2,66.832,1.041,4.089,55.533,9.607,normal
2026-01-04T00:39:00,F2,72.806,1.189,4.57,55.07,7.384,normal
2026-01-04T00:40:00,F2,83.695,1.281,4.026,61.101,9.969,normal
2026-01-04T00:41:00,F2,79.148,0.875,5.088,59.772,10.728,normal
2026-01-04T00:42:00,F2,78.054,0.88,4.645,64.517,8.092,normal
2026-01-04T00:43:00,F2,75.167,1.044,4.782,64.176,6.605,normal
2026-01-04T00:44:00,F2,86.364,0.849,5.058,81.013,8.172,normal
2026-01-04T00:45:00,F2,69.41,1.081,3.911,54.305,8.723,normal
2026-01-04T00:46:00,F2,81.767,0.809,3.802,66.532,10.568,normal
2026-01-04T00:47:00,F2,79.265,1.104,3.53,56.725,8.44,normal
2026-01-04T00:48:00,F2,64.343,0.99,4.633,73.162,6.717,normal
2026-01-04T00:49:00,F2,99.591,1.346,4.196,81.933,10.59,failure
2026-01-04T00:50:00,F2,71.546,0.877,5.269,68.456,8.058,normal
2026-01-04T00:51:00,F2,75.062,1.129,4.53,51.064,8.503,normal
2026-01-04T00:52:00,F2,87.216,1.347,3.849,69.147,9.433,failure
2026-01-04T00:53:00,F2,81.572,0.956,4.688,75.999,8.313,normal
2026-01-04T00:54:00,F2,80.931,1.296,3.735,72.419,5.443,normal
2026-01-04T00:55:00,F2,76.728,1.215,4.165,72.502,7.957,normal
2026-01-04T00:56:00,F2,63.215,1.369,5.043,73.293,10.9,normal
2026-01-04T00:57:00,F2,70.681,0.841,4.474,61.045,6.256,normal
2026-01-04T00:58:00,F2,90.293,1.254,4.763,49.453,6.183,normal
2026-01-04T00:59:00,F2,78.576,1.163,4.643,52.515,7.197,normal
2026-01-04T01:00:00,F2,67.958,0.861,5.301,68.58,10.051,normal
2026-01-04T01:01:00,F2,69.858,1.016,4.671,71.33,8.616,normal
2026-01-04T01:02:00,F2,68.767,0.999,4.575,66.179,8.647,normal
2026-01-04T01:03:00,F2,74.301,1.044,4.268,70.404,5.155,normal
2026-01-04T01:04:00,F2,77.124,1.072,3.279,62.421,8.816,normal
2026-01-04T01:05:00,F2,74.295,1.159,3.941,64.878,7.442,normal
2026-01-04T01:06:00,F2,81.494,1.263,4.75,73.002,9.333,normal
2026-01-04T01:07:00,F2,64.702,0.884,4.192,82.548,9.354,normal
2026-01-04T01:08:00,F2,71.866,1.058,5.66,59.67,7.424,normal
2026-01-04T01:09:00,F2,76.459,0.986,3.777,64.157,8.431,normal
2026-01-04T01:10:00,F2,91.933,0.899,3.652,60.346,5.08,normal
2026-01-04T01:11:00,F2,75.726,1.069,4.486,63.631,5.481,normal
2026-01-04T01:12:00,F2,65.591,0.765,3.975,48.938,9.588,normal
2026-01-04T01:13:00,F2,69.002,1.205,5.162,64.657,8.874,normal
2026-01-04T01:14:00,F2,80.097,0.875,5.136,81.515,11.635,normal
2026-01-04T01:15:00,F2,68.889,1.057,3.834,53.455,7.488,normal
2026-01-04T01:16:00,F2,76.636,1.384,2.942,79.647,11.17,normal
2026-01-04T01:17:00,F2,67.347,1.257,4.051,74.706,8.764,normal
2026-01-04T01:18:00,F2,74.71,0.947,3.743,65.029,4.911,normal
2026-01-04T01:19:00,F2,66.418,1.205,4.647,43.362,8.275,normal
2026-01-04T01:20:00,F2,67.287,1.121,4.488,67.664,7.729,normal
2026-01-04T01:21:00,F2,81.933,0.689,4.347,67.421,7.766,normal
2026-01-04T01:22:00,F2,63.297,1.045,4.202,63.53,8.91,normal
2026-01-04T01:23:00,F2,72.433,0.989,3.638,53.388,12.298,normal
2026-01-04T01:24:00,F2,77.097,1.076,5.15,70.973,9.704,normal
2026-01-04T01:25:00,F2,69.639,1.473,4.094,63.358,9.269,failure
2026-01-04T01:26:00,F2,83.149,1.18,3.644,55.617,8.716,normal
2026-01-04T01:27:00,F2,62.933,1.183,4.779,56.314,6.55,normal
2026-01-04T01:28:00,F2,67.598,1.177,4.46,67.009,8.651,normal
2026-01-04T01:29:00,F2,82.33,0.885,4.721,52.64,7.34,normal
2026-01-04T01:30:00,F2,68.797,1.18,4.567,69.436,8.409,normal
2026-01-04T01:31:00,F2,79.381,1.205,5.001,64.741,7.433,normal
2026-01-04T01:32:00,F2,68.305,1.388,5.787,77.524,9.333,normal
2026-01-04T01:33:00,F2,78.006,0.992,4.094,91.745,9.861,normal
2026-01-04T01:34:00,F2,87.089,1.322,4.376,71.003,11.358,failure
2026-01-04T01:35:00,F2,91.641,1.132,4.594,55.301,9.553,normal
2026-01-04T01:36:00,F2,90.778,1.196,4.923,64.915,9.176,normal
2026-01-04T01:37:00,F2,76.967,1.08,4.263,71.587,8.905,normal
2026-01-04T01:38:00,F2,66.897,0.999,4.357,68.082,6.965,normal
2026-01-04T01:39:00,F2,75.43,1.126,3.54,71.812,6.668,normal
2026-01-04T01:40:00,F2,70.012,0.972,4.524,84.441,7.131,normal
2026-01-04T01:41:00,F2,71.987,1.127,5.773,73.335,9.056,failure
2026-01-04T01:42:00,F2,76.092,1.382,4.293,61.82,7.297,normal
2026-01-04T01:43:00,F2,75.668,1.076,3.822,52.635,7.945,normal
2026-01-04T01:44:00,F2,72.981,1.316,4.664,64.141,9.67,normal
2026-01-04T01:45:00,F2,62.946,1.198,5.505,77.489,7.921,normal
2026-01-04T01:46:00,F2,80.429,1.12,4.429,76.329,7.456,normal
2026-01-04T01:47:00,F2,65.022,0.981,4.607,65.999,5.439,normal
2026-01-04T01:48:00,F2,78.123,1.219,4.28,57.837,9.151,normal
2026-01-04T01:49:00,F2,73.257,1.07,7.153,58.801,5.936,normal
2026-01-04T01:50:00,F2,80.118,1.057,5.351,85.283,8.911,normal
2026-01-04T01:51:00,F2,59.113,1.132,3.85,60.726,8.292,normal
2026-01-04T01:52:00,F2,63.968,1.38,2.98,71.844,6.968,normal
2026-01-04T01:53:00,F2,62.703,1.103,4.085,76.113,6.036,normal
2026-01-04T01:54:00,F2,80.555,1.121,5.634,63.228,5.808,normal
2026-01-04T01:55:00,F2,95.027,1.113,4.225,56.359,8.782,normal
2026-01-04T01:56:00,F2,77.629,1.236,4.085,64.194,8.661,normal
2026-01-04T01:57:00,F2,80.502,1.215,5.063,67.826,8.408,normal
2026-01-04T01:58:00,F2,65.467,1.155,4.944,74.582,10.158,normal
2026-01-04T01:59:00,F2,83.512,1.166,4.933,78.769,9.773,normal
2026-01-04T02:00:00,F2,67.456,1.139,4.109,66.865,8.937,normal
2026-01-04T02:01:00,F2,83.09,1.402,3.663,69.151,8.219,failure
2026-01-04T02:02:00,F2,75.652,1.259,4.77,64.132,7.758,normal
2026-01-04T02:03:00,F2,79.495,1.272,4.845,48.365,8.132,normal
2026-01-04T02:04:00,F2,54.573,1.022,4.216,55.208,8.472,normal
2026-01-04T02:05:00,F2,93.721,1.123,4.016,76.142,6.699,failure
2026-01-04T02:06:00,F2,94.532,0.916,4.957,59.518,9.003,normal
2026-01-04T02:07:00,F2,76.695,0.943,3.717,63.143,9.44,normal
2026-01-04T02:08:00,F2,66.204,1.367,4.92,66.444,8.019,normal
2026-01-04T02:09:00,F2,75.842,1.09,4.471,67.875,8.176,normal
2026-01-04T02:10:00,F2,78.063,1.093,4.399,55.829,7.789,normal
2026-01-04T02:11:00,F2,82.048,1.178,5.572,62.186,8.339,normal
2026-01-04T02:12:00,F2,69.765,1.13,4.25,70.436,6.835,normal
2026-01-04T02:13:00,F2,73.11,1.239,3.686,66.679,9.889,normal
2026-01-04T02:14:00,F2,70.097,1.296,5.087,65.588,7.949,normal
2026-01-04T02:15:00,F2,92.842,1.392,4.004,70.031,7.826,normal
2026-01-04T02:16:00,F2,88.286,1.316,3.96,64.072,8.88,normal
2026-01-04T02:17:00,F2,72.46,1.289,4.633,68.946,9.766,normal
2026-01-04T02:18:00,F2,72.342,1.046,4.384,70.934,8.462,normal
2026-01-04T02:19:00,F2,90.227,1.262,5.561,56.539,6.884,normal
2026-01-04T02:20:00,F2,78.757,1.275,4.77,93.021,7.688,normal
2026-01-04T02:21:00,F2,67.01,1.085,5.177,75.509,7.814,normal
2026-01-04T02:22:00,F2,68.166,1.016,4.694,65.633,9.1,normal
2026-01-04T02:23:00,F2,82.66,1.335,4.885,70.925,9.34,normal
2026-01-04T02:24:00,F2,79.587,1.047,5.119,60.548,7.865,normal
2026-01-04T02:25:00,F2,69.843,1.865,5.204,77.202,5.513,normal
2026-01-04T02:26:00,F2,83.031,1.004,3.955,61.117,7.635,normal
2026-01-04T02:27:00,F2,82.476,1.264,4.205,64.775,9.772,normal
2026-01-04T02:28:00,F2,65.217,1.124,3.868,55.94,11.335,normal
2026-01-04T02:29:00,F2,70.127,1.375,4.052,62.243,7.241,normal
2026-01-04T02:30:00,F2,87.489,1.154,4.017,57.925,6.229,normal
2026-01-04T02:31:00,F2,75.49,1.375,3.638,56.693,11.453,normal
2026-01-04T02:32:00,F2,77.235,1.356,4.077,54.443,9.162,normal
2026-01-04T02:33:00,F2,70.729,1.101,3.633,67.471,12.317,normal
2026-01-04T02:34:00,F2,65.138,1.336,4.941,58.654,11.055,normal
2026-01-04T02:35:00,F2,74.596,1.154,5.309,84.719,9.622,normal
2026-01-04T02:36:00,F2,69.124,1.403,4.323,65.778,8.806,normal
2026-01-04T02:37:00,F2,84.69,1.717,4.218,76.993,9.399,failure
2026-01-04T02:38:00,F2,86.571,1.291,4.74,71.008,8.943,normal
2026-01-04T02:39:00,F2,74.169,1.077,4.22,70.824,7.481,normal
2026-01-04T02:40:00,F2,61.659,1.299,3.673,60.691,5.24,normal
2026-01-04T02:41:00,F2,69.396,1.112,3.846,60.51,8.785,normal
2026-01-04T02:42:00,F2,79.027,1.056,4.983,66.215,7.626,normal
2026-01-04T02:43:00,F2,76.558,1.285,5.323,58.119,11.833,normal
2026-01-04T02:44:00,F2,69.824,1.157,4.495,64.105,7.331,normal
2026-01-04T02:45:00,F2,74.569,1.184,3.783,55.393,9.185,normal
2026-01-04T02:46:00,F2,72.959,1.17,4.564,66.733,9.77,normal
2026-01-04T02:47:00,F2,88.583,1.314,4.652,66.452,8.359,normal
2026-01-04T02:48:00,F2,70.724,0.984,6.249,62.875,5.798,normal
2026-01-04T02:49:00,F2,74.291,1.476,4.53,81.0,10.433,normal
2026-01-04T02:50:00,F2,82.242,1.129,5.352,82.027,8.413,normal
2026-01-04T02:51:00,F2,82.214,1.47,5.472,73.582,7.251,normal
2026-01-04T02:52:00,F2,87.183,1.41,3.662,88.604,6.951,normal
2026-01-04T02:53:00,F2,67.553,1.269,5.386,68.154,9.673,normal
2026-01-04T02:54:00,F2,72.738,1.15,5.359,50.972,7.554,normal
2026-01-04T02:55:00,F2,80.203,1.022,6.854,65.774,9.198,failure
2026-01-04T02:56:00,F2,71.765,1.084,4.945,60.391,7.445,normal
2026-01-04T02:57:00,F2,77.615,1.227,4.056,75.901,9.153,normal
2026-01-04T02:58:00,F2,78.616,1.212,4.838,66.774,9.808,normal
2026-01-04T02:59:00,F2,74.968,1.209,4.713,76.585,7.692,normal
2026-01-04T03:00:00,F2,92.366,1.441,3.702,59.654,7.395,normal
2026-01-04T03:01:00,F2,74.847,1.196,3.578,77.577,7.573,normal
2026-01-04T03:02:00,F2,84.076,1.267,4.41,83.508,8.936,normal
2026-01-04T03:03:00,F2,64.08,1.411,4.979,58.54,11.712,normal
2026-01-04T03:04:00,F2,69.972,0.974,4.095,70.496,7.029,normal
2026-01-04T03:05:00,F2,72.359,1.01,5.499,87.041,8.117,normal
2026-01-04T03:06:00,F2,86.637,1.202,4.581,61.372,10.291,failure
2026-01-04T03:07:00,F2,80.005,1.224,5.339,66.615,10.608,failure
2026-01-04T03:08:00,F2,81.326,1.207,4.801,55.66,7.652,normal
2026-01-04T03:09:00,F2,71.312,1.439,5.097,60.972,5.677,failure
2026-01-04T03:10:00,F2,72.653,1.48,3.494,79.384,7.191,failure
2026-01-04T03:11:00,F2,78.383,1.214,5.086,79.297,9.665,normal
2026-01-04T03:12:00,F2,75.965,1.328,4.562,53.973,7.286,normal
2026-01-04T03:13:00,F2,82.502,1.092,4.876,58.889,10.667,normal
2026-01-04T03:14:00,F2,79.698,1.193,4.703,59.225,9.515,normal
2026-01-04T03:15:00,F2,71.735,0.744,6.011,75.242,6.834,normal
2026-01-04T03:16:00,F2,70.875,1.145,4.853,79.583,10.17,normal
2026-01-04T03:17:00,F2,86.356,1.182,4.197,59.095,6.953,failure
2026-01-04T03:18:00,F2,75.621,1.101,4.575,56.573,5.409,normal
2026-01-04T03:19:00,F2,87.181,1.109,3.777,66.899,8.395,normal
2026-01-04T03:20:00,F2,85.969,1.212,4.937,53.394,9.238,normal
2026-01-04T03:21:00,F2,79.498,1.435,4.643,72.921,8.91,failure
2026-01-04T03:22:00,F2,71.342,1.228,4.232,64.898,8.358,normal
2026-01-04T03:23:00,F2,79.968,1.231,5.113,70.119,6.45,normal
2026-01-04T03:24:00,F2,90.458,1.345,4.728,65.998,7.279,normal
2026-01-04T03:25:00,F2,71.171,1.047,3.873,72.332,7.263,normal
2026-01-04T03:26:00,F2,75.58,1.336,5.041,72.333,8.913,normal
2026-01-04T03:27:00,F2,77.592,1.349,5.584,47.963,10.257,normal
2026-01-04T03:28:00,F2,100.982,1.21,4.281,69.558,10.01,normal
2026-01-04T03:29:00,F2,61.971,1.418,5.047,62.069,8.184,normal
2026-01-04T03:30:00,F2,83.56,1.094,4.828,53.536,5.695,normal
2026-01-04T03:31:00,F2,70.709,1.348,3.795,59.109,9.499,normal
2026-01-04T03:32:00,F2,78.851,1.174,5.9,63.15,10.179,normal
2026-01-04T03:33:00,F2,79.419,1.235,4.03,52.654,9.133,normal
2026-01-04T03:34:00,F2,66.868,1.147,3.916,59.752,8.878,normal
2026-01-04T03:35:00,F2,75.709,1.382,4.299,64.652,7.768,normal
2026-01-04T03:36:00,F2,69.335,1.162,4.289,72.626,7.434,normal
2026-01-04T03:37:00,F2,74.593,1.274,3.783,56.098,9.768,normal
2026-01-04T03:38:00,F2,60.529,1.338,4.829,67.132,7.503,normal
2026-01-04T03:39:00,F2,67.356,1.07,5.304,55.453,7.731,normal
2026-01-04T03:40:00,F2,67.073,0.993,4.973,59.841,8.366,normal
2026-01-04T03:41:00,F2,70.62,1.105,5.627,72.019,10.012,normal
2026-01-04T03:42:00,F2,74.148,1.309,5.526,81.486,8.224,normal
2026-01-04T03:43:00,F2,75.235,1.258,4.848,54.223,9.597,normal
2026-01-04T03:44:00,F2,86.135,1.483,3.406,53.74,6.687,normal
2026-01-04T03:45:00,F2,81.568,1.277,4.009,58.21,6.773,normal
2026-01-04T03:46:00,F2,70.404,1.286,4.795,51.099,8.866,normal
2026-01-04T03:47:00,F2,74.233,1.502,5.769,75.744,9.781,normal
2026-01-04T03:48:00,F2,66.885,1.345,4.856,73.609,8.453,normal
2026-01-04T03:49:00,F2,65.253,1.022,4.286,69.423,7.333,normal
2026-01-04T03:50:00,F2,83.797,1.133,5.924,74.826,9.533,normal
2026-01-04T03:51:00,F2,66.433,1.325,4.459,52.31,17.585,normal
2026-01-04T03:52:00,F2,100.974,1.484,2.452,61.83,9.441,normal
2026-01-04T03:53:00,F2,82.155,1.612,4.244,52.069,8.396,normal
2026-01-04T03:54:00,F2,82.218,1.054,4.345,67.842,9.688,normal
2026-01-04T03:55:00,F2,82.116,1.07,4.412,56.867,7.876,normal
2026-01-04T03:56:00,F2,71.087,1.107,4.458,74.697,6.251,normal
2026-01-04T03:57:00,F2,75.423,1.357,4.462,63.782,8.002,normal
2026-01-04T03:58:00,F2,73.194,1.302,4.707,74.592,10.686,normal
2026-01-04T03:59:00,F2,67.824,1.287,3.505,63.184,10.289,normal
2026-01-04T04:00:00,F2,76.847,1.358,5.06,57.862,7.637,normal
2026-01-04T04:01:00,F2,70.339,1.335,4.831,61.41,8.639,normal
2026-01-04T04:02:00,F2,74.232,0.993,3.074,74.924,7.841,normal
2026-01-04T04:03:00,F2,68.734,1.37,4.103,69.561,7.853,normal
2026-01-04T04:04:00,F2,74.51,1.509,4.538,61.706,6.535,normal
2026-01-04T04:05:00,F2,70.452,1.558,4.518,65.257,9.782,failure
2026-01-04T04:06:00,F2,70.079,0.861,4.288,67.117,9.336,normal
2026-01-04T04:07:00,F2,79.441,1.239,4.584,82.298,6.974,normal
2026-01-04T04:08:00,F2,79.5,1.507,4.085,81.019,9.452,normal
2026-01-04T04:09:00,F2,79.402,1.346,4.634,57.083,9.23,normal
2026-01-04T04:10:00,F2,69.074,1.325,4.998,61.89,4.842,normal
2026-01-04T04:11:00,F2,77.764,1.578,6.494,54.411,8.505,normal
2026-01-04T04:12:00,F2,60.026,1.351,4.298,74.068,10.517,normal
2026-01-04T04:13:00,F2,85.209,0.986,4.895,84.881,10.839,normal
2026-01-04T04:14:00,F2,73.25,1.121,5.286,59.164,7.185,normal
2026-01-04T04:15:00,F2,80.738,1.292,3.915,70.423,8.446,normal
2026-01-04T04:16:00,F2,60.25,1.245,4.662,54.913,6.143,normal
2026-01-04T04:17:00,F2,72.739,1.122,3.876,83.054,12.13,normal
2026-01-04T04:18:00,F2,72.655,1.268,4.859,66.022,7.472,failure
2026-01-04T04:19:00,F2,68.59,1.121,4.438,65.649,11.542,normal
2026-01-04T04:20:00,F2,66.037,1.463,5.261,58.273,6.101,normal
2026-01-04T04:21:00,F2,90.648,1.289,4.282,67.455,8.363,normal
2026-01-04T04:22:00,F2,59.488,1.513,3.998,62.582,9.377,normal
2026-01-04T04:23:00,F2,97.154,1.414,4.408,63.761,6.125,normal
2026-01-04T04:24:00,F2,63.965,1.422,5.001,70.423,6.886,normal
2026-01-04T04:25:00,F2,78.907,1.364,4.809,57.287,7.736,normal
2026-01-04T04:26:00,F2,54.302,1.458,4.94,53.345,5.092,normal
2026-01-04T04:27:00,F2,80.243,1.358,4.383,68.004,10.273,normal
2026-01-04T04:28:00,F2,80.396,1.517,5.168,83.029,10.628,failure
2026-01-04T04:29:00,F2,82.251,1.202,4.778,82.198,8.172,normal
2026-01-04T04:30:00,F2,66.908,1.266,3.931,60.182,9.67,normal
2026-01-04T04:31:00,F2,91.303,1.328,4.336,79.214,9.132,normal
2026-01-04T04:32:00,F2,96.324,1.39,5.178,74.14,6.059,failure
2026-01-04T04:33:00,F2,58.304,1.196,4.912,61.917,7.29,normal
2026-01-04T04:34:00,F2,74.19,1.46,4.944,70.88,10.626,normal
2026-01-04T04:35:00,F2,73.078,1.505,4.047,67.085,8.912,normal
2026-01-04T04:36:00,F2,73.459,1.194,4.5,46.953,9.205,normal
2026-01-04T04:37:00,F2,73.509,1.712,4.645,66.635,7.76,normal
2026-01-04T04:38:00,F2,79.622,1.358,4.774,71.472,9.161,normal
2026-01-04T04:39:00,F2,83.504,1.605,5.299,75.581,9.841,failure
2026-01-04T04:40:00,F2,86.142,1.203,4.098,59.72,5.93,normal
2026-01-04T04:41:00,F2,73.918,1.318,4.948,74.536,11.194,normal
2026-01-04T04:42:00,F2,70.29,1.13,4.083,54.866,10.028,normal
2026-01-04T04:43:00,F2,64.945,1.255,4.162,68.568,9.964,normal
2026-01-04T04:44:00,F2,87.76,1.276,3.528,64.763,10.898,normal
2026-01-04T04:45:00,F2,83.437,1.168,3.289,73.149,7.468,normal
2026-01-04T04:46:00,F2,87.085,1.12,3.793,81.164,7.661,normal
2026-01-04T04:47:00,F2,78.475,1.495,4.084,57.943,10.31,normal
2026-01-04T04:48:00,F2,84.607,1.271,3.677,72.838,6.83,normal
2026-01-04T04:49:00,F2,80.516,1.619,5.113,74.339,9.342,normal
2026-01-04T04:50:00,F2,65.554,1.264,5.305,51.289,11.349,normal
2026-01-04T04:51:00,F2,91.825,1.431,4.699,81.74,9.434,failure
2026-01-04T04:52:00,F2,62.309,1.31,4.993,48.564,10.118,normal
2026-01-04T04:53:00,F2,79.948,1.389,3.945,64.705,8.622,normal
2026-01-04T04:54:00,F2,73.613,1.059,4.452,64.941,7.459,normal
2026-01-04T04:55:00,F2,58.655,1.335,5.288,68.906,9.311,normal
2026-01-04T04:56:00,F2,71.465,1.56,3.068,71.152,8.801,normal
2026-01-04T04:57:00,F2,69.369,1.365,4.843,52.219,8.724,normal
2026-01-04T04:58:00,F2,77.349,1.583,6.35,58.471,5.607,normal
2026-01-04T04:59:00,F2,69.53,1.291,4.484,63.485,7.34,normal
2026-01-04T05:00:00,F2,82.857,1.686,5.134,65.918,8.927,normal
2026-01-04T05:01:00,F2,80.896,1.562,5.147,63.323,9.4,normal
2026-01-04T05:02:00,F2,73.317,1.464,4.214,73.42,13.286,normal
2026-01-04T05:03:00,F2,65.336,1.095,5.287,58.658,7.832,normal
2026-01-04T05:04:00,F2,86.733,1.467,6.835,62.445,9.256,failure
2026-01-04T05:05:00,F2,84.007,1.397,5.82,64.213,10.344,normal
2026-01-04T05:06:00,F2,83.533,1.197,4.662,72.539,8.128,normal
2026-01-04T05:07:00,F2,69.54,1.693,3.199,74.495,8.425,normal
2026-01-04T05:08:00,F2,70.68,1.427,5.254,73.191,9.553,normal
2026-01-04T05:09:00,F2,85.7,1.179,4.085,81.673,7.449,normal
2026-01-04T05:10:00,F2,77.169,1.499,4.918,65.668,7.464,normal
2026-01-04T05:11:00,F2,76.764,1.252,3.683,66.548,9.666,normal
2026-01-04T05:12:00,F2,91.475,1.181,4.836,47.258,8.277,normal
2026-01-04T05:13:00,F2,75.63,1.614,5.326,59.44,9.215,normal
2026-01-04T05:14:00,F2,83.089,1.59,5.208,69.129,8.747,failure
2026-01-04T05:15:00,F2,73.429,1.178,4.09,47.045,8.268,normal
2026-01-04T05:16:00,F2,71.715,1.124,4.728,59.37,8.844,normal
2026-01-04T05:17:00,F2,60.561,1.334,5.044,63.976,8.876,normal
2026-01-04T05:18:00,F2,81.699,1.305,5.144,47.951,8.823,normal
2026-01-04T05:19:00,F2,75.005,1.334,4.998,66.138,6.987,normal
2026-01-04T05:20:00,F2,62.84,1.416,5.383,56.862,10.721,normal
2026-01-04T05:21:00,F2,81.493,1.405,4.899,61.494,8.159,failure
2026-01-04T05:22:00,F2,82.846,1.5,4.748,85.56,9.594,normal
2026-01-04T05:23:00,F2,66.689,1.419,6.34,68.651,8.744,normal
2026-01-04T05:24:00,F2,76.271,1.347,4.959,65.681,8.638,normal
2026-01-04T05:25:00,F2,86.018,1.016,4.18,64.602,6.238,normal
2026-01-04T05:26:00,F2,74.661,1.336,5.816,67.789,9.099,normal
2026-01-04T05:27:00,F2,70.988,1.408,4.443,69.852,10.113,normal
2026-01-04T05:28:00,F2,80.243,1.674,3.945,67.842,8.928,normal
2026-01-04T05:29:00,F2,87.432,1.527,5.127,54.098,8.443,normal
2026-01-04T05:30:00,F2,78.047,1.399,4.951,83.926,7.447,normal
2026-01-04T05:31:00,F2,76.202,1.533,3.809,61.553,8.775,normal
2026-01-04T05:32:00,F2,65.636,1.686,4.526,65.733,7.954,normal
2026-01-04T05:33:00,F2,81.046,1.287,3.942,68.121,8.392,normal
2026-01-04T05:34:00,F2,64.502,1.356,3.649,66.04,8.578,normal
2026-01-04T05:35:00,F2,71.667,1.576,4.748,67.29,8.053,normal
2026-01-04T05:36:00,F2,61.916,1.291,4.548,82.949,7.927,normal
2026-01-04T05:37:00,F2,86.49,1.426,3.97,60.768,7.737,normal
2026-01-04T05:38:00,F2,79.237,1.547,5.031,67.349,9.812,normal
2026-01-04T05:39:00,F2,65.003,1.443,4.92,71.552,10.291,normal
2026-01-04T05:40:00,F2,78.614,1.533,5.287,75.617,9.911,normal
2026-01-04T05:41:00,F2,85.324,1.204,5.243,61.983,8.328,failure
2026-01-04T05:42:00,F2,76.863,1.757,4.987,73.56,8.562,failure
2026-01-04T05:43:00,F2,66.319,1.765,4.106,70.361,7.191,normal
2026-01-04T05:44:00,F2,75.929,1.413,5.479,76.663,9.339,normal
2026-01-04T05:45:00,F2,76.575,1.212,5.077,61.79,9.416,normal
2026-01-04T05:46:00,F2,71.51,1.668,5.384,54.768,6.757,normal
2026-01-04T05:47:00,F2,79.941,1.382,4.636,57.811,7.581,normal
2026-01-04T05:48:00,F2,67.912,1.191,3.85,69.364,8.949,normal
2026-01-04T05:49:00,F2,87.789,1.445,4.772,65.774,6.798,normal
2026-01-04T05:50:00,F2,74.67,1.481,5.68,59.294,6.82,failure
2026-01-04T05:51:00,F2,86.175,1.459,5.312,69.485,5.748,normal
2026-01-04T05:52:00,F2,73.158,1.449,3.711,77.029,9.693,normal
2026-01-04T05:53:00,F2,92.657,1.465,3.917,72.83,10.821,normal
2026-01-04T05:54:00,F2,71.031,1.631,4.974,55.963,8.688,normal
2026-01-04T05:55:00,F2,78.129,1.37,4.477,48.811,7.032,normal
2026-01-04T05:56:00,F2,70.812,1.423,4.891,52.035,8.943,failure
2026-01-04T05:57:00,F2,71.546,1.495,4.965,75.465,7.969,failure
2026-01-04T05:58:00,F2,72.462,1.14,6.037,58.278,8.466,normal
2026-01-04T05:59:00,F2,70.606,1.146,4.244,64.572,7.675,normal
2026-01-04T06:00:00,F2,84.003,1.361,5.004,50.695,7.66,normal
2026-01-04T06:01:00,F2,71.367,1.473,5.826,57.606,7.364,normal
2026-01-04T06:02:00,F2,77.483,1.428,3.691,66.791,12.834,normal
2026-01-04T06:03:00,F2,73.797,1.631,4.595,65.063,8.985,failure
2026-01-04T06:04:00,F2,74.496,1.568,3.786,68.527,8.764,normal
2026-01-04T06:05:00,F2,68.242,1.135,4.31,73.34,8.9,normal
2026-01-04T06:06:00,F2,73.28,1.387,5.385,67.232,7.879,normal
2026-01-04T06:07:00,F2,80.524,1.466,4.993,73.07,9.372,normal
2026-01-04T06:08:00,F2,67.35,1.492,4.395,73.052,8.901,normal
2026-01-04T06:09:00,F2,81.036,1.609,3.938,79.636,7.967,normal
2026-01-04T06:10:00,F2,88.278,1.578,4.715,64.793,8.857,normal
2026-01-04T06:11:00,F2,81.349,1.577,4.14,48.423,9.776,normal
2026-01-04T06:12:00,F2,82.609,1.318,6.123,65.057,6.999,normal
2026-01-04T06:13:00,F2,69.961,1.269,5.25,57.048,9.545,normal
2026-01-04T06:14:00,F2,79.075,1.182,5.374,81.514,8.149,normal
2026-01-04T06:15:00,F2,50.146,1.149,5.15,61.36,8.822,normal
2026-01-04T06:16:00,F2,77.661,1.607,4.872,68.516,7.514,normal
2026-01-04T06:17:00,F2,76.149,1.435,4.97,71.833,7.207,normal
2026-01-04T06:18:00,F2,75.213,1.524,5.021,75.475,7.366,normal
2026-01-04T06:19:00,F2,75.506,1.41,5.211,61.178,6.787,normal
2026-01-04T06:20:00,F2,80.03,1.435,3.992,79.886,9.809,normal
2026-01-04T06:21:00,F2,66.994,1.614,5.701,54.806,8.865,normal
2026-01-04T06:22:00,F2,78.8,1.177,4.79,66.2,8.518,normal
2026-01-04T06:23:00,F2,57.789,1.444,4.821,75.5,8.675,normal
2026-01-04T06:24:00,F2,85.191,1.666,4.394,73.964,5.343,normal
2026-01-04T06:25:00,F2,68.034,1.354,4.757,78.812,8.418,normal
2026-01-04T06:26:00,F2,66.888,1.305,4.132,73.018,8.959,normal
2026-01-04T06:27:00,F2,74.515,1.379,3.95,63.226,9.304,normal
2026-01-04T06:28:00,F2,84.758,1.44,4.775,72.518,8.357,normal
2026-01-04T06:29:00,F2,78.255,1.442,4.11,73.537,10.317,normal
2026-01-04T06:30:00,F2,87.095,1.565,3.541,58.335,10.889,normal
2026-01-04T06:31:00,F2,81.235,1.698,4.359,54.437,10.349,normal
2026-01-04T06:32:00,F2,65.342,1.349,3.487,67.214,6.394,normal
2026-01-04T06:33:00,F2,85.15,1.657,4.926,81.119,6.223,failure
2026-01-04T06:34:00,F2,79.827,1.235,3.897,67.994,6.388,normal
2026-01-04T06:35:00,F2,75.571,1.458,4.898,78.299,5.822,normal
2026-01-04T06:36:00,F2,81.407,1.29,5.002,62.162,8.447,normal
2026-01-04T06:37:00,F2,90.331,1.32,4.934,69.374,8.228,failure
2026-01-04T06:38:00,F2,68.426,1.521,6.459,55.239,8.49,failure
2026-01-04T06:39:00,F2,75.764,1.599,5.231,68.51,5.21,normal
2026-01-04T06:40:00,F2,60.202,1.414,4.811,76.245,7.255,normal
2026-01-04T06:41:00,F2,71.686,1.622,5.968,68.558,7.644,failure
2026-01-04T06:42:00,F2,81.802,1.653,6.01,64.333,6.769,normal
2026-01-04T06:43:00,F2,75.95,1.513,5.496,56.585,9.166,normal
2026-01-04T06:44:00,F2,73.361,1.111,2.895,75.71,7.026,normal
2026-01-04T06:45:00,F2,68.976,1.34,5.036,45.536,9.056,normal
2026-01-04T06:46:00,F2,77.712,1.224,4.53,67.625,8.36,normal
2026-01-04T06:47:00,F2,75.248,1.389,3.548,55.23,6.696,normal
2026-01-04T06:48:00,F2,74.238,1.405,4.467,67.006,8.79,normal
2026-01-04T06:49:00,F2,85.174,1.493,5.957,57.69,10.683,failure
2026-01-04T06:50:00,F2,82.072,1.411,3.237,68.193,7.618,normal
2026-01-04T06:51:00,F2,77.084,1.431,4.419,55.441,9.584,normal
2026-01-04T06:52:00,F2,68.407,1.407,5.83,77.767,8.633,failure
2026-01-04T06:53:00,F2,64.167,1.499,4.648,73.164,11.096,failure
2026-01-04T06:54:00,F2,75.571,1.2,4.537,45.835,9.306,normal
2026-01-04T06:55:00,F2,79.258,1.686,4.383,68.783,8.156,normal
2026-01-04T06:56:00,F2,80.359,1.273,4.587,61.828,10.452,normal
2026-01-04T06:57:00,F2,79.295,1.708,4.777,59.172,8.324,normal
2026-01-04T06:58:00,F2,82.259,1.31,5.58,55.457,8.675,failure
2026-01-04T06:59:00,F2,80.539,1.448,4.731,43.601,8.997,normal
2026-01-04T07:00:00,F2,65.08,1.635,4.461,55.26,7.689,normal
2026-01-04T07:01:00,F2,81.542,1.42,5.223,72.732,7.306,normal
2026-01-04T07:02:00,F2,62.196,1.519,4.836,72.823,11.976,normal
2026-01-04T07:03:00,F2,82.309,1.537,4.308,69.071,7.864,normal
2026-01-04T07:04:00,F2,67.08,1.615,5.385,70.054,6.66,normal
2026-01-04T07:05:00,F2,75.705,1.514,5.491,59.775,11.583,normal
2026-01-04T07:06:00,F2,71.59,1.46,5.353,70.553,8.401,normal
2026-01-04T07:07:00,F2,89.216,1.563,4.619,73.49,9.463,failure
2026-01-04T07:08:00,F2,68.675,1.388,4.124,56.61,9.257,normal
2026-01-04T07:09:00,F2,70.609,1.423,5.148,59.527,8.306,normal
2026-01-04T07:10:00,F2,89.637,1.448,4.192,58.845,7.583,normal
2026-01-04T07:11:00,F2,69.684,1.328,4.42,60.879,6.455,normal
2026-01-04T07:12:00,F2,86.601,1.016,5.628,64.517,7.499,normal
2026-01-04T07:13:00,F2,84.0,1.58,5.19,61.784,8.781,failure
2026-01-04T07:14:00,F2,72.938,1.581,6.154,77.588,7.298,failure
2026-01-04T07:15:00,F2,72.755,1.554,5.712,57.607,7.939,failure
2026-01-04T07:16:00,F2,92.689,1.564,4.06,56.032,8.567,normal
2026-01-04T07:17:00,F2,70.92,1.408,5.853,65.867,7.632,failure
2026-01-04T07:18:00,F2,74.598,1.611,3.348,68.241,6.799,normal
2026-01-04T07:19:00,F2,70.435,1.57,4.033,62.335,10.641,normal
2026-01-04T07:20:00,F2,77.523,1.58,5.714,74.593,9.695,normal
2026-01-04T07:21:00,F2,77.144,1.01,3.238,51.291,8.78,normal
2026-01-04T07:22:00,F2,86.308,1.741,4.701,51.112,10.964,failure
2026-01-04T07:23:00,F2,69.884,1.652,4.361,57.348,9.055,normal
2026-01-04T07:24:00,F2,61.073,1.597,4.436,76.078,7.387,normal
2026-01-04T07:25:00,F2,84.503,1.494,4.625,81.996,7.105,normal
2026-01-04T07:26:00,F2,74.008,1.416,4.716,68.387,7.243,normal
2026-01-04T07:27:00,F2,69.569,1.233,5.75,70.249,5.824,normal
2026-01-04T07:28:00,F2,63.769,1.548,4.379,90.821,6.415,normal
2026-01-04T07:29:00,F2,70.733,1.355,4.586,73.58,8.204,normal
2026-01-04T07:30:00,F2,80.282,1.49,4.074,55.759,5.738,normal
2026-01-04T07:31:00,F2,85.649,1.54,5.242,62.221,8.397,normal
2026-01-04T07:32:00,F2,79.229,1.489,3.958,62.717,5.539,normal
2026-01-04T07:33:00,F2,71.692,1.649,4.432,69.221,11.138,normal
2026-01-04T07:34:00,F2,85.022,1.256,3.413,50.0,9.219,normal
2026-01-04T07:35:00,F2,85.262,1.549,4.853,57.124,8.597,failure
2026-01-04T07:36:00,F2,78.483,1.375,3.555,61.342,8.07,normal
2026-01-04T07:37:00,F2,72.519,1.606,6.042,72.761,10.564,failure
2026-01-04T07:38:00,F2,83.398,1.588,5.319,73.086,8.991,failure
2026-01-04T07:39:00,F2,76.773,1.602,3.987,65.844,6.855,normal
2026-01-04T07:40:00,F2,73.181,1.48,3.476,57.119,8.032,normal
2026-01-04T07:41:00,F2,73.521,1.296,4.245,67.664,7.378,normal
2026-01-04T07:42:00,F2,57.433,1.359,5.115,53.299,8.528,normal
2026-01-04T07:43:00,F2,72.208,1.883,4.611,68.407,6.393,normal
2026-01-04T07:44:00,F2,74.465,1.657,4.569,68.78,6.99,failure
2026-01-04T07:45:00,F2,75.953,1.375,5.861,66.011,6.825,failure
2026-01-04T07:46:00,F2,76.755,1.908,6.134,84.387,9.623,failure
2026-01-04T07:47:00,F2,80.006,1.423,3.382,55.197,6.277,normal
2026-01-04T07:48:00,F2,70.932,1.43,5.111,60.78,11.03,normal
2026-01-04T07:49:00,F2,73.027,1.355,5.388,75.672,6.957,normal
2026-01-04T07:50:00,F2,82.56,1.386,4.51,61.081,10.847,failure
2026-01-04T07:51:00,F2,65.421,1.813,5.157,56.539,8.444,normal
2026-01-04T07:52:00,F2,75.864,1.751,3.587,79.904,8.465,normal
2026-01-04T07:53:00,F2,89.79,1.412,4.405,65.994,11.386,normal
2026-01-04T07:54:00,F2,77.516,1.79,5.401,58.171,8.875,normal
2026-01-04T07:55:00,F2,79.468,1.344,5.83,72.162,7.987,normal
2026-01-04T07:56:00,F2,78.462,1.678,4.608,62.445,7.95,failure
2026-01-04T07:57:00,F2,85.524,1.097,4.033,77.837,6.819,normal
2026-01-04T07:58:00,F2,83.291,1.343,4.19,54.047,9.871,normal
2026-01-04T07:59:00,F2,67.57,1.65,5.772,65.233,10.401,failure
2026-01-04T08:00:00,F2,85.567,1.539,6.527,62.931,5.554,normal
2026-01-04T08:01:00,F2,86.141,1.586,4.048,70.844,9.766,failure
2026-01-04T08:02:00,F2,73.811,1.708,5.214,62.013,7.361,failure
2026-01-04T08:03:00,F2,88.51,1.418,4.672,84.975,8.774,normal
2026-01-04T08:04:00,F2,89.953,1.621,5.025,56.79,8.764,normal
2026-01-04T08:05:00,F2,81.245,1.791,4.162,54.445,9.496,normal
2026-01-04T08:06:00,F2,70.382,1.438,5.432,52.891,8.416,normal
2026-01-04T08:07:00,F2,83.442,1.435,6.213,70.25,8.656,normal
2026-01-04T08:08:00,F2,80.133,1.618,5.086,55.661,10.031,failure
2026-01-04T08:09:00,F2,72.805,1.654,4.345,81.698,8.504,normal
2026-01-04T08:10:00,F2,80.595,1.462,5.421,64.218,7.637,normal
2026-01-04T08:11:00,F2,91.3,1.302,5.581,79.276,6.758,normal
2026-01-04T08:12:00,F2,73.956,1.582,4.679,55.284,10.882,normal
2026-01-04T08:13:00,F2,82.142,1.465,4.002,67.884,9.79,normal
2026-01-04T08:14:00,F2,80.83,1.397,5.314,59.539,7.915,normal
2026-01-04T08:15:00,F2,72.517,1.729,5.393,59.567,7.353,normal
2026-01-04T08:16:00,F2,75.15,1.628,5.153,63.572,7.519,normal
2026-01-04T08:17:00,F2,75.672,1.57,4.33,65.076,11.647,normal
2026-01-04T08:18:00,F2,84.968,1.687,5.597,65.278,9.251,normal
2026-01-04T08:19:00,F2,58.657,1.618,5.358,71.919,11.17,normal
2026-01-04T08:20:00,F2,84.801,1.491,4.884,64.919,9.23,normal
2026-01-04T08:21:00,F2,92.504,1.384,4.475,67.53,10.908,failure
2026-01-04T08:22:00,F2,80.91,1.286,3.812,49.209,7.999,normal
2026-01-04T08:23:00,F2,74.826,1.707,4.514,64.144,8.316,normal
2026-01-04T08:24:00,F2,97.689,1.339,4.843,62.302,9.55,failure
2026-01-04T08:25:00,F2,86.941,1.605,5.459,64.846,8.619,normal
2026-01-04T08:26:00,F2,66.723,1.482,4.042,67.407,8.369,normal
2026-01-04T08:27:00,F2,91.142,1.27,4.491,63.681,6.013,normal
2026-01-04T08:28:00,F2,77.417,1.409,4.449,60.935,8.716,normal
2026-01-04T08:29:00,F2,93.182,1.262,4.632,74.765,7.481,normal
2026-01-04T08:30:00,F2,77.409,1.602,5.946,64.904,8.179,failure
2026-01-04T08:31:00,F2,62.02,1.586,5.145,49.245,7.352,normal
2026-01-04T08:32:00,F2,78.272,1.475,4.531,71.776,10.139,failure
2026-01-04T08:33:00,F2,70.854,1.669,5.526,55.629,13.023,failure
2026-01-04T08:34:00,F2,84.896,1.595,4.745,66.808,7.224,normal
2026-01-04T08:35:00,F2,88.742,1.708,5.338,69.279,8.624,failure
2026-01-04T08:36:00,F2,89.528,1.612,4.209,68.89,9.777,failure
2026-01-04T08:37:00,F2,70.768,1.558,3.978,54.735,6.662,normal
2026-01-04T08:38:00,F2,70.171,1.476,4.928,78.366,7.618,normal
2026-01-04T08:39:00,F2,84.252,1.354,5.1,52.987,9.168,normal
2026-01-04T08:40:00,F2,71.952,1.383,5.37,57.239,11.616,normal
2026-01-04T08:41:00,F2,93.124,1.541,5.024,67.448,10.857,failure
2026-01-04T08:42:00,F2,77.841,1.416,5.1,87.034,8.243,normal
2026-01-04T08:43:00,F2,69.266,1.364,4.983,55.7,11.078,normal
2026-01-04T08:44:00,F2,71.503,1.42,4.821,62.236,9.426,normal
2026-01-04T08:45:00,F2,76.796,1.63,4.973,55.062,8.424,normal
2026-01-04T08:46:00,F2,87.57,1.808,6.311,66.721,8.111,failure
2026-01-04T08:47:00,F2,88.367,1.375,4.273,58.611,11.641,failure
2026-01-04T08:48:00,F2,81.419,1.686,4.205,51.898,7.155,normal
2026-01-04T08:49:00,F2,64.239,1.72,5.305,62.141,10.744,normal
2026-01-04T08:50:00,F2,65.977,1.543,4.524,75.819,7.921,normal
2026-01-04T08:51:00,F2,73.168,1.683,4.345,62.224,10.34,normal
2026-01-04T08:52:00,F2,85.712,1.69,4.867,66.651,8.867,normal
2026-01-04T08:53:00,F2,70.162,1.733,5.428,59.423,5.32,normal
2026-01-04T08:54:00,F2,82.094,1.977,4.841,56.556,8.606,failure
2026-01-04T08:55:00,F2,76.503,1.414,5.857,82.212,5.707,failure
2026-01-04T08:56:00,F2,97.044,1.656,4.594,66.06,9.85,failure
2026-01-04T08:57:00,F2,83.851,1.535,5.013,70.225,12.613,normal
2026-01-04T08:58:00,F2,85.387,1.839,3.855,67.891,7.503,failure
2026-01-04T08:59:00,F2,81.986,1.485,4.992,75.149,7.571,normal
2026-01-04T09:00:00,F2,68.122,1.569,4.339,50.984,11.063,normal
2026-01-04T09:01:00,F2,92.241,1.515,4.718,71.024,9.037,failure
2026-01-04T09:02:00,F2,84.087,1.489,5.018,74.495,7.986,failure
2026-01-04T09:03:00,F2,72.174,1.33,4.913,64.24,7.54,normal
2026-01-04T09:04:00,F2,74.24,1.668,6.017,59.054,9.941,failure
2026-01-04T09:05:00,F2,88.869,1.5,4.04,74.588,7.683,failure
2026-01-04T09:06:00,F2,68.059,1.411,4.47,58.135,7.63,normal
2026-01-04T09:07:00,F2,69.207,1.459,5.711,55.002,9.06,normal
2026-01-04T09:08:00,F2,70.334,1.659,5.629,71.896,7.727,normal
2026-01-04T09:09:00,F2,71.503,1.32,5.069,67.115,11.371,normal
2026-01-04T09:10:00,F2,82.401,1.868,5.703,70.81,9.923,failure
2026-01-04T09:11:00,F2,71.851,1.539,4.861,90.507,7.351,normal
2026-01-04T09:12:00,F2,75.8,1.602,3.748,71.766,8.559,normal
2026-01-04T09:13:00,F2,66.396,1.483,3.175,63.728,9.404,normal
2026-01-04T09:14:00,F2,71.766,1.276,5.597,66.903,8.389,normal
2026-01-04T09:15:00,F2,67.529,1.503,4.558,85.934,10.358,normal
2026-01-04T09:16:00,F2,69.232,1.53,4.671,66.183,7.384,normal
2026-01-04T09:17:00,F2,71.41,1.483,4.574,65.716,11.01,normal
2026-01-04T09:18:00,F2,79.138,1.515,4.609,72.128,11.143,failure
2026-01-04T09:19:00,F2,86.313,1.614,4.495,70.972,11.798,normal
2026-01-04T09:20:00,F2,67.732,1.702,4.747,70.788,8.539,failure
2026-01-04T09:21:00,F2,67.503,1.586,4.836,70.785,9.108,failure
2026-01-04T09:22:00,F2,77.517,1.764,3.782,53.721,7.37,normal
2026-01-04T09:23:00,F2,85.75,1.509,4.374,69.969,9.78,normal
2026-01-04T09:24:00,F2,91.589,1.701,4.292,68.461,6.936,normal
2026-01-04T09:25:00,F2,80.99,1.587,4.636,77.463,7.293,normal
2026-01-04T09:26:00,F2,76.623,1.36,4.334,63.82,11.341,normal
2026-01-04T09:27:00,F2,61.449,1.57,4.139,73.515,7.324,normal
2026-01-04T09:28:00,F2,67.157,1.501,5.186,72.886,7.358,normal
2026-01-04T09:29:00,F2,79.49,1.4,5.372,55.494,6.634,normal
2026-01-04T09:30:00,F2,79.32,1.422,5.443,61.388,6.713,normal
2026-01-04T09:31:00,F2,59.745,1.431,4.578,57.579,9.304,normal
2026-01-04T09:32:00,F2,85.027,1.626,4.86,43.221,7.776,normal
2026-01-04T09:33:00,F2,84.169,1.55,4.402,70.309,7.779,normal
2026-01-04T09:34:00,F2,84.19,1.375,6.412,73.864,7.951,normal
2026-01-04T09:35:00,F2,89.007,1.182,4.631,79.46,6.799,normal
2026-01-04T09:36:00,F2,79.612,1.615,4.158,56.167,8.375,normal
2026-01-04T09:37:00,F2,71.193,1.664,4.783,52.539,10.109,failure
2026-01-04T09:38:00,F2,75.449,1.64,4.788,54.719,8.028,normal
2026-01-04T09:39:00,F2,85.748,1.643,4.263,57.379,7.66,normal
2026-01-04T09:40:00,F2,79.25,1.63,3.657,53.026,7.463,normal
2026-01-04T09:41:00,F2,56.492,1.567,4.734,58.478,8.564,normal
2026-01-04T09:42:00,F2,76.354,1.549,5.178,48.889,11.952,failure
2026-01-04T09:43:00,F2,68.174,1.562,5.051,76.264,10.079,normal
2026-01-04T09:44:00,F2,67.209,1.55,5.455,73.381,8.291,normal
2026-01-04T09:45:00,F2,69.306,1.546,5.229,55.429,9.28,failure
2026-01-04T09:46:00,F2,77.902,1.708,6.422,61.332,7.977,failure
2026-01-04T09:47:00,F2,79.71,1.531,4.031,64.835,8.468,failure
2026-01-04T09:48:00,F2,82.87,1.639,4.756,67.27,9.436,normal
2026-01-04T09:49:00,F2,76.068,1.451,5.353,77.862,10.104,normal
2026-01-04T09:50:00,F2,78.335,1.677,4.272,79.47,6.473,normal
2026-01-04T09:51:00,F2,82.652,1.804,4.318,95.758,9.379,failure
2026-01-04T09:52:00,F2,65.619,1.566,4.41,55.233,8.598,normal
2026-01-04T09:53:00,F2,72.123,1.762,4.708,59.037,10.328,normal
2026-01-04T09:54:00,F2,78.802,1.296,2.901,71.436,7.482,normal
2026-01-04T09:55:00,F2,102.278,1.368,3.549,39.342,7.065,normal
2026-01-04T09:56:00,F2,68.718,1.434,6.052,65.016,7.46,normal
2026-01-04T09:57:00,F2,87.639,1.69,5.188,64.945,8.244,normal
2026-01-04T09:58:00,F2,64.074,1.517,4.07,76.422,8.654,normal
2026-01-04T09:59:00,F2,61.344,1.357,3.834,72.086,8.997,normal
2026-01-04T10:00:00,F2,78.404,1.626,4.654,69.462,9.016,failure
2026-01-04T10:01:00,F2,89.419,1.523,4.288,54.049,7.541,normal
2026-01-04T10:02:00,F2,77.321,1.519,4.703,59.07,6.622,normal
2026-01-04T10:03:00,F2,72.089,1.765,4.693,74.668,7.432,failure
2026-01-04T10:04:00,F2,82.535,1.535,4.389,58.516,10.99,normal
2026-01-04T10:05:00,F2,64.932,1.549,4.776,73.154,9.292,normal
2026-01-04T10:06:00,F2,76.413,1.566,4.479,75.608,10.652,failure
2026-01-04T10:07:00,F2,83.131,1.771,4.895,62.189,10.194,failure
2026-01-04T10:08:00,F2,86.383,1.507,5.169,73.739,8.187,failure
2026-01-04T10:09:00,F2,71.62,1.549,5.429,68.014,9.482,normal
2026-01-04T10:10:00,F2,59.69,1.686,4.534,56.847,9.13,normal
2026-01-04T10:11:00,F2,74.595,1.268,3.984,64.277,9.096,normal
2026-01-04T10:12:00,F2,73.131,1.525,4.698,73.415,8.155,normal
2026-01-04T10:13:00,F2,77.147,1.67,6.113,69.178,7.91,failure
2026-01-04T10:14:00,F2,86.056,1.687,4.613,70.694,11.258,failure
2026-01-04T10:15:00,F2,74.82,1.462,5.813,60.678,9.156,normal
2026-01-04T10:16:00,F2,71.378,1.517,4.238,50.975,9.811,normal
2026-01-04T10:17:00,F2,69.261,1.657,4.52,79.033,10.218,normal
2026-01-04T10:18:00,F2,72.732,1.704,5.446,53.66,8.253,normal
2026-01-04T10:19:00,F2,71.206,1.474,4.496,58.43,7.198,normal
2026-01-04T10:20:00,F2,73.509,1.599,5.223,66.128,8.517,normal
2026-01-04T10:21:00,F2,70.415,1.338,4.431,70.17,6.939,normal
2026-01-04T10:22:00,F2,68.745,1.59,5.279,72.761,9.469,normal
2026-01-04T10:23:00,F2,72.36,1.294,4.542,72.049,9.097,normal
2026-01-04T10:24:00,F2,73.128,1.759,3.819,76.674,8.622,normal
2026-01-04T10:25:00,F2,49.231,1.968,4.89,49.117,8.383,normal
2026-01-04T10:26:00,F2,79.438,1.622,5.977,77.75,8.607,failure
2026-01-04T10:27:00,F2,69.399,1.543,6.837,67.273,9.479,normal
2026-01-04T10:28:00,F2,73.183,1.149,5.319,67.52,8.233,normal
2026-01-04T10:29:00,F2,78.296,1.491,4.782,70.071,8.006,normal
2026-01-04T10:30:00,F2,83.86,1.513,5.301,55.426,7.748,failure
2026-01-04T10:31:00,F2,78.824,1.823,5.326,53.982,8.79,failure
2026-01-04T10:32:00,F2,85.409,1.707,4.386,78.048,10.995,failure
2026-01-04T10:33:00,F2,77.209,1.702,5.416,78.052,7.514,normal
2026-01-04T10:34:00,F2,88.485,1.479,5.539,44.623,6.53,normal
2026-01-04T10:35:00,F2,85.479,1.323,4.689,60.022,10.418,failure
2026-01-04T10:36:00,F2,80.154,1.727,4.879,62.93,7.677,normal
2026-01-04T10:37:00,F2,86.372,1.758,4.111,66.634,7.219,failure
2026-01-04T10:38:00,F2,67.687,1.436,5.134,70.003,8.868,normal
2026-01-04T10:39:00,F2,76.611,1.431,5.195,73.072,9.387,normal
2026-01-04T10:40:00,F2,76.946,1.58,5.166,67.646,8.369,normal
2026-01-04T10:41:00,F2,76.333,1.592,3.888,69.774,9.13,failure
2026-01-04T10:42:00,F2,76.489,1.575,4.776,52.157,8.632,failure
2026-01-04T10:43:00,F2,80.783,1.677,6.246,71.493,7.563,normal
2026-01-04T10:44:00,F2,66.455,1.695,4.055,64.194,7.946,normal
2026-01-04T10:45:00,F2,85.168,1.798,4.914,77.298,8.38,failure
2026-01-04T10:46:00,F2,65.546,1.617,5.434,54.613,9.517,normal
2026-01-04T10:47:00,F2,72.798,1.518,5.954,83.794,8.512,normal
2026-01-04T10:48:00,F2,83.328,1.742,4.343,61.329,10.032,failure
2026-01-04T10:49:00,F2,63.635,1.569,5.316,63.328,7.93,normal
2026-01-04T10:50:00,F2,67.641,1.626,5.251,76.653,7.91,failure
2026-01-04T10:51:00,F2,78.338,1.654,4.997,66.448,6.7,normal
2026-01-04T10:52:00,F2,85.722,1.647,4.751,65.046,10.17,normal
2026-01-04T10:53:00,F2,72.302,1.541,4.549,62.92,10.12,failure
2026-01-04T10:54:00,F2,72.192,1.553,4.701,61.603,8.208,normal
2026-01-04T10:55:00,F2,71.788,2.034,5.343,65.245,6.861,failure
2026-01-04T10:56:00,F2,61.13,1.954,5.73,57.953,8.365,normal
2026-01-04T10:57:00,F2,70.683,1.539,4.338,56.665,8.023,normal
2026-01-04T10:58:00,F2,87.115,1.445,6.099,64.497,9.81,failure
2026-01-04T10:59:00,F2,71.917,1.554,4.254,74.81,9.759,normal
2026-01-04T11:00:00,F2,85.279,1.698,4.59,72.48,10.036,normal
2026-01-04T11:01:00,F2,70.347,2.172,5.892,64.747,9.221,failure
2026-01-04T11:02:00,F2,69.551,1.781,4.89,53.241,9.788,normal
2026-01-04T11:03:00,F2,67.181,1.457,4.526,79.166,9.967,normal
2026-01-04T11:04:00,F2,77.139,1.665,4.686,67.091,7.721,normal
2026-01-04T11:05:00,F2,84.606,1.482,4.252,72.925,7.975,normal
2026-01-04T11:06:00,F2,64.909,1.582,4.785,56.09,5.706,normal
2026-01-04T11:07:00,F2,75.346,1.74,5.602,70.693,7.277,normal
2026-01-04T11:08:00,F2,78.165,1.396,5.505,73.816,6.875,normal
2026-01-04T11:09:00,F2,73.102,1.402,4.486,76.723,8.36,normal
2026-01-04T11:10:00,F2,74.94,1.744,4.589,56.72,8.482,normal
2026-01-04T11:11:00,F2,83.018,1.921,3.978,53.895,8.379,normal
2026-01-04T11:12:00,F2,76.662,1.102,4.113,84.643,9.438,normal
2026-01-04T11:13:00,F2,49.713,1.656,5.908,78.596,13.068,normal
2026-01-04T11:14:00,F2,89.244,1.324,4.804,51.271,10.882,normal
2026-01-04T11:15:00,F2,80.661,1.494,4.683,55.365,8.166,failure
2026-01-04T11:16:00,F2,63.535,1.494,4.504,60.694,10.025,normal
2026-01-04T11:17:00,F2,69.604,1.351,5.461,72.031,7.96,normal
2026-01-04T11:18:00,F2,76.122,1.699,4.867,57.156,6.79,normal
2026-01-04T11:19:00,F2,74.746,1.451,4.337,66.152,7.018,normal
2026-01-04T11:20:00,F2,66.78,1.508,4.63,55.226,9.129,normal
2026-01-04T11:21:00,F2,78.928,1.327,5.14,68.951,6.123,normal
2026-01-04T11:22:00,F2,67.254,1.64,4.681,56.724,10.036,normal
2026-01-04T11:23:00,F2,82.128,1.982,5.334,79.348,8.424,failure
2026-01-04T11:24:00,F2,79.5,1.421,5.828,55.604,9.201,normal
2026-01-04T11:25:00,F2,92.076,1.429,4.45,89.844,11.576,failure
2026-01-04T11:26:00,F2,71.84,1.762,4.823,40.221,7.685,normal
2026-01-04T11:27:00,F2,87.972,1.269,5.883,73.104,8.849,failure
2026-01-04T11:28:00,F2,59.903,1.669,4.968,66.525,8.173,normal
2026-01-04T11:29:00,F2,71.893,1.705,5.185,56.583,7.492,normal
2026-01-04T11:30:00,F2,79.858,1.368,4.564,76.968,8.457,normal
2026-01-04T11:31:00,F2,77.391,1.403,5.005,71.009,9.175,normal
2026-01-04T11:32:00,F2,73.63,1.548,4.966,74.856,7.45,failure
2026-01-04T11:33:00,F2,89.424,1.591,5.632,73.736,7.899,failure
2026-01-04T11:34:00,F2,78.684,1.849,4.768,69.937,8.146,normal
2026-01-04T11:35:00,F2,73.911,1.455,4.988,65.029,6.764,normal
2026-01-04T11:36:00,F2,69.939,1.403,3.845,66.428,7.849,normal
2026-01-04T11:37:00,F2,69.291,1.558,5.113,63.702,8.268,normal
2026-01-04T11:38:00,F2,59.535,1.45,4.281,71.715,8.765,normal
2026-01-04T11:39:00,F2,79.81,1.654,5.125,76.073,9.255,normal
2026-01-04T11:40:00,F2,84.649,1.565,4.789,62.484,6.273,failure
2026-01-04T11:41:00,F2,66.566,1.493,4.448,52.846,8.042,normal
2026-01-04T11:42:00,F2,63.818,1.289,5.536,60.099,9.707,normal
2026-01-04T11:43:00,F2,89.36,1.829,5.181,67.938,8.293,failure
2026-01-04T11:44:00,F2,83.329,1.47,5.434,79.852,7.766,failure
2026-01-04T11:45:00,F2,92.047,1.473,5.323,74.369,9.581,failure
2026-01-04T11:46:00,F2,78.22,1.655,3.878,52.572,8.081,normal
2026-01-04T11:47:00,F2,66.902,1.741,1.325,70.262,8.139,normal
2026-01-04T11:48:00,F2,80.488,1.652,4.511,67.821,8.981,normal
2026-01-04T11:49:00,F2,66.15,1.501,4.386,54.46,8.016,normal
2026-01-04T11:50:00,F2,80.966,1.7,4.576,52.094,8.456,normal
2026-01-04T11:51:00,F2,77.498,1.584,4.906,46.638,8.014,failure
2026-01-04T11:52:00,F2,68.72,1.612,4.947,73.125,9.423,normal
2026-01-04T11:53:00,F2,80.017,1.573,5.279,67.633,9.528,normal
2026-01-04T11:54:00,F2,75.18,1.642,6.009,70.649,4.031,normal
2026-01-04T11:55:00,F2,69.375,1.488,3.846,77.005,7.977,normal
2026-01-04T11:56:00,F2,80.158,1.493,4.984,64.282,9.177,normal
2026-01-04T11:57:00,F2,87.322,1.327,4.858,73.884,8.209,normal
2026-01-04T11:58:00,F2,77.992,1.453,4.561,64.681,7.032,failure
2026-01-04T11:59:00,F2,78.933,1.618,4.917,73.489,10.525,normal
2026-01-04T12:00:00,F2,78.253,1.483,4.154,71.268,7.4,normal
2026-01-04T12:01:00,F2,85.532,1.435,5.45,61.934,10.223,failure
2026-01-04T12:02:00,F2,73.943,1.486,5.282,49.72,10.18,normal
2026-01-04T12:03:00,F2,71.344,1.495,5.197,70.28,9.932,normal
2026-01-04T12:04:00,F2,77.317,1.561,4.489,62.799,12.097,failure
2026-01-04T12:05:00,F2,81.939,1.961,4.579,56.622,6.859,failure
2026-01-04T12:06:00,F2,77.738,1.53,4.184,54.639,7.595,failure
2026-01-04T12:07:00,F2,69.215,1.776,5.621,70.36,8.687,failure
2026-01-04T12:08:00,F2,74.689,1.691,3.933,54.109,7.16,failure
2026-01-04T12:09:00,F2,82.863,1.425,5.185,60.751,7.818,normal
2026-01-04T12:10:00,F2,85.672,1.863,4.736,61.367,9.959,failure
2026-01-04T12:11:00,F2,73.718,1.624,4.45,66.532,7.325,normal
2026-01-04T12:12:00,F2,80.108,1.714,2.896,76.044,9.587,normal
2026-01-04T12:13:00,F2,68.95,1.513,5.217,61.563,8.271,normal
2026-01-04T12:14:00,F2,85.125,1.467,5.537,59.729,7.607,failure
2026-01-04T12:15:00,F2,81.419,1.529,5.078,61.591,8.275,normal
2026-01-04T12:16:00,F2,62.461,1.794,4.18,71.719,8.667,normal
2026-01-04T12:17:00,F2,77.811,1.727,4.38,70.653,8.243,normal
2026-01-04T12:18:00,F2,71.355,1.875,5.509,72.03,8.348,failure
2026-01-04T12:19:00,F2,60.622,1.848,5.529,60.482,6.839,normal
2026-01-04T12:20:00,F2,68.068,2.058,5.418,84.446,8.126,failure
2026-01-04T12:21:00,F2,69.964,1.766,5.511,66.606,6.479,normal
2026-01-04T12:22:00,F2,73.276,1.9,3.892,78.307,6.633,normal
2026-01-04T12:23:00,F2,58.841,1.675,4.526,74.349,9.241,normal
2026-01-04T12:24:00,F2,71.863,1.651,6.402,53.595,10.238,failure
2026-01-04T12:25:00,F2,86.698,1.53,5.077,50.442,7.574,normal
2026-01-04T12:26:00,F2,77.424,1.416,5.227,70.382,9.27,normal
2026-01-04T12:27:00,F2,92.854,1.617,4.5,71.33,7.246,normal
2026-01-04T12:28:00,F2,74.608,1.735,5.98,69.066,10.341,failure
2026-01-04T12:29:00,F2,78.153,1.757,5.031,63.328,10.955,failure
2026-01-04T12:30:00,F2,77.248,1.653,3.631,65.578,8.4,normal
2026-01-04T12:31:00,F2,88.51,1.69,4.712,66.88,9.445,failure
2026-01-04T12:32:00,F2,92.719,1.666,4.735,80.515,7.703,failure
2026-01-04T12:33:00,F2,78.984,1.417,4.186,63.051,10.417,normal
2026-01-04T12:34:00,F2,77.4,1.456,4.728,71.551,8.483,normal
2026-01-04T12:35:00,F2,87.685,1.491,5.116,63.711,8.67,failure
2026-01-04T12:36:00,F2,81.89,1.404,4.618,54.213,7.329,normal
2026-01-04T12:37:00,F2,77.335,1.495,4.636,69.21,8.701,normal
2026-01-04T12:38:00,F2,74.502,1.379,4.969,72.064,7.51,normal
2026-01-04T12:39:00,F2,83.116,1.707,5.055,66.161,6.358,normal
2026-01-04T12:40:00,F2,76.935,1.581,4.817,70.889,9.922,normal
2026-01-04T12:41:00,F2,93.081,1.693,5.442,64.451,9.014,failure
2026-01-04T12:42:00,F2,78.477,1.496,4.527,74.851,7.826,normal
2026-01-04T12:43:00,F2,71.933,1.543,4.617,46.694,10.042,normal
2026-01-04T12:44:00,F2,73.641,1.661,5.545,61.443,7.1,normal
2026-01-04T12:45:00,F2,78.617,2.016,4.526,68.514,8.391,failure
2026-01-04T12:46:00,F2,86.053,1.532,3.83,60.426,8.917,normal
2026-01-04T12:47:00,F2,74.574,1.751,5.025,78.558,8.383,normal
2026-01-04T12:48:00,F2,77.876,1.774,3.329,46.28,6.165,normal
2026-01-04T12:49:00,F2,77.318,1.47,4.999,59.722,6.914,normal
2026-01-04T12:50:00,F2,82.992,1.715,5.215,64.61,7.642,normal
2026-01-04T12:51:00,F2,73.377,1.603,5.216,65.521,7.428,normal
2026-01-04T12:52:00,F2,71.968,1.496,5.008,59.007,7.311,normal
2026-01-04T12:53:00,F2,86.079,1.552,4.844,55.628,7.21,normal
2026-01-04T12:54:00,F2,69.413,1.411,5.619,70.615,8.697,normal
2026-01-04T12:55:00,F2,76.784,1.539,5.701,69.528,7.482,normal
2026-01-04T12:56:00,F2,67.962,1.587,5.522,61.376,9.47,normal
2026-01-04T12:57:00,F2,84.643,1.765,5.416,63.936,7.883,failure
2026-01-04T12:58:00,F2,79.2,1.538,4.692,69.566,7.934,normal
2026-01-04T12:59:00,F2,74.824,1.594,5.347,77.424,7.448,failure
2026-01-04T13:00:00,F2,81.539,1.414,5.081,53.932,9.14,normal
2026-01-04T13:01:00,F2,82.081,1.58,4.667,54.349,8.175,failure
2026-01-04T13:02:00,F2,64.371,1.781,5.334,86.686,10.237,failure
2026-01-04T13:03:00,F2,77.313,1.645,5.157,64.358,8.392,failure
2026-01-04T13:04:00,F2,90.956,1.686,5.279,67.168,9.347,failure
2026-01-04T13:05:00,F2,79.509,1.657,4.256,64.169,8.777,normal
2026-01-04T13:06:00,F2,76.036,1.675,4.205,78.122,11.303,failure
2026-01-04T13:07:00,F2,79.135,1.75,4.501,67.197,8.849,failure
2026-01-04T13:08:00,F2,75.274,1.74,4.789,73.23,7.375,normal
2026-01-04T13:09:00,F2,80.705,1.825,4.521,67.031,6.704,normal
2026-01-04T13:10:00,F2,74.784,1.846,4.624,35.408,6.705,normal
2026-01-04T13:11:00,F2,73.062,1.89,4.355,69.591,8.205,normal
2026-01-04T13:12:00,F2,77.416,1.728,5.588,71.385,7.386,normal
2026-01-04T13:13:00,F2,71.963,1.856,3.317,66.473,10.06,normal
2026-01-04T13:14:00,F2,68.224,1.627,4.158,69.756,7.685,normal
2026-01-04T13:15:00,F2,86.384,1.809,5.205,58.336,5.849,failure
2026-01-04T13:16:00,F2,72.822,1.647,5.156,66.136,6.843,normal
2026-01-04T13:17:00,F2,83.746,1.477,5.807,73.207,8.155,normal
2026-01-04T13:18:00,F2,76.576,1.743,5.127,82.824,9.468,normal
2026-01-04T13:19:00,F2,77.523,1.764,4.179,71.598,6.059,normal
2026-01-04T13:20:00,F2,71.592,1.697,4.581,63.529,9.006,normal
2026-01-04T13:21:00,F2,83.651,1.502,4.658,60.484,8.422,normal
2026-01-04T13:22:00,F2,54.501,1.645,5.462,70.768,8.978,normal
2026-01-04T13:23:00,F2,84.491,1.659,5.499,63.187,10.137,failure
2026-01-04T13:24:00,F2,81.781,1.596,4.613,73.142,9.172,normal
2026-01-04T13:25:00,F2,80.8,1.739,4.476,65.32,9.952,normal
2026-01-04T13:26:00,F2,76.159,1.643,5.676,64.41,6.638,normal
2026-01-04T13:27:00,F2,72.25,1.885,4.853,66.754,6.115,failure
2026-01-04T13:28:00,F2,80.407,1.554,5.589,64.632,8.904,failure
2026-01-04T13:29:00,F2,87.511,1.707,4.301,77.646,10.14,normal
2026-01-04T13:30:00,F2,64.788,1.451,5.378,63.502,7.371,normal
2026-01-04T13:31:00,F2,71.501,1.536,4.973,48.08,5.558,normal
2026-01-04T13:32:00,F2,74.925,1.498,5.642,60.222,10.205,normal
2026-01-04T13:33:00,F2,69.017,1.682,4.577,52.025,7.389,normal
2026-01-04T13:34:00,F2,75.495,1.694,4.04,73.735,10.631,normal
2026-01-04T13:35:00,F2,77.17,1.679,5.796,63.894,8.312,failure
2026-01-04T13:36:00,F2,68.107,1.503,4.388,59.988,7.445,normal
2026-01-04T13:37:00,F2,70.55,1.589,4.652,91.7,9.343,normal
2026-01-04T13:38:00,F2,82.654,1.815,3.443,67.474,9.898,normal
2026-01-04T13:39:00,F2,69.735,1.769,5.921,54.033,7.701,failure
2026-01-04T13:40:00,F2,80.513,1.511,5.537,83.994,10.926,normal
2026-01-04T13:41:00,F2,82.948,1.6,4.393,74.827,7.402,normal
2026-01-04T13:42:00,F2,65.119,1.571,4.92,86.232,8.401,normal
2026-01-04T13:43:00,F2,83.501,1.62,4.385,72.861,8.371,normal
2026-01-04T13:44:00,F2,76.443,1.219,4.02,81.101,7.336,normal
2026-01-04T13:45:00,F2,73.255,1.378,4.638,82.698,9.939,normal
2026-01-04T13:46:00,F2,66.561,1.422,3.627,68.513,8.658,normal
2026-01-04T13:47:00,F2,77.609,1.782,3.808,71.604,5.889,normal
2026-01-04T13:48:00,F2,76.18,1.679,4.996,65.814,5.559,normal
2026-01-04T13:49:00,F2,83.484,1.813,5.149,64.017,6.769,normal
2026-01-04T13:50:00,F2,72.562,1.685,7.852,60.929,10.198,normal
2026-01-04T13:51:00,F2,83.135,1.612,4.263,55.44,8.989,normal
2026-01-04T13:52:00,F2,87.687,1.709,4.405,72.08,8.834,normal
2026-01-04T13:53:00,F2,78.041,1.661,4.277,53.728,7.787,normal
2026-01-04T13:54:00,F2,80.566,1.579,2.804,87.797,11.024,normal
2026-01-04T13:55:00,F2,69.882,1.742,4.245,56.902,7.078,normal
2026-01-04T13:56:00,F2,88.52,1.758,3.788,61.41,10.118,normal
2026-01-04T13:57:00,F2,79.78,1.848,5.121,62.489,8.948,failure
2026-01-04T13:58:00,F2,78.243,1.906,4.845,72.338,10.543,failure
2026-01-04T13:59:00,F2,77.155,1.977,4.055,65.483,8.356,failure
2026-01-04T14:00:00,F2,59.123,1.735,5.038,63.234,7.122,failure
2026-01-04T14:01:00,F2,71.398,1.439,4.234,75.473,10.393,normal
2026-01-04T14:02:00,F2,81.541,1.566,5.137,58.6,7.59,failure
2026-01-04T14:03:00,F2,78.199,1.554,5.642,69.679,10.751,failure
2026-01-04T14:04:00,F2,82.485,1.772,4.976,61.913,8.783,normal
2026-01-04T14:05:00,F2,97.784,1.315,5.85,63.528,7.951,normal
2026-01-04T14:06:00,F2,79.882,1.408,4.93,56.731,7.859,normal
2026-01-04T14:07:00,F2,84.231,1.75,3.656,59.664,8.72,failure
2026-01-04T14:08:00,F2,81.668,1.564,4.878,57.105,10.197,normal
2026-01-04T14:09:00,F2,77.023,1.603,4.914,61.113,9.504,normal
2026-01-04T14:10:00,F2,64.359,1.373,4.816,71.738,10.319,normal
2026-01-04T14:11:00,F2,75.807,1.405,5.494,63.933,8.109,normal
2026-01-04T14:12:00,F2,73.085,1.848,5.039,78.863,8.285,normal
2026-01-04T14:13:00,F2,69.618,1.64,5.349,61.438,7.98,normal
2026-01-04T14:14:00,F2,70.006,1.658,4.921,50.905,9.15,failure
2026-01-04T14:15:00,F2,63.946,1.779,5.305,55.202,10.927,normal
2026-01-04T14:16:00,F2,90.733,1.851,4.65,68.8,9.076,failure
2026-01-04T14:17:00,F2,73.84,1.661,5.316,54.393,9.824,normal
2026-01-04T14:18:00,F2,68.605,1.467,4.265,58.272,6.581,normal
2026-01-04T14:19:00,F2,79.587,2.177,5.01,66.44,8.781,failure
2026-01-04T14:20:00,F2,77.077,1.716,5.965,70.962,9.32,failure
2026-01-04T14:21:00,F2,72.741,1.62,4.588,65.814,6.317,normal
2026-01-04T14:22:00,F2,73.503,1.678,5.561,68.942,5.772,normal
2026-01-04T14:23:00,F2,65.564,1.76,6.156,73.625,8.855,failure
2026-01-04T14:24:00,F2,92.651,1.659,5.016,66.359,6.676,failure
2026-01-04T14:25:00,F2,74.114,1.711,4.095,65.175,9.733,failure
2026-01-04T14:26:00,F2,68.311,1.391,5.649,68.901,11.396,normal
2026-01-04T14:27:00,F2,91.856,1.552,5.44,76.416,6.967,normal
2026-01-04T14:28:00,F2,76.156,1.877,4.12,45.027,8.152,failure
2026-01-04T14:29:00,F2,51.539,1.637,4.412,63.278,8.217,normal
2026-01-04T14:30:00,F2,88.207,1.93,5.862,48.751,8.956,failure
2026-01-04T14:31:00,F2,77.168,1.63,6.101,80.957,9.934,normal
2026-01-04T14:32:00,F2,73.209,1.851,3.559,74.736,8.823,failure
2026-01-04T14:33:00,F2,77.698,1.821,6.014,65.385,9.758,failure
2026-01-04T14:34:00,F2,74.465,1.711,4.174,49.181,9.491,normal
2026-01-04T14:35:00,F2,69.803,1.87,4.942,70.239,8.883,failure
2026-01-04T14:36:00,F2,91.0,1.747,4.754,69.958,6.971,normal
2026-01-04T14:37:00,F2,87.583,1.772,2.629,59.566,10.409,failure
2026-01-04T14:38:00,F2,66.5,1.48,5.409,57.165,10.653,failure
2026-01-04T14:39:00,F2,71.273,1.516,6.018,66.19,7.973,normal
2026-01-04T14:40:00,F2,71.866,1.481,5.428,78.166,10.91,normal
2026-01-04T14:41:00,F2,84.058,1.56,5.173,81.502,9.613,normal
2026-01-04T14:42:00,F2,89.494,1.711,3.991,57.356,11.633,failure
2026-01-04T14:43:00,F2,71.512,1.81,4.387,66.163,6.928,normal
2026-01-04T14:44:00,F2,64.735,1.657,5.153,58.737,9.162,normal
2026-01-04T14:45:00,F2,65.848,1.803,3.374,59.14,7.75,normal
2026-01-04T14:46:00,F2,77.564,1.538,4.564,71.306,6.641,normal
2026-01-04T14:47:00,F2,79.924,1.736,6.707,53.007,9.077,normal
2026-01-04T14:48:00,F2,79.592,1.696,5.207,70.709,8.187,normal
2026-01-04T14:49:00,F2,58.985,1.509,4.72,70.648,7.176,normal
2026-01-04T14:50:00,F2,83.455,1.821,5.872,76.201,7.587,failure
2026-01-04T14:51:00,F2,70.005,1.744,4.852,66.584,11.854,normal
2026-01-04T14:52:00,F2,82.129,1.968,5.805,69.16,12.259,failure
2026-01-04T14:53:00,F2,68.521,1.805,4.439,57.349,7.666,failure
2026-01-04T14:54:00,F2,76.701,1.764,5.972,53.089,8.943,failure
2026-01-04T14:55:00,F2,73.448,1.748,4.769,62.621,7.996,normal
2026-01-04T14:56:00,F2,81.243,1.591,5.008,78.041,7.121,normal
2026-01-04T14:57:00,F2,70.763,1.474,4.504,72.096,8.696,normal
2026-01-04T14:58:00,F2,80.339,1.554,6.436,58.081,7.944,failure
2026-01-04T14:59:00,F2,96.216,1.73,4.996,64.725,10.729,normal
2026-01-04T15:00:00,F2,76.509,1.313,5.158,64.875,8.04,normal
2026-01-04T15:01:00,F2,56.016,1.438,5.047,58.005,5.327,normal
2026-01-04T15:02:00,F2,75.141,1.499,5.201,49.506,7.853,normal
2026-01-04T15:03:00,F2,74.168,1.849,5.25,94.967,8.313,normal
2026-01-04T15:04:00,F2,76.813,1.597,6.329,65.38,7.975,normal
2026-01-04T15:05:00,F2,64.853,1.604,4.753,79.052,8.807,normal
2026-01-04T15:06:00,F2,101.165,1.693,5.406,81.982,7.31,failure
2026-01-04T15:07:00,F2,75.63,1.412,5.526,76.007,6.651,normal
2026-01-04T15:08:00,F2,79.2,1.608,5.351,58.424,9.296,normal
2026-01-04T15:09:00,F2,75.803,1.65,3.919,70.194,6.142,normal
2026-01-04T15:10:00,F2,58.408,1.394,4.698,52.039,8.557,normal
2026-01-04T15:11:00,F2,67.724,1.83,4.921,75.137,7.149,normal
2026-01-04T15:12:00,F2,78.063,1.742,6.063,76.217,9.796,failure
2026-01-04T15:13:00,F2,71.337,1.58,3.789,59.137,8.388,normal
2026-01-04T15:14:00,F2,73.773,2.063,4.256,64.517,8.848,failure
2026-01-04T15:15:00,F2,83.43,1.569,5.859,53.232,5.652,normal
2026-01-04T15:16:00,F2,75.966,1.705,5.882,69.507,8.274,normal
2026-01-04T15:17:00,F2,75.63,1.552,5.728,66.292,8.55,normal
2026-01-04T15:18:00,F2,74.684,1.762,6.165,67.922,9.417,failure
2026-01-04T15:19:00,F2,76.703,1.838,4.311,66.966,7.487,normal
2026-01-04T15:20:00,F2,78.329,1.604,5.726,66.166,9.641,normal
2026-01-04T15:21:00,F2,87.816,1.622,5.018,67.537,4.596,normal
2026-01-04T15:22:00,F2,71.768,1.715,5.854,70.506,5.307,normal
2026-01-04T15:23:00,F2,72.955,1.913,5.218,54.59,6.959,failure
2026-01-04T15:24:00,F2,80.749,1.379,5.232,61.52,7.807,normal
2026-01-04T15:25:00,F2,75.001,1.594,4.415,66.611,7.991,failure
2026-01-04T15:26:00,F2,75.042,1.795,4.904,45.466,10.251,failure
2026-01-04T15:27:00,F2,67.047,1.658,4.32,67.381,6.693,normal
2026-01-04T15:28:00,F2,70.266,1.523,4.998,88.887,8.382,normal
2026-01-04T15:29:00,F2,82.934,1.801,4.674,62.373,6.65,normal
2026-01-04T15:30:00,F2,70.031,1.62,4.54,64.282,8.398,normal
2026-01-04T15:31:00,F2,82.527,1.659,5.884,61.232,9.17,failure
2026-01-04T15:32:00,F2,78.776,1.5,4.584,79.564,6.583,normal
2026-01-04T15:33:00,F2,82.038,1.815,4.529,60.694,11.697,failure
2026-01-04T15:34:00,F2,68.422,1.618,6.302,67.959,9.236,failure
2026-01-04T15:35:00,F2,80.025,1.334,4.82,77.488,10.767,normal
2026-01-04T15:36:00,F2,91.218,1.688,4.738,73.515,8.147,normal
2026-01-04T15:37:00,F2,75.625,1.68,4.951,74.999,9.549,normal
2026-01-04T15:38:00,F2,69.635,1.82,5.254,66.317,8.196,failure
2026-01-04T15:39:00,F2,74.287,2.23,5.81,75.228,7.512,failure
2026-01-04T15:40:00,F2,83.909,1.772,4.634,68.384,10.39,normal
2026-01-04T15:41:00,F2,65.648,1.787,6.323,57.144,10.858,normal
2026-01-04T15:42:00,F2,78.226,1.674,4.173,69.344,8.031,normal
2026-01-04T15:43:00,F2,82.527,1.666,4.809,65.002,8.175,failure
2026-01-04T15:44:00,F2,72.478,1.501,4.733,61.742,7.639,normal
2026-01-04T15:45:00,F2,62.403,1.718,4.954,59.641,8.458,normal
2026-01-04T15:46:00,F2,78.557,1.8,5.644,69.292,7.053,normal
2026-01-04T15:47:00,F2,74.248,1.513,4.688,68.683,9.056,failure
2026-01-04T15:48:00,F2,70.863,1.884,4.732,56.922,8.485,normal
2026-01-04T15:49:00,F2,64.954,1.738,5.177,55.433,9.114,failure
2026-01-04T15:50:00,F2,71.172,1.528,4.759,64.457,9.614,normal
2026-01-04T15:51:00,F2,79.995,1.507,3.926,57.614,9.187,failure
2026-01-04T15:52:00,F2,91.401,1.809,4.733,65.577,8.687,failure
2026-01-04T15:53:00,F2,81.296,1.329,5.026,64.067,8.515,normal
2026-01-04T15:54:00,F2,95.945,1.848,5.923,73.214,7.83,failure
2026-01-04T15:55:00,F2,70.446,1.995,4.65,72.051,8.935,normal
2026-01-04T15:56:00,F2,70.749,1.806,4.392,59.106,11.469,normal
2026-01-04T15:57:00,F2,73.202,1.587,4.488,66.847,8.519,normal
2026-01-04T15:58:00,F2,74.394,1.696,4.773,68.149,10.276,failure
2026-01-04T15:59:00,F2,65.218,1.574,6.213,74.539,8.915,failure
2026-01-04T16:00:00,F2,84.612,1.69,5.158,66.375,9.567,failure
2026-01-04T16:01:00,F2,73.451,1.564,4.59,74.95,13.121,normal
2026-01-04T16:02:00,F2,72.09,1.431,4.75,51.569,7.192,normal
2026-01-04T16:03:00,F2,85.392,1.714,5.616,54.806,7.025,failure
2026-01-04T16:04:00,F2,79.253,1.618,3.62,62.97,8.304,normal
2026-01-04T16:05:00,F2,73.527,1.277,4.146,72.666,9.3,normal
2026-01-04T16:06:00,F2,71.337,1.646,5.724,70.439,6.5,normal
2026-01-04T16:07:00,F2,75.826,1.776,3.368,78.167,8.815,normal
2026-01-04T16:08:00,F2,87.556,1.438,3.888,68.193,7.906,normal
2026-01-04T16:09:00,F2,64.474,1.631,3.877,65.147,10.073,normal
2026-01-04T16:10:00,F2,77.198,1.661,4.41,62.485,8.414,normal
2026-01-04T16:11:00,F2,78.507,1.755,5.128,58.562,10.935,failure
2026-01-04T16:12:00,F2,72.68,1.533,4.134,66.904,8.192,failure
2026-01-04T16:13:00,F2,77.24,1.567,3.556,76.741,8.623,normal
2026-01-04T16:14:00,F2,83.109,1.449,5.812,56.352,8.655,failure
2026-01-04T16:15:00,F2,60.553,1.372,5.172,58.049,9.957,normal
2026-01-04T16:16:00,F2,82.225,1.601,4.071,80.884,10.369,normal
2026-01-04T16:17:00,F2,67.696,1.444,6.606,57.984,6.67,failure
2026-01-04T16:18:00,F2,80.17,1.822,4.697,61.275,8.047,normal
2026-01-04T16:19:00,F2,65.544,2.02,5.899,61.619,6.436,failure
2026-01-04T16:20:00,F2,80.141,1.544,5.111,78.906,7.694,failure
2026-01-04T16:21:00,F2,78.392,1.656,4.462,49.838,4.088,normal
2026-01-04T16:22:00,F2,73.912,1.877,4.628,70.485,9.792,normal
2026-01-04T16:23:00,F2,78.403,1.733,4.124,61.558,9.006,normal
2026-01-04T16:24:00,F2,84.542,1.522,4.725,57.712,8.33,normal
2026-01-04T16:25:00,F2,61.362,1.917,5.734,39.614,9.672,normal
2026-01-04T16:26:00,F2,61.853,1.715,4.606,78.611,8.272,normal
2026-01-04T16:27:00,F2,69.935,1.701,5.052,78.578,7.867,normal
2026-01-04T16:28:00,F2,72.419,1.611,3.339,75.365,8.184,normal
2026-01-04T16:29:00,F2,74.11,1.472,5.031,59.998,9.012,normal
2026-01-04T16:30:00,F2,83.722,1.842,4.966,61.995,7.672,normal
2026-01-04T16:31:00,F2,78.133,1.526,5.041,62.347,8.12,normal
2026-01-04T16:32:00,F2,82.472,1.669,4.445,73.582,8.423,normal
2026-01-04T16:33:00,F2,75.532,1.748,4.05,76.301,8.491,failure
2026-01-04T16:34:00,F2,75.165,1.653,6.519,57.284,8.828,failure
2026-01-04T16:35:00,F2,82.567,1.41,4.876,58.837,9.576,normal
2026-01-04T16:36:00,F2,72.728,1.697,6.5,71.695,8.076,normal
2026-01-04T16:37:00,F2,71.887,1.698,3.258,70.466,7.888,normal
2026-01-04T16:38:00,F2,71.983,1.794,4.945,81.541,9.251,failure
2026-01-04T16:39:00,F2,62.075,1.433,4.551,63.822,8.753,normal
2026-01-04T16:40:00,F2,63.591,1.625,4.468,69.265,9.235,normal
2026-01-04T16:41:00,F2,72.932,1.437,5.276,63.215,8.753,normal
2026-01-04T16:42:00,F2,80.19,1.513,7.92,48.043,8.041,failure
2026-01-04T16:43:00,F2,84.233,1.591,5.826,70.275,8.869,normal
2026-01-04T16:44:00,F2,58.931,1.702,4.934,79.724,8.35,normal
2026-01-04T16:45:00,F2,66.32,1.454,4.775,67.404,10.145,normal
2026-01-04T16:46:00,F2,70.301,1.46,5.237,58.61,9.769,normal
2026-01-04T16:47:00,F2,69.706,1.702,5.013,56.067,9.437,normal
2026-01-04T16:48:00,F2,81.96,1.595,5.393,65.485,9.986,failure
2026-01-04T16:49:00,F2,69.372,1.699,5.786,59.077,10.756,normal
2026-01-04T16:50:00,F2,72.973,1.973,5.215,70.436,8.87,failure
2026-01-04T16:51:00,F2,83.455,1.708,6.519,66.361,8.611,failure
2026-01-04T16:52:00,F2,81.164,1.699,5.183,36.367,7.767,failure
2026-01-04T16:53:00,F2,69.467,1.639,5.635,80.449,7.525,normal
2026-01-04T16:54:00,F2,67.964,1.516,4.893,69.21,8.193,normal
2026-01-04T16:55:00,F2,82.865,1.547,3.635,56.21,7.78,normal
2026-01-04T16:56:00,F2,73.966,1.843,4.401,66.022,12.235,normal
2026-01-04T16:57:00,F2,71.927,1.888,5.015,68.101,6.001,normal
2026-01-04T16:58:00,F2,59.015,1.845,4.307,73.425,8.176,normal
2026-01-04T16:59:00,F2,58.801,1.77,3.426,38.484,9.429,normal
2026-01-04T17:00:00,F2,72.979,1.389,6.026,46.391,7.303,normal
2026-01-04T17:01:00,F2,70.144,1.771,4.425,59.245,10.171,normal
2026-01-04T17:02:00,F2,69.562,2.8,5.36,78.8,9.11,normal
2026-01-04T17:03:00,F2,76.627,1.248,4.118,54.619,9.616,normal
2026-01-04T17:04:00,F2,79.223,1.587,6.26,70.294,8.599,failure
2026-01-04T17:05:00,F2,80.514,1.706,5.235,45.813,9.302,failure
2026-01-04T17:06:00,F2,88.44,1.639,5.175,57.748,7.376,normal
2026-01-04T17:07:00,F2,69.501,1.663,5.441,55.844,6.573,normal
2026-01-04T17:08:00,F2,74.878,1.381,3.539,65.097,12.575,normal
2026-01-04T17:09:00,F2,67.019,1.63,6.312,70.027,9.434,failure
2026-01-04T17:10:00,F2,76.983,1.699,4.917,68.806,7.354,failure
2026-01-04T17:11:00,F2,76.929,1.568,5.277,42.081,8.418,normal
2026-01-04T17:12:00,F2,73.109,1.701,4.53,78.881,10.114,failure
2026-01-04T17:13:00,F2,83.225,1.821,4.686,78.886,7.38,normal
2026-01-04T17:14:00,F2,78.008,1.427,4.668,59.656,8.3,failure
2026-01-04T17:15:00,F2,64.072,1.501,3.294,62.888,5.645,normal
2026-01-04T17:16:00,F2,78.022,1.48,3.655,75.973,9.06,normal
2026-01-04T17:17:00,F2,64.295,1.648,4.062,63.11,9.326,normal
2026-01-04T17:18:00,F2,84.719,1.641,4.999,65.705,8.277,failure
2026-01-04T17:19:00,F2,74.877,1.884,5.333,66.901,11.126,failure
2026-01-04T17:20:00,F2,83.523,1.66,3.946,64.374,9.178,normal
2026-01-04T17:21:00,F2,77.573,1.671,5.261,72.726,10.547,failure
2026-01-04T17:22:00,F2,71.974,1.694,4.144,62.234,7.233,normal
2026-01-04T17:23:00,F2,70.645,1.42,5.043,41.392,8.017,normal
2026-01-04T17:24:00,F2,86.373,1.711,5.207,61.623,8.864,failure
2026-01-04T17:25:00,F2,82.03,1.646,4.795,46.47,7.047,normal
2026-01-04T17:26:00,F2,78.977,1.516,4.615,51.345,11.225,normal
2026-01-04T17:27:00,F2,81.357,1.79,5.552,51.185,9.532,failure
2026-01-04T17:28:00,F2,75.73,1.635,5.078,64.517,7.299,failure
2026-01-04T17:29:00,F2,74.096,1.446,4.547,64.789,9.03,normal
2026-01-04T17:30:00,F2,62.025,1.694,4.604,76.298,7.582,normal
2026-01-04T17:31:00,F2,66.365,1.373,5.294,77.876,8.836,normal
2026-01-04T17:32:00,F2,67.665,1.683,4.345,68.374,9.031,normal
2026-01-04T17:33:00,F2,73.131,1.495,6.307,64.692,8.45,normal
2026-01-04T17:34:00,F2,70.098,1.657,4.779,62.555,7.094,normal
2026-01-04T17:35:00,F2,79.618,1.794,3.897,47.058,9.847,failure
2026-01-04T17:36:00,F2,73.917,1.221,4.502,54.769,9.201,normal
2026-01-04T17:37:00,F2,83.289,1.492,5.04,63.442,9.629,normal
2026-01-04T17:38:00,F2,87.375,1.433,5.273,72.07,7.164,failure
2026-01-04T17:39:00,F2,78.572,2.1,5.803,65.963,10.259,failure
2026-01-04T17:40:00,F2,71.82,1.618,4.968,72.014,9.75,normal
2026-01-04T17:41:00,F2,77.984,1.649,4.482,76.723,5.189,normal
2026-01-04T17:42:00,F2,75.058,1.665,4.653,75.878,6.626,normal
2026-01-04T17:43:00,F2,69.2,1.827,4.747,59.736,9.263,normal
2026-01-04T17:44:00,F2,67.387,1.745,5.422,74.998,9.99,normal
2026-01-04T17:45:00,F2,88.321,1.287,4.754,69.832,7.288,normal
2026-01-04T17:46:00,F2,78.415,1.519,5.336,46.603,9.106,normal
2026-01-04T17:47:00,F2,78.554,1.64,5.503,59.128,9.751,failure
2026-01-04T17:48:00,F2,68.504,1.431,4.667,59.002,8.816,normal
2026-01-04T17:49:00,F2,74.595,1.685,4.041,70.515,6.88,normal
2026-01-04T17:50:00,F2,63.837,1.595,4.56,57.435,9.675,normal
2026-01-04T17:51:00,F2,70.86,1.713,5.336,78.753,7.919,normal
2026-01-04T17:52:00,F2,75.988,1.573,5.755,62.48,7.059,normal
2026-01-04T17:53:00,F2,70.747,1.549,4.194,64.66,7.348,normal
2026-01-04T17:54:00,F2,73.273,1.347,4.572,58.406,9.787,normal
2026-01-04T17:55:00,F2,77.483,1.815,5.464,65.484,7.343,normal
2026-01-04T17:56:00,F2,64.939,1.619,4.946,67.812,7.944,normal
2026-01-04T17:57:00,F2,90.001,1.48,5.591,75.547,8.684,normal
2026-01-04T17:58:00,F2,77.477,1.449,5.612,52.277,11.014,normal
2026-01-04T17:59:00,F2,68.52,1.543,4.745,70.545,9.177,normal
2026-01-04T18:00:00,F2,77.586,1.57,4.597,53.887,8.178,normal
2026-01-04T18:01:00,F2,69.44,1.864,3.88,62.754,9.144,normal
2026-01-04T18:02:00,F2,70.051,1.69,5.587,61.223,10.734,normal
2026-01-04T18:03:00,F2,62.615,1.552,5.573,68.397,9.107,normal
2026-01-04T18:04:00,F2,88.459,1.59,4.267,61.492,8.054,normal
2026-01-04T18:05:00,F2,87.211,1.747,4.466,58.554,8.567,normal
2026-01-04T18:06:00,F2,77.711,1.578,5.63,59.299,8.637,normal
2026-01-04T18:07:00,F2,71.721,1.508,5.422,67.867,10.395,failure
2026-01-04T18:08:00,F2,90.86,2.234,4.444,53.966,9.757,failure
2026-01-04T18:09:00,F2,87.984,1.652,4.906,54.463,8.768,normal
2026-01-04T18:10:00,F2,61.437,1.758,5.9,73.624,7.849,failure
2026-01-04T18:11:00,F2,82.767,1.413,4.756,71.854,9.284,failure
2026-01-04T18:12:00,F2,82.73,1.595,3.937,69.052,7.411,normal
2026-01-04T18:13:00,F2,83.75,1.631,4.508,69.703,9.667,normal
2026-01-04T18:14:00,F2,80.719,1.578,4.865,73.765,10.528,normal
2026-01-04T18:15:00,F2,69.717,1.518,3.895,68.448,11.739,normal
2026-01-04T18:16:00,F2,84.368,1.604,4.122,73.074,7.29,normal
2026-01-04T18:17:00,F2,69.383,1.749,4.931,44.909,6.613,normal
2026-01-04T18:18:00,F2,72.457,1.745,5.403,49.191,9.17,normal
2026-01-04T18:19:00,F2,64.336,1.712,5.389,63.931,6.866,normal
2026-01-04T18:20:00,F2,78.264,1.213,3.593,55.727,7.501,normal
2026-01-04T18:21:00,F2,71.535,1.65,5.431,52.282,6.906,failure
2026-01-04T18:22:00,F2,83.549,1.773,5.392,62.881,7.478,normal
2026-01-04T18:23:00,F2,85.06,1.978,5.086,60.827,10.849,failure
2026-01-04T18:24:00,F2,75.632,1.564,4.46,70.125,10.179,failure
2026-01-04T18:25:00,F2,95.663,1.456,5.638,79.188,10.158,failure
2026-01-04T18:26:00,F2,71.746,1.632,4.52,74.795,6.048,normal
2026-01-04T18:27:00,F2,64.678,1.746,4.593,73.725,11.406,failure
2026-01-04T18:28:00,F2,72.171,2.02,4.37,54.635,9.993,failure
2026-01-04T18:29:00,F2,70.752,1.574,3.557,75.613,9.42,normal
2026-01-04T18:30:00,F2,79.125,1.561,4.458,78.064,8.533,normal
2026-01-04T18:31:00,F2,65.258,1.588,5.18,69.418,8.214,normal
2026-01-04T18:32:00,F2,58.303,1.309,5.287,51.129,11.875,normal
2026-01-04T18:33:00,F2,82.832,1.568,5.614,75.496,8.224,normal
2026-01-04T18:34:00,F2,75.125,1.621,6.015,80.702,5.368,normal
2026-01-04T18:35:00,F2,88.594,1.55,5.253,73.6,8.884,failure
2026-01-04T18:36:00,F2,75.173,1.462,4.606,69.928,11.988,normal
2026-01-04T18:37:00,F2,57.474,1.58,5.797,53.047,8.218,failure
2026-01-04T18:38:00,F2,84.424,1.552,5.412,78.486,6.032,failure
2026-01-04T18:39:00,F2,78.529,1.698,5.618,56.764,9.188,failure
2026-01-04T18:40:00,F2,62.759,1.938,5.621,48.019,6.208,normal
2026-01-04T18:41:00,F2,79.638,1.623,6.656,61.362,10.343,failure
2026-01-04T18:42:00,F2,79.79,1.606,5.163,72.697,8.508,normal
2026-01-04T18:43:00,F2,71.504,1.229,5.275,73.157,7.836,normal
2026-01-04T18:44:00,F2,80.377,1.368,5.58,75.015,5.464,normal
2026-01-04T18:45:00,F2,77.415,1.475,6.12,70.435,8.255,failure
2026-01-04T18:46:00,F2,79.835,1.571,5.901,64.346,6.626,failure
2026-01-04T18:47:00,F2,72.682,1.679,4.855,68.445,10.581,failure
2026-01-04T18:48:00,F2,71.743,1.478,4.636,59.513,9.901,normal
2026-01-04T18:49:00,F2,79.405,1.529,4.209,61.79,9.3,normal
2026-01-04T18:50:00,F2,59.324,1.702,5.827,54.264,6.431,normal
2026-01-04T18:51:00,F2,74.433,1.923,4.359,74.282,11.743,failure
2026-01-04T18:52:00,F2,71.001,1.301,5.108,52.433,6.959,normal
2026-01-04T18:53:00,F2,80.606,1.478,4.175,67.632,8.2,normal
2026-01-04T18:54:00,F2,79.18,1.666,5.188,69.479,9.689,failure
2026-01-04T18:55:00,F2,73.475,1.658,4.697,83.976,12.002,failure
2026-01-04T18:56:00,F2,76.087,1.661,4.924,64.914,9.392,normal
2026-01-04T18:57:00,F2,75.573,1.624,4.947,60.413,8.043,failure
2026-01-04T18:58:00,F2,71.142,1.554,6.232,62.084,9.384,failure
2026-01-04T18:59:00,F2,86.915,1.721,5.93,59.083,11.217,failure
2026-01-04T19:00:00,F2,74.751,1.62,5.06,72.266,5.823,normal
2026-01-04T19:01:00,F2,70.306,1.656,3.756,70.091,7.473,normal
2026-01-04T19:02:00,F2,58.04,1.637,5.0,43.502,11.116,normal
2026-01-04T19:03:00,F2,83.498,1.686,4.694,78.102,11.235,normal
2026-01-04T19:04:00,F2,60.616,1.651,4.988,77.389,8.973,normal
2026-01-04T19:05:00,F2,72.852,1.539,4.745,63.201,9.846,normal
2026-01-04T19:06:00,F2,84.503,1.725,4.368,64.427,7.935,normal
2026-01-04T19:07:00,F2,80.868,1.898,5.444,72.24,10.623,failure
2026-01-04T19:08:00,F2,77.14,1.333,4.821,66.232,9.413,normal
2026-01-04T19:09:00,F2,85.008,1.523,4.805,58.908,8.04,normal
2026-01-04T19:10:00,F2,70.378,1.643,4.897,69.034,8.531,failure
2026-01-04T19:11:00,F2,89.607,1.585,4.476,55.885,10.89,failure
2026-01-04T19:12:00,F2,69.801,1.847,5.223,68.402,10.109,normal
2026-01-04T19:13:00,F2,69.809,1.512,5.686,71.015,9.183,normal
2026-01-04T19:14:00,F2,76.419,1.6,5.641,68.1,7.029,failure
2026-01-04T19:15:00,F2,71.806,1.763,4.746,67.993,9.398,failure
2026-01-04T19:16:00,F2,72.406,1.92,5.569,68.039,9.148,failure
2026-01-04T19:17:00,F2,82.24,1.659,5.583,55.679,7.932,normal
2026-01-04T19:18:00,F2,61.171,1.358,5.129,54.079,9.801,normal
2026-01-04T19:19:00,F2,75.259,1.457,3.371,62.155,9.197,normal
2026-01-04T19:20:00,F2,83.014,1.6,4.88,70.747,7.796,normal
2026-01-04T19:21:00,F2,75.506,1.66,5.067,52.009,7.501,normal
2026-01-04T19:22:00,F2,90.301,1.614,4.523,62.708,9.987,normal
2026-01-04T19:23:00,F2,65.409,1.878,4.803,78.598,3.922,normal
2026-01-04T19:24:00,F2,78.095,1.74,4.661,67.038,7.719,normal
2026-01-04T19:25:00,F2,76.716,1.408,4.765,79.088,10.107,normal
2026-01-04T19:26:00,F2,85.819,1.568,4.059,62.462,8.368,normal
2026-01-04T19:27:00,F2,72.209,1.536,4.906,54.025,9.861,normal
2026-01-04T19:28:00,F2,78.46,1.49,4.495,73.117,10.713,normal
2026-01-04T19:29:00,F2,73.325,2.028,6.101,73.66,7.879,failure
2026-01-04T19:30:00,F2,67.843,1.572,4.516,66.48,9.148,normal
2026-01-04T19:31:00,F2,60.818,1.607,4.832,80.206,7.803,normal
2026-01-04T19:32:00,F2,64.298,1.617,4.827,74.39,9.475,normal
2026-01-04T19:33:00,F2,79.918,1.502,4.515,69.19,10.484,normal
2026-01-04T19:34:00,F2,58.064,1.663,3.544,71.906,9.329,normal
2026-01-04T19:35:00,F2,70.773,1.609,5.846,69.839,5.031,normal
2026-01-04T19:36:00,F2,72.287,1.579,4.315,65.633,8.338,normal
2026-01-04T19:37:00,F2,72.758,1.82,4.865,73.704,13.313,normal
2026-01-04T19:38:00,F2,63.691,1.571,4.98,45.603,7.296,normal
2026-01-04T19:39:00,F2,81.748,1.391,4.268,63.046,10.396,failure
2026-01-04T19:40:00,F2,74.361,1.509,4.603,70.182,8.137,normal
2026-01-04T19:41:00,F2,92.256,1.655,4.233,69.145,11.589,failure
2026-01-04T19:42:00,F2,78.162,1.494,3.399,79.915,9.27,failure
2026-01-04T19:43:00,F2,68.944,1.355,5.084,69.433,9.152,normal
2026-01-04T19:44:00,F2,68.086,1.298,4.403,68.006,9.337,normal
2026-01-04T19:45:00,F2,73.795,1.75,5.187,61.608,8.354,normal
2026-01-04T19:46:00,F2,61.507,1.465,4.58,65.298,9.566,normal
2026-01-04T19:47:00,F2,82.853,1.549,4.789,61.709,10.453,normal
2026-01-04T19:48:00,F2,67.864,1.374,3.474,84.264,9.493,normal
2026-01-04T19:49:00,F2,82.656,1.782,5.693,51.039,6.859,normal
2026-01-04T19:50:00,F2,79.008,1.731,4.413,55.152,6.519,normal
2026-01-04T19:51:00,F2,87.031,1.926,5.365,58.558,7.347,normal
2026-01-04T19:52:00,F2,74.144,1.572,5.712,70.534,10.427,failure
2026-01-04T19:53:00,F2,71.041,1.39,4.211,60.463,7.12,failure
2026-01-04T19:54:00,F2,77.302,1.447,5.495,72.372,11.467,failure
2026-01-04T19:55:00,F2,74.403,1.797,5.446,63.171,11.223,failure
2026-01-04T19:56:00,F2,84.233,1.365,4.799,63.128,6.583,normal
2026-01-04T19:57:00,F2,79.244,1.589,4.462,70.263,9.249,normal
2026-01-04T19:58:00,F2,88.243,1.592,4.224,66.263,5.314,failure
2026-01-04T19:59:00,F2,77.741,1.514,4.845,60.686,10.109,normal
2026-01-04T20:00:00,F2,93.452,1.732,4.769,71.951,7.257,failure
2026-01-04T20:01:00,F2,72.755,1.272,4.604,79.525,9.683,normal
2026-01-04T20:02:00,F2,77.084,1.482,4.694,63.015,7.37,normal
2026-01-04T20:03:00,F2,97.102,1.58,5.247,34.254,8.485,failure
2026-01-04T20:04:00,F2,76.181,1.482,4.49,67.848,9.062,normal
2026-01-04T20:05:00,F2,80.408,1.573,4.182,70.106,11.045,failure
2026-01-04T20:06:00,F2,89.643,1.415,4.995,60.636,9.977,failure
2026-01-04T20:07:00,F2,75.383,1.468,3.74,55.955,10.648,normal
2026-01-04T20:08:00,F2,75.141,1.437,4.355,65.357,10.339,normal
2026-01-04T20:09:00,F2,67.128,1.551,4.673,76.816,7.234,normal
2026-01-04T20:10:00,F2,73.714,1.475,4.164,68.191,6.34,normal
2026-01-04T20:11:00,F2,71.098,1.546,4.988,59.628,7.437,normal
2026-01-04T20:12:00,F2,73.371,1.647,4.484,53.508,8.966,normal
2026-01-04T20:13:00,F2,59.285,1.49,4.755,73.36,6.885,normal
2026-01-04T20:14:00,F2,79.342,1.504,5.319,65.277,8.239,normal
2026-01-04T20:15:00,F2,68.931,1.377,4.977,89.103,7.905,normal
2026-01-04T20:16:00,F2,79.272,1.509,3.829,55.233,9.117,normal
2026-01-04T20:17:00,F2,80.28,1.774,4.753,93.658,9.491,normal
2026-01-04T20:18:00,F2,81.554,1.555,5.181,59.156,9.407,normal
2026-01-04T20:19:00,F2,79.687,1.707,4.992,65.093,9.545,normal
2026-01-04T20:20:00,F2,81.614,1.581,3.737,61.307,7.213,normal
2026-01-04T20:21:00,F2,52.708,1.277,4.197,65.826,8.499,normal
2026-01-04T20:22:00,F2,78.568,1.695,6.328,57.14,10.14,failure
2026-01-04T20:23:00,F2,78.934,1.486,4.541,49.705,10.045,failure
2026-01-04T20:24:00,F2,74.819,1.446,5.717,61.894,10.028,failure
2026-01-04T20:25:00,F2,67.39,1.431,4.156,45.941,7.187,normal
2026-01-04T20:26:00,F2,80.915,1.628,4.799,63.738,7.866,failure
2026-01-04T20:27:00,F2,74.752,1.606,4.668,60.2,8.316,normal
2026-01-04T20:28:00,F2,69.828,1.588,5.524,60.368,7.234,failure
2026-01-04T20:29:00,F2,76.453,1.453,5.086,55.591,8.581,normal
2026-01-04T20:30:00,F2,103.671,1.616,5.586,88.08,8.178,failure
2026-01-04T20:31:00,F2,82.943,1.398,4.918,74.939,8.41,failure
2026-01-04T20:32:00,F2,59.345,1.509,4.535,64.097,10.37,normal
2026-01-04T20:33:00,F2,89.523,1.663,4.848,59.072,11.77,failure
2026-01-04T20:34:00,F2,78.516,1.523,4.411,58.4,8.633,normal
2026-01-04T20:35:00,F2,87.23,1.535,6.003,58.772,8.723,normal
2026-01-04T20:36:00,F2,84.321,1.665,4.401,73.458,8.531,failure
2026-01-04T20:37:00,F2,74.709,1.76,5.611,76.451,9.052,failure
2026-01-04T20:38:00,F2,76.14,1.825,5.226,68.245,9.363,failure
2026-01-04T20:39:00,F2,69.258,1.514,3.958,66.135,10.82,normal
2026-01-04T20:40:00,F2,91.592,1.543,5.332,55.079,8.337,failure
2026-01-04T20:41:00,F2,74.368,1.683,4.345,55.342,9.552,normal
2026-01-04T20:42:00,F2,65.11,1.634,5.018,61.134,9.92,normal
2026-01-04T20:43:00,F2,66.155,1.707,5.319,45.235,7.901,failure
2026-01-04T20:44:00,F2,70.35,1.359,3.94,62.58,8.593,normal
2026-01-04T20:45:00,F2,65.581,1.593,4.546,67.429,8.117,normal
2026-01-04T20:46:00,F2,70.671,1.467,5.736,50.521,8.303,normal
2026-01-04T20:47:00,F2,83.999,1.366,4.89,70.311,9.181,normal
2026-01-04T20:48:00,F2,77.969,1.755,4.451,49.88,7.574,normal
2026-01-04T20:49:00,F2,74.72,1.736,4.976,75.207,10.637,normal
2026-01-04T20:50:00,F2,64.102,1.729,4.834,63.371,8.637,normal
2026-01-04T20:51:00,F2,83.234,1.623,4.624,68.508,9.335,normal
2026-01-04T20:52:00,F2,92.821,1.567,4.083,59.38,8.034,normal
2026-01-04T20:53:00,F2,80.793,1.615,5.22,61.868,10.054,failure
2026-01-04T20:54:00,F2,78.496,1.575,5.11,64.638,7.966,failure
2026-01-04T20:55:00,F2,73.411,1.475,4.838,55.583,8.02,normal
2026-01-04T20:56:00,F2,84.358,1.602,5.926,67.956,8.932,failure
2026-01-04T20:57:00,F2,78.738,1.395,4.4,67.951,9.293,normal
2026-01-04T20:58:00,F2,80.552,1.695,5.016,68.035,5.618,normal
2026-01-04T20:59:00,F2,59.08,1.698,4.712,74.396,7.725,normal
2026-01-04T21:00:00,F2,76.62,1.602,4.472,74.046,9.824,normal
2026-01-04T21:01:00,F2,63.013,1.507,4.568,73.661,7.536,normal
2026-01-04T21:02:00,F2,74.047,1.739,4.848,62.915,6.797,normal
2026-01-04T21:03:00,F2,71.389,1.597,4.97,70.624,9.223,normal
2026-01-04T21:04:00,F2,78.398,1.607,4.524,70.904,7.997,normal
2026-01-04T21:05:00,F2,76.161,1.615,5.087,62.109,7.918,normal
2026-01-04T21:06:00,F2,85.255,1.487,5.704,68.316,6.286,failure
2026-01-04T21:07:00,F2,74.539,1.468,4.873,54.438,8.739,normal
2026-01-04T21:08:00,F2,87.748,1.187,6.726,68.273,11.087,failure
2026-01-04T21:09:00,F2,77.098,1.499,4.515,54.831,7.366,normal
2026-01-04T21:10:00,F2,88.534,1.452,4.444,65.526,7.53,failure
2026-01-04T21:11:00,F2,72.346,1.514,4.521,64.092,8.485,normal
2026-01-04T21:12:00,F2,67.958,1.61,2.613,68.508,7.749,normal
2026-01-04T21:13:00,F2,71.106,1.768,5.491,68.832,8.338,normal
2026-01-04T21:14:00,F2,84.228,1.637,4.436,64.303,7.912,failure
2026-01-04T21:15:00,F2,65.654,1.576,4.929,69.372,6.296,normal
2026-01-04T21:16:00,F2,87.159,1.607,5.202,65.129,9.347,normal
2026-01-04T21:17:00,F2,69.05,1.41,4.974,58.921,8.227,normal
2026-01-04T21:18:00,F2,74.811,1.689,4.711,73.499,8.988,failure
2026-01-04T21:19:00,F2,80.685,1.767,4.34,66.921,7.458,normal
2026-01-04T21:20:00,F2,80.184,1.619,4.776,64.133,7.933,normal
2026-01-04T21:21:00,F2,75.069,1.656,5.604,70.418,9.176,failure
2026-01-04T21:22:00,F2,79.193,1.494,4.709,52.988,9.119,normal
2026-01-04T21:23:00,F2,78.422,1.569,5.277,42.364,9.704,failure
2026-01-04T21:24:00,F2,77.261,1.505,4.613,59.21,7.621,normal
2026-01-04T21:25:00,F2,76.642,1.507,3.071,61.246,11.098,normal
2026-01-04T21:26:00,F2,89.422,1.701,4.387,73.048,9.625,failure
2026-01-04T21:27:00,F2,81.37,1.694,4.762,60.127,9.986,normal
2026-01-04T21:28:00,F2,87.375,1.63,3.763,62.793,10.796,failure
2026-01-04T21:29:00,F2,72.165,1.726,5.223,67.828,10.136,failure
2026-01-04T21:30:00,F2,78.995,1.405,4.101,60.345,10.068,normal
2026-01-04T21:31:00,F2,85.815,1.504,6.042,68.429,10.065,normal
2026-01-04T21:32:00,F2,79.057,1.625,4.676,78.633,8.61,normal
2026-01-04T21:33:00,F2,68.443,1.673,4.485,78.746,7.285,normal
2026-01-04T21:34:00,F2,78.629,1.581,3.489,61.573,8.071,normal
2026-01-04T21:35:00,F2,66.543,1.506,4.696,77.858,9.576,normal
2026-01-04T21:36:00,F2,76.485,1.558,5.643,67.976,11.316,normal
2026-01-04T21:37:00,F2,90.248,1.478,5.117,57.251,9.379,normal
2026-01-04T21:38:00,F2,86.603,1.716,5.323,57.501,7.072,failure
2026-01-04T21:39:00,F2,78.383,1.326,5.4,79.483,9.53,normal
2026-01-04T21:40:00,F2,71.144,1.379,5.022,71.866,7.77,normal
2026-01-04T21:41:00,F2,92.791,1.578,4.744,59.192,8.27,failure
2026-01-04T21:42:00,F2,71.394,1.517,4.612,62.294,10.128,normal
2026-01-04T21:43:00,F2,75.479,1.812,4.498,71.069,8.159,normal
2026-01-04T21:44:00,F2,78.388,1.502,5.091,76.879,8.793,normal
2026-01-04T21:45:00,F2,82.729,1.749,5.615,70.634,6.62,normal
2026-01-04T21:46:00,F2,84.037,1.902,4.618,51.658,9.779,failure
2026-01-04T21:47:00,F2,85.879,1.482,3.986,73.252,8.952,normal
2026-01-04T21:48:00,F2,74.053,1.629,3.388,68.436,8.525,normal
2026-01-04T21:49:00,F2,77.869,1.626,4.162,71.395,7.555,normal
2026-01-04T21:50:00,F2,87.124,1.451,4.424,65.554,6.346,failure
2026-01-04T21:51:00,F2,61.42,1.448,5.968,62.33,7.813,normal
2026-01-04T21:52:00,F2,82.186,1.64,5.19,45.534,10.08,failure
2026-01-04T21:53:00,F2,73.696,1.375,4.814,56.956,7.494,normal
2026-01-04T21:54:00,F2,88.881,1.33,6.154,66.403,9.781,failure
2026-01-04T21:55:00,F2,82.328,1.593,4.264,68.828,8.62,normal
2026-01-04T21:56:00,F2,75.953,1.858,3.97,69.792,7.581,normal
2026-01-04T21:57:00,F2,65.087,1.362,4.511,69.54,11.493,normal
2026-01-04T21:58:00,F2,75.913,1.699,5.293,77.908,7.987,failure
2026-01-04T21:59:00,F2,70.865,1.675,5.305,67.458,8.051,normal
2026-01-04T22:00:00,F2,61.58,1.539,5.399,63.982,8.757,normal
2026-01-04T22:01:00,F2,67.346,1.587,4.538,56.816,7.248,normal
2026-01-04T22:02:00,F2,80.888,1.629,4.982,62.708,9.451,failure
2026-01-04T22:03:00,F2,75.073,1.696,4.844,74.328,10.12,failure
2026-01-04T22:04:00,F2,71.298,1.717,4.885,45.892,9.577,failure
2026-01-04T22:05:00,F2,72.594,1.632,4.784,80.411,7.918,normal
2026-01-04T22:06:00,F2,83.501,1.554,3.687,74.773,10.854,failure
2026-01-04T22:07:00,F2,77.986,1.761,3.957,52.887,9.782,normal
2026-01-04T22:08:00,F2,76.62,1.371,3.848,69.006,6.464,normal
2026-01-04T22:09:00,F2,93.026,1.557,4.998,67.675,8.905,failure
2026-01-04T22:10:00,F2,82.07,1.762,5.132,75.145,11.155,failure
2026-01-04T22:11:00,F2,75.64,1.537,4.919,65.735,9.534,normal
2026-01-04T22:12:00,F2,73.002,1.634,4.127,54.117,6.273,normal
2026-01-04T22:13:00,F2,82.53,1.625,6.113,73.773,9.362,failure
2026-01-04T22:14:00,F2,68.55,1.639,4.62,70.331,10.604,normal
2026-01-04T22:15:00,F2,74.154,1.951,6.114,62.325,8.094,failure
2026-01-04T22:16:00,F2,78.976,1.311,5.334,78.972,7.152,normal
2026-01-04T22:17:00,F2,77.476,1.417,5.194,49.571,10.174,normal
2026-01-04T22:18:00,F2,78.425,1.608,5.22,72.979,11.517,normal
2026-01-04T22:19:00,F2,63.619,1.404,3.634,51.681,9.321,normal
2026-01-04T22:20:00,F2,72.183,1.526,4.275,54.155,9.52,normal
2026-01-04T22:21:00,F2,75.873,1.507,5.276,52.883,10.777,normal
2026-01-04T22:22:00,F2,71.337,1.312,4.306,47.961,6.727,normal
2026-01-04T22:23:00,F2,70.566,1.518,4.946,63.386,5.55,normal
2026-01-04T22:24:00,F2,83.503,1.378,4.354,65.774,7.469,normal
2026-01-04T22:25:00,F2,70.194,1.718,5.135,73.88,9.581,normal
2026-01-04T22:26:00,F2,87.765,1.226,4.725,72.835,8.572,normal
2026-01-04T22:27:00,F2,96.028,1.58,5.377,77.649,7.81,failure
2026-01-04T22:28:00,F2,86.394,1.618,5.253,68.358,11.322,failure
2026-01-04T22:29:00,F2,62.068,1.518,6.077,54.004,9.382,failure
2026-01-04T22:30:00,F2,66.489,1.68,4.597,64.547,10.55,normal
2026-01-04T22:31:00,F2,77.764,1.311,5.166,63.59,8.24,normal
2026-01-04T22:32:00,F2,76.335,1.697,4.405,65.943,10.0,normal
2026-01-04T22:33:00,F2,84.145,1.403,5.731,76.476,9.481,normal
2026-01-04T22:34:00,F2,83.711,1.62,5.352,73.026,7.968,failure
2026-01-04T22:35:00,F2,79.023,1.45,5.159,70.621,8.571,normal
2026-01-04T22:36:00,F2,69.578,1.491,4.593,67.253,7.202,failure
2026-01-04T22:37:00,F2,83.718,1.412,3.621,52.363,8.183,normal
2026-01-04T22:38:00,F2,73.325,1.187,5.447,72.574,7.294,normal
2026-01-04T22:39:00,F2,73.286,1.231,4.539,53.729,6.892,normal
2026-01-04T22:40:00,F2,70.155,1.567,3.693,61.229,9.196,normal
2026-01-04T22:41:00,F2,86.235,1.61,5.811,58.164,7.53,failure
2026-01-04T22:42:00,F2,64.256,1.414,4.717,55.135,7.168,normal
2026-01-04T22:43:00,F2,82.969,1.331,4.517,70.616,7.742,normal
2026-01-04T22:44:00,F2,59.161,1.665,3.825,50.556,7.825,normal
2026-01-04T22:45:00,F2,76.825,1.29,4.224,69.397,8.862,normal
2026-01-04T22:46:00,F2,79.668,1.236,5.661,78.277,6.538,normal
2026-01-04T22:47:00,F2,74.333,1.417,4.446,92.312,10.932,normal
2026-01-04T22:48:00,F2,84.568,1.555,4.63,57.558,9.735,failure
2026-01-04T22:49:00,F2,73.171,1.744,4.388,73.6,8.844,normal
2026-01-04T22:50:00,F2,76.14,1.536,4.136,66.817,7.734,failure
2026-01-04T22:51:00,F2,78.743,1.623,4.046,76.92,7.009,normal
2026-01-04T22:52:00,F2,81.77,1.721,4.263,66.265,8.728,normal
2026-01-04T22:53:00,F2,65.013,1.312,5.024,73.334,8.894,normal
2026-01-04T22:54:00,F2,72.199,1.577,4.688,74.912,9.349,normal
2026-01-04T22:55:00,F2,72.353,1.538,4.13,56.332,8.404,normal
2026-01-04T22:56:00,F2,72.513,1.492,5.36,63.161,8.852,normal
2026-01-04T22:57:00,F2,68.585,1.543,5.094,51.1,8.674,normal
2026-01-04T22:58:00,F2,84.843,1.618,3.211,76.291,9.595,normal
2026-01-04T22:59:00,F2,82.488,1.747,5.139,82.971,10.321,failure
2026-01-04T23:00:00,F2,80.579,1.437,3.895,67.446,9.918,normal
2026-01-04T23:01:00,F2,66.876,1.727,4.466,74.541,8.47,normal
2026-01-04T23:02:00,F2,68.979,1.548,4.152,71.444,7.178,normal
2026-01-04T23:03:00,F2,96.224,1.511,6.469,62.597,6.775,failure
2026-01-04T23:04:00,F2,60.085,1.58,4.456,59.509,8.891,normal
2026-01-04T23:05:00,F2,75.965,1.419,5.832,71.963,8.548,failure
2026-01-04T23:06:00,F2,72.423,1.56,4.654,49.282,7.966,normal
2026-01-04T23:07:00,F2,77.691,1.567,4.824,70.011,9.227,normal
2026-01-04T23:08:00,F2,73.513,1.791,3.871,53.702,8.17,normal
2026-01-04T23:09:00,F2,79.819,1.515,5.682,63.496,7.027,normal
2026-01-04T23:10:00,F2,78.566,1.558,4.422,72.391,10.713,normal
2026-01-04T23:11:00,F2,81.861,1.483,6.222,57.062,8.651,normal
2026-01-04T23:12:00,F2,72.752,1.344,4.591,66.931,10.13,normal
2026-01-04T23:13:00,F2,83.681,1.601,3.91,69.131,6.965,normal
2026-01-04T23:14:00,F2,79.476,1.536,5.005,70.542,9.463,failure
2026-01-04T23:15:00,F2,64.029,1.341,4.778,64.487,8.171,normal
2026-01-04T23:16:00,F2,75.997,1.319,4.463,62.456,6.9,normal
2026-01-04T23:17:00,F2,74.214,1.675,4.495,67.575,8.495,failure
2026-01-04T23:18:00,F2,68.09,1.492,5.111,72.469,11.475,normal
2026-01-04T23:19:00,F2,76.242,1.398,4.601,59.268,7.992,normal
2026-01-04T23:20:00,F2,72.79,1.54,5.181,55.798,9.126,normal
2026-01-04T23:21:00,F2,86.349,1.556,6.002,71.75,7.794,normal
2026-01-04T23:22:00,F2,78.064,1.517,3.826,56.293,11.663,normal
2026-01-04T23:23:00,F2,71.344,1.413,4.228,49.552,8.663,normal
2026-01-04T23:24:00,F2,73.918,1.848,4.7,78.501,11.072,failure
2026-01-04T23:25:00,F2,77.119,1.253,4.425,52.351,6.575,normal
2026-01-04T23:26:00,F2,75.051,1.472,4.76,64.309,8.329,normal
2026-01-04T23:27:00,F2,62.313,1.324,4.801,52.31,7.076,normal
2026-01-04T23:28:00,F2,69.923,1.137,4.795,63.495,8.051,normal
2026-01-04T23:29:00,F2,76.71,1.463,6.433,61.708,9.1,failure
2026-01-04T23:30:00,F2,89.25,1.5,4.808,63.425,7.77,failure
2026-01-04T23:31:00,F2,78.547,1.047,3.672,69.697,9.592,normal
2026-01-04T23:32:00,F2,77.134,1.648,5.299,56.949,7.48,normal
2026-01-04T23:33:00,F2,83.165,1.781,4.408,71.191,7.985,failure
2026-01-04T23:34:00,F2,75.731,1.604,3.844,63.166,12.435,normal
2026-01-04T23:35:00,F2,77.803,1.301,4.447,55.329,7.145,normal
2026-01-04T23:36:00,F2,79.433,1.288,5.797,66.01,9.523,normal
2026-01-04T23:37:00,F2,80.373,1.567,5.197,63.491,6.352,failure
2026-01-04T23:38:00,F2,85.679,1.683,4.617,75.079,8.045,normal
2026-01-04T23:39:00,F2,63.204,1.498,4.435,57.08,10.768,normal
2026-01-04T23:40:00,F2,74.576,1.51,4.744,85.278,8.092,normal
2026-01-04T23:41:00,F2,74.95,1.577,4.54,66.251,10.095,normal
2026-01-04T23:42:00,F2,74.5,1.59,6.207,72.688,3.9,failure
2026-01-04T23:43:00,F2,86.356,1.639,5.787,64.531,9.248,normal
2026-01-04T23:44:00,F2,80.065,1.64,4.035,34.822,9.074,normal
2026-01-04T23:45:00,F2,79.834,1.624,5.062,52.881,7.824,failure
2026-01-04T23:46:00,F2,82.459,1.455,4.712,75.646,11.148,normal
2026-01-04T23:47:00,F2,74.437,1.185,3.674,55.039,8.84,normal
2026-01-04T23:48:00,F2,77.321,1.306,6.208,76.54,8.452,normal
2026-01-04T23:49:00,F2,86.504,1.388,3.65,57.36,8.803,normal
2026-01-04T23:50:00,F2,80.941,1.271,4.841,73.32,6.873,normal
2026-01-04T23:51:00,F2,67.25,1.404,4.271,65.087,9.322,normal
2026-01-04T23:52:00,F2,60.113,1.466,5.084,70.472,7.357,normal
2026-01-04T23:53:00,F2,77.468,1.555,5.241,62.828,9.423,failure
2026-01-04T23:54:00,F2,67.995,1.394,5.089,67.212,8.163,normal
2026-01-04T23:55:00,F2,74.739,1.339,4.644,69.076,9.857,normal
2026-01-04T23:56:00,F2,71.78,1.62,5.425,67.075,9.989,normal
2026-01-04T23:57:00,F2,72.028,1.274,4.327,43.72,7.521,normal
2026-01-04T23:58:00,F2,80.858,1.501,4.039,72.038,11.505,failure
2026-01-04T23:59:00,F2,79.829,1.423,4.113,63.912,7.823,normal
2026-01-05T00:00:00,F2,62.76,1.717,4.558,66.581,7.608,normal
2026-01-05T00:01:00,F2,92.112,1.511,4.772,70.584,7.541,normal
2026-01-05T00:02:00,F2,66.846,1.552,4.641,71.056,6.964,normal
2026-01-05T00:03:00,F2,74.831,1.674,5.894,73.384,6.785,normal
2026-01-05T00:04:00,F2,68.086,1.554,4.393,63.412,8.837,normal
2026-01-05T00:05:00,F2,75.137,1.522,4.158,32.427,9.474,normal
2026-01-05T00:06:00,F2,86.064,1.45,4.985,62.316,9.874,failure
2026-01-05T00:07:00,F2,84.157,1.483,4.392,49.969,9.244,failure
2026-01-05T00:08:00,F2,74.739,1.669,2.474,78.417,6.613,normal
2026-01-05T00:09:00,F2,64.512,1.376,5.453,54.646,8.257,normal
2026-01-05T00:10:00,F2,74.363,1.536,3.899,55.359,10.359,normal
2026-01-05T00:11:00,F2,76.274,1.454,5.764,52.893,8.138,failure
2026-01-05T00:12:00,F2,79.961,1.302,5.271,75.741,8.956,normal
2026-01-05T00:13:00,F2,86.527,1.466,4.337,68.453,8.419,failure
2026-01-05T00:14:00,F2,79.809,1.575,4.244,58.386,8.327,normal
2026-01-05T00:15:00,F2,73.924,1.444,5.38,69.121,8.774,normal
2026-01-05T00:16:00,F2,80.52,0.856,5.201,80.166,9.822,normal
2026-01-05T00:17:00,F2,66.602,1.371,5.293,58.118,9.075,normal
2026-01-05T00:18:00,F2,71.408,1.363,4.317,63.321,12.456,normal
2026-01-05T00:19:00,F2,78.41,1.544,4.911,72.049,8.939,normal
2026-01-05T00:20:00,F2,66.833,1.761,3.765,75.607,7.56,normal
2026-01-05T00:21:00,F2,74.266,1.522,4.584,58.299,9.163,normal
2026-01-05T00:22:00,F2,80.699,1.694,4.922,59.304,9.121,normal
2026-01-05T00:23:00,F2,90.916,1.581,4.395,90.439,8.694,normal
2026-01-05T00:24:00,F2,71.585,1.439,5.35,64.621,9.865,normal
2026-01-05T00:25:00,F2,76.64,1.387,4.815,47.591,8.463,failure
2026-01-05T00:26:00,F2,77.924,1.442,4.149,82.58,7.998,failure
2026-01-05T00:27:00,F2,74.529,1.435,6.091,61.38,7.952,failure
2026-01-05T00:28:00,F2,61.764,1.4,4.447,62.433,7.498,normal
2026-01-05T00:29:00,F2,55.332,1.294,4.936,54.014,8.394,normal
2026-01-05T00:30:00,F2,65.636,1.41,4.948,59.696,9.441,normal
2026-01-05T00:31:00,F2,83.309,1.414,3.588,55.034,8.186,normal
2026-01-05T00:32:00,F2,74.789,1.426,4.391,62.71,8.236,normal
2026-01-05T00:33:00,F2,74.708,1.342,4.649,69.937,9.173,normal
2026-01-05T00:34:00,F2,75.524,1.291,3.757,65.023,9.737,normal
2026-01-05T00:35:00,F2,75.909,1.625,4.707,48.001,0.0,normal
2026-01-05T00:36:00,F2,68.569,1.328,6.348,67.084,9.799,normal
2026-01-05T00:37:00,F2,87.023,1.577,5.339,54.557,9.844,failure
2026-01-05T00:38:00,F2,81.437,1.142,4.278,69.136,9.809,normal
2026-01-05T00:39:00,F2,68.27,1.4,4.976,62.604,7.58,normal
2026-01-05T00:40:00,F2,66.716,1.683,4.634,68.055,6.281,failure
2026-01-05T00:41:00,F2,72.541,1.226,3.778,59.987,8.765,normal
2026-01-05T00:42:00,F2,80.658,1.671,4.141,52.255,11.06,normal
2026-01-05T00:43:00,F2,79.421,1.136,4.662,70.162,9.34,normal
2026-01-05T00:44:00,F2,85.645,1.483,4.282,59.356,7.589,failure
2026-01-05T00:45:00,F2,83.6,1.45,5.042,65.686,6.599,normal
2026-01-05T00:46:00,F2,77.094,1.554,4.988,58.42,7.583,normal
2026-01-05T00:47:00,F2,79.253,1.63,5.303,66.81,7.261,failure
2026-01-05T00:48:00,F2,89.205,1.704,4.857,65.784,8.205,failure
2026-01-05T00:49:00,F2,77.139,1.203,4.468,62.147,9.434,normal
2026-01-05T00:50:00,F2,79.438,1.557,5.412,58.553,9.465,failure
2026-01-05T00:51:00,F2,69.955,1.484,4.646,67.68,11.858,normal
2026-01-05T00:52:00,F2,77.767,1.403,4.285,85.99,7.322,normal
2026-01-05T00:53:00,F2,70.909,1.627,4.841,72.832,9.219,normal
2026-01-05T00:54:00,F2,77.282,1.408,5.247,68.182,9.703,normal
2026-01-05T00:55:00,F2,73.279,1.589,5.763,62.834,8.722,normal
2026-01-05T00:56:00,F2,77.187,1.113,3.671,59.021,10.544,normal
2026-01-05T00:57:00,F2,90.399,1.53,4.405,69.018,8.366,failure
2026-01-05T00:58:00,F2,81.801,1.568,3.404,81.398,9.729,normal
2026-01-05T00:59:00,F2,72.367,1.364,4.827,46.934,9.773,normal
2026-01-05T01:00:00,F2,70.666,1.404,4.923,53.224,8.17,normal
2026-01-05T01:01:00,F2,77.581,1.454,4.661,62.026,9.102,normal
2026-01-05T01:02:00,F2,80.917,1.545,5.223,41.967,8.312,normal
2026-01-05T01:03:00,F2,73.456,1.57,5.49,73.96,8.337,failure
2026-01-05T01:04:00,F2,74.203,1.509,4.659,77.198,5.93,normal
2026-01-05T01:05:00,F2,91.916,1.14,4.33,62.562,6.197,normal
2026-01-05T01:06:00,F2,71.312,1.566,5.245,58.267,9.185,normal
2026-01-05T01:07:00,F2,68.837,1.263,4.631,71.088,7.828,normal
2026-01-05T01:08:00,F2,75.592,1.337,5.587,54.824,8.1,failure
2026-01-05T01:09:00,F2,88.161,1.369,4.366,75.376,7.205,normal
2026-01-05T01:10:00,F2,78.746,1.519,4.797,59.227,9.096,failure
2026-01-05T01:11:00,F2,77.994,1.362,4.787,68.581,7.861,normal
2026-01-05T01:12:00,F2,70.973,1.468,5.492,65.143,9.399,normal
2026-01-05T01:13:00,F2,68.065,1.381,4.554,81.94,8.265,normal
2026-01-05T01:14:00,F2,81.782,1.316,4.22,76.129,8.105,normal
2026-01-05T01:15:00,F2,76.34,1.607,4.714,76.566,8.299,normal
2026-01-05T01:16:00,F2,74.077,1.431,6.031,64.136,9.323,failure
2026-01-05T01:17:00,F2,73.983,1.343,4.836,57.849,4.899,normal
2026-01-05T01:18:00,F2,81.246,1.743,4.406,63.235,7.711,failure
2026-01-05T01:19:00,F2,76.345,1.631,5.405,60.893,7.183,failure
2026-01-05T01:20:00,F2,69.208,1.112,4.365,59.187,11.451,normal
2026-01-05T01:21:00,F2,80.884,1.558,4.481,80.83,9.593,normal
2026-01-05T01:22:00,F2,83.936,1.466,5.051,61.494,9.75,normal
2026-01-05T01:23:00,F2,79.342,1.322,5.694,65.305,10.954,failure
2026-01-05T01:24:00,F2,62.632,1.187,3.89,68.237,6.543,normal
2026-01-05T01:25:00,F2,75.671,1.159,4.265,77.152,5.507,normal
2026-01-05T01:26:00,F2,72.026,1.446,4.545,62.945,8.108,normal
2026-01-05T01:27:00,F2,71.09,1.429,4.944,64.264,7.944,normal
2026-01-05T01:28:00,F2,69.923,1.198,4.041,77.787,8.646,normal
2026-01-05T01:29:00,F2,76.226,1.586,3.809,67.098,9.779,normal
2026-01-05T01:30:00,F2,80.448,1.533,2.711,74.531,7.094,normal
2026-01-05T01:31:00,F2,72.564,1.414,4.933,63.59,8.78,normal
2026-01-05T01:32:00,F2,76.727,1.087,4.629,59.992,7.7,normal
2026-01-05T01:33:00,F2,66.708,1.271,5.816,55.535,8.237,normal
2026-01-05T01:34:00,F2,81.252,1.236,4.278,58.768,7.052,normal
2026-01-05T01:35:00,F2,74.766,1.313,5.559,71.731,7.773,normal
2026-01-05T01:36:00,F2,84.944,1.535,3.43,43.916,8.365,normal
2026-01-05T01:37:00,F2,75.332,1.395,5.235,82.824,7.049,normal
2026-01-05T01:38:00,F2,67.901,1.579,3.713,79.228,8.249,normal
2026-01-05T01:39:00,F2,83.579,1.476,5.465,72.397,7.974,normal
2026-01-05T01:40:00,F2,91.848,1.523,4.091,70.973,8.01,normal
2026-01-05T01:41:00,F2,71.911,1.587,4.628,43.475,8.633,normal
2026-01-05T01:42:00,F2,45.734,1.393,5.414,58.088,7.055,normal
2026-01-05T01:43:00,F2,73.295,1.432,3.789,63.564,8.658,normal
2026-01-05T01:44:00,F2,73.366,1.282,5.231,70.901,4.669,normal
2026-01-05T01:45:00,F2,70.803,1.572,4.704,68.535,5.466,normal
2026-01-05T01:46:00,F2,72.739,1.36,3.379,75.62,10.254,normal
2026-01-05T01:47:00,F2,83.093,1.157,5.254,47.654,7.882,normal
2026-01-05T01:48:00,F2,84.043,1.559,4.708,63.227,8.029,normal
2026-01-05T01:49:00,F2,77.877,1.234,4.211,80.919,8.627,normal
2026-01-05T01:50:00,F2,78.774,1.571,4.314,50.744,10.029,normal
2026-01-05T01:51:00,F2,82.235,1.263,4.824,69.689,9.555,normal
2026-01-05T01:52:00,F2,66.171,1.147,4.375,60.785,8.354,normal
2026-01-05T01:53:00,F2,73.369,1.281,4.859,66.046,10.231,normal
2026-01-05T01:54:00,F2,76.784,1.412,5.489,70.131,8.821,normal
2026-01-05T01:55:00,F2,80.427,1.403,4.428,62.436,8.002,normal
2026-01-05T01:56:00,F2,63.877,1.524,4.886,67.456,5.76,normal
2026-01-05T01:57:00,F2,72.268,1.308,3.592,59.501,7.032,normal
2026-01-05T01:58:00,F2,88.708,1.291,4.84,53.963,9.346,normal
2026-01-05T01:59:00,F2,77.792,1.432,5.546,61.1,8.672,failure
2026-01-05T02:00:00,F2,66.356,1.155,5.354,66.37,8.13,normal
2026-01-05T02:01:00,F2,83.439,1.29,4.687,66.539,6.34,normal
2026-01-05T02:02:00,F2,73.492,1.23,2.988,80.714,6.747,normal
2026-01-05T02:03:00,F2,77.14,1.295,3.589,70.559,5.861,normal
2026-01-05T02:04:00,F2,88.065,1.23,4.149,76.899,7.259,failure
2026-01-05T02:05:00,F2,70.209,1.146,4.519,86.113,7.125,normal
2026-01-05T02:06:00,F2,61.094,1.252,4.84,56.427,6.706,normal
2026-01-05T02:07:00,F2,89.443,1.377,6.084,59.134,7.503,normal
2026-01-05T02:08:00,F2,68.616,1.273,2.688,61.183,8.492,normal
2026-01-05T02:09:00,F2,79.333,1.529,3.966,81.001,7.05,normal
2026-01-05T02:10:00,F2,63.8,1.53,3.739,58.757,6.822,normal
2026-01-05T02:11:00,F2,76.563,1.127,4.343,72.718,8.589,normal
2026-01-05T02:12:00,F2,70.35,1.596,4.28,80.177,7.61,normal
2026-01-05T02:13:00,F2,63.558,1.499,5.24,66.515,8.387,normal
2026-01-05T02:14:00,F2,70.645,1.406,4.782,76.726,9.413,normal
2026-01-05T02:15:00,F2,70.157,1.58,5.072,62.371,7.281,normal
2026-01-05T02:16:00,F2,63.842,1.238,4.901,68.993,10.066,normal
2026-01-05T02:17:00,F2,69.634,1.325,4.449,73.834,8.621,normal
2026-01-05T02:18:00,F2,82.299,1.594,3.342,73.25,7.48,normal
2026-01-05T02:19:00,F2,83.579,1.409,4.331,57.555,7.649,normal
2026-01-05T02:20:00,F2,89.879,1.286,4.038,83.489,9.434,normal
2026-01-05T02:21:00,F2,65.037,1.479,4.224,50.855,9.62,normal
2026-01-05T02:22:00,F2,48.973,1.273,5.323,70.315,10.026,normal
2026-01-05T02:23:00,F2,83.88,1.397,3.849,58.326,10.141,failure
2026-01-05T02:24:00,F2,68.329,1.335,3.931,60.659,7.652,normal
2026-01-05T02:25:00,F2,74.158,1.507,4.505,52.844,8.4,normal
2026-01-05T02:26:00,F2,73.619,1.493,4.788,67.937,5.893,normal
2026-01-05T02:27:00,F2,72.233,1.601,4.273,69.557,7.028,normal
2026-01-05T02:28:00,F2,74.012,1.328,5.571,72.358,9.252,normal
2026-01-05T02:29:00,F2,75.959,1.203,5.731,62.884,7.66,normal
2026-01-05T02:30:00,F2,79.805,1.379,5.459,66.676,6.634,normal
2026-01-05T02:31:00,F2,59.72,1.533,3.903,64.194,7.399,normal
2026-01-05T02:32:00,F2,66.611,1.229,5.804,62.334,8.621,normal
2026-01-05T02:33:00,F2,74.336,1.365,5.717,51.821,8.552,normal
2026-01-05T02:34:00,F2,84.644,1.222,4.59,82.704,9.23,normal
2026-01-05T02:35:00,F2,77.574,1.254,4.71,58.868,8.139,normal
2026-01-05T02:36:00,F2,74.317,1.248,5.41,59.939,7.095,failure
2026-01-05T02:37:00,F2,73.224,1.295,4.751,69.405,6.636,normal
2026-01-05T02:38:00,F2,69.594,1.45,4.728,60.012,4.834,normal
2026-01-05T02:39:00,F2,73.752,1.45,5.127,52.049,8.945,normal
2026-01-05T02:40:00,F2,67.491,1.373,5.521,55.515,8.197,failure
2026-01-05T02:41:00,F2,73.362,1.386,5.136,66.549,7.991,normal
2026-01-05T02:42:00,F2,73.469,1.691,5.649,53.911,9.513,failure
2026-01-05T02:43:00,F2,63.09,1.389,5.149,67.589,7.222,normal
2026-01-05T02:44:00,F2,79.783,1.64,4.368,65.72,11.207,failure
2026-01-05T02:45:00,F2,78.664,1.543,4.736,76.833,8.577,failure
2026-01-05T02:46:00,F2,80.624,1.341,4.664,72.07,10.29,normal
2026-01-05T02:47:00,F2,72.055,1.479,3.704,83.543,8.955,normal
2026-01-05T02:48:00,F2,74.912,1.291,4.758,51.411,6.845,normal
2026-01-05T02:49:00,F2,80.823,1.413,5.815,75.741,8.324,normal
2026-01-05T02:50:00,F2,81.742,1.448,3.506,62.411,9.803,normal
2026-01-05T02:51:00,F2,67.671,1.392,3.721,71.863,7.844,normal
2026-01-05T02:52:00,F2,78.727,1.406,4.48,48.775,7.879,normal
2026-01-05T02:53:00,F2,64.902,1.157,4.261,58.043,6.783,normal
2026-01-05T02:54:00,F2,71.797,1.333,3.623,57.565,8.011,normal
2026-01-05T02:55:00,F2,77.857,1.349,4.664,64.216,9.034,normal
2026-01-05T02:56:00,F2,89.01,1.267,5.245,80.275,7.21,normal
2026-01-05T02:57:00,F2,78.338,1.43,3.912,61.638,9.068,normal
2026-01-05T02:58:00,F2,82.814,1.129,4.637,69.297,8.832,normal
2026-01-05T02:59:00,F2,82.336,0.832,5.072,76.013,9.258,normal
2026-01-05T03:00:00,F2,70.778,1.375,4.421,51.19,8.137,normal
2026-01-05T03:01:00,F2,83.326,1.468,5.211,76.367,7.731,normal
2026-01-05T03:02:00,F2,79.341,1.071,4.256,45.52,8.89,normal
2026-01-05T03:03:00,F2,71.002,1.403,4.292,79.662,5.722,normal
2026-01-05T03:04:00,F2,80.014,1.412,5.721,67.923,9.727,failure
2026-01-05T03:05:00,F2,73.184,1.392,5.268,70.722,6.932,normal
2026-01-05T03:06:00,F2,71.442,1.661,5.119,67.897,8.863,failure
2026-01-05T03:07:00,F2,76.615,1.29,4.322,62.822,7.831,normal
2026-01-05T03:08:00,F2,67.804,1.491,4.902,74.378,8.72,normal
2026-01-05T03:09:00,F2,66.254,1.062,4.411,58.555,5.849,normal
2026-01-05T03:10:00,F2,73.112,1.155,4.942,63.933,8.489,normal
2026-01-05T03:11:00,F2,71.411,1.487,4.235,65.548,7.867,normal
2026-01-05T03:12:00,F2,62.915,1.429,5.861,76.788,7.511,normal
2026-01-05T03:13:00,F2,79.844,1.062,4.643,65.919,6.715,normal
2026-01-05T03:14:00,F2,77.533,1.344,5.412,59.933,5.746,normal
2026-01-05T03:15:00,F2,75.822,1.447,4.307,78.066,6.743,normal
2026-01-05T03:16:00,F2,80.532,1.213,5.088,57.629,5.381,normal
2026-01-05T03:17:00,F2,90.138,1.503,4.73,56.606,7.159,normal
2026-01-05T03:18:00,F2,81.43,1.34,3.925,60.303,8.324,normal
2026-01-05T03:19:00,F2,57.283,1.632,4.814,72.708,8.582,normal
2026-01-05T03:20:00,F2,74.515,1.087,4.219,53.401,6.531,normal
2026-01-05T03:21:00,F2,73.271,1.541,3.651,60.612,7.874,normal
2026-01-05T03:22:00,F2,71.924,1.177,4.395,71.578,4.646,normal
2026-01-05T03:23:00,F2,73.875,1.467,3.923,64.911,6.355,normal
2026-01-05T03:24:00,F2,83.227,1.213,4.462,66.014,7.931,normal
2026-01-05T03:25:00,F2,83.713,1.315,5.068,79.48,7.818,normal
2026-01-05T03:26:00,F2,69.452,1.293,3.353,76.398,6.214,normal
2026-01-05T03:27:00,F2,56.193,1.265,3.826,62.025,7.757,normal
2026-01-05T03:28:00,F2,84.476,1.181,4.303,70.712,10.909,normal
2026-01-05T03:29:00,F2,83.745,1.33,4.422,59.409,6.591,normal
2026-01-05T03:30:00,F2,91.058,0.987,4.047,73.671,7.796,normal
2026-01-05T03:31:00,F2,82.392,0.957,3.482,71.961,6.336,normal
2026-01-05T03:32:00,F2,66.27,1.427,4.774,62.842,11.277,normal
2026-01-05T03:33:00,F2,81.55,1.436,5.408,80.729,7.196,normal
2026-01-05T03:34:00,F2,66.605,1.472,3.151,84.062,7.311,normal
2026-01-05T03:35:00,F2,70.048,1.316,2.509,48.658,8.304,normal
2026-01-05T03:36:00,F2,68.104,1.165,4.474,61.062,7.956,normal
2026-01-05T03:37:00,F2,81.287,1.092,4.485,67.189,7.868,normal
2026-01-05T03:38:00,F2,77.836,1.133,3.801,85.012,5.665,normal
2026-01-05T03:39:00,F2,72.706,1.473,3.649,64.876,5.339,normal
2026-01-05T03:40:00,F2,74.36,1.311,4.095,64.573,6.277,normal
2026-01-05T03:41:00,F2,75.544,1.284,4.014,63.313,8.755,normal
2026-01-05T03:42:00,F2,74.314,1.162,5.203,59.086,7.72,normal
2026-01-05T03:43:00,F2,81.086,1.308,6.209,60.336,8.918,normal
2026-01-05T03:44:00,F2,80.288,1.37,5.156,61.492,9.417,normal
2026-01-05T03:45:00,F2,68.423,1.043,4.945,73.601,7.439,normal
2026-01-05T03:46:00,F2,83.785,1.175,3.764,61.842,9.053,normal
2026-01-05T03:47:00,F2,64.331,1.198,5.407,55.989,9.409,normal
2026-01-05T03:48:00,F2,83.781,1.212,4.218,84.287,10.056,normal
2026-01-05T03:49:00,F2,75.455,1.097,4.729,89.277,9.13,normal
2026-01-05T03:50:00,F2,84.333,1.234,4.881,57.723,7.745,normal
2026-01-05T03:51:00,F2,82.257,1.054,3.666,49.836,9.147,normal
2026-01-05T03:52:00,F2,77.615,1.447,5.159,63.765,8.7,normal
2026-01-05T03:53:00,F2,84.954,1.209,4.503,55.195,8.745,normal
2026-01-05T03:54:00,F2,79.619,0.924,5.893,62.774,7.449,normal
2026-01-05T03:55:00,F2,77.894,1.274,5.211,68.37,7.173,normal
2026-01-05T03:56:00,F2,65.546,1.306,4.192,61.526,7.209,normal
2026-01-05T03:57:00,F2,76.009,1.484,4.166,57.014,11.275,normal
2026-01-05T03:58:00,F2,79.675,1.51,4.242,71.956,6.705,normal
2026-01-05T03:59:00,F2,80.884,1.134,4.656,67.864,7.522,failure
2026-01-05T04:00:00,F2,79.916,0.989,4.656,70.089,9.42,normal
2026-01-05T04:01:00,F2,80.545,1.202,4.851,72.446,8.224,normal
2026-01-05T04:02:00,F2,75.575,1.113,3.688,55.582,7.673,normal
2026-01-05T04:03:00,F2,69.965,1.262,3.86,64.496,8.692,normal
2026-01-05T04:04:00,F2,65.22,0.96,3.99,70.688,10.344,normal
2026-01-05T04:05:00,F2,95.028,1.374,3.219,56.29,8.288,normal
2026-01-05T04:06:00,F2,58.005,1.197,4.648,66.289,8.398,normal
2026-01-05T04:07:00,F2,75.751,1.179,4.449,48.982,8.404,normal
2026-01-05T04:08:00,F2,71.376,1.066,4.554,67.001,9.682,normal
2026-01-05T04:09:00,F2,71.788,1.032,4.384,60.586,8.472,normal
2026-01-05T04:10:00,F2,78.848,1.163,4.057,79.702,9.034,normal
2026-01-05T04:11:00,F2,70.85,1.13,4.236,75.664,6.499,normal
2026-01-05T04:12:00,F2,88.94,1.427,3.873,69.46,7.533,normal
2026-01-05T04:13:00,F2,65.168,1.344,5.541,63.247,7.817,normal
2026-01-05T04:14:00,F2,81.678,1.313,5.424,68.873,7.616,normal
2026-01-05T04:15:00,F2,76.391,1.292,4.568,64.13,7.901,normal
2026-01-05T04:16:00,F2,68.622,1.208,4.325,66.757,11.152,normal
2026-01-05T04:17:00,F2,74.168,1.212,5.28,60.973,6.219,normal
2026-01-05T04:18:00,F2,80.61,1.305,5.43,72.109,7.203,normal
2026-01-05T04:19:00,F2,91.588,1.385,4.694,65.338,10.889,normal
2026-01-05T04:20:00,F2,74.984,1.166,4.711,82.347,9.449,normal
2026-01-05T04:21:00,F2,67.315,1.297,5.463,63.245,8.948,normal
2026-01-05T04:22:00,F2,87.711,1.321,5.077,63.185,7.557,normal
2026-01-05T04:23:00,F2,79.231,1.201,4.938,60.763,9.029,normal
2026-01-05T04:24:00,F2,68.059,1.328,4.516,67.746,7.108,normal
2026-01-05T04:25:00,F2,81.593,1.239,4.249,53.584,9.953,normal
2026-01-05T04:26:00,F2,76.254,1.263,3.291,60.026,9.425,normal
2026-01-05T04:27:00,F2,80.307,1.045,5.175,75.457,9.476,normal
2026-01-05T04:28:00,F2,54.022,1.145,4.087,74.348,8.579,normal
2026-01-05T04:29:00,F2,64.739,1.231,3.855,77.914,7.849,normal
2026-01-05T04:30:00,F2,85.829,1.259,4.31,58.755,8.177,normal
2026-01-05T04:31:00,F2,65.871,1.081,4.263,59.437,7.138,normal
2026-01-05T04:32:00,F2,61.372,1.503,3.997,55.468,8.081,normal
2026-01-05T04:33:00,F2,77.011,1.455,4.625,49.926,6.568,normal
2026-01-05T04:34:00,F2,80.813,0.876,4.158,51.987,8.253,normal
2026-01-05T04:35:00,F2,66.737,1.24,4.973,64.738,9.115,normal
2026-01-05T04:36:00,F2,77.712,1.286,4.642,72.173,7.691,normal
2026-01-05T04:37:00,F2,70.43,1.415,4.962,77.813,7.473,normal
2026-01-05T04:38:00,F2,77.843,1.485,3.987,71.272,8.985,normal
2026-01-05T04:39:00,F2,73.253,1.363,4.798,62.878,7.465,failure
2026-01-05T04:40:00,F2,78.791,1.243,4.321,71.769,7.414,normal
2026-01-05T04:41:00,F2,81.587,1.258,5.368,56.872,7.694,normal
2026-01-05T04:42:00,F2,71.268,1.281,3.829,69.614,11.243,normal
2026-01-05T04:43:00,F2,100.742,1.289,3.978,53.457,9.255,normal
2026-01-05T04:44:00,F2,76.633,1.316,4.807,77.935,8.763,failure
2026-01-05T04:45:00,F2,82.298,1.014,4.305,66.125,6.856,normal
2026-01-05T04:46:00,F2,70.404,1.114,3.743,57.939,8.637,normal
2026-01-05T04:47:00,F2,68.562,1.138,5.246,68.296,9.809,normal
2026-01-05T04:48:00,F2,74.714,1.363,5.172,65.429,8.537,normal
2026-01-05T04:49:00,F2,88.013,1.38,3.881,59.742,8.598,normal
2026-01-05T04:50:00,F2,59.405,1.31,4.078,74.161,7.334,normal
2026-01-05T04:51:00,F2,67.371,0.967,5.043,68.203,9.324,normal
2026-01-05T04:52:00,F2,71.195,1.124,4.36,74.239,8.993,normal
2026-01-05T04:53:00,F2,71.94,1.08,5.444,67.147,8.85,normal
2026-01-05T04:54:00,F2,81.537,1.243,5.39,71.537,8.87,failure
2026-01-05T04:55:00,F2,71.465,1.214,6.555,69.751,9.579,normal
2026-01-05T04:56:00,F2,79.946,1.322,3.298,59.517,6.816,normal
2026-01-05T04:57:00,F2,76.155,1.116,5.651,59.239,8.036,normal
2026-01-05T04:58:00,F2,80.258,1.176,5.506,35.892,9.279,normal
2026-01-05T04:59:00,F2,63.293,1.139,5.642,71.268,3.799,normal
2026-01-05T05:00:00,F2,76.872,1.369,4.957,65.726,9.709,normal
2026-01-05T05:01:00,F2,93.57,0.974,4.819,61.477,9.621,normal
2026-01-05T05:02:00,F2,74.837,1.297,3.985,78.935,5.771,normal
2026-01-05T05:03:00,F2,90.212,1.185,3.888,57.741,11.514,normal
2026-01-05T05:04:00,F2,84.194,1.059,3.641,62.014,7.438,normal
2026-01-05T05:05:00,F2,68.856,1.27,5.109,71.488,7.839,failure
2026-01-05T05:06:00,F2,82.713,1.098,4.75,57.059,8.342,normal
2026-01-05T05:07:00,F2,85.467,1.03,3.89,64.737,7.606,normal
2026-01-05T05:08:00,F2,96.42,1.392,4.36,89.928,7.201,normal
2026-01-05T05:09:00,F2,70.321,1.194,4.136,72.931,5.886,normal
2026-01-05T05:10:00,F2,68.309,1.493,3.182,68.052,9.71,normal
2026-01-05T05:11:00,F2,58.834,1.183,4.915,69.99,7.394,normal
2026-01-05T05:12:00,F2,80.629,1.328,4.919,76.166,8.734,normal
2026-01-05T05:13:00,F2,80.304,1.228,5.427,65.181,7.995,normal
2026-01-05T05:14:00,F2,76.741,0.999,5.207,58.896,8.669,normal
2026-01-05T05:15:00,F2,78.245,1.215,4.68,53.833,8.091,normal
2026-01-05T05:16:00,F2,74.489,1.368,5.224,66.184,7.427,normal
2026-01-05T05:17:00,F2,83.97,1.278,5.207,62.168,8.459,normal
2026-01-05T05:18:00,F2,64.113,1.38,4.884,60.211,9.981,normal
2026-01-05T05:19:00,F2,75.024,1.016,4.173,80.508,7.717,normal
2026-01-05T05:20:00,F2,69.544,1.445,2.869,70.765,8.603,normal
2026-01-05T05:21:00,F2,77.637,1.077,4.701,66.331,6.054,normal
2026-01-05T05:22:00,F2,75.083,1.162,5.221,61.442,9.064,normal
2026-01-05T05:23:00,F2,65.009,1.297,5.108,70.068,7.677,normal
2026-01-05T05:24:00,F2,83.626,1.135,4.621,73.013,8.358,normal
2026-01-05T05:25:00,F2,72.866,1.216,4.185,87.823,8.282,normal
2026-01-05T05:26:00,F2,85.234,1.18,4.661,77.644,6.106,normal
2026-01-05T05:27:00,F2,79.81,1.489,5.102,63.711,8.294,normal
2026-01-05T05:28:00,F2,73.604,1.208,5.411,72.389,10.962,normal
2026-01-05T05:29:00,F2,82.053,0.811,4.313,60.04,9.392,normal
2026-01-05T05:30:00,F2,48.067,0.898,4.395,65.701,6.8,normal
2026-01-05T05:31:00,F2,75.283,1.163,4.998,49.821,8.573,normal
2026-01-05T05:32:00,F2,73.587,1.295,4.167,57.283,6.944,normal
2026-01-05T05:33:00,F2,75.065,1.351,4.677,81.063,6.708,normal
2026-01-05T05:34:00,F2,91.909,1.056,4.451,69.239,5.148,normal
2026-01-05T05:35:00,F2,79.146,1.182,4.064,67.468,9.202,normal
2026-01-05T05:36:00,F2,78.54,1.027,4.216,67.348,7.153,normal
2026-01-05T05:37:00,F2,72.067,1.223,3.75,72.527,8.254,normal
2026-01-05T05:38:00,F2,72.839,1.247,3.691,82.266,6.94,normal
2026-01-05T05:39:00,F2,79.664,1.276,4.189,46.656,10.541,normal
2026-01-05T05:40:00,F2,74.368,1.228,4.758,68.944,15.106,normal
2026-01-05T05:41:00,F2,68.556,1.162,4.581,62.339,7.718,normal
2026-01-05T05:42:00,F2,74.142,1.1,4.409,47.054,10.515,normal
2026-01-05T05:43:00,F2,71.404,1.396,4.493,82.191,7.877,normal
2026-01-05T05:44:00,F2,60.879,1.123,5.468,66.155,10.814,normal
2026-01-05T05:45:00,F2,67.531,1.148,4.251,68.529,9.183,normal
2026-01-05T05:46:00,F2,81.289,1.203,4.325,54.299,7.565,normal
2026-01-05T05:47:00,F2,73.932,1.015,3.632,43.759,5.95,normal
2026-01-05T05:48:00,F2,87.395,1.268,4.513,77.691,8.489,normal
2026-01-05T05:49:00,F2,80.368,0.836,5.311,72.382,8.334,normal
2026-01-05T05:50:00,F2,78.403,1.275,5.224,62.231,10.633,normal
2026-01-05T05:51:00,F2,80.879,1.15,5.071,58.529,5.849,normal
2026-01-05T05:52:00,F2,82.26,1.202,3.644,66.62,7.258,normal
2026-01-05T05:53:00,F2,74.714,1.376,4.477,66.969,7.29,normal
2026-01-05T05:54:00,F2,72.718,0.838,3.972,77.169,7.346,normal
2026-01-05T05:55:00,F2,85.112,1.177,3.955,63.095,4.907,normal
2026-01-05T05:56:00,F2,80.452,1.196,4.629,57.981,6.837,normal
2026-01-05T05:57:00,F2,74.84,1.272,3.994,78.26,8.956,normal
2026-01-05T05:58:00,F2,73.938,1.333,4.653,53.324,6.3,normal
2026-01-05T05:59:00,F2,76.816,1.454,4.342,64.896,8.561,normal
2026-01-05T06:00:00,F2,78.467,1.068,4.898,77.246,9.517,normal
2026-01-05T06:01:00,F2,73.683,0.868,3.867,67.027,8.524,normal
2026-01-05T06:02:00,F2,89.802,1.254,4.012,67.962,8.054,normal
2026-01-05T06:03:00,F2,59.24,1.193,3.597,73.513,8.713,normal
2026-01-05T06:04:00,F2,70.872,0.865,5.034,68.629,7.979,normal
2026-01-05T06:05:00,F2,81.92,1.206,5.632,72.243,8.108,normal
2026-01-05T06:06:00,F2,58.34,1.15,4.838,66.686,8.238,normal
2026-01-05T06:07:00,F2,83.143,1.187,4.169,64.845,8.469,normal
2026-01-05T06:08:00,F2,78.683,0.966,4.631,70.012,9.196,normal
2026-01-05T06:09:00,F2,63.792,1.238,5.15,60.892,5.915,normal
2026-01-05T06:10:00,F2,64.31,1.044,5.803,72.333,7.374,normal
2026-01-05T06:11:00,F2,64.832,1.371,4.976,58.9,7.949,normal
2026-01-05T06:12:00,F2,64.064,1.057,5.235,82.173,6.157,normal
2026-01-05T06:13:00,F2,80.918,1.185,5.003,78.945,7.368,normal
2026-01-05T06:14:00,F2,61.413,1.138,3.538,77.333,8.356,normal
2026-01-05T06:15:00,F2,20.385,1.102,4.897,66.913,6.997,normal
2026-01-05T06:16:00,F2,76.998,1.128,4.26,63.576,9.279,normal
2026-01-05T06:17:00,F2,84.322,0.992,5.098,57.558,8.43,normal
2026-01-05T06:18:00,F2,69.273,0.812,3.825,52.954,6.482,normal
2026-01-05T06:19:00,F2,75.97,1.019,5.375,43.875,10.843,normal
2026-01-05T06:20:00,F2,87.803,1.256,4.394,72.147,7.567,normal
2026-01-05T06:21:00,F2,74.314,0.763,3.859,66.157,7.834,normal
2026-01-05T06:22:00,F2,61.395,1.086,4.081,65.123,6.753,normal
2026-01-05T06:23:00,F2,91.068,0.921,3.011,65.826,14.625,normal
2026-01-05T06:24:00,F2,82.076,1.067,6.497,66.531,9.847,normal
2026-01-05T06:25:00,F2,54.475,0.986,4.431,64.78,10.84,normal
2026-01-05T06:26:00,F2,85.243,1.182,4.386,72.198,8.052,failure
2026-01-05T06:27:00,F2,78.472,1.099,4.121,61.282,7.88,normal
2026-01-05T06:28:00,F2,66.528,1.009,5.363,50.327,8.992,normal
2026-01-05T06:29:00,F2,70.302,1.303,4.52,65.916,8.362,normal
2026-01-05T06:30:00,F2,91.924,1.126,3.911,54.918,7.449,normal
2026-01-05T06:31:00,F2,74.766,1.164,3.807,93.422,8.9,normal
2026-01-05T06:32:00,F2,60.232,1.039,3.471,55.956,7.081,normal
2026-01-05T06:33:00,F2,83.849,1.257,4.964,64.159,8.205,failure
2026-01-05T06:34:00,F2,83.222,1.28,4.098,61.645,9.186,failure
2026-01-05T06:35:00,F2,68.809,1.07,5.072,67.146,8.723,normal
2026-01-05T06:36:00,F2,78.275,1.173,4.579,55.347,10.085,normal
2026-01-05T06:37:00,F2,70.351,0.998,4.602,71.906,6.065,normal
2026-01-05T06:38:00,F2,67.439,0.93,4.842,56.125,8.882,normal
2026-01-05T06:39:00,F2,75.588,1.143,3.541,53.23,9.967,normal
2026-01-05T06:40:00,F2,77.628,1.292,4.122,48.849,5.622,normal
2026-01-05T06:41:00,F2,73.292,1.116,4.056,60.836,7.993,normal
2026-01-05T06:42:00,F2,68.117,1.152,3.863,58.551,6.835,normal
2026-01-05T06:43:00,F2,62.891,1.269,4.207,59.468,10.213,normal
2026-01-05T06:44:00,F2,67.444,1.147,3.886,75.635,5.61,normal
2026-01-05T06:45:00,F2,60.339,1.013,5.417,54.306,7.82,normal
2026-01-05T06:46:00,F2,79.145,1.283,2.953,79.288,7.501,normal
2026-01-05T06:47:00,F2,66.507,1.254,4.15,72.269,9.528,normal
2026-01-05T06:48:00,F2,64.963,1.199,4.69,69.107,6.729,normal
2026-01-05T06:49:00,F2,82.424,1.389,4.27,69.159,5.341,normal
2026-01-05T06:50:00,F2,86.113,1.075,5.768,78.631,8.745,normal
2026-01-05T06:51:00,F2,77.987,0.866,3.453,63.39,8.351,normal
2026-01-05T06:52:00,F2,81.175,1.184,4.487,66.7,7.996,normal
2026-01-05T06:53:00,F2,77.406,1.271,3.848,78.946,9.39,normal
2026-01-05T06:54:00,F2,98.481,1.126,3.975,70.74,9.976,normal
2026-01-05T06:55:00,F2,64.587,0.888,4.551,65.974,11.271,normal
2026-01-05T06:56:00,F2,66.424,1.169,4.072,63.695,6.117,normal
2026-01-05T06:57:00,F2,69.632,1.039,4.897,61.929,8.97,normal
2026-01-05T06:58:00,F2,71.8,1.086,4.803,66.56,6.312,normal
2026-01-05T06:59:00,F2,79.253,0.947,5.282,61.953,7.216,normal
2026-01-05T07:00:00,F2,73.026,1.063,3.434,84.974,6.981,normal
2026-01-05T07:01:00,F2,66.203,1.129,4.161,64.958,9.791,normal
2026-01-05T07:02:00,F2,78.774,1.049,4.24,60.661,9.808,normal
2026-01-05T07:03:00,F2,76.025,0.807,4.834,50.77,11.032,normal
2026-01-05T07:04:00,F2,81.937,1.296,3.91,76.937,9.016,normal
2026-01-05T07:05:00,F2,72.794,1.027,3.386,49.142,8.831,normal
2026-01-05T07:06:00,F2,65.79,1.036,3.985,71.264,7.886,normal
2026-01-05T07:07:00,F2,78.02,1.09,4.454,83.995,7.385,normal
2026-01-05T07:08:00,F2,82.192,1.247,4.29,89.622,6.724,normal
2026-01-05T07:09:00,F2,64.359,1.517,4.476,92.892,8.039,normal
2026-01-05T07:10:00,F2,76.935,1.224,4.112,57.342,6.919,normal
2026-01-05T07:11:00,F2,67.358,1.104,3.544,54.663,8.674,normal
2026-01-05T07:12:00,F2,79.937,1.359,5.795,76.589,7.521,normal
2026-01-05T07:13:00,F2,69.273,1.108,3.244,67.717,6.776,normal
2026-01-05T07:14:00,F2,81.707,0.787,5.501,79.035,11.175,normal
2026-01-05T07:15:00,F2,91.424,1.03,3.705,75.708,9.011,normal
2026-01-05T07:16:00,F2,76.08,1.204,5.093,67.409,9.29,normal
2026-01-05T07:17:00,F2,78.071,1.161,5.302,71.923,8.69,normal
2026-01-05T07:18:00,F2,78.25,0.977,4.35,73.651,7.616,normal
2026-01-05T07:19:00,F2,62.171,1.146,4.119,64.611,7.152,normal
2026-01-05T07:20:00,F2,53.577,1.065,4.13,65.15,6.721,normal
2026-01-05T07:21:00,F2,66.315,0.858,3.568,76.693,9.771,normal
2026-01-05T07:22:00,F2,76.177,1.146,3.13,71.147,9.83,normal
2026-01-05T07:23:00,F2,84.626,1.415,3.836,65.821,7.186,normal
2026-01-05T07:24:00,F2,69.63,0.821,4.597,50.5,8.881,normal
2026-01-05T07:25:00,F2,68.689,1.059,3.906,55.532,6.242,normal
2026-01-05T07:26:00,F2,66.569,0.988,4.759,69.371,4.611,normal
2026-01-05T07:27:00,F2,45.873,0.622,3.273,59.706,7.493,normal
2026-01-05T07:28:00,F2,68.696,1.005,4.093,61.327,9.827,normal
2026-01-05T07:29:00,F2,74.648,0.977,4.984,68.629,8.684,normal
2026-01-05T07:30:00,F2,73.597,1.135,4.371,70.803,9.776,failure
2026-01-05T07:31:00,F2,67.949,0.867,3.808,53.17,7.71,normal
2026-01-05T07:32:00,F2,70.332,0.837,3.32,56.836,5.111,normal
2026-01-05T07:33:00,F2,73.472,1.234,5.201,71.813,9.176,normal
2026-01-05T07:34:00,F2,89.249,1.071,5.729,86.723,8.378,normal
2026-01-05T07:35:00,F2,89.623,1.018,4.644,54.374,8.002,normal
2026-01-05T07:36:00,F2,65.722,0.955,2.27,72.655,5.735,normal
2026-01-05T07:37:00,F2,70.955,1.063,4.626,64.887,8.468,normal
2026-01-05T07:38:00,F2,72.596,0.938,4.456,80.682,7.945,normal
2026-01-05T07:39:00,F2,63.537,0.751,3.544,88.417,7.511,normal
2026-01-05T07:40:00,F2,78.45,1.177,4.281,62.643,7.703,normal
2026-01-05T07:41:00,F2,80.062,1.227,4.179,72.187,5.977,normal
2026-01-05T07:42:00,F2,77.179,1.193,3.423,76.248,8.111,normal
2026-01-05T07:43:00,F2,68.203,1.269,4.887,82.103,7.519,normal
2026-01-05T07:44:00,F2,86.617,1.52,4.824,51.725,8.703,failure
2026-01-05T07:45:00,F2,77.282,1.272,3.171,63.533,11.854,normal
2026-01-05T07:46:00,F2,80.478,1.044,3.843,60.894,8.917,normal
2026-01-05T07:47:00,F2,82.465,0.869,5.119,66.52,8.422,normal
2026-01-05T07:48:00,F2,77.794,0.835,4.624,72.662,9.267,normal
2026-01-05T07:49:00,F2,76.698,1.308,5.287,75.934,7.056,normal
2026-01-05T07:50:00,F2,73.546,1.162,5.007,71.755,7.226,normal
2026-01-05T07:51:00,F2,71.268,1.094,3.724,54.167,8.413,normal
2026-01-05T07:52:00,F2,63.596,1.322,5.528,52.671,8.05,normal
2026-01-05T07:53:00,F2,76.601,0.977,3.413,47.756,8.44,normal
2026-01-05T07:54:00,F2,77.856,0.854,3.865,72.161,7.362,normal
2026-01-05T07:55:00,F2,79.142,0.877,5.177,77.584,9.606,normal
2026-01-05T07:56:00,F2,76.456,1.077,2.884,77.439,8.318,normal
2026-01-05T07:57:00,F2,86.019,1.087,4.33,51.112,7.849,normal
2026-01-05T07:58:00,F2,67.128,1.064,5.017,65.894,6.314,normal
2026-01-05T07:59:00,F2,73.878,0.463,3.444,63.984,5.84,normal
2026-01-05T08:00:00,F2,73.808,1.023,5.108,56.829,7.775,normal
2026-01-05T08:01:00,F2,72.403,1.047,4.241,70.118,7.607,normal
2026-01-05T08:02:00,F2,83.301,1.505,4.277,70.089,10.441,failure
2026-01-05T08:03:00,F2,74.182,1.252,4.99,74.532,4.171,normal
2026-01-05T08:04:00,F2,63.936,1.176,3.679,73.634,6.362,normal
2026-01-05T08:05:00,F2,81.587,1.128,3.005,56.392,5.696,normal
2026-01-05T08:06:00,F2,66.434,0.844,3.268,72.161,7.056,normal
2026-01-05T08:07:00,F2,80.691,1.29,3.976,71.547,10.106,normal
2026-01-05T08:08:00,F2,81.227,1.068,2.79,76.411,5.68,normal
2026-01-05T08:09:00,F2,71.22,0.866,4.398,52.329,5.633,normal
2026-01-05T08:10:00,F2,78.018,1.157,4.093,71.853,9.178,normal
2026-01-05T08:11:00,F2,66.362,1.189,4.703,71.494,8.933,normal
2026-01-05T08:12:00,F2,80.707,1.085,4.539,54.791,8.715,failure
2026-01-05T08:13:00,F2,80.829,1.01,4.015,72.473,7.488,normal
2026-01-05T08:14:00,F2,95.069,1.0,4.787,81.166,6.392,normal
2026-01-05T08:15:00,F2,68.382,1.296,4.064,69.881,6.29,normal
2026-01-05T08:16:00,F2,83.095,1.01,1.219,79.029,10.123,normal
2026-01-05T08:17:00,F2,73.275,0.987,4.504,61.137,9.13,normal
2026-01-05T08:18:00,F2,81.245,1.138,4.795,51.445,8.033,normal
2026-01-05T08:19:00,F2,68.177,1.055,5.132,71.204,9.993,normal
2026-01-05T08:20:00,F2,80.364,1.235,4.568,67.439,9.014,normal
2026-01-05T08:21:00,F2,61.26,1.122,4.212,71.751,5.884,normal
2026-01-05T08:22:00,F2,71.685,0.994,4.248,68.132,7.61,normal
2026-01-05T08:23:00,F2,76.655,1.026,5.421,66.853,6.726,normal
2026-01-05T08:24:00,F2,81.899,1.185,3.312,68.144,6.831,normal
2026-01-05T08:25:00,F2,92.394,1.322,4.771,60.397,6.808,normal
2026-01-05T08:26:00,F2,68.603,0.92,4.847,65.171,8.983,normal
2026-01-05T08:27:00,F2,71.51,1.116,4.451,51.528,9.158,normal
2026-01-05T08:28:00,F2,69.675,0.882,4.384,48.712,9.216,normal
2026-01-05T08:29:00,F2,72.282,0.726,3.294,64.471,11.821,normal
2026-01-05T08:30:00,F2,71.909,0.81,4.937,59.133,8.757,normal
2026-01-05T08:31:00,F2,77.442,0.77,4.458,63.299,10.545,normal
2026-01-05T08:32:00,F2,81.806,1.091,4.139,75.813,6.334,normal
2026-01-05T08:33:00,F2,67.01,0.993,4.122,61.387,8.671,normal
2026-01-05T08:34:00,F2,65.927,0.773,4.11,69.339,7.029,normal
2026-01-05T08:35:00,F2,79.694,1.103,4.314,56.665,6.595,normal
2026-01-05T08:36:00,F2,71.641,0.768,4.379,54.501,7.07,normal
2026-01-05T08:37:00,F2,83.58,0.946,2.702,72.056,6.267,normal
2026-01-05T08:38:00,F2,51.544,0.742,3.722,76.36,9.383,normal
2026-01-05T08:39:00,F2,63.613,1.005,4.011,68.51,6.816,normal
2026-01-05T08:40:00,F2,86.753,1.106,3.493,77.715,9.237,normal
2026-01-05T08:41:00,F2,67.363,0.918,4.563,50.062,10.637,normal
2026-01-05T08:42:00,F2,82.727,0.994,3.214,74.514,7.07,normal
2026-01-05T08:43:00,F2,81.906,0.992,4.356,65.966,5.963,normal
2026-01-05T08:44:00,F2,76.464,0.89,4.289,87.569,4.981,normal
2026-01-05T08:45:00,F2,85.131,0.898,3.909,44.206,7.697,normal
2026-01-05T08:46:00,F2,54.725,1.097,2.814,60.701,10.269,normal
2026-01-05T08:47:00,F2,69.401,0.635,3.633,76.878,6.694,normal
2026-01-05T08:48:00,F2,81.854,0.929,3.933,79.043,9.596,normal
2026-01-05T08:49:00,F2,71.305,1.052,4.035,66.737,7.687,normal
2026-01-05T08:50:00,F2,87.092,1.138,2.915,77.486,8.98,normal
2026-01-05T08:51:00,F2,74.166,1.15,5.068,62.453,8.009,normal
2026-01-05T08:52:00,F2,81.834,0.984,3.391,64.186,9.294,normal
2026-01-05T08:53:00,F2,79.503,0.736,4.381,60.142,5.773,normal
2026-01-05T08:54:00,F2,84.097,0.765,4.753,73.023,6.992,normal
2026-01-05T08:55:00,F2,84.44,1.097,3.892,86.879,9.475,failure
2026-01-05T08:56:00,F2,72.766,1.072,3.683,73.52,8.812,normal
2026-01-05T08:57:00,F2,71.195,0.948,4.557,45.691,8.232,normal
2026-01-05T08:58:00,F2,80.145,1.173,4.4,58.762,6.254,normal
2026-01-05T08:59:00,F2,81.45,0.8,3.889,57.019,9.075,failure
2026-01-05T09:00:00,F2,82.758,0.762,4.137,68.513,8.698,normal
2026-01-05T09:01:00,F2,67.782,0.932,4.538,58.233,9.418,normal
2026-01-05T09:02:00,F2,72.712,0.804,3.348,59.428,7.839,normal
2026-01-05T09:03:00,F2,74.029,1.122,3.681,68.707,8.925,normal
2026-01-05T09:04:00,F2,72.425,0.831,5.321,50.862,9.332,normal
2026-01-05T09:05:00,F2,74.027,1.097,5.042,72.887,8.203,normal
2026-01-05T09:06:00,F2,79.442,0.993,4.441,70.357,7.503,normal
2026-01-05T09:07:00,F2,66.992,0.975,3.505,74.701,6.693,normal
2026-01-05T09:08:00,F2,65.355,1.146,4.191,65.916,10.191,normal
2026-01-05T09:09:00,F2,69.971,1.129,4.486,61.705,6.631,normal
2026-01-05T09:10:00,F2,80.966,0.877,3.705,66.609,5.869,normal
2026-01-05T09:11:00,F2,81.357,1.056,5.939,63.982,8.42,normal
2026-01-05T09:12:00,F2,92.297,0.929,3.74,58.856,7.305,normal
2026-01-05T09:13:00,F2,57.884,0.887,3.468,70.554,6.261,normal
2026-01-05T09:14:00,F2,82.544,1.26,5.346,45.444,9.168,normal
2026-01-05T09:15:00,F2,84.99,1.053,4.544,59.539,7.123,normal
2026-01-05T09:16:00,F2,72.28,0.761,3.903,56.835,7.88,normal
2026-01-05T09:17:00,F2,76.082,1.05,4.299,60.51,8.926,normal
2026-01-05T09:18:00,F2,65.068,0.951,3.869,73.848,5.752,normal
2026-01-05T09:19:00,F2,87.755,0.949,3.79,65.8,6.163,normal
2026-01-05T09:20:00,F2,75.384,0.775,4.819,79.919,8.879,normal
2026-01-05T09:21:00,F2,68.336,1.199,3.475,67.816,7.596,normal
2026-01-05T09:22:00,F2,81.411,0.859,4.14,72.535,6.084,normal
2026-01-05T09:23:00,F2,75.4,0.902,4.699,69.487,7.284,normal
2026-01-05T09:24:00,F2,54.841,0.87,3.092,69.271,6.933,normal
2026-01-05T09:25:00,F2,73.373,0.671,4.964,79.745,8.014,normal
2026-01-05T09:26:00,F2,71.444,1.022,3.918,86.78,7.47,normal
2026-01-05T09:27:00,F2,70.7,0.878,3.992,71.095,5.433,normal
2026-01-05T09:28:00,F2,79.254,1.002,4.101,54.623,6.391,normal
2026-01-05T09:29:00,F2,69.715,0.762,4.253,66.533,5.051,normal
2026-01-05T09:30:00,F2,79.418,1.255,3.64,62.471,6.43,normal
2026-01-05T09:31:00,F2,71.249,0.725,4.03,50.936,9.672,normal
2026-01-05T09:32:00,F2,98.672,1.036,4.939,74.111,8.055,normal
2026-01-05T09:33:00,F2,65.492,0.579,4.397,75.065,8.02,normal
2026-01-05T09:34:00,F2,76.47,1.032,3.927,64.297,4.695,normal
2026-01-05T09:35:00,F2,60.004,0.745,3.436,60.366,9.527,normal
2026-01-05T09:36:00,F2,85.747,0.807,4.933,56.473,6.517,normal
2026-01-05T09:37:00,F2,77.903,0.882,3.889,60.557,7.943,normal
2026-01-05T09:38:00,F2,85.492,0.936,2.647,59.678,10.395,normal
2026-01-05T09:39:00,F2,69.207,0.979,2.967,73.36,6.969,normal
2026-01-05T09:40:00,F2,78.167,0.758,3.953,62.653,8.558,normal
2026-01-05T09:41:00,F2,77.532,0.762,4.096,54.453,6.147,normal
2026-01-05T09:42:00,F2,68.477,1.109,3.757,67.442,8.652,normal
2026-01-05T09:43:00,F2,73.068,0.824,3.396,66.175,9.167,normal
2026-01-05T09:44:00,F2,84.488,0.854,4.561,75.504,8.229,normal
2026-01-05T09:45:00,F2,68.029,0.986,3.475,50.981,4.998,normal
2026-01-05T09:46:00,F2,67.005,1.005,4.331,55.238,8.609,normal
2026-01-05T09:47:00,F2,71.95,1.013,4.755,64.223,6.782,normal
2026-01-05T09:48:00,F2,69.998,1.071,4.155,50.604,8.493,normal
2026-01-05T09:49:00,F2,82.0,0.84,3.273,74.892,8.27,normal
2026-01-05T09:50:00,F2,80.538,0.863,5.383,58.987,6.657,normal
2026-01-05T09:51:00,F2,88.421,0.733,3.45,49.132,9.128,normal
2026-01-05T09:52:00,F2,91.709,1.139,3.937,67.581,8.68,normal
2026-01-05T09:53:00,F2,69.419,0.864,4.17,84.608,8.341,normal
2026-01-05T09:54:00,F2,76.658,1.272,3.397,53.64,8.853,normal
2026-01-05T09:55:00,F2,79.158,0.88,4.433,70.131,7.477,normal
2026-01-05T09:56:00,F2,75.495,0.832,3.376,66.64,9.001,normal
2026-01-05T09:57:00,F2,75.274,0.7,4.95,64.55,5.955,normal
2026-01-05T09:58:00,F2,77.454,0.884,4.46,53.31,6.182,normal
2026-01-05T09:59:00,F2,80.944,0.655,4.206,65.358,7.901,normal
2026-01-05T10:00:00,F2,69.809,0.926,5.02,75.687,7.716,normal
2026-01-05T10:01:00,F2,77.493,0.583,5.168,45.148,8.954,normal
2026-01-05T10:02:00,F2,78.892,0.998,3.83,62.732,6.57,normal
2026-01-05T10:03:00,F2,75.663,0.865,4.031,69.576,9.135,normal
2026-01-05T10:04:00,F2,77.061,1.027,4.354,79.284,7.734,normal
2026-01-05T10:05:00,F2,73.73,0.773,3.699,75.422,8.401,normal
2026-01-05T10:06:00,F2,79.525,0.646,4.012,54.987,9.472,normal
2026-01-05T10:07:00,F2,81.568,1.013,3.987,71.303,7.951,normal
2026-01-05T10:08:00,F2,76.284,0.707,3.78,83.926,7.252,normal
2026-01-05T10:09:00,F2,80.064,0.879,5.023,73.712,7.556,normal
2026-01-05T10:10:00,F2,57.197,0.881,4.224,70.876,6.399,normal
2026-01-05T10:11:00,F2,73.57,0.853,3.744,78.535,7.621,normal
2026-01-05T10:12:00,F2,78.771,0.783,2.859,56.533,5.681,normal
2026-01-05T10:13:00,F2,35.739,0.811,2.862,77.68,6.147,normal
2026-01-05T10:14:00,F2,69.219,0.642,3.214,74.074,6.526,normal
2026-01-05T10:15:00,F2,88.839,0.859,3.376,59.984,7.484,normal
2026-01-05T10:16:00,F2,67.81,0.889,4.002,60.804,8.119,normal
2026-01-05T10:17:00,F2,86.61,0.883,4.622,57.823,8.487,normal
2026-01-05T10:18:00,F2,69.146,0.989,5.005,62.132,9.341,normal
2026-01-05T10:19:00,F2,78.253,0.957,3.344,59.702,7.903,normal
2026-01-05T10:20:00,F2,78.397,0.636,3.913,57.922,8.328,normal
2026-01-05T10:21:00,F2,75.257,0.786,4.676,72.812,8.333,normal
2026-01-05T10:22:00,F2,77.157,0.826,4.342,74.239,7.08,normal
2026-01-05T10:23:00,F2,68.999,0.846,4.481,73.542,7.921,normal
2026-01-05T10:24:00,F2,83.346,0.729,3.814,64.167,6.144,normal
2026-01-05T10:25:00,F2,87.063,1.022,3.991,69.615,5.871,normal
2026-01-05T10:26:00,F2,79.484,0.732,3.879,66.902,6.584,normal
2026-01-05T10:27:00,F2,60.921,0.888,3.927,87.649,10.293,normal
2026-01-05T10:28:00,F2,78.16,0.897,3.237,66.276,7.257,normal
2026-01-05T10:29:00,F2,90.716,0.82,3.23,56.589,7.921,normal
2026-01-05T10:30:00,F2,75.433,0.927,4.642,74.494,6.509,normal
2026-01-05T10:31:00,F2,76.693,0.843,3.864,61.955,7.389,normal
2026-01-05T10:32:00,F2,75.09,0.904,4.092,63.65,4.835,normal
2026-01-05T10:33:00,F2,73.86,0.77,3.476,73.741,8.884,normal
2026-01-05T10:34:00,F2,56.396,0.52,3.975,65.435,9.977,normal
2026-01-05T10:35:00,F2,75.436,0.921,3.686,84.882,8.429,normal
2026-01-05T10:36:00,F2,92.966,0.546,4.167,53.131,8.018,normal
2026-01-05T10:37:00,F2,72.641,1.032,4.505,72.067,5.813,normal
2026-01-05T10:38:00,F2,82.771,0.684,2.867,76.127,9.219,normal
2026-01-05T10:39:00,F2,70.054,1.072,5.448,72.278,6.331,normal
2026-01-05T10:40:00,F2,75.084,0.752,4.451,56.017,5.473,normal
2026-01-05T10:41:00,F2,72.24,0.786,4.056,63.512,8.045,normal
2026-01-05T10:42:00,F2,62.448,0.97,4.504,57.632,8.825,normal
2026-01-05T10:43:00,F2,80.191,0.919,3.583,70.843,7.163,normal
2026-01-05T10:44:00,F2,60.68,1.023,4.722,68.094,8.364,normal
2026-01-05T10:45:00,F2,76.349,0.834,4.378,58.973,8.184,normal
2026-01-05T10:46:00,F2,91.876,0.648,5.282,71.967,5.784,normal
2026-01-05T10:47:00,F2,78.19,0.962,4.897,62.432,6.033,normal
2026-01-05T10:48:00,F2,78.902,0.932,5.898,76.918,8.224,normal
2026-01-05T10:49:00,F2,78.435,1.154,3.729,77.95,8.082,normal
2026-01-05T10:50:00,F2,70.378,0.923,4.888,70.565,7.573,normal
2026-01-05T10:51:00,F2,76.343,0.702,4.004,68.597,9.606,normal
2026-01-05T10:52:00,F2,71.593,1.097,3.532,65.107,8.918,normal
2026-01-05T10:53:00,F2,70.736,0.73,3.454,65.645,8.121,normal
2026-01-05T10:54:00,F2,69.562,0.916,3.59,54.421,7.648,normal
2026-01-05T10:55:00,F2,76.887,0.927,4.781,58.324,8.812,normal
2026-01-05T10:56:00,F2,84.154,0.669,3.338,61.488,10.481,normal
2026-01-05T10:57:00,F2,66.325,0.807,3.227,78.27,7.903,normal
2026-01-05T10:58:00,F2,83.267,0.826,5.294,57.628,8.246,normal
2026-01-05T10:59:00,F2,74.455,0.828,4.362,74.584,6.958,normal
2026-01-05T11:00:00,F2,77.214,0.705,3.928,68.305,6.994,normal
2026-01-05T11:01:00,F2,92.402,1.065,3.713,58.009,8.568,normal
2026-01-05T11:02:00,F2,87.289,0.539,3.863,60.426,6.504,normal
2026-01-05T11:03:00,F2,78.635,0.866,3.408,59.483,9.162,normal
2026-01-05T11:04:00,F2,61.764,0.868,2.847,76.364,7.314,normal
2026-01-05T11:05:00,F2,85.226,0.666,3.564,74.309,6.275,normal
2026-01-05T11:06:00,F2,75.649,0.818,3.94,57.714,11.403,normal
2026-01-05T11:07:00,F2,81.482,0.733,3.618,52.056,7.511,normal
2026-01-05T11:08:00,F2,68.351,0.678,3.49,64.345,8.847,normal
2026-01-05T11:09:00,F2,56.32,0.885,4.456,60.073,6.77,normal
2026-01-05T11:10:00,F2,67.944,0.761,4.744,66.901,8.689,normal
2026-01-05T11:11:00,F2,60.659,0.575,5.558,69.234,5.538,normal
2026-01-05T11:12:00,F2,76.934,0.907,4.059,61.97,7.67,normal
2026-01-05T11:13:00,F2,75.251,0.719,3.899,71.196,11.137,normal
2026-01-05T11:14:00,F2,78.873,0.782,4.197,66.799,8.745,normal
2026-01-05T11:15:00,F2,85.845,0.654,3.331,72.617,8.909,normal
2026-01-05T11:16:00,F2,77.967,0.708,3.427,57.687,5.561,normal
2026-01-05T11:17:00,F2,68.991,0.783,4.294,67.506,7.402,normal
2026-01-05T11:18:00,F2,81.51,0.606,3.777,55.701,9.338,normal
2026-01-05T11:19:00,F2,78.543,0.787,3.008,59.732,8.225,normal
2026-01-05T11:20:00,F2,72.662,0.731,4.008,73.898,0.809,normal
2026-01-05T11:21:00,F2,66.961,0.81,3.697,63.026,5.426,normal
2026-01-05T11:22:00,F2,66.345,0.728,4.474,75.207,9.373,normal
2026-01-05T11:23:00,F2,81.424,0.701,4.339,59.907,10.042,normal
2026-01-05T11:24:00,F2,93.294,0.621,4.772,69.478,9.297,normal
2026-01-05T11:25:00,F2,81.439,0.743,5.592,68.824,8.861,normal
2026-01-05T11:26:00,F2,78.226,0.572,4.498,77.729,7.812,normal
2026-01-05T11:27:00,F2,66.95,0.69,3.663,60.912,8.585,normal
2026-01-05T11:28:00,F2,74.455,0.725,3.129,69.732,9.481,normal
2026-01-05T11:29:00,F2,75.402,0.606,4.975,54.012,6.556,normal
2026-01-05T11:30:00,F2,77.835,1.21,3.542,55.822,7.869,normal
2026-01-05T11:31:00,F2,88.204,0.666,3.436,71.215,6.808,normal
2026-01-05T11:32:00,F2,74.869,1.02,3.057,64.409,6.396,normal
2026-01-05T11:33:00,F2,69.003,0.723,3.458,59.969,7.034,normal
2026-01-05T11:34:00,F2,67.822,0.831,4.065,76.237,5.892,normal
2026-01-05T11:35:00,F2,80.873,0.948,4.006,44.136,7.726,normal
2026-01-05T11:36:00,F2,61.808,0.665,3.801,68.759,7.827,normal
2026-01-05T11:37:00,F2,79.783,0.695,3.84,58.383,8.671,normal
2026-01-05T11:38:00,F2,84.512,0.538,4.444,68.444,8.203,normal
2026-01-05T11:39:00,F2,65.493,0.552,4.61,68.898,8.749,normal
2026-01-05T11:40:00,F2,71.8,0.454,3.494,51.143,7.605,normal
2026-01-05T11:41:00,F2,86.649,1.088,4.344,74.838,8.443,normal
2026-01-05T11:42:00,F2,57.15,0.49,3.314,54.68,8.646,normal
2026-01-05T11:43:00,F2,64.629,0.897,3.607,55.072,5.069,normal
2026-01-05T11:44:00,F2,71.616,1.049,4.716,64.014,8.023,normal
2026-01-05T11:45:00,F2,72.847,0.747,4.262,67.409,6.244,normal
2026-01-05T11:46:00,F2,76.292,0.678,4.358,67.517,5.5,normal
2026-01-05T11:47:00,F2,74.434,0.57,4.066,61.975,6.666,normal
2026-01-05T11:48:00,F2,76.262,0.688,3.82,67.966,6.705,normal
2026-01-05T11:49:00,F2,72.406,0.729,4.048,72.933,9.439,normal
2026-01-05T11:50:00,F2,63.048,0.87,3.825,74.884,7.839,normal
2026-01-05T11:51:00,F2,90.576,0.661,4.467,87.446,8.407,normal
2026-01-05T11:52:00,F2,62.552,0.86,4.228,50.174,5.569,normal
2026-01-05T11:53:00,F2,89.101,0.903,3.505,61.634,6.16,normal
2026-01-05T11:54:00,F2,81.22,0.82,3.621,81.176,7.038,normal
2026-01-05T11:55:00,F2,74.964,0.65,3.005,65.175,8.31,normal
2026-01-05T11:56:00,F2,75.133,0.748,4.115,61.452,9.124,normal
2026-01-05T11:57:00,F2,102.377,0.741,4.467,69.194,9.472,normal
2026-01-05T11:58:00,F2,60.359,0.804,3.133,81.391,6.04,normal
2026-01-05T11:59:00,F2,68.759,0.428,4.075,52.549,8.811,normal
2026-01-05T12:00:00,F2,86.915,0.646,5.832,63.829,8.036,normal
2026-01-05T12:01:00,F2,75.276,0.789,3.421,60.926,6.32,normal
2026-01-05T12:02:00,F2,69.454,0.498,4.289,72.6,7.653,normal
2026-01-05T12:03:00,F2,63.545,0.779,3.997,76.174,7.317,normal
2026-01-05T12:04:00,F2,76.641,0.837,2.596,55.734,8.945,normal
2026-01-05T12:05:00,F2,61.409,0.869,2.899,64.839,10.212,normal
2026-01-05T12:06:00,F2,77.258,0.613,3.246,65.923,6.629,normal
2026-01-05T12:07:00,F2,78.639,0.625,3.532,52.519,5.899,normal
2026-01-05T12:08:00,F2,81.712,0.619,3.798,54.594,10.773,normal
2026-01-05T12:09:00,F2,67.829,0.94,5.084,72.564,10.073,normal
2026-01-05T12:10:00,F2,67.447,0.715,3.889,78.768,8.316,normal
2026-01-05T12:11:00,F2,83.859,0.717,3.88,48.471,9.442,normal
2026-01-05T12:12:00,F2,67.213,0.729,3.044,56.617,7.284,normal
2026-01-05T12:13:00,F2,70.087,0.565,4.647,62.947,8.694,normal
2026-01-05T12:14:00,F2,71.022,0.402,3.944,69.408,5.461,normal
2026-01-05T12:15:00,F2,73.607,0.455,3.702,51.517,11.518,normal
2026-01-05T12:16:00,F2,67.018,0.815,3.348,69.975,9.458,normal
2026-01-05T12:17:00,F2,80.086,0.54,4.384,75.165,7.373,normal
2026-01-05T12:18:00,F2,71.568,0.607,3.075,67.26,5.982,normal
2026-01-05T12:19:00,F2,74.492,0.609,5.273,59.726,8.58,normal
2026-01-05T12:20:00,F2,72.132,0.596,3.757,46.81,6.391,normal
2026-01-05T12:21:00,F2,73.073,0.806,2.887,63.508,5.682,normal
2026-01-05T12:22:00,F2,84.215,0.638,3.155,53.352,11.37,normal
2026-01-05T12:23:00,F2,67.991,0.665,3.967,63.866,7.106,normal
2026-01-05T12:24:00,F2,76.777,0.505,3.107,59.609,7.05,normal
2026-01-05T12:25:00,F2,74.13,0.925,3.674,66.351,7.231,normal
2026-01-05T12:26:00,F2,57.741,0.696,5.047,54.738,6.79,normal
2026-01-05T12:27:00,F2,60.258,0.646,4.143,87.049,6.52,normal
2026-01-05T12:28:00,F2,83.576,0.33,3.114,70.112,4.949,normal
2026-01-05T12:29:00,F2,70.568,0.741,3.918,64.213,8.684,normal
2026-01-05T12:30:00,F2,57.275,0.669,3.645,70.394,8.866,normal
2026-01-05T12:31:00,F2,70.783,0.451,3.393,65.707,4.543,normal
2026-01-05T12:32:00,F2,79.748,0.55,4.408,70.134,8.646,normal
2026-01-05T12:33:00,F2,76.015,0.663,3.821,70.803,8.831,normal
2026-01-05T12:34:00,F2,72.295,0.524,3.721,55.802,10.915,normal
2026-01-05T12:35:00,F2,74.881,0.923,3.399,70.007,7.962,normal
2026-01-05T12:36:00,F2,70.213,0.75,4.141,62.103,7.67,normal
2026-01-05T12:37:00,F2,82.149,0.497,4.842,69.255,8.125,normal
2026-01-05T12:38:00,F2,80.3,0.679,4.238,56.212,6.478,normal
2026-01-05T12:39:00,F2,81.48,0.782,3.201,73.932,4.921,normal
2026-01-05T12:40:00,F2,77.801,0.943,3.153,74.141,9.404,normal
2026-01-05T12:41:00,F2,61.59,0.543,2.81,73.732,9.175,normal
2026-01-05T12:42:00,F2,79.368,0.477,3.663,70.763,9.356,normal
2026-01-05T12:43:00,F2,75.866,0.639,3.705,68.578,7.893,normal
2026-01-05T12:44:00,F2,71.199,0.737,4.156,85.132,8.277,normal
2026-01-05T12:45:00,F2,67.035,0.551,4.31,64.651,4.14,normal
2026-01-05T12:46:00,F2,70.268,0.745,4.344,66.733,5.757,normal
2026-01-05T12:47:00,F2,69.536,0.508,3.823,74.027,8.798,normal
2026-01-05T12:48:00,F2,82.605,0.659,3.329,58.315,8.533,normal
2026-01-05T12:49:00,F2,86.193,0.647,3.225,61.592,8.73,normal
2026-01-05T12:50:00,F2,66.752,0.746,2.043,65.945,8.124,normal
2026-01-05T12:51:00,F2,69.464,0.694,4.178,69.262,5.258,normal
2026-01-05T12:52:00,F2,77.15,0.412,4.553,60.772,4.07,normal
2026-01-05T12:53:00,F2,76.36,0.679,3.863,71.207,8.463,normal
2026-01-05T12:54:00,F2,74.817,0.559,3.453,59.529,9.411,normal
2026-01-05T12:55:00,F2,70.444,0.697,4.766,70.038,9.273,normal
2026-01-05T12:56:00,F2,55.25,0.592,3.433,79.491,5.971,normal
2026-01-05T12:57:00,F2,79.324,0.36,4.126,60.98,10.627,normal
2026-01-05T12:58:00,F2,75.804,0.955,3.064,57.249,9.684,normal
2026-01-05T12:59:00,F2,72.72,0.799,3.262,47.245,7.552,normal
2026-01-05T13:00:00,F2,72.471,0.563,3.832,72.423,5.463,normal
2026-01-05T13:01:00,F2,78.345,0.382,4.204,48.568,9.184,normal
2026-01-05T13:02:00,F2,69.564,0.444,2.827,66.26,16.496,normal
2026-01-05T13:03:00,F2,85.662,0.566,3.073,73.022,7.545,normal
2026-01-05T13:04:00,F2,73.846,0.737,3.053,54.267,8.25,normal
2026-01-05T13:05:00,F2,76.965,0.727,5.442,75.11,8.266,normal
2026-01-05T13:06:00,F2,83.618,0.257,3.138,58.758,6.109,normal
2026-01-05T13:07:00,F2,72.913,0.649,2.616,63.595,10.258,normal
2026-01-05T13:08:00,F2,72.547,0.89,4.83,72.281,10.076,normal
2026-01-05T13:09:00,F2,72.896,0.761,4.074,62.849,8.562,normal
2026-01-05T13:10:00,F2,71.006,0.555,3.345,55.67,6.917,normal
2026-01-05T13:11:00,F2,80.585,0.496,3.393,69.301,9.383,normal
2026-01-05T13:12:00,F2,71.963,0.589,3.679,78.749,9.123,normal
2026-01-05T13:13:00,F2,84.002,0.285,4.147,65.388,5.537,normal
2026-01-05T13:14:00,F2,81.923,0.852,4.228,56.894,8.204,normal
2026-01-05T13:15:00,F2,72.866,0.894,2.201,53.898,7.61,normal
2026-01-05T13:16:00,F2,71.38,0.689,3.583,49.71,8.101,normal
2026-01-05T13:17:00,F2,75.889,0.981,4.521,72.681,9.969,normal
2026-01-05T13:18:00,F2,70.508,0.665,3.329,56.302,8.36,normal
2026-01-05T13:19:00,F2,69.024,0.362,2.819,71.763,7.999,normal
2026-01-05T13:20:00,F2,82.659,0.647,4.118,63.07,5.704,normal
2026-01-05T13:21:00,F2,83.963,0.599,3.416,62.613,8.264,normal
2026-01-05T13:22:00,F2,78.305,0.829,3.555,78.782,8.72,normal
2026-01-05T13:23:00,F2,72.542,0.412,3.397,60.896,7.126,normal
2026-01-05T13:24:00,F2,80.776,0.703,4.547,56.141,5.927,normal
2026-01-05T13:25:00,F2,89.775,0.676,3.462,82.231,9.257,normal
2026-01-05T13:26:00,F2,62.527,0.605,4.449,78.115,10.213,normal
2026-01-05T13:27:00,F2,76.293,0.72,1.994,69.632,8.08,normal
2026-01-05T13:28:00,F2,83.125,0.639,4.521,67.74,6.105,normal
2026-01-05T13:29:00,F2,86.025,0.909,3.933,64.431,7.449,normal
2026-01-05T13:30:00,F2,74.107,0.825,3.7,60.844,5.991,normal
2026-01-05T13:31:00,F2,75.351,0.711,4.123,67.154,7.141,normal
2026-01-05T13:32:00,F2,79.989,0.65,4.387,75.462,7.957,normal
2026-01-05T13:33:00,F2,75.351,0.469,4.3,71.305,7.364,normal
2026-01-05T13:34:00,F2,72.978,0.836,4.44,77.748,5.922,normal
2026-01-05T13:35:00,F2,69.067,0.578,4.049,65.841,5.398,normal
2026-01-05T13:36:00,F2,63.21,0.438,4.084,63.533,10.653,normal
2026-01-05T13:37:00,F2,70.016,0.501,3.741,65.166,9.117,normal
2026-01-05T13:38:00,F2,73.672,0.37,3.141,69.565,6.484,normal
2026-01-05T13:39:00,F2,79.086,0.411,4.517,46.48,7.809,normal
2026-01-05T13:40:00,F2,72.047,0.567,3.478,55.417,8.328,normal
2026-01-05T13:41:00,F2,79.93,0.639,1.993,71.081,5.514,normal
2026-01-05T13:42:00,F2,83.095,0.932,3.102,78.748,11.788,normal
2026-01-05T13:43:00,F2,89.457,0.689,3.639,62.501,7.637,normal
2026-01-05T13:44:00,F2,91.934,0.519,4.955,59.102,7.017,normal
2026-01-05T13:45:00,F2,95.117,0.763,3.766,61.858,5.705,normal
2026-01-05T13:46:00,F2,75.217,0.409,3.884,66.753,8.772,normal
2026-01-05T13:47:00,F2,61.123,0.82,4.357,76.147,6.996,normal
2026-01-05T13:48:00,F2,77.994,0.44,4.364,55.433,4.635,normal
2026-01-05T13:49:00,F2,63.065,0.482,3.838,71.168,8.341,normal
2026-01-05T13:50:00,F2,82.696,0.602,4.052,69.452,8.565,normal
2026-01-05T13:51:00,F2,83.337,0.478,3.034,65.518,5.64,normal
2026-01-05T13:52:00,F2,81.851,0.935,2.843,51.373,9.058,normal
2026-01-05T13:53:00,F2,93.779,0.471,3.807,58.288,8.49,normal
2026-01-05T13:54:00,F2,61.256,0.67,3.601,66.572,8.35,normal
2026-01-05T13:55:00,F2,76.306,0.712,3.463,55.388,4.589,normal
2026-01-05T13:56:00,F2,65.097,0.497,5.248,74.978,8.111,normal
2026-01-05T13:57:00,F2,68.721,0.519,3.555,60.163,8.476,normal
2026-01-05T13:58:00,F2,68.725,0.51,3.796,54.872,4.203,normal
2026-01-05T13:59:00,F2,75.652,0.713,4.009,81.184,8.686,normal
2026-01-05T14:00:00,F2,80.322,0.932,3.3,66.2,9.337,normal
2026-01-05T14:01:00,F2,64.341,0.769,2.011,61.16,6.418,normal
2026-01-05T14:02:00,F2,78.428,0.3,3.321,80.646,5.93,normal
2026-01-05T14:03:00,F2,73.434,0.377,3.496,58.369,9.174,normal
2026-01-05T14:04:00,F2,73.354,0.512,3.65,46.593,10.995,normal
2026-01-05T14:05:00,F2,77.854,0.143,4.17,57.838,8.565,normal
2026-01-05T14:06:00,F2,68.992,0.378,3.618,55.96,4.079,normal
2026-01-05T14:07:00,F2,67.712,0.778,4.906,56.103,8.932,normal
2026-01-05T14:08:00,F2,84.291,0.471,3.716,46.007,8.803,normal
2026-01-05T14:09:00,F2,87.798,0.467,3.846,57.712,4.636,normal
2026-01-05T14:10:00,F2,74.917,0.5,4.431,89.178,9.88,normal
2026-01-05T14:11:00,F2,82.973,0.239,3.539,74.392,6.37,normal
2026-01-05T14:12:00,F2,59.891,0.594,3.858,61.926,9.061,normal
2026-01-05T14:13:00,F2,86.771,0.431,3.244,62.583,8.711,normal
2026-01-05T14:14:00,F2,81.192,0.306,3.285,64.88,8.402,normal
2026-01-05T14:15:00,F2,62.73,0.386,4.63,73.575,8.343,normal
2026-01-05T14:16:00,F2,88.45,0.896,2.44,76.821,7.067,normal
2026-01-05T14:17:00,F2,83.293,0.498,3.979,58.827,7.454,normal
2026-01-05T14:18:00,F2,66.238,0.724,4.084,65.597,10.683,normal
2026-01-05T14:19:00,F2,79.656,0.386,3.435,56.414,6.009,normal
2026-01-05T14:20:00,F2,93.226,0.635,4.093,60.694,7.425,normal
2026-01-05T14:21:00,F2,71.102,0.801,3.947,63.481,10.256,normal
2026-01-05T14:22:00,F2,76.242,0.38,3.239,74.206,9.546,normal
2026-01-05T14:23:00,F2,68.594,0.629,2.845,58.704,8.43,normal
2026-01-05T14:24:00,F2,65.788,0.471,4.006,74.894,7.638,normal
2026-01-05T14:25:00,F2,65.097,0.383,3.624,73.237,6.161,normal
2026-01-05T14:26:00,F2,72.734,0.405,4.787,47.755,6.822,normal
2026-01-05T14:27:00,F2,85.025,0.442,3.564,57.685,7.414,normal
2026-01-05T14:28:00,F2,89.357,0.459,4.549,65.23,5.87,normal
2026-01-05T14:29:00,F2,72.944,0.563,4.427,77.556,7.362,normal
2026-01-05T14:30:00,F2,71.018,0.433,3.492,82.514,9.013,normal
2026-01-05T14:31:00,F2,66.995,0.546,4.117,70.459,9.518,normal
2026-01-05T14:32:00,F2,79.343,0.626,4.117,57.442,7.515,normal
2026-01-05T14:33:00,F2,67.97,0.549,3.147,83.867,6.547,normal
2026-01-05T14:34:00,F2,84.624,0.537,4.034,71.909,5.815,normal
2026-01-05T14:35:00,F2,71.898,0.295,2.731,62.495,7.857,normal
2026-01-05T14:36:00,F2,82.057,0.416,4.69,88.646,5.85,normal
2026-01-05T14:37:00,F2,79.344,0.57,2.97,58.823,9.666,normal
2026-01-05T14:38:00,F2,69.32,0.625,3.612,71.909,8.184,normal
2026-01-05T14:39:00,F2,72.734,0.643,4.237,74.81,8.228,normal
2026-01-05T14:40:00,F2,92.802,0.454,3.86,63.041,8.471,normal
2026-01-05T14:41:00,F2,79.039,0.367,3.957,63.996,5.055,normal
2026-01-05T14:42:00,F2,75.941,0.606,3.043,69.807,8.524,normal
2026-01-05T14:43:00,F2,70.713,0.494,4.45,68.552,5.671,normal
2026-01-05T14:44:00,F2,84.629,0.138,3.535,45.533,7.33,normal
2026-01-05T14:45:00,F2,84.074,0.543,4.165,67.641,6.468,normal
2026-01-05T14:46:00,F2,84.649,0.477,2.519,71.021,7.155,normal
2026-01-05T14:47:00,F2,77.28,0.735,4.355,58.245,6.032,normal
2026-01-05T14:48:00,F2,65.797,0.404,1.911,47.259,8.651,normal
2026-01-05T14:49:00,F2,84.024,0.464,3.655,49.96,6.705,normal
2026-01-05T14:50:00,F2,78.857,0.508,4.872,56.976,5.144,normal
2026-01-05T14:51:00,F2,65.645,0.726,4.116,65.909,6.647,normal
2026-01-05T14:52:00,F2,82.952,0.269,2.999,63.217,9.251,normal
2026-01-05T14:53:00,F2,81.661,0.453,3.335,69.796,5.888,normal
2026-01-05T14:54:00,F2,65.852,0.316,4.306,69.362,7.169,normal
2026-01-05T14:55:00,F2,70.973,0.522,2.652,73.327,9.312,normal
2026-01-05T14:56:00,F2,81.583,0.403,3.779,51.696,6.066,normal
2026-01-05T14:57:00,F2,77.921,0.526,2.921,56.102,9.591,normal
2026-01-05T14:58:00,F2,64.709,0.238,2.165,52.518,11.257,normal
2026-01-05T14:59:00,F2,81.525,0.52,4.131,49.327,8.223,normal
2026-01-05T15:00:00,F2,76.852,0.523,4.062,59.44,12.815,normal
2026-01-05T15:01:00,F2,69.325,0.446,4.334,60.278,7.11,normal
2026-01-05T15:02:00,F2,74.272,0.439,3.7,72.132,6.68,normal
2026-01-05T15:03:00,F2,76.532,0.217,3.054,70.08,9.974,normal
2026-01-05T15:04:00,F2,83.595,0.469,4.599,76.526,7.371,normal
2026-01-05T15:05:00,F2,73.882,0.298,3.035,76.07,7.587,normal
2026-01-05T15:06:00,F2,72.335,0.381,3.371,73.464,10.87,normal
2026-01-05T15:07:00,F2,78.782,0.231,4.298,83.621,7.125,normal
2026-01-05T15:08:00,F2,68.682,0.669,3.737,67.663,7.489,normal
2026-01-05T15:09:00,F2,81.083,0.443,4.162,69.123,8.473,normal
2026-01-05T15:10:00,F2,84.19,0.466,3.324,68.954,5.381,normal
2026-01-05T15:11:00,F2,87.304,0.572,2.574,81.219,6.374,normal
2026-01-05T15:12:00,F2,72.039,0.499,3.065,62.357,7.67,normal
2026-01-05T15:13:00,F2,87.006,0.718,4.35,59.914,8.181,normal
2026-01-05T15:14:00,F2,70.306,0.604,4.344,66.294,7.656,normal
2026-01-05T15:15:00,F2,81.635,0.717,4.398,74.273,7.358,normal
2026-01-05T15:16:00,F2,74.871,0.625,3.785,59.163,6.703,normal
2026-01-05T15:17:00,F2,77.261,0.429,4.738,68.751,6.709,normal
2026-01-05T15:18:00,F2,72.856,0.598,4.946,57.766,7.587,normal
2026-01-05T15:19:00,F2,69.976,0.631,4.01,59.243,7.484,normal
2026-01-05T15:20:00,F2,68.378,0.456,4.298,58.3,4.755,normal
2026-01-05T15:21:00,F2,77.819,0.264,4.404,66.281,9.17,normal
2026-01-05T15:22:00,F2,64.248,0.719,3.131,79.698,7.371,normal
2026-01-05T15:23:00,F2,68.958,0.333,3.724,86.609,6.831,normal
2026-01-05T15:24:00,F2,72.754,0.538,2.894,52.885,7.805,normal
2026-01-05T15:25:00,F2,81.125,0.492,4.284,64.617,6.849,normal
2026-01-05T15:26:00,F2,68.617,0.78,3.971,63.929,8.22,normal
2026-01-05T15:27:00,F2,68.306,0.261,3.547,62.632,8.99,normal
2026-01-05T15:28:00,F2,87.581,0.51,3.745,70.07,8.9,normal
2026-01-05T15:29:00,F2,63.616,0.564,3.895,67.458,6.669,normal
2026-01-05T15:30:00,F2,88.664,0.476,3.233,63.948,8.742,normal
2026-01-05T15:31:00,F2,64.283,0.271,3.402,68.327,10.729,normal
2026-01-05T15:32:00,F2,78.08,0.392,3.813,66.707,7.604,normal
2026-01-05T15:33:00,F2,81.8,0.364,4.155,61.528,7.532,normal
2026-01-05T15:34:00,F2,69.043,0.655,3.186,78.493,10.639,normal
2026-01-05T15:35:00,F2,75.47,0.535,2.187,49.2,7.782,normal
2026-01-05T15:36:00,F2,72.723,0.691,2.678,69.454,7.049,normal
2026-01-05T15:37:00,F2,78.435,0.785,4.426,80.43,8.772,normal
2026-01-05T15:38:00,F2,77.631,0.313,3.823,55.864,3.847,normal
2026-01-05T15:39:00,F2,81.091,0.564,4.076,67.216,7.283,normal
2026-01-05T15:40:00,F2,70.349,0.332,5.245,75.089,6.29,normal
2026-01-05T15:41:00,F2,80.403,0.441,4.318,66.65,7.956,normal
2026-01-05T15:42:00,F2,63.323,0.355,3.475,68.361,9.165,normal
2026-01-05T15:43:00,F2,80.681,0.194,4.312,70.603,6.58,normal
2026-01-05T15:44:00,F2,71.195,0.367,3.741,56.975,8.36,normal
2026-01-05T15:45:00,F2,90.893,0.243,3.795,63.417,6.181,normal
2026-01-05T15:46:00,F2,68.421,0.417,3.03,53.261,5.482,normal
2026-01-05T15:47:00,F2,63.978,0.457,3.346,67.591,9.312,normal
2026-01-05T15:48:00,F2,65.265,0.491,4.098,73.833,7.203,normal
2026-01-05T15:49:00,F2,70.533,0.343,3.165,70.752,6.619,normal
2026-01-05T15:50:00,F2,72.572,0.606,3.169,74.639,9.17,normal
2026-01-05T15:51:00,F2,76.167,0.166,4.138,65.799,7.283,normal
2026-01-05T15:52:00,F2,75.89,0.302,3.638,58.407,8.531,normal
2026-01-05T15:53:00,F2,71.353,0.286,4.526,68.666,7.529,normal
2026-01-05T15:54:00,F2,60.811,0.288,5.846,62.447,9.639,normal
2026-01-05T15:55:00,F2,82.797,0.23,2.902,74.672,6.669,normal
2026-01-05T15:56:00,F2,81.075,0.42,3.673,69.464,7.4,normal
2026-01-05T15:57:00,F2,74.011,0.519,2.255,54.364,4.926,normal
2026-01-05T15:58:00,F2,83.121,0.393,3.519,71.685,8.77,normal
2026-01-05T15:59:00,F2,73.012,0.243,2.813,43.865,8.29,normal
2026-01-05T16:00:00,F2,71.629,0.377,3.609,68.117,7.858,normal
2026-01-05T16:01:00,F2,72.848,0.22,3.602,63.817,6.51,normal
2026-01-05T16:02:00,F2,81.708,0.385,3.48,71.607,7.471,normal
2026-01-05T16:03:00,F2,91.633,0.087,4.911,56.261,6.405,normal
2026-01-05T16:04:00,F2,76.917,0.237,3.219,63.028,7.415,normal
2026-01-05T16:05:00,F2,59.094,0.296,4.393,60.742,8.781,normal
2026-01-05T16:06:00,F2,65.289,0.456,3.478,73.891,9.306,normal
2026-01-05T16:07:00,F2,63.327,0.201,4.774,61.456,5.741,normal
2026-01-05T16:08:00,F2,70.978,0.245,2.895,78.066,7.876,normal
2026-01-05T16:09:00,F2,74.272,0.71,3.893,46.182,8.159,normal
2026-01-05T16:10:00,F2,90.789,0.349,4.496,60.295,8.203,normal
2026-01-05T16:11:00,F2,83.412,0.369,3.658,57.521,8.598,normal
2026-01-05T16:12:00,F2,59.687,0.713,4.249,60.459,7.786,normal
2026-01-05T16:13:00,F2,72.832,0.201,3.309,73.11,5.858,normal
2026-01-05T16:14:00,F2,65.355,0.423,4.421,68.195,6.626,normal
2026-01-05T16:15:00,F2,74.586,0.626,3.623,68.567,9.77,normal
2026-01-05T16:16:00,F2,76.807,0.314,4.123,57.044,5.092,normal
2026-01-05T16:17:00,F2,65.735,0.219,0.902,60.967,4.22,normal
2026-01-05T16:18:00,F2,75.695,0.462,2.321,64.333,8.606,normal
2026-01-05T16:19:00,F2,69.736,0.504,4.53,57.12,7.536,normal
2026-01-05T16:20:00,F2,80.762,0.24,3.602,75.961,7.88,normal
2026-01-05T16:21:00,F2,78.579,0.322,3.367,76.657,4.301,normal
2026-01-05T16:22:00,F2,83.349,0.448,2.474,61.897,7.676,normal
2026-01-05T16:23:00,F2,86.421,0.488,2.101,68.737,7.332,normal
2026-01-05T16:24:00,F2,79.109,0.512,3.383,75.408,9.246,normal
2026-01-05T16:25:00,F2,78.804,0.451,2.794,66.477,3.244,normal
2026-01-05T16:26:00,F2,78.352,0.165,4.662,57.207,7.189,normal
2026-01-05T16:27:00,F2,74.669,0.438,3.248,85.638,7.613,normal
2026-01-05T16:28:00,F2,62.716,0.438,4.187,62.078,7.719,normal
2026-01-05T16:29:00,F2,66.908,0.297,2.937,60.989,6.065,normal
2026-01-05T16:30:00,F2,77.125,0.423,3.204,64.559,6.466,normal
2026-01-05T16:31:00,F2,85.37,0.509,2.743,71.941,7.222,normal
2026-01-05T16:32:00,F2,61.219,0.613,3.63,56.672,6.992,normal
2026-01-05T16:33:00,F2,70.694,0.003,3.52,54.878,7.963,normal
2026-01-05T16:34:00,F2,71.374,0.398,2.933,48.472,9.188,normal
2026-01-05T16:35:00,F2,71.416,0.383,3.601,63.388,5.999,normal
2026-01-05T16:36:00,F2,83.76,0.181,2.392,56.188,6.387,normal
2026-01-05T16:37:00,F2,76.019,0.112,3.833,66.244,6.43,normal
2026-01-05T16:38:00,F2,82.169,0.149,3.456,69.155,9.662,normal
2026-01-05T16:39:00,F2,89.132,0.164,4.149,56.047,5.584,normal
2026-01-05T16:40:00,F2,70.681,0.446,3.337,67.924,10.137,normal
2026-01-05T16:41:00,F2,48.56,0.684,3.515,47.084,7.332,normal
2026-01-05T16:42:00,F2,92.224,0.373,2.612,60.578,8.839,normal
2026-01-05T16:43:00,F2,59.753,0.172,3.488,66.686,6.516,normal
2026-01-05T16:44:00,F2,67.527,0.698,3.578,59.663,8.609,normal
2026-01-05T16:45:00,F2,87.0,0.551,3.526,72.103,8.134,normal
2026-01-05T16:46:00,F2,73.239,0.267,2.542,61.834,8.317,normal
2026-01-05T16:47:00,F2,73.704,0.451,3.395,66.897,8.556,normal
2026-01-05T16:48:00,F2,78.845,0.281,3.511,56.725,8.179,normal
2026-01-05T16:49:00,F2,62.586,0.492,4.406,81.212,5.435,normal
2026-01-05T16:50:00,F2,73.647,0.167,4.299,57.153,8.183,normal
2026-01-05T16:51:00,F2,77.877,0.14,4.536,63.295,6.365,normal
2026-01-05T16:52:00,F2,69.922,0.074,3.712,56.258,8.134,normal
2026-01-05T16:53:00,F2,81.312,0.362,1.867,82.902,6.742,normal
2026-01-05T16:54:00,F2,72.09,0.228,3.395,58.527,5.008,normal
2026-01-05T16:55:00,F2,75.59,0.296,4.632,57.206,7.621,normal
2026-01-05T16:56:00,F2,67.38,0.283,4.536,84.246,6.409,normal
2026-01-05T16:57:00,F2,66.185,0.115,2.511,83.029,8.127,normal
2026-01-05T16:58:00,F2,72.801,0.202,3.05,83.651,8.576,normal
2026-01-05T16:59:00,F2,88.327,0.484,3.468,76.724,9.484,normal
2026-01-05T17:00:00,F2,66.181,0.065,5.082,64.551,7.102,normal
2026-01-05T17:01:00,F2,66.778,0.201,3.326,68.277,6.602,normal
2026-01-05T17:02:00,F2,79.78,0.311,2.146,67.858,5.422,normal
2026-01-05T17:03:00,F2,79.093,0.394,2.867,81.932,4.632,normal
2026-01-05T17:04:00,F2,54.387,0.389,3.551,61.045,7.202,normal
2026-01-05T17:05:00,F2,74.745,0.182,3.545,73.15,6.686,normal
2026-01-05T17:06:00,F2,74.895,0.461,4.453,57.199,7.227,normal
2026-01-05T17:07:00,F2,65.652,0.234,2.455,59.393,6.949,normal
2026-01-05T17:08:00,F2,89.069,0.208,3.8,69.789,6.011,normal
2026-01-05T17:09:00,F2,84.359,0.434,4.684,59.997,9.643,normal
2026-01-05T17:10:00,F2,72.129,0.25,4.119,59.402,4.905,normal
2026-01-05T17:11:00,F2,82.324,0.314,3.398,63.3,7.355,normal
2026-01-05T17:12:00,F2,76.21,0.369,4.081,75.255,8.328,normal
2026-01-05T17:13:00,F2,69.381,0.336,3.128,45.704,6.97,normal
2026-01-05T17:14:00,F2,77.152,0.094,2.395,61.845,3.789,normal
2026-01-05T17:15:00,F2,73.408,0.274,3.099,65.97,5.103,normal
2026-01-05T17:16:00,F2,77.68,0.304,3.373,53.569,8.011,normal
2026-01-05T17:17:00,F2,78.171,0.281,4.021,77.663,8.54,normal
2026-01-05T17:18:00,F2,79.739,0.175,4.117,54.569,7.246,normal
2026-01-05T17:19:00,F2,78.008,0.408,2.952,46.756,6.903,normal
2026-01-05T17:20:00,F2,83.641,0.17,3.339,54.918,7.143,normal
2026-01-05T17:21:00,F2,64.084,0.229,4.352,55.259,9.41,normal
2026-01-05T17:22:00,F2,70.312,0.271,3.6,67.011,6.883,normal
2026-01-05T17:23:00,F2,78.93,0.369,3.753,80.254,7.086,normal
2026-01-05T17:24:00,F2,84.743,0.041,3.209,84.77,5.789,normal
2026-01-05T17:25:00,F2,79.942,0.267,2.636,56.765,9.947,normal
2026-01-05T17:26:00,F2,92.062,0.134,4.735,74.527,10.12,normal
2026-01-05T17:27:00,F2,78.766,0.312,2.64,79.642,9.155,normal
2026-01-05T17:28:00,F2,74.089,0.183,2.732,78.1,6.755,normal
2026-01-05T17:29:00,F2,77.031,0.095,3.17,72.078,9.701,normal
2026-01-05T17:30:00,F2,78.865,0.103,2.635,15.399,6.342,normal
2026-01-05T17:31:00,F2,79.432,0.328,4.375,67.751,8.342,normal
2026-01-05T17:32:00,F2,64.342,0.51,2.946,57.567,6.781,normal
2026-01-05T17:33:00,F2,82.834,0.032,3.462,55.835,7.72,normal
2026-01-05T17:34:00,F2,61.868,0.243,4.011,84.467,6.069,normal
2026-01-05T17:35:00,F2,78.849,0.191,4.055,57.649,6.867,normal
2026-01-05T17:36:00,F2,71.781,0.102,3.061,67.124,7.482,normal
2026-01-05T17:37:00,F2,81.737,0.381,4.47,75.175,9.977,normal
2026-01-05T17:38:00,F2,80.185,0.301,3.178,71.157,4.667,normal
2026-01-05T17:39:00,F2,73.348,0.059,3.739,76.778,7.808,normal
2026-01-05T17:40:00,F2,65.382,0.044,4.016,55.373,6.639,normal
2026-01-05T17:41:00,F2,78.343,0.33,4.032,65.177,5.845,normal
2026-01-05T17:42:00,F2,64.826,0.501,2.659,59.723,8.136,normal
2026-01-05T17:43:00,F2,75.462,0.027,4.237,51.773,7.75,normal
2026-01-05T17:44:00,F2,62.142,0.431,4.259,67.74,7.951,normal
2026-01-05T17:45:00,F2,73.365,0.249,3.114,58.472,9.86,normal
2026-01-05T17:46:00,F2,69.999,0.239,4.066,66.493,7.564,normal
2026-01-05T17:47:00,F2,87.093,0.0,4.012,44.126,8.894,normal
2026-01-05T17:48:00,F2,75.191,0.068,3.242,71.829,8.005,normal
2026-01-05T17:49:00,F2,80.961,0.139,3.863,50.792,6.663,normal
2026-01-05T17:50:00,F2,76.975,0.254,3.209,59.723,8.081,normal
2026-01-05T17:51:00,F2,64.07,0.272,3.697,63.28,9.787,normal
2026-01-05T17:52:00,F2,66.896,0.251,3.578,63.036,6.868,normal
2026-01-05T17:53:00,F2,71.674,0.198,3.808,61.742,7.363,normal
2026-01-05T17:54:00,F2,79.631,0.105,4.324,88.046,9.47,normal
2026-01-05T17:55:00,F2,68.884,0.395,3.357,75.556,7.625,normal
2026-01-05T17:56:00,F2,64.325,0.508,3.911,60.243,8.088,normal
2026-01-05T17:57:00,F2,64.753,0.498,3.268,70.384,3.601,normal
2026-01-05T17:58:00,F2,71.621,0.301,4.672,57.832,6.797,normal
2026-01-05T17:59:00,F2,73.139,0.163,3.976,73.465,7.221,normal
2026-01-05T18:00:00,F2,81.644,0.367,3.329,68.863,6.128,normal
2026-01-05T18:01:00,F2,87.591,0.059,4.029,64.794,7.596,normal
2026-01-05T18:02:00,F2,76.701,0.424,3.645,47.671,7.018,normal
2026-01-05T18:03:00,F2,71.853,0.359,3.468,67.476,9.517,normal
2026-01-05T18:04:00,F2,80.5,0.23,3.16,60.589,7.621,normal
2026-01-05T18:05:00,F2,70.849,0.045,3.592,77.252,4.783,normal
2026-01-05T18:06:00,F2,77.718,0.225,4.005,70.189,7.895,normal
2026-01-05T18:07:00,F2,77.162,0.446,3.49,65.652,10.345,normal
2026-01-05T18:08:00,F2,87.707,0.393,4.348,69.311,7.193,normal
2026-01-05T18:09:00,F2,62.084,0.0,2.226,64.908,8.484,normal
2026-01-05T18:10:00,F2,77.949,0.438,2.864,64.721,7.429,normal
2026-01-05T18:11:00,F2,86.276,0.154,4.293,54.388,7.524,normal
2026-01-05T18:12:00,F2,75.526,0.0,3.817,77.231,5.977,normal
2026-01-05T18:13:00,F2,76.571,0.383,2.055,59.437,9.831,normal
2026-01-05T18:14:00,F2,82.524,0.082,2.893,74.429,5.775,normal
2026-01-05T18:15:00,F2,70.581,0.406,1.408,57.559,7.965,normal
2026-01-05T18:16:00,F2,68.641,0.216,4.064,75.178,4.489,normal
2026-01-05T18:17:00,F2,65.181,0.464,4.172,73.222,6.768,normal
2026-01-05T18:18:00,F2,65.392,0.222,3.009,78.761,8.403,normal
2026-01-05T18:19:00,F2,72.327,0.396,2.872,74.507,7.213,normal
2026-01-05T18:20:00,F2,71.245,0.384,3.284,55.761,7.031,normal
2026-01-05T18:21:00,F2,88.216,0.145,4.368,59.044,8.946,normal
2026-01-05T18:22:00,F2,77.577,0.11,3.323,45.465,7.005,normal
2026-01-05T18:23:00,F2,74.516,0.271,4.139,63.448,8.405,normal
2026-01-05T18:24:00,F2,92.341,0.08,2.463,64.068,10.608,normal
2026-01-05T18:25:00,F2,70.278,0.207,2.595,52.658,5.713,normal
2026-01-05T18:26:00,F2,74.573,0.291,3.368,54.963,8.226,normal
2026-01-05T18:27:00,F2,71.125,0.288,3.764,55.784,5.978,normal
2026-01-05T18:28:00,F2,62.188,0.119,3.779,88.491,8.036,normal
2026-01-05T18:29:00,F2,60.414,0.195,4.422,62.264,5.014,normal
2026-01-05T18:30:00,F2,78.575,0.108,3.11,70.464,7.85,normal
2026-01-05T18:31:00,F2,65.482,0.3,3.553,60.775,7.222,normal
2026-01-05T18:32:00,F2,82.754,0.345,3.573,65.771,8.042,normal
2026-01-05T18:33:00,F2,71.557,0.198,4.701,54.962,6.052,normal
2026-01-05T18:34:00,F2,74.609,0.0,3.045,60.159,5.622,normal
2026-01-05T18:35:00,F2,79.352,0.105,3.467,52.228,9.991,normal
2026-01-05T18:36:00,F2,89.693,0.396,1.322,64.752,6.198,normal
2026-01-05T18:37:00,F2,67.312,0.318,1.996,56.187,9.677,normal
2026-01-05T18:38:00,F2,89.71,0.38,2.492,62.57,9.337,normal
2026-01-05T18:39:00,F2,78.532,0.149,2.849,88.072,7.404,normal
2026-01-05T18:40:00,F2,68.028,0.14,3.202,71.249,8.958,normal
2026-01-05T18:41:00,F2,65.566,0.357,3.321,46.032,8.239,normal
2026-01-05T18:42:00,F2,75.473,0.379,4.413,64.07,6.711,normal
2026-01-05T18:43:00,F2,80.096,0.221,3.201,52.988,6.786,normal
2026-01-05T18:44:00,F2,87.111,0.369,2.752,65.956,7.556,normal
2026-01-05T18:45:00,F2,67.361,0.286,3.506,59.146,4.783,normal
2026-01-05T18:46:00,F2,59.938,0.314,3.025,62.276,7.86,normal
2026-01-05T18:47:00,F2,77.807,0.241,4.174,64.62,6.79,normal
2026-01-05T18:48:00,F2,84.144,0.216,3.166,66.175,5.593,normal
2026-01-05T18:49:00,F2,71.202,0.378,3.15,80.075,8.554,normal
2026-01-05T18:50:00,F2,82.319,0.281,3.404,71.646,5.867,normal
2026-01-05T18:51:00,F2,67.862,0.06,2.791,70.299,6.931,normal
2026-01-05T18:52:00,F2,70.937,0.271,4.143,50.458,8.127,normal
2026-01-05T18:53:00,F2,71.115,0.004,3.618,53.781,5.797,normal
2026-01-05T18:54:00,F2,80.319,0.191,2.867,58.039,4.689,normal
2026-01-05T18:55:00,F2,73.158,0.261,3.359,68.65,8.278,normal
2026-01-05T18:56:00,F2,63.529,0.016,3.957,48.781,6.377,normal
2026-01-05T18:57:00,F2,76.247,0.159,3.327,71.738,6.96,normal
2026-01-05T18:58:00,F2,70.408,0.176,3.57,55.109,4.937,normal
2026-01-05T18:59:00,F2,66.149,0.184,2.557,54.341,8.137,normal
2026-01-05T19:00:00,F2,74.801,0.187,6.135,61.562,6.248,normal
2026-01-05T19:01:00,F2,64.339,0.372,4.755,73.589,7.394,normal
2026-01-05T19:02:00,F2,83.163,0.136,3.764,39.99,8.422,normal
2026-01-05T19:03:00,F2,52.876,0.033,3.645,61.633,7.844,normal
2026-01-05T19:04:00,F2,76.28,0.055,3.853,55.94,7.461,normal
2026-01-05T19:05:00,F2,64.134,0.233,3.469,56.183,8.796,normal
2026-01-05T19:06:00,F2,73.721,0.106,4.062,81.828,8.334,normal
2026-01-05T19:07:00,F2,65.703,0.387,3.018,63.554,5.131,normal
2026-01-05T19:08:00,F2,76.327,0.268,4.107,64.05,5.152,normal
2026-01-05T19:09:00,F2,79.578,0.333,3.048,62.623,5.994,normal
2026-01-05T19:10:00,F2,71.735,0.121,4.496,71.774,6.903,normal
2026-01-05T19:11:00,F2,74.848,0.325,4.919,69.379,7.109,normal
2026-01-05T19:12:00,F2,74.171,0.132,3.107,52.81,7.447,normal
2026-01-05T19:13:00,F2,76.109,0.0,2.961,77.083,8.532,normal
2026-01-05T19:14:00,F2,82.757,0.0,2.743,68.072,7.705,normal
2026-01-05T19:15:00,F2,98.606,0.485,2.544,73.021,4.384,normal
2026-01-05T19:16:00,F2,78.745,0.382,3.426,60.986,7.053,normal
2026-01-05T19:17:00,F2,58.212,0.235,4.404,76.434,8.788,normal
2026-01-05T19:18:00,F2,77.027,0.055,3.093,75.163,6.862,normal
2026-01-05T19:19:00,F2,71.807,0.068,4.141,54.982,8.838,normal
2026-01-05T19:20:00,F2,65.213,0.216,2.322,64.232,7.432,normal
2026-01-05T19:21:00,F2,96.515,0.09,2.603,68.17,8.377,normal
2026-01-05T19:22:00,F2,73.985,0.038,3.676,58.378,6.295,normal
2026-01-05T19:23:00,F2,90.866,0.259,3.205,64.352,14.923,normal
2026-01-05T19:24:00,F2,71.628,0.047,2.629,70.745,8.408,normal
2026-01-05T19:25:00,F2,78.831,0.089,3.634,64.982,6.933,normal
2026-01-05T19:26:00,F2,67.982,0.0,4.169,73.596,7.611,normal
2026-01-05T19:27:00,F2,88.426,0.171,2.4,81.351,7.255,normal
2026-01-05T19:28:00,F2,86.745,0.0,2.697,67.01,8.095,normal
2026-01-05T19:29:00,F2,84.25,0.005,4.341,73.292,5.674,normal
2026-01-05T19:30:00,F2,65.439,0.113,4.151,83.336,6.874,normal
2026-01-05T19:31:00,F2,73.104,0.036,3.318,75.082,7.325,normal
2026-01-05T19:32:00,F2,74.515,0.368,3.889,72.073,4.158,normal
2026-01-05T19:33:00,F2,76.739,0.033,3.617,64.009,7.393,normal
2026-01-05T19:34:00,F2,81.15,0.28,2.061,60.555,7.927,normal
2026-01-05T19:35:00,F2,73.122,0.541,2.993,58.359,5.25,normal
2026-01-05T19:36:00,F2,71.162,0.218,3.171,70.451,5.014,normal
2026-01-05T19:37:00,F2,87.283,0.312,3.279,63.889,7.61,normal
2026-01-05T19:38:00,F2,84.553,0.119,3.254,68.467,5.543,normal
2026-01-05T19:39:00,F2,72.674,0.0,3.755,60.69,7.651,normal
2026-01-05T19:40:00,F2,73.285,0.109,4.748,76.765,4.327,normal
2026-01-05T19:41:00,F2,70.591,0.056,4.218,68.716,7.492,normal
2026-01-05T19:42:00,F2,75.246,0.179,2.479,49.816,8.25,normal
2026-01-05T19:43:00,F2,73.178,0.184,3.407,66.765,7.152,normal
2026-01-05T19:44:00,F2,77.707,0.413,3.03,60.772,6.115,normal
2026-01-05T19:45:00,F2,55.813,0.194,3.821,51.722,6.158,normal
2026-01-05T19:46:00,F2,72.493,0.034,3.373,78.894,8.752,normal
2026-01-05T19:47:00,F2,84.309,0.31,3.139,56.815,6.894,normal
2026-01-05T19:48:00,F2,82.031,0.224,3.747,53.583,9.744,normal
2026-01-05T19:49:00,F2,75.1,0.135,3.248,67.653,7.586,normal
2026-01-05T19:50:00,F2,83.493,0.113,2.622,49.508,3.833,normal
2026-01-05T19:51:00,F2,57.125,0.055,3.668,55.206,4.736,normal
2026-01-05T19:52:00,F2,63.166,0.161,3.568,68.786,7.566,normal
2026-01-05T19:53:00,F2,83.058,0.283,2.647,68.704,7.684,normal
2026-01-05T19:54:00,F2,58.254,0.0,2.138,55.187,6.987,normal
2026-01-05T19:55:00,F2,81.603,0.279,2.858,68.085,6.699,normal
2026-01-05T19:56:00,F2,67.838,0.226,3.77,59.063,5.457,normal
2026-01-05T19:57:00,F2,76.77,0.031,4.429,58.237,6.017,normal
2026-01-05T19:58:00,F2,60.57,0.0,1.997,63.453,9.425,normal
2026-01-05T19:59:00,F2,73.815,0.075,2.908,53.984,7.39,normal
2026-01-05T20:00:00,F2,74.076,0.089,2.926,76.414,8.933,normal
2026-01-05T20:01:00,F2,82.524,0.0,3.149,78.936,7.641,normal
2026-01-05T20:02:00,F2,80.326,0.016,3.755,60.286,10.411,normal
2026-01-05T20:03:00,F2,73.611,0.0,3.767,44.847,8.88,normal
2026-01-05T20:04:00,F2,64.582,0.19,3.047,52.41,5.501,normal
2026-01-05T20:05:00,F2,66.763,0.461,3.489,64.944,6.644,normal
2026-01-05T20:06:00,F2,65.042,0.381,3.649,64.915,7.221,normal
2026-01-05T20:07:00,F2,90.595,0.191,4.615,67.995,7.966,normal
2026-01-05T20:08:00,F2,59.717,0.391,3.881,56.974,6.857,normal
2026-01-05T20:09:00,F2,74.643,0.0,1.865,57.413,7.186,normal
2026-01-05T20:10:00,F2,47.869,0.0,3.479,59.886,9.057,normal
2026-01-05T20:11:00,F2,71.353,0.078,3.02,71.91,8.354,normal
2026-01-05T20:12:00,F2,89.304,0.014,3.838,61.344,4.766,normal
2026-01-05T20:13:00,F2,68.66,0.0,4.822,61.175,8.692,normal
2026-01-05T20:14:00,F2,62.864,0.0,3.477,69.472,8.507,normal
2026-01-05T20:15:00,F2,81.368,0.0,4.469,63.775,5.708,normal
2026-01-05T20:16:00,F2,66.8,0.099,3.287,65.836,10.216,normal
2026-01-05T20:17:00,F2,75.785,0.597,3.187,60.508,7.245,normal
2026-01-05T20:18:00,F2,81.235,0.037,4.448,76.58,6.04,normal
2026-01-05T20:19:00,F2,83.183,0.015,3.426,59.863,6.284,normal
2026-01-05T20:20:00,F2,76.635,0.0,3.823,73.587,9.145,normal
2026-01-05T20:21:00,F2,65.531,0.153,4.121,64.518,5.179,normal
2026-01-05T20:22:00,F2,90.459,0.0,2.718,58.858,9.436,normal
2026-01-05T20:23:00,F2,70.274,0.0,2.892,67.647,5.457,normal
2026-01-05T20:24:00,F2,79.979,0.013,2.801,58.564,7.092,normal
2026-01-05T20:25:00,F2,84.391,0.0,2.908,71.209,6.37,normal
2026-01-05T20:26:00,F2,73.956,0.084,1.93,65.483,9.332,normal
2026-01-05T20:27:00,F2,66.616,0.067,3.149,68.1,8.881,normal
2026-01-05T20:28:00,F2,78.08,0.0,2.265,72.821,7.234,normal
2026-01-05T20:29:00,F2,73.002,0.077,3.947,47.121,5.225,normal
2026-01-05T20:30:00,F2,71.873,0.084,2.808,43.888,6.058,normal
2026-01-05T20:31:00,F2,79.778,0.0,2.725,64.631,7.355,normal
2026-01-05T20:32:00,F2,86.174,0.0,4.085,66.511,9.763,normal
2026-01-05T20:33:00,F2,64.777,0.0,3.202,71.397,5.828,normal
2026-01-05T20:34:00,F2,90.932,0.024,5.143,53.173,11.252,normal
2026-01-05T20:35:00,F2,85.467,0.0,3.351,70.575,5.796,normal
2026-01-05T20:36:00,F2,81.051,0.0,3.026,90.826,5.43,normal
2026-01-05T20:37:00,F2,72.762,0.106,3.475,60.216,5.74,normal
2026-01-05T20:38:00,F2,66.12,0.0,3.409,75.673,7.954,normal
2026-01-05T20:39:00,F2,68.511,0.011,3.993,55.705,6.228,normal
2026-01-05T20:40:00,F2,75.893,0.268,3.036,65.581,11.028,normal
2026-01-05T20:41:00,F2,100.828,0.0,3.256,58.435,7.322,normal
2026-01-05T20:42:00,F2,66.031,0.225,3.261,47.321,6.196,normal
2026-01-05T20:43:00,F2,80.948,0.0,3.442,73.385,7.106,normal
2026-01-05T20:44:00,F2,83.928,0.0,2.67,79.047,7.656,normal
2026-01-05T20:45:00,F2,83.683,0.163,3.314,68.45,9.161,normal
2026-01-05T20:46:00,F2,75.579,0.0,3.103,68.213,9.206,normal
2026-01-05T20:47:00,F2,85.114,0.0,3.639,68.582,5.278,normal
2026-01-05T20:48:00,F2,79.636,0.506,2.731,76.163,6.772,normal
2026-01-05T20:49:00,F2,69.726,0.078,3.495,57.962,7.892,normal
2026-01-05T20:50:00,F2,73.941,0.067,2.961,69.695,8.335,normal
2026-01-05T20:51:00,F2,78.08,0.0,2.224,69.158,4.705,normal
2026-01-05T20:52:00,F2,68.409,0.0,2.716,72.316,5.794,normal
2026-01-05T20:53:00,F2,73.231,0.269,3.777,73.484,9.386,normal
2026-01-05T20:54:00,F2,77.642,0.134,3.126,76.76,8.57,normal
2026-01-05T20:55:00,F2,74.554,0.083,2.962,69.501,5.379,normal
2026-01-05T20:56:00,F2,79.662,0.338,3.747,72.221,6.398,normal
2026-01-05T20:57:00,F2,72.567,0.25,2.748,64.936,6.119,normal
2026-01-05T20:58:00,F2,81.015,0.146,3.877,61.276,6.54,normal
2026-01-05T20:59:00,F2,75.85,0.0,2.287,63.499,8.392,normal
2026-01-05T21:00:00,F2,77.952,0.0,3.349,80.621,6.956,normal
2026-01-05T21:01:00,F2,77.933,0.026,2.941,38.55,8.565,normal
2026-01-05T21:02:00,F2,79.65,0.0,3.606,76.734,7.965,normal
2026-01-05T21:03:00,F2,71.401,0.115,3.891,64.16,6.29,normal
2026-01-05T21:04:00,F2,70.759,0.066,2.817,59.678,6.957,normal
2026-01-05T21:05:00,F2,64.979,0.0,3.137,59.073,9.403,normal
2026-01-05T21:06:00,F2,82.665,0.0,3.555,80.379,6.742,normal
2026-01-05T21:07:00,F2,69.173,0.36,1.938,64.427,6.071,normal
2026-01-05T21:08:00,F2,93.269,0.0,3.239,50.887,7.823,normal
2026-01-05T21:09:00,F2,77.519,0.0,3.418,44.972,9.09,normal
2026-01-05T21:10:00,F2,89.791,0.156,2.285,63.705,7.506,normal
2026-01-05T21:11:00,F2,66.119,0.131,3.345,62.577,5.514,normal
2026-01-05T21:12:00,F2,91.446,0.27,3.514,68.056,6.862,normal
2026-01-05T21:13:00,F2,69.663,0.0,2.938,52.662,6.7,normal
2026-01-05T21:14:00,F2,67.788,0.0,3.506,61.452,6.262,normal
2026-01-05T21:15:00,F2,59.952,0.0,3.265,55.639,6.894,normal
2026-01-05T21:16:00,F2,67.767,0.0,2.878,66.161,8.054,normal
2026-01-05T21:17:00,F2,48.531,0.0,3.041,86.655,7.512,normal
2026-01-05T21:18:00,F2,72.046,0.056,3.984,50.588,7.17,normal
2026-01-05T21:19:00,F2,74.19,0.0,3.163,69.397,4.188,normal
2026-01-05T21:20:00,F2,81.378,0.0,4.267,39.737,4.858,normal
2026-01-05T21:21:00,F2,81.512,0.0,3.953,49.645,5.604,normal
2026-01-05T21:22:00,F2,66.402,0.0,2.233,69.778,9.896,normal
2026-01-05T21:23:00,F2,74.994,0.0,3.011,45.254,7.46,normal
2026-01-05T21:24:00,F2,61.916,0.0,2.757,49.711,5.802,normal
2026-01-05T21:25:00,F2,67.414,0.0,3.63,74.833,6.9,normal
2026-01-05T21:26:00,F2,78.129,0.057,2.573,61.792,5.955,normal
2026-01-05T21:27:00,F2,66.226,0.211,2.763,50.215,7.5,normal
2026-01-05T21:28:00,F2,69.018,0.0,4.113,89.999,6.325,normal
2026-01-05T21:29:00,F2,80.493,0.0,2.837,71.767,6.244,normal
2026-01-05T21:30:00,F2,84.486,0.325,3.185,76.192,7.85,normal
2026-01-05T21:31:00,F2,65.347,0.348,1.546,80.88,6.354,normal
2026-01-05T21:32:00,F2,66.361,0.059,3.931,74.428,8.117,normal
2026-01-05T21:33:00,F2,75.391,0.0,2.866,65.668,7.131,normal
2026-01-05T21:34:00,F2,80.685,0.037,2.878,75.654,6.767,normal
2026-01-05T21:35:00,F2,120.629,0.0,2.897,44.181,3.538,normal
2026-01-05T21:36:00,F2,88.452,0.0,2.691,47.458,6.439,normal
2026-01-05T21:37:00,F2,78.921,0.315,3.357,51.421,5.077,normal
2026-01-05T21:38:00,F2,64.082,0.0,3.347,67.682,8.905,normal
2026-01-05T21:39:00,F2,71.242,0.0,3.931,72.459,5.058,normal
2026-01-05T21:40:00,F2,69.835,0.285,2.84,48.156,7.369,normal
2026-01-05T21:41:00,F2,73.378,0.027,3.151,73.334,8.595,normal
2026-01-05T21:42:00,F2,88.419,0.0,3.472,60.193,8.348,normal
2026-01-05T21:43:00,F2,64.93,0.0,3.986,65.616,6.803,normal
2026-01-05T21:44:00,F2,75.411,0.0,1.713,52.018,5.365,normal
2026-01-05T21:45:00,F2,84.722,0.0,2.265,74.099,6.806,normal
2026-01-05T21:46:00,F2,69.665,0.229,3.955,26.397,4.612,normal
2026-01-05T21:47:00,F2,80.193,0.239,1.962,55.331,4.526,normal
2026-01-05T21:48:00,F2,77.067,0.0,2.044,45.382,6.818,normal
2026-01-05T21:49:00,F2,64.446,0.0,2.574,73.375,4.896,normal
2026-01-05T21:50:00,F2,73.239,0.0,3.093,77.063,7.305,normal
2026-01-05T21:51:00,F2,77.288,0.02,2.97,48.419,7.54,normal
2026-01-05T21:52:00,F2,76.258,0.137,3.656,59.842,4.198,normal
2026-01-05T21:53:00,F2,73.835,0.0,6.865,70.155,6.873,normal
2026-01-05T21:54:00,F2,73.962,0.117,2.725,60.959,7.197,normal
2026-01-05T21:55:00,F2,81.488,0.02,3.603,58.462,6.24,normal
2026-01-05T21:56:00,F2,74.091,0.045,2.694,77.321,5.881,normal
2026-01-05T21:57:00,F2,80.786,0.0,3.853,60.483,5.827,normal
2026-01-05T21:58:00,F2,76.382,0.035,3.87,73.69,4.515,normal
2026-01-05T21:59:00,F2,60.465,0.0,2.694,81.034,6.997,normal
2026-01-05T22:00:00,F2,71.301,0.29,3.758,80.423,7.887,normal
2026-01-05T22:01:00,F2,72.341,0.0,2.956,81.408,4.871,normal
2026-01-05T22:02:00,F2,78.58,0.071,3.608,61.885,8.206,normal
2026-01-05T22:03:00,F2,79.412,0.0,4.211,69.966,8.332,normal
2026-01-05T22:04:00,F2,52.196,0.0,3.475,58.685,5.215,normal
2026-01-05T22:05:00,F2,82.092,0.0,3.26,65.297,6.988,normal
2026-01-05T22:06:00,F2,61.319,0.0,3.155,51.671,5.396,normal
2026-01-05T22:07:00,F2,75.558,0.0,2.71,51.624,6.235,normal
2026-01-05T22:08:00,F2,64.416,0.16,1.932,65.751,7.386,normal
2026-01-05T22:09:00,F2,69.059,0.0,3.64,57.346,9.128,normal
2026-01-05T22:10:00,F2,61.133,0.0,3.019,63.562,7.551,normal
2026-01-05T22:11:00,F2,79.28,0.169,2.381,68.586,8.964,normal
2026-01-05T22:12:00,F2,64.405,0.0,2.905,83.762,5.143,normal
2026-01-05T22:13:00,F2,89.348,0.0,2.746,68.51,7.74,normal
2026-01-05T22:14:00,F2,69.2,0.146,2.749,78.708,8.311,normal
2026-01-05T22:15:00,F2,67.608,0.0,3.092,76.24,6.961,normal
2026-01-05T22:16:00,F2,67.311,0.0,3.601,62.086,4.958,normal
2026-01-05T22:17:00,F2,72.982,0.0,3.65,55.035,9.773,normal
2026-01-05T22:18:00,F2,72.912,0.0,4.11,60.592,5.867,normal
2026-01-05T22:19:00,F2,67.637,0.0,3.572,67.932,7.101,normal
2026-01-05T22:20:00,F2,86.803,0.0,2.949,75.236,8.991,normal
2026-01-05T22:21:00,F2,76.525,0.0,2.673,65.962,6.158,normal
2026-01-05T22:22:00,F2,55.02,0.084,2.824,64.422,6.964,normal
2026-01-05T22:23:00,F2,71.253,0.0,2.479,52.847,3.105,normal
2026-01-05T22:24:00,F2,76.78,0.0,2.679,64.069,5.157,normal
2026-01-05T22:25:00,F2,74.845,0.0,3.361,51.549,8.268,normal
2026-01-05T22:26:00,F2,72.094,0.023,3.409,73.878,8.137,normal
2026-01-05T22:27:00,F2,72.948,0.0,3.889,74.265,5.15,normal
2026-01-05T22:28:00,F2,87.372,0.168,2.756,72.438,6.766,normal
2026-01-05T22:29:00,F2,64.05,0.0,2.768,69.595,9.376,normal
2026-01-05T22:30:00,F2,69.961,0.111,3.735,59.72,7.46,normal
2026-01-05T22:31:00,F2,76.362,0.0,2.65,80.567,10.99,normal
2026-01-05T22:32:00,F2,71.535,0.0,2.386,68.047,6.927,normal
2026-01-05T22:33:00,F2,73.17,0.0,3.733,53.464,4.27,normal
2026-01-05T22:34:00,F2,83.367,0.0,2.663,52.214,7.445,normal
2026-01-05T22:35:00,F2,77.834,0.0,2.811,58.759,7.84,normal
2026-01-05T22:36:00,F2,61.264,0.0,2.394,77.607,6.604,normal
2026-01-05T22:37:00,F2,77.421,0.155,2.764,62.604,6.002,normal
2026-01-05T22:38:00,F2,78.035,0.192,1.73,56.258,5.778,normal
2026-01-05T22:39:00,F2,74.946,0.0,2.249,61.047,4.836,normal
2026-01-05T22:40:00,F2,73.165,0.0,3.098,64.571,8.267,normal
2026-01-05T22:41:00,F2,68.656,0.0,3.764,57.809,5.525,normal
2026-01-05T22:42:00,F2,70.862,0.0,3.29,75.907,6.078,normal
2026-01-05T22:43:00,F2,84.538,0.0,2.946,68.745,6.497,normal
2026-01-05T22:44:00,F2,79.216,0.0,3.761,68.285,6.632,normal
2026-01-05T22:45:00,F2,76.233,0.0,2.687,53.913,5.515,normal
2026-01-05T22:46:00,F2,80.013,0.0,3.008,58.214,6.139,normal
2026-01-05T22:47:00,F2,64.263,0.0,3.531,76.473,8.057,normal
2026-01-05T22:48:00,F2,72.925,0.0,3.617,78.392,8.465,normal
2026-01-05T22:49:00,F2,80.114,0.0,3.072,71.303,8.536,normal
2026-01-05T22:50:00,F2,69.197,0.159,3.165,58.479,8.691,normal
2026-01-05T22:51:00,F2,67.951,0.0,2.829,53.724,8.346,normal
2026-01-05T22:52:00,F2,92.737,0.0,3.145,64.901,9.134,normal
2026-01-05T22:53:00,F2,71.269,0.01,2.772,82.563,8.852,normal
2026-01-05T22:54:00,F2,75.358,0.0,3.266,83.281,8.084,normal
2026-01-05T22:55:00,F2,68.507,0.043,3.013,61.478,6.577,normal
2026-01-05T22:56:00,F2,77.687,0.0,2.732,70.761,6.827,normal
2026-01-05T22:57:00,F2,73.237,0.0,3.329,60.731,4.795,normal
2026-01-05T22:58:00,F2,69.175,0.0,2.355,43.267,5.84,normal
2026-01-05T22:59:00,F2,88.878,0.0,2.852,72.211,6.915,normal
2026-01-05T23:00:00,F2,70.626,0.0,3.193,67.329,6.877,normal
2026-01-05T23:01:00,F2,74.488,0.0,3.996,65.291,5.178,normal
2026-01-05T23:02:00,F2,68.302,0.0,2.991,61.875,6.764,normal
2026-01-05T23:03:00,F2,81.234,0.0,2.778,66.579,6.398,normal
2026-01-05T23:04:00,F2,74.799,0.0,3.098,73.037,7.176,normal
2026-01-05T23:05:00,F2,65.241,0.0,2.193,68.229,7.68,normal
2026-01-05T23:06:00,F2,64.363,0.371,3.027,76.946,8.02,normal
2026-01-05T23:07:00,F2,79.747,0.0,3.665,80.742,7.941,normal
2026-01-05T23:08:00,F2,97.988,0.0,3.272,61.973,5.762,normal
2026-01-05T23:09:00,F2,48.008,0.0,4.236,61.44,8.379,normal
2026-01-05T23:10:00,F2,71.984,0.0,3.344,68.992,7.58,normal
2026-01-05T23:11:00,F2,73.296,0.0,2.578,58.763,7.089,normal
2026-01-05T23:12:00,F2,73.526,0.0,3.218,53.067,8.681,normal
2026-01-05T23:13:00,F2,76.076,0.0,2.866,59.634,8.838,normal
2026-01-05T23:14:00,F2,86.257,0.0,3.632,63.752,9.377,normal
2026-01-05T23:15:00,F2,74.576,0.0,1.847,73.765,7.32,normal
2026-01-05T23:16:00,F2,80.024,0.0,2.775,63.676,7.914,normal
2026-01-05T23:17:00,F2,74.187,0.0,2.39,61.259,7.957,normal
2026-01-05T23:18:00,F2,68.93,0.0,4.832,66.544,6.857,normal
2026-01-05T23:19:00,F2,75.714,0.0,3.101,62.717,4.957,normal
2026-01-05T23:20:00,F2,89.03,0.0,4.807,55.09,8.447,normal
2026-01-05T23:21:00,F2,55.374,0.0,3.179,85.37,6.835,normal
2026-01-05T23:22:00,F2,77.771,0.0,2.751,66.326,7.543,normal
2026-01-05T23:23:00,F2,77.97,0.0,2.526,68.947,10.09,normal
2026-01-05T23:24:00,F2,67.514,0.0,2.715,57.804,8.318,normal
2026-01-05T23:25:00,F2,72.948,0.0,2.13,73.876,8.546,normal
2026-01-05T23:26:00,F2,72.554,0.0,2.574,54.222,3.746,normal
2026-01-05T23:27:00,F2,82.416,0.0,2.716,70.342,8.655,normal
2026-01-05T23:28:00,F2,77.874,0.0,2.787,69.312,6.998,normal
2026-01-05T23:29:00,F2,78.038,0.0,2.611,67.826,4.715,normal
2026-01-05T23:30:00,F2,85.195,0.0,3.446,62.424,3.874,normal
2026-01-05T23:31:00,F2,75.384,0.0,2.916,81.847,8.135,normal
2026-01-05T23:32:00,F2,69.606,0.0,4.228,58.221,5.991,normal
2026-01-05T23:33:00,F2,65.923,0.0,2.95,69.606,4.627,normal
2026-01-05T23:34:00,F2,77.84,0.0,3.243,67.171,7.415,normal
2026-01-05T23:35:00,F2,60.647,0.0,2.701,61.801,5.997,normal
2026-01-05T23:36:00,F2,69.001,0.0,3.542,76.47,6.656,normal
2026-01-05T23:37:00,F2,81.143,0.0,2.397,53.752,7.438,normal
2026-01-05T23:38:00,F2,78.466,0.091,3.059,59.21,5.321,normal
2026-01-05T23:39:00,F2,78.041,0.0,4.286,65.785,6.853,normal
2026-01-05T23:40:00,F2,74.789,0.0,4.603,62.626,4.447,normal
2026-01-05T23:41:00,F2,69.582,0.0,1.556,82.177,7.156,normal
2026-01-05T23:42:00,F2,71.378,0.0,1.701,53.832,7.525,normal
2026-01-05T23:43:00,F2,67.899,0.0,2.892,63.481,6.802,normal
2026-01-05T23:44:00,F2,93.214,0.0,2.717,62.923,5.941,normal
2026-01-05T23:45:00,F2,69.404,0.0,2.515,65.342,9.355,normal
2026-01-05T23:46:00,F2,72.193,0.0,2.525,59.395,5.257,normal
2026-01-05T23:47:00,F2,61.532,0.0,3.387,69.785,5.817,normal
2026-01-05T23:48:00,F2,61.171,0.0,3.838,62.597,8.243,normal
2026-01-05T23:49:00,F2,78.651,0.0,2.127,55.987,6.067,normal
2026-01-05T23:50:00,F2,67.398,0.0,2.147,65.031,3.276,normal
2026-01-05T23:51:00,F2,65.569,0.0,4.023,65.359,7.474,normal
2026-01-05T23:52:00,F2,72.781,0.0,1.956,75.732,6.332,normal
2026-01-05T23:53:00,F2,66.549,0.073,3.169,61.89,6.05,normal
2026-01-05T23:54:00,F2,77.194,0.0,2.565,69.766,7.48,normal
2026-01-05T23:55:00,F2,91.353,0.007,3.338,60.464,6.281,normal
2026-01-05T23:56:00,F2,86.7,0.0,3.37,66.953,6.281,normal
2026-01-05T23:57:00,F2,74.051,0.0,4.059,49.451,7.838,normal
2026-01-05T23:58:00,F2,78.938,0.0,1.977,54.479,7.218,normal
2026-01-05T23:59:00,F2,76.667,0.0,3.611,76.08,4.202,normal
2026-01-06T00:00:00,F2,68.794,0.0,3.331,56.689,5.892,normal
2026-01-06T00:01:00,F2,64.4,0.0,2.772,77.871,7.917,normal
2026-01-06T00:02:00,F2,77.498,0.008,2.532,74.397,8.422,normal
2026-01-06T00:03:00,F2,70.295,0.036,3.573,66.163,6.894,normal
2026-01-06T00:04:00,F2,71.323,0.348,2.514,61.487,7.231,normal
2026-01-06T00:05:00,F2,62.102,0.0,3.197,52.88,6.799,normal
2026-01-06T00:06:00,F2,93.448,0.0,3.352,61.308,6.603,normal
2026-01-06T00:07:00,F2,87.522,0.0,3.493,56.641,8.262,normal
2026-01-06T00:08:00,F2,72.223,0.0,3.063,67.289,7.722,normal
2026-01-06T00:09:00,F2,66.863,0.0,3.257,61.26,8.798,normal
2026-01-06T00:10:00,F2,84.72,0.0,4.283,63.626,6.505,normal
2026-01-06T00:11:00,F2,72.95,0.0,2.97,54.774,5.589,normal
2026-01-06T00:12:00,F2,76.218,0.0,3.242,64.391,8.954,normal
2026-01-06T00:13:00,F2,74.851,0.0,2.875,50.703,7.037,normal
2026-01-06T00:14:00,F2,72.433,0.0,3.406,64.149,6.953,normal
2026-01-06T00:15:00,F2,75.82,0.0,2.971,66.485,8.589,normal
2026-01-06T00:16:00,F2,83.601,0.0,2.18,76.015,7.866,normal
2026-01-06T00:17:00,F2,81.459,0.0,2.686,59.056,7.516,normal
2026-01-06T00:18:00,F2,79.952,0.0,3.67,61.48,8.678,normal
2026-01-06T00:19:00,F2,79.093,0.0,1.792,68.039,8.261,normal
2026-01-06T00:20:00,F2,53.183,0.0,2.628,61.794,6.042,normal
2026-01-06T00:21:00,F2,77.784,0.0,3.136,61.877,7.193,normal
2026-01-06T00:22:00,F2,61.781,0.0,3.749,79.058,9.35,normal
2026-01-06T00:23:00,F2,80.542,0.0,3.877,69.349,7.997,normal
2026-01-06T00:24:00,F2,78.739,0.0,3.878,54.951,5.858,normal
2026-01-06T00:25:00,F2,65.085,0.0,3.177,68.578,8.485,normal
2026-01-06T00:26:00,F2,80.116,0.0,4.358,59.362,6.146,normal
2026-01-06T00:27:00,F2,87.789,0.0,3.583,47.546,6.858,normal
2026-01-06T00:28:00,F2,74.773,0.0,2.739,58.611,8.133,normal
2026-01-06T00:29:00,F2,77.758,0.0,2.833,61.451,7.655,normal
2026-01-06T00:30:00,F2,62.149,0.0,2.953,59.712,9.106,normal
2026-01-06T00:31:00,F2,85.516,0.0,2.503,64.384,7.672,normal
2026-01-06T00:32:00,F2,75.469,0.0,3.041,68.68,5.021,normal
2026-01-06T00:33:00,F2,73.098,0.0,3.082,56.458,4.807,normal
2026-01-06T00:34:00,F2,78.853,0.0,3.799,68.313,8.995,normal
2026-01-06T00:35:00,F2,81.317,0.0,4.698,69.44,8.651,normal
2026-01-06T00:36:00,F2,96.776,0.0,3.429,68.084,5.421,normal
2026-01-06T00:37:00,F2,79.018,0.0,2.564,66.109,5.333,normal
2026-01-06T00:38:00,F2,72.202,0.0,4.485,62.178,7.679,normal
2026-01-06T00:39:00,F2,86.404,0.0,1.774,62.33,5.883,normal
2026-01-06T00:40:00,F2,68.827,0.0,2.471,62.865,8.297,normal
2026-01-06T00:41:00,F2,77.91,0.0,2.443,51.12,7.357,normal
2026-01-06T00:42:00,F2,63.09,0.0,2.558,63.873,8.411,normal
2026-01-06T00:43:00,F2,75.026,0.0,5.207,57.414,7.766,normal
2026-01-06T00:44:00,F2,68.396,0.0,2.213,58.701,9.099,normal
2026-01-06T00:45:00,F2,68.395,0.0,3.12,63.706,6.808,normal
2026-01-06T00:46:00,F2,82.57,0.0,2.639,74.512,7.153,normal
2026-01-06T00:47:00,F2,75.214,0.0,2.357,47.938,3.919,normal
2026-01-06T00:48:00,F2,81.55,0.0,2.8,56.035,6.602,normal
2026-01-06T00:49:00,F2,70.208,0.0,2.546,56.105,6.031,normal
2026-01-06T00:50:00,F2,59.884,0.0,3.409,67.803,6.592,normal
2026-01-06T00:51:00,F2,98.73,0.042,2.188,73.299,6.377,normal
2026-01-06T00:52:00,F2,77.011,0.0,2.025,67.573,7.49,normal
2026-01-06T00:53:00,F2,78.739,0.0,2.136,55.263,8.525,normal
2026-01-06T00:54:00,F2,85.24,0.0,2.948,73.28,5.515,normal
2026-01-06T00:55:00,F2,63.902,0.0,2.961,53.459,5.694,normal
2026-01-06T00:56:00,F2,77.254,0.0,3.292,55.966,7.16,normal
2026-01-06T00:57:00,F2,75.199,0.0,3.455,67.787,6.297,normal
2026-01-06T00:58:00,F2,70.112,0.0,3.457,63.548,5.263,normal
2026-01-06T00:59:00,F2,67.295,0.0,2.339,65.476,8.591,normal
2026-01-06T01:00:00,F2,71.832,0.0,3.144,61.878,6.676,normal
2026-01-06T01:01:00,F2,83.148,0.0,2.429,62.801,6.702,normal
2026-01-06T01:02:00,F2,72.113,0.0,3.148,56.954,5.927,normal
2026-01-06T01:03:00,F2,78.506,0.0,3.605,52.43,8.641,normal
2026-01-06T01:04:00,F2,66.607,0.0,2.662,60.1,6.467,normal
2026-01-06T01:05:00,F2,72.89,0.0,2.627,55.317,8.53,normal
2026-01-06T01:06:00,F2,69.211,0.0,2.784,53.561,8.509,normal
2026-01-06T01:07:00,F2,81.661,0.0,2.036,65.789,6.658,normal
2026-01-06T01:08:00,F2,65.006,0.0,2.24,67.418,6.733,normal
2026-01-06T01:09:00,F2,62.554,0.0,2.727,56.188,7.357,normal
2026-01-06T01:10:00,F2,70.518,0.0,3.139,77.666,7.889,normal
2026-01-06T01:11:00,F2,64.002,0.0,2.928,71.147,6.074,normal
2026-01-06T01:12:00,F2,72.696,0.0,2.83,53.503,8.151,normal
2026-01-06T01:13:00,F2,60.507,0.0,2.052,71.71,7.519,normal
2026-01-06T01:14:00,F2,76.29,0.0,1.822,61.061,7.654,normal
2026-01-06T01:15:00,F2,75.502,0.0,3.273,57.062,6.322,normal
2026-01-06T01:16:00,F2,84.247,0.0,3.058,41.434,7.093,normal
2026-01-06T01:17:00,F2,68.948,0.0,3.073,69.399,6.611,normal
2026-01-06T01:18:00,F2,74.85,0.0,3.733,50.744,9.458,normal
2026-01-06T01:19:00,F2,72.955,0.0,2.492,84.289,9.172,normal
2026-01-06T01:20:00,F2,80.566,0.0,2.22,45.625,7.594,normal
2026-01-06T01:21:00,F2,81.737,0.0,3.365,61.181,6.513,normal
2026-01-06T01:22:00,F2,78.414,0.0,1.833,58.535,5.075,normal
2026-01-06T01:23:00,F2,64.874,0.0,1.797,50.481,8.463,normal
2026-01-06T01:24:00,F2,63.699,0.0,2.592,45.766,5.195,normal
2026-01-06T01:25:00,F2,75.092,0.059,4.445,54.517,7.441,normal
2026-01-06T01:26:00,F2,79.514,0.0,3.152,82.686,5.201,normal
2026-01-06T01:27:00,F2,84.432,0.0,3.511,72.909,8.429,normal
2026-01-06T01:28:00,F2,78.035,0.0,3.567,75.303,7.12,normal
2026-01-06T01:29:00,F2,71.892,0.04,2.393,64.73,8.874,normal
2026-01-06T01:30:00,F2,92.218,0.0,3.777,58.862,7.89,normal
2026-01-06T01:31:00,F2,80.329,0.0,3.146,67.032,7.857,normal
2026-01-06T01:32:00,F2,80.66,0.0,3.641,56.399,7.663,normal
2026-01-06T01:33:00,F2,81.23,0.0,2.686,46.031,9.526,normal
2026-01-06T01:34:00,F2,65.787,0.0,2.147,55.97,7.775,normal
2026-01-06T01:35:00,F2,71.824,0.0,3.127,72.509,7.456,normal
2026-01-06T01:36:00,F2,67.389,0.0,2.949,63.455,7.189,normal
2026-01-06T01:37:00,F2,72.406,0.0,2.245,52.989,6.169,normal
2026-01-06T01:38:00,F2,73.141,0.0,2.319,60.511,8.219,normal
2026-01-06T01:39:00,F2,87.941,0.0,2.598,67.095,5.719,normal
2026-01-06T01:40:00,F2,73.795,0.0,2.681,55.268,7.786,normal
2026-01-06T01:41:00,F2,82.434,0.0,3.363,53.696,7.528,normal
2026-01-06T01:42:00,F2,69.993,0.0,1.349,63.093,6.459,normal
2026-01-06T01:43:00,F2,73.011,0.0,2.748,67.034,7.017,normal
2026-01-06T01:44:00,F2,84.805,0.0,1.683,54.631,6.152,normal
2026-01-06T01:45:00,F2,84.53,0.0,1.974,56.799,6.842,normal
2026-01-06T01:46:00,F2,76.244,0.0,4.15,70.587,8.034,normal
2026-01-06T01:47:00,F2,76.369,0.0,1.983,61.056,5.999,normal
2026-01-06T01:48:00,F2,68.403,0.0,3.246,72.702,7.714,normal
2026-01-06T01:49:00,F2,76.846,0.0,2.863,59.602,6.044,normal
2026-01-06T01:50:00,F2,77.882,0.0,2.798,62.859,4.594,normal
2026-01-06T01:51:00,F2,91.821,0.0,2.837,81.619,4.197,normal
2026-01-06T01:52:00,F2,78.291,0.0,3.568,70.99,7.898,normal
2026-01-06T01:53:00,F2,74.142,0.0,3.192,63.018,6.234,normal
2026-01-06T01:54:00,F2,71.201,0.0,2.855,50.289,6.102,normal
2026-01-06T01:55:00,F2,76.076,0.0,3.209,54.681,5.076,normal
2026-01-06T01:56:00,F2,60.242,0.0,4.243,75.025,5.882,normal
2026-01-06T01:57:00,F2,69.37,0.0,2.17,55.841,6.814,normal
2026-01-06T01:58:00,F2,60.476,0.0,2.889,57.453,6.273,normal
2026-01-06T01:59:00,F2,87.515,0.0,2.869,72.723,9.188,normal
2026-01-06T02:00:00,F2,68.775,0.0,2.875,75.651,4.801,normal
2026-01-06T02:01:00,F2,82.656,0.0,1.963,68.529,8.595,normal
2026-01-06T02:02:00,F2,83.927,0.0,3.475,73.117,6.999,normal
2026-01-06T02:03:00,F2,72.715,0.0,2.633,55.058,6.655,normal
2026-01-06T02:04:00,F2,66.733,0.0,2.178,50.564,7.858,normal
2026-01-06T02:05:00,F2,77.389,0.0,3.755,76.292,7.732,normal
2026-01-06T02:06:00,F2,78.156,0.0,3.258,63.4,6.882,normal
2026-01-06T02:07:00,F2,86.406,0.0,2.197,56.347,7.338,normal
2026-01-06T02:08:00,F2,84.095,0.0,2.143,74.451,7.434,normal
2026-01-06T02:09:00,F2,60.382,0.0,4.32,66.008,6.405,normal
2026-01-06T02:10:00,F2,72.337,0.005,3.208,71.381,6.427,normal
2026-01-06T02:11:00,F2,75.85,0.0,3.577,65.888,6.289,normal
2026-01-06T02:12:00,F2,52.611,0.0,3.495,58.814,6.041,normal
2026-01-06T02:13:00,F2,73.526,0.0,2.829,76.362,8.705,normal
2026-01-06T02:14:00,F2,74.124,0.0,2.831,64.844,9.493,normal
2026-01-06T02:15:00,F2,78.71,0.0,3.624,69.531,8.027,normal
2026-01-06T02:16:00,F2,62.839,0.0,3.379,85.854,7.054,normal
2026-01-06T02:17:00,F2,88.224,0.0,2.513,72.655,5.555,normal
2026-01-06T02:18:00,F2,70.506,0.0,2.326,68.947,8.6,normal
2026-01-06T02:19:00,F2,74.625,0.0,2.667,47.087,7.673,normal
2026-01-06T02:20:00,F2,72.993,0.0,3.01,56.763,7.332,normal
2026-01-06T02:21:00,F2,76.245,0.0,3.39,53.315,4.618,normal
2026-01-06T02:22:00,F2,75.748,0.0,3.669,63.348,7.639,normal
2026-01-06T02:23:00,F2,65.998,0.0,3.224,72.867,8.067,normal
2026-01-06T02:24:00,F2,74.685,0.0,1.317,63.644,5.004,normal
2026-01-06T02:25:00,F2,79.318,0.0,3.045,67.138,5.936,normal
2026-01-06T02:26:00,F2,80.382,0.0,1.816,59.452,7.537,normal
2026-01-06T02:27:00,F2,70.478,0.0,2.135,56.991,0.0,normal
2026-01-06T02:28:00,F2,75.297,0.0,2.682,71.119,8.335,normal
2026-01-06T02:29:00,F2,60.562,0.0,2.729,59.077,7.397,normal
2026-01-06T02:30:00,F2,65.021,0.0,3.396,69.067,4.745,normal
2026-01-06T02:31:00,F2,65.776,0.0,2.096,74.767,7.18,normal
2026-01-06T02:32:00,F2,64.279,0.0,4.214,70.725,6.982,normal
2026-01-06T02:33:00,F2,74.274,0.0,2.053,64.76,6.542,normal
2026-01-06T02:34:00,F2,81.789,0.0,3.273,69.036,7.631,normal
2026-01-06T02:35:00,F2,79.496,0.0,2.556,75.372,4.7,normal
2026-01-06T02:36:00,F2,61.954,0.0,2.728,72.955,6.356,normal
2026-01-06T02:37:00,F2,78.361,0.0,2.887,50.54,3.287,normal
2026-01-06T02:38:00,F2,72.421,0.0,2.842,60.983,6.803,normal
2026-01-06T02:39:00,F2,80.34,0.0,1.926,75.907,5.537,normal
2026-01-06T02:40:00,F2,72.005,0.0,3.476,76.057,7.023,normal
2026-01-06T02:41:00,F2,72.304,0.0,2.209,51.478,9.424,normal
2026-01-06T02:42:00,F2,84.958,0.0,2.604,73.232,5.476,normal
2026-01-06T02:43:00,F2,90.681,0.099,2.217,47.518,5.419,normal
2026-01-06T02:44:00,F2,79.202,0.0,2.575,77.851,5.389,normal
2026-01-06T02:45:00,F2,76.566,0.0,1.734,55.576,5.972,normal
2026-01-06T02:46:00,F2,73.551,0.0,3.038,64.289,8.274,normal
2026-01-06T02:47:00,F2,83.472,0.0,2.687,51.883,6.958,normal
2026-01-06T02:48:00,F2,73.175,0.0,2.303,57.248,3.623,normal
2026-01-06T02:49:00,F2,81.221,0.0,3.209,50.692,6.57,normal
2026-01-06T02:50:00,F2,74.677,0.0,3.187,60.871,8.3,normal
2026-01-06T02:51:00,F2,67.198,0.0,2.995,57.568,4.599,normal
2026-01-06T02:52:00,F2,83.566,0.0,4.823,81.832,8.195,normal
2026-01-06T02:53:00,F2,60.272,0.0,2.85,50.202,5.529,normal
2026-01-06T02:54:00,F2,68.511,0.0,1.589,81.216,8.175,normal
2026-01-06T02:55:00,F2,81.365,0.0,2.424,64.23,7.777,normal
2026-01-06T02:56:00,F2,56.078,0.0,3.083,62.791,7.116,normal
2026-01-06T02:57:00,F2,66.345,0.0,3.64,59.179,5.219,normal
2026-01-06T02:58:00,F2,75.727,0.0,2.634,77.661,8.042,normal
2026-01-06T02:59:00,F2,77.402,0.0,3.756,66.483,4.455,normal
2026-01-06T03:00:00,F2,62.508,0.0,2.816,50.393,8.246,normal
2026-01-06T03:01:00,F2,62.728,0.0,3.09,78.41,2.6,normal
2026-01-06T03:02:00,F2,90.698,0.0,3.227,52.022,7.822,normal
2026-01-06T03:03:00,F2,73.447,0.0,2.617,73.791,7.045,normal
2026-01-06T03:04:00,F2,76.146,0.0,2.86,79.815,6.489,normal
2026-01-06T03:05:00,F2,68.461,0.0,2.778,82.824,7.776,normal
2026-01-06T03:06:00,F2,67.682,0.0,4.06,68.349,10.343,normal
2026-01-06T03:07:00,F2,76.174,0.0,2.39,38.55,6.988,normal
2026-01-06T03:08:00,F2,69.621,0.038,3.387,56.102,7.412,normal
2026-01-06T03:09:00,F2,66.774,0.452,2.234,75.406,4.394,normal
2026-01-06T03:10:00,F2,75.644,0.0,3.056,68.345,7.001,normal
2026-01-06T03:11:00,F2,86.39,0.0,3.089,70.129,6.52,normal
2026-01-06T03:12:00,F2,80.622,0.0,2.302,74.081,6.682,normal
2026-01-06T03:13:00,F2,69.48,0.0,2.63,64.594,11.851,normal
2026-01-06T03:14:00,F2,71.023,0.0,4.119,66.494,8.993,normal
2026-01-06T03:15:00,F2,77.705,0.0,3.659,68.092,9.321,normal
2026-01-06T03:16:00,F2,69.583,0.0,3.567,60.199,5.814,normal
2026-01-06T03:17:00,F2,80.26,0.0,2.148,52.422,5.832,normal
2026-01-06T03:18:00,F2,67.77,0.0,2.402,54.959,7.3,normal
2026-01-06T03:19:00,F2,74.208,0.0,2.33,72.604,7.729,normal
2026-01-06T03:20:00,F2,73.484,0.0,2.181,65.615,7.018,normal
2026-01-06T03:21:00,F2,69.733,0.0,3.406,65.798,8.553,normal
2026-01-06T03:22:00,F2,86.363,0.0,3.096,59.437,8.328,normal
2026-01-06T03:23:00,F2,80.232,0.0,2.549,72.263,6.066,normal
2026-01-06T03:24:00,F2,78.548,0.0,3.329,74.459,5.595,normal
2026-01-06T03:25:00,F2,62.626,0.0,2.718,72.001,8.394,normal
2026-01-06T03:26:00,F2,70.426,0.0,3.045,61.353,3.12,normal
2026-01-06T03:27:00,F2,67.98,0.0,2.809,66.176,7.15,normal
2026-01-06T03:28:00,F2,84.775,0.0,2.427,56.718,6.586,normal
2026-01-06T03:29:00,F2,62.101,0.0,3.025,64.46,6.861,normal
2026-01-06T03:30:00,F2,78.48,0.0,1.985,69.537,7.925,normal
2026-01-06T03:31:00,F2,78.556,0.0,2.431,59.867,5.974,normal
2026-01-06T03:32:00,F2,62.09,0.0,2.562,56.754,6.784,normal
2026-01-06T03:33:00,F2,81.024,0.0,2.978,57.26,6.601,normal
2026-01-06T03:34:00,F2,119.386,0.0,4.174,67.118,6.515,normal
2026-01-06T03:35:00,F2,68.809,0.0,2.04,71.378,4.242,normal
2026-01-06T03:36:00,F2,87.691,0.0,3.714,57.163,6.154,normal
2026-01-06T03:37:00,F2,67.437,0.0,2.97,52.023,7.661,normal
2026-01-06T03:38:00,F2,79.488,0.0,3.808,62.76,6.252,normal
2026-01-06T03:39:00,F2,73.704,0.0,1.465,60.532,8.031,normal
2026-01-06T03:40:00,F2,76.216,0.0,2.854,66.882,8.657,normal
2026-01-06T03:41:00,F2,80.05,0.0,2.522,67.89,8.064,normal
2026-01-06T03:42:00,F2,73.6,0.0,2.446,64.66,6.072,normal
2026-01-06T03:43:00,F2,59.876,0.0,3.028,60.748,8.623,normal
2026-01-06T03:44:00,F2,73.29,0.792,3.115,70.544,6.386,normal
2026-01-06T03:45:00,F2,68.616,0.0,3.435,71.711,9.414,normal
2026-01-06T03:46:00,F2,67.463,0.0,2.786,57.461,7.013,normal
2026-01-06T03:47:00,F2,73.509,0.0,3.468,74.483,8.99,normal
2026-01-06T03:48:00,F2,80.746,0.0,3.548,62.242,6.786,normal
2026-01-06T03:49:00,F2,67.839,0.0,3.091,70.026,8.151,normal
2026-01-06T03:50:00,F2,66.335,0.0,3.653,57.448,5.538,normal
2026-01-06T03:51:00,F2,81.265,0.0,2.398,55.778,6.928,normal
2026-01-06T03:52:00,F2,60.696,0.0,2.373,58.677,5.483,normal
2026-01-06T03:53:00,F2,68.208,0.0,3.443,75.585,5.376,normal
2026-01-06T03:54:00,F2,64.566,0.0,2.701,60.044,4.621,normal
2026-01-06T03:55:00,F2,69.909,0.0,2.337,67.996,3.694,normal
2026-01-06T03:56:00,F2,75.354,0.0,2.821,81.328,4.606,normal
2026-01-06T03:57:00,F2,73.171,0.0,2.1,70.751,9.014,normal
2026-01-06T03:58:00,F2,79.915,0.0,3.945,69.363,8.374,normal
2026-01-06T03:59:00,F2,74.096,0.0,2.648,77.336,7.059,normal
2026-01-06T04:00:00,F2,67.922,0.0,3.573,52.512,3.936,normal
2026-01-06T04:01:00,F2,77.387,0.0,2.703,70.082,5.506,normal
2026-01-06T04:02:00,F2,66.442,0.0,2.192,62.217,6.414,normal
2026-01-06T04:03:00,F2,65.805,0.0,1.986,59.18,7.799,normal
2026-01-06T04:04:00,F2,68.367,0.0,4.167,59.211,4.422,normal
2026-01-06T04:05:00,F2,66.234,0.0,3.747,88.275,6.847,normal
2026-01-06T04:06:00,F2,85.858,0.0,3.115,70.25,6.466,normal
2026-01-06T04:07:00,F2,81.09,0.0,2.597,47.713,7.765,normal
2026-01-06T04:08:00,F2,74.717,0.0,1.825,54.866,4.344,normal
2026-01-06T04:09:00,F2,63.564,0.0,3.102,76.426,5.982,normal
2026-01-06T04:10:00,F2,81.96,0.0,2.524,75.821,6.999,normal
2026-01-06T04:11:00,F2,79.475,0.0,3.114,52.04,8.246,normal
2026-01-06T04:12:00,F2,58.576,0.0,3.971,68.266,6.89,normal
2026-01-06T04:13:00,F2,62.947,0.0,3.671,56.378,8.306,normal
2026-01-06T04:14:00,F2,84.045,0.0,2.809,92.084,8.428,normal
2026-01-06T04:15:00,F2,79.082,0.0,2.647,54.446,7.594,normal
2026-01-06T04:16:00,F2,65.433,0.0,3.883,66.409,6.125,normal
2026-01-06T04:17:00,F2,62.456,0.0,2.786,64.975,5.355,normal
2026-01-06T04:18:00,F2,67.36,0.0,2.956,66.4,7.897,normal
2026-01-06T04:19:00,F2,73.946,0.0,2.654,63.085,5.661,normal
2026-01-06T04:20:00,F2,35.569,0.0,4.354,55.22,8.048,normal
2026-01-06T04:21:00,F2,65.949,0.0,1.607,58.684,4.162,normal
2026-01-06T04:22:00,F2,84.63,0.0,2.542,71.768,7.929,normal
2026-01-06T04:23:00,F2,76.033,0.0,3.373,56.421,6.497,normal
2026-01-06T04:24:00,F2,71.815,0.0,1.778,58.282,8.353,normal
2026-01-06T04:25:00,F2,70.202,0.0,3.276,66.125,8.526,normal
2026-01-06T04:26:00,F2,68.249,0.0,3.195,62.453,3.764,normal
2026-01-06T04:27:00,F2,75.6,0.0,3.155,75.057,7.3,normal
2026-01-06T04:28:00,F2,76.597,0.0,2.306,65.56,6.261,normal
2026-01-06T04:29:00,F2,56.74,0.0,2.018,57.431,6.32,normal
2026-01-06T04:30:00,F2,84.364,0.0,2.48,41.583,6.547,normal
2026-01-06T04:31:00,F2,80.769,0.0,2.065,57.191,5.003,normal
2026-01-06T04:32:00,F2,75.019,0.0,3.61,59.37,5.898,normal
2026-01-06T04:33:00,F2,75.758,0.0,2.412,59.383,5.552,normal
2026-01-06T04:34:00,F2,65.287,0.0,3.147,45.25,5.682,normal
2026-01-06T04:35:00,F2,73.924,0.0,2.015,65.447,6.899,normal
2026-01-06T04:36:00,F2,64.862,0.0,3.303,71.129,4.488,normal
2026-01-06T04:37:00,F2,63.002,0.0,2.182,73.255,6.731,normal
2026-01-06T04:38:00,F2,73.736,0.0,2.249,65.27,5.411,normal
2026-01-06T04:39:00,F2,61.121,0.0,2.576,59.049,8.588,normal
2026-01-06T04:40:00,F2,75.928,0.0,1.762,66.262,6.482,normal
2026-01-06T04:41:00,F2,70.555,0.0,2.89,49.858,7.123,normal
2026-01-06T04:42:00,F2,63.96,0.0,2.233,62.839,6.674,normal
2026-01-06T04:43:00,F2,68.509,0.0,2.314,70.19,7.764,normal
2026-01-06T04:44:00,F2,63.088,0.0,1.532,53.467,7.752,normal
2026-01-06T04:45:00,F2,87.476,0.0,3.171,74.722,8.005,normal
2026-01-06T04:46:00,F2,71.482,0.0,3.436,59.463,8.145,normal
2026-01-06T04:47:00,F2,74.43,0.0,2.868,71.911,5.909,normal
2026-01-06T04:48:00,F2,81.07,0.0,1.856,49.49,9.285,normal
2026-01-06T04:49:00,F2,65.932,0.0,3.283,47.893,6.386,normal
2026-01-06T04:50:00,F2,83.325,0.0,2.988,56.794,7.228,normal
2026-01-06T04:51:00,F2,74.703,0.0,3.198,63.545,6.913,normal
2026-01-06T04:52:00,F2,83.038,0.0,2.098,69.569,6.507,normal
2026-01-06T04:53:00,F2,72.649,0.0,1.646,73.519,7.678,normal
2026-01-06T04:54:00,F2,65.704,0.0,2.477,56.127,6.437,normal
2026-01-06T04:55:00,F2,76.64,0.0,3.297,77.433,4.837,normal
2026-01-06T04:56:00,F2,68.205,0.0,3.08,83.262,6.425,normal
2026-01-06T04:57:00,F2,77.973,0.0,1.94,48.71,5.91,normal
2026-01-06T04:58:00,F2,89.09,0.0,3.758,63.852,6.617,normal
2026-01-06T04:59:00,F2,75.599,0.0,1.964,68.085,7.513,normal
2026-01-06T05:00:00,F2,77.278,0.0,2.505,50.043,7.133,normal
2026-01-06T05:01:00,F2,61.01,0.0,2.695,48.893,5.698,normal
2026-01-06T05:02:00,F2,74.488,0.0,3.476,51.615,3.863,normal
2026-01-06T05:03:00,F2,74.433,0.0,2.059,76.537,7.456,normal
2026-01-06T05:04:00,F2,71.26,0.0,1.883,72.858,4.747,normal
2026-01-06T05:05:00,F2,67.039,0.0,1.787,57.739,7.585,normal
2026-01-06T05:06:00,F2,62.723,0.0,2.499,81.486,5.766,normal
2026-01-06T05:07:00,F2,74.631,0.0,2.7,58.82,7.479,normal
2026-01-06T05:08:00,F2,68.192,0.0,2.571,60.881,2.941,normal
2026-01-06T05:09:00,F2,82.096,0.0,2.581,53.406,6.445,normal
2026-01-06T05:10:00,F2,60.861,0.0,2.644,65.135,5.923,normal
2026-01-06T05:11:00,F2,55.247,0.0,3.437,72.609,7.431,normal
2026-01-06T05:12:00,F2,46.381,0.0,2.983,67.464,6.569,normal
2026-01-06T05:13:00,F2,74.513,0.0,1.739,67.437,7.783,normal
2026-01-06T05:14:00,F2,58.483,0.0,4.925,71.615,6.815,normal
2026-01-06T05:15:00,F2,86.436,0.0,2.542,57.792,4.803,normal
2026-01-06T05:16:00,F2,86.497,0.0,5.338,55.212,4.37,normal
2026-01-06T05:17:00,F2,69.399,0.0,2.735,50.699,10.11,normal
2026-01-06T05:18:00,F2,86.924,0.0,2.743,74.146,9.657,normal
2026-01-06T05:19:00,F2,81.231,0.0,2.742,57.115,4.865,normal
2026-01-06T05:20:00,F2,76.977,0.0,3.124,71.257,6.886,normal
2026-01-06T05:21:00,F2,62.206,0.0,2.788,76.77,5.663,normal
2026-01-06T05:22:00,F2,81.087,0.0,4.111,64.288,6.803,normal
2026-01-06T05:23:00,F2,85.542,0.0,2.856,72.202,5.987,normal
2026-01-06T05:24:00,F2,76.746,0.0,3.673,81.368,5.881,normal
2026-01-06T05:25:00,F2,73.91,0.0,3.107,61.948,8.821,normal
2026-01-06T05:26:00,F2,88.508,0.0,5.137,75.171,7.457,normal
2026-01-06T05:27:00,F2,72.269,0.0,1.866,58.215,5.147,normal
2026-01-06T05:28:00,F2,78.299,0.0,2.509,59.869,4.924,normal
2026-01-06T05:29:00,F2,87.563,0.0,3.517,71.533,4.502,normal
2026-01-06T05:30:00,F2,65.66,0.0,2.428,63.192,6.939,normal
2026-01-06T05:31:00,F2,74.659,0.0,1.421,77.254,7.808,normal
2026-01-06T05:32:00,F2,82.454,0.0,3.074,55.633,6.882,normal
2026-01-06T05:33:00,F2,89.904,0.0,2.937,51.648,7.021,normal
2026-01-06T05:34:00,F2,72.042,0.0,1.841,60.458,4.309,normal
2026-01-06T05:35:00,F2,61.667,0.0,3.423,67.362,7.029,normal
2026-01-06T05:36:00,F2,91.981,0.0,1.603,69.816,8.117,normal
2026-01-06T05:37:00,F2,61.985,0.0,2.434,66.779,6.358,normal
2026-01-06T05:38:00,F2,84.31,0.0,2.613,55.804,4.226,normal
2026-01-06T05:39:00,F2,82.05,0.0,2.637,45.175,5.363,normal
2026-01-06T05:40:00,F2,62.817,0.0,2.548,70.273,9.85,normal
2026-01-06T05:41:00,F2,73.599,0.0,2.899,56.163,4.797,normal
2026-01-06T05:42:00,F2,66.772,0.0,2.225,59.822,6.039,normal
2026-01-06T05:43:00,F2,82.738,0.0,2.92,59.909,5.854,normal
2026-01-06T05:44:00,F2,72.097,0.0,2.232,64.625,5.762,normal
2026-01-06T05:45:00,F2,80.546,0.0,2.925,58.869,7.946,normal
2026-01-06T05:46:00,F2,67.778,0.0,2.092,70.333,5.994,normal
2026-01-06T05:47:00,F2,73.356,0.0,1.912,54.649,7.359,normal
2026-01-06T05:48:00,F2,84.144,0.0,1.715,51.619,4.851,normal
2026-01-06T05:49:00,F2,76.337,0.0,2.786,64.758,4.521,normal
2026-01-06T05:50:00,F2,61.329,0.0,3.335,64.504,7.692,normal
2026-01-06T05:51:00,F2,68.408,0.0,3.181,69.598,6.838,normal
2026-01-06T05:52:00,F2,52.27,0.0,2.506,70.685,8.242,normal
2026-01-06T05:53:00,F2,70.655,0.0,3.277,59.175,8.176,normal
2026-01-06T05:54:00,F2,62.571,0.0,2.794,65.312,7.114,normal
2026-01-06T05:55:00,F2,81.893,0.0,2.513,55.093,6.523,normal
2026-01-06T05:56:00,F2,68.871,0.0,2.498,51.088,7.603,normal
2026-01-06T05:57:00,F2,80.713,0.0,2.007,71.725,6.816,normal
2026-01-06T05:58:00,F2,85.893,0.0,2.793,62.908,7.455,normal
2026-01-06T05:59:00,F2,70.591,0.0,2.631,70.012,7.574,normal
2026-01-06T06:00:00,F2,73.004,0.0,3.242,68.974,7.741,normal
2026-01-06T06:01:00,F2,58.403,0.0,2.469,74.164,6.049,normal
2026-01-06T06:02:00,F2,98.901,0.0,2.32,58.343,6.828,normal
2026-01-06T06:03:00,F2,58.031,0.0,2.617,59.824,6.424,normal
2026-01-06T06:04:00,F2,64.615,0.0,2.51,66.487,7.155,normal
2026-01-06T06:05:00,F2,81.584,0.0,2.617,54.864,6.952,normal
2026-01-06T06:06:00,F2,71.562,0.0,2.097,64.019,5.091,normal
2026-01-06T06:07:00,F2,59.755,0.0,2.716,57.843,7.049,normal
2026-01-06T06:08:00,F2,74.581,0.0,2.633,89.147,8.377,normal
2026-01-06T06:09:00,F2,85.489,0.0,1.903,61.365,5.531,normal
2026-01-06T06:10:00,F2,77.088,0.0,2.156,52.92,4.419,normal
2026-01-06T06:11:00,F2,76.94,0.0,2.975,60.454,7.396,normal
2026-01-06T06:12:00,F2,90.807,0.0,2.379,73.873,6.091,normal
2026-01-06T06:13:00,F2,65.894,0.0,1.845,46.233,6.906,normal
2026-01-06T06:14:00,F2,75.717,0.0,2.658,88.978,6.069,normal
2026-01-06T06:15:00,F2,81.274,0.0,3.288,69.195,4.08,normal
2026-01-06T06:16:00,F2,73.854,0.0,3.192,75.219,4.711,normal
2026-01-06T06:17:00,F2,66.928,0.0,3.534,80.444,6.415,normal
2026-01-06T06:18:00,F2,80.625,0.0,3.112,70.0,6.427,normal
2026-01-06T06:19:00,F2,62.984,0.0,3.3,45.422,8.954,normal
2026-01-06T06:20:00,F2,79.647,0.0,2.818,56.689,6.11,normal
2026-01-06T06:21:00,F2,82.748,0.0,2.649,55.148,6.521,normal
2026-01-06T06:22:00,F2,74.146,0.0,2.588,55.61,5.098,normal
2026-01-06T06:23:00,F2,70.808,0.0,2.594,61.133,7.113,normal
2026-01-06T06:24:00,F2,79.452,0.0,2.744,68.539,4.613,normal
2026-01-06T06:25:00,F2,65.548,0.0,3.077,68.043,14.094,normal
2026-01-06T06:26:00,F2,68.894,0.0,2.848,70.673,4.71,normal
2026-01-06T06:27:00,F2,83.037,0.0,2.067,56.478,5.909,normal
2026-01-06T06:28:00,F2,73.405,0.0,2.9,57.742,6.983,normal
2026-01-06T06:29:00,F2,79.121,0.0,2.66,68.478,7.806,normal
2026-01-06T06:30:00,F2,86.593,0.0,2.64,61.163,5.798,normal
2026-01-06T06:31:00,F2,71.083,0.0,2.357,79.448,4.896,normal
2026-01-06T06:32:00,F2,69.204,0.0,3.91,64.974,6.348,normal
2026-01-06T06:33:00,F2,69.203,0.0,3.744,64.042,6.961,normal
2026-01-06T06:34:00,F2,81.201,0.0,1.938,55.642,9.53,normal
2026-01-06T06:35:00,F2,66.526,0.0,1.955,66.644,5.548,normal
2026-01-06T06:36:00,F2,73.243,0.0,2.216,78.623,4.94,normal
2026-01-06T06:37:00,F2,64.054,0.0,3.884,51.8,5.531,normal
2026-01-06T06:38:00,F2,84.205,0.0,2.206,62.198,6.921,normal
2026-01-06T06:39:00,F2,67.7,0.0,3.798,69.922,5.738,normal
2026-01-06T06:40:00,F2,62.221,0.0,3.051,56.047,7.394,normal
2026-01-06T06:41:00,F2,86.754,0.0,2.309,49.397,7.985,normal
2026-01-06T06:42:00,F2,88.812,0.0,3.19,49.542,5.785,normal
2026-01-06T06:43:00,F2,75.459,0.0,2.622,64.469,5.645,normal
2026-01-06T06:44:00,F2,64.497,0.0,1.683,71.886,6.386,normal
2026-01-06T06:45:00,F2,76.427,0.0,2.914,49.123,7.737,normal
2026-01-06T06:46:00,F2,62.023,0.0,2.078,60.919,2.892,normal
2026-01-06T06:47:00,F2,80.463,0.0,1.752,57.509,5.954,normal
2026-01-06T06:48:00,F2,83.601,0.0,2.643,53.697,5.699,normal
2026-01-06T06:49:00,F2,67.097,0.0,2.339,76.497,6.543,normal
2026-01-06T06:50:00,F2,80.588,0.0,2.71,78.656,7.451,normal
2026-01-06T06:51:00,F2,59.094,0.0,3.14,68.318,6.371,normal
2026-01-06T06:52:00,F2,79.933,0.0,2.662,63.643,9.434,normal
2026-01-06T06:53:00,F2,79.108,0.0,2.053,73.397,6.186,normal
2026-01-06T06:54:00,F2,60.125,0.0,2.638,51.844,6.095,normal
2026-01-06T06:55:00,F2,90.485,0.0,2.967,51.835,7.515,normal
2026-01-06T06:56:00,F2,68.681,0.0,1.854,72.646,5.481,normal
2026-01-06T06:57:00,F2,81.385,0.0,3.831,68.913,8.094,normal
2026-01-06T06:58:00,F2,84.022,0.0,3.404,53.135,6.777,normal
2026-01-06T06:59:00,F2,63.904,0.0,3.069,62.498,5.958,normal
2026-01-06T07:00:00,F2,77.006,0.0,2.173,62.696,9.364,normal
2026-01-06T07:01:00,F2,66.961,0.0,3.778,77.722,4.814,normal
2026-01-06T07:02:00,F2,78.861,0.0,3.169,64.784,5.186,normal
2026-01-06T07:03:00,F2,71.565,0.0,1.86,67.569,5.262,normal
2026-01-06T07:04:00,F2,68.973,0.0,2.534,69.801,9.605,normal
2026-01-06T07:05:00,F2,81.83,0.0,3.814,55.593,7.314,normal
2026-01-06T07:06:00,F2,72.099,0.0,3.192,66.077,7.349,normal
2026-01-06T07:07:00,F2,83.907,0.0,1.855,61.854,6.041,normal
2026-01-06T07:08:00,F2,71.025,0.0,2.03,66.364,6.286,normal
2026-01-06T07:09:00,F2,67.22,0.0,2.344,64.939,5.939,normal
2026-01-06T07:10:00,F2,63.402,0.0,2.677,60.434,6.781,normal
2026-01-06T07:11:00,F2,79.107,0.0,2.912,49.526,10.092,normal
2026-01-06T07:12:00,F2,66.752,0.0,0.296,42.457,6.996,normal
2026-01-06T07:13:00,F2,81.092,0.0,3.493,63.76,6.345,normal
2026-01-06T07:14:00,F2,78.416,0.0,2.676,59.865,7.766,normal
2026-01-06T07:15:00,F2,76.235,0.0,2.172,66.096,3.693,normal
2026-01-06T07:16:00,F2,87.608,0.0,2.981,73.17,9.995,normal
2026-01-06T07:17:00,F2,75.937,0.0,2.925,62.584,7.668,normal
2026-01-06T07:18:00,F2,75.683,0.0,2.143,66.718,7.227,normal
2026-01-06T07:19:00,F2,70.459,0.0,3.268,76.409,8.048,normal
2026-01-06T07:20:00,F2,71.867,0.0,2.665,74.58,5.512,normal
2026-01-06T07:21:00,F2,75.65,0.0,3.309,72.376,6.114,normal
2026-01-06T07:22:00,F2,68.21,0.0,2.369,59.387,4.971,normal
2026-01-06T07:23:00,F2,90.371,0.0,2.063,73.844,5.517,normal
2026-01-06T07:24:00,F2,84.396,0.0,3.672,66.835,7.732,normal
2026-01-06T07:25:00,F2,75.684,0.0,2.997,62.536,5.874,normal
2026-01-06T07:26:00,F2,71.788,0.0,2.48,56.157,6.902,normal
2026-01-06T07:27:00,F2,70.607,0.0,2.213,55.552,7.104,normal
2026-01-06T07:28:00,F2,73.903,0.0,2.359,67.107,7.603,normal
2026-01-06T07:29:00,F2,75.583,0.0,2.851,71.949,4.57,normal
2026-01-06T07:30:00,F2,75.978,0.0,2.35,74.686,6.356,normal
2026-01-06T07:31:00,F2,76.509,0.0,2.683,66.015,6.122,normal
2026-01-06T07:32:00,F2,78.945,0.0,2.074,69.28,4.317,normal
2026-01-06T07:33:00,F2,82.327,0.0,2.41,68.683,5.914,normal
2026-01-06T07:34:00,F2,77.893,0.0,1.868,61.245,7.682,normal
2026-01-06T07:35:00,F2,70.619,0.0,3.03,72.099,7.902,normal
2026-01-06T07:36:00,F2,72.624,0.0,4.578,56.347,6.383,normal
2026-01-06T07:37:00,F2,70.617,0.0,3.266,90.462,4.569,normal
2026-01-06T07:38:00,F2,74.832,0.0,2.922,57.175,7.269,normal
2026-01-06T07:39:00,F2,77.286,0.0,2.489,79.246,6.056,normal
2026-01-06T07:40:00,F2,56.233,0.0,2.258,74.991,9.378,normal
2026-01-06T07:41:00,F2,79.149,0.0,2.918,68.312,8.599,normal
2026-01-06T07:42:00,F2,90.302,0.0,2.257,70.373,5.305,normal
2026-01-06T07:43:00,F2,71.479,0.0,2.729,81.946,6.828,normal
2026-01-06T07:44:00,F2,79.612,0.0,2.446,55.209,7.449,normal
2026-01-06T07:45:00,F2,70.741,0.0,1.672,59.959,6.219,normal
2026-01-06T07:46:00,F2,67.558,0.0,3.159,52.919,4.684,normal
2026-01-06T07:47:00,F2,70.331,0.0,2.655,61.112,7.437,normal
2026-01-06T07:48:00,F2,78.485,0.0,2.14,47.596,9.239,normal
2026-01-06T07:49:00,F2,74.435,0.0,1.958,53.845,7.569,normal
2026-01-06T07:50:00,F2,69.312,0.0,1.702,74.348,6.062,normal
2026-01-06T07:51:00,F2,44.265,0.0,1.851,86.769,8.156,normal
2026-01-06T07:52:00,F2,87.856,0.0,2.842,58.798,5.948,normal
2026-01-06T07:53:00,F2,53.766,0.0,1.307,54.876,5.936,normal
2026-01-06T07:54:00,F2,82.223,0.0,2.084,60.145,6.843,normal
2026-01-06T07:55:00,F2,82.039,0.0,2.21,53.392,5.018,normal
2026-01-06T07:56:00,F2,86.367,0.0,1.979,70.716,8.299,normal
2026-01-06T07:57:00,F2,71.594,0.0,3.025,56.428,4.946,normal
2026-01-06T07:58:00,F2,70.192,0.0,1.72,60.49,6.518,normal
2026-01-06T07:59:00,F2,71.308,0.0,2.928,71.107,8.49,normal
2026-01-06T08:00:00,F2,66.463,0.0,3.259,79.295,3.487,normal
2026-01-06T08:01:00,F2,79.979,0.0,2.367,68.571,6.177,normal
2026-01-06T08:02:00,F2,84.581,0.0,3.116,59.501,5.324,normal
2026-01-06T08:03:00,F2,75.019,0.0,1.956,62.297,5.618,normal
2026-01-06T08:04:00,F2,69.821,0.0,2.535,53.445,7.273,normal
2026-01-06T08:05:00,F2,77.609,0.0,2.321,63.073,7.14,normal
2026-01-06T08:06:00,F2,69.682,0.0,2.85,58.328,6.764,normal
2026-01-06T08:07:00,F2,79.838,0.0,2.73,74.757,9.233,normal
2026-01-06T08:08:00,F2,76.108,0.0,2.148,61.62,9.322,normal
2026-01-06T08:09:00,F2,76.389,0.0,4.016,58.109,7.675,normal
2026-01-06T08:10:00,F2,64.99,0.0,2.331,88.244,5.58,normal
2026-01-06T08:11:00,F2,59.234,0.0,2.585,45.165,7.462,normal
2026-01-06T08:12:00,F2,65.545,0.0,2.473,55.276,4.788,normal
2026-01-06T08:13:00,F2,76.42,0.0,3.367,57.046,3.901,normal
2026-01-06T08:14:00,F2,75.518,0.0,2.42,48.105,7.324,normal
2026-01-06T08:15:00,F2,66.502,0.0,2.715,74.851,7.022,normal
2026-01-06T08:16:00,F2,67.421,0.0,3.01,86.173,4.643,normal
2026-01-06T08:17:00,F2,75.429,0.0,4.467,77.031,8.191,normal
2026-01-06T08:18:00,F2,75.454,0.0,2.61,32.029,6.844,normal
2026-01-06T08:19:00,F2,74.642,0.0,2.924,70.12,4.957,normal
2026-01-06T08:20:00,F2,63.884,0.0,2.36,76.064,7.257,normal
2026-01-06T08:21:00,F2,78.01,0.0,2.635,64.948,6.108,normal
2026-01-06T08:22:00,F2,60.206,0.0,2.975,78.934,5.776,normal
2026-01-06T08:23:00,F2,89.158,0.0,2.322,79.652,9.932,normal
2026-01-06T08:24:00,F2,83.293,0.0,3.207,67.305,5.429,normal
2026-01-06T08:25:00,F2,85.246,0.0,1.262,61.368,5.073,normal
2026-01-06T08:26:00,F2,68.76,0.0,3.461,63.531,6.92,normal
2026-01-06T08:27:00,F2,79.933,0.0,3.313,69.493,6.54,normal
2026-01-06T08:28:00,F2,74.638,0.0,3.191,60.277,6.035,normal
2026-01-06T08:29:00,F2,78.562,0.0,2.118,59.155,5.107,normal
2026-01-06T08:30:00,F2,90.554,0.0,1.895,56.861,3.577,normal
2026-01-06T08:31:00,F2,74.76,0.0,1.555,54.855,6.057,normal
2026-01-06T08:32:00,F2,99.269,0.0,2.413,64.001,6.941,normal
2026-01-06T08:33:00,F2,66.478,0.0,2.806,58.826,6.363,normal
2026-01-06T08:34:00,F2,78.214,0.0,3.258,62.62,4.741,normal
2026-01-06T08:35:00,F2,75.098,0.0,3.975,77.952,9.012,normal
2026-01-06T08:36:00,F2,76.076,0.0,2.79,48.75,5.605,normal
2026-01-06T08:37:00,F2,74.162,0.0,2.549,64.713,7.748,normal
2026-01-06T08:38:00,F2,63.09,0.0,2.277,60.64,6.111,normal
2026-01-06T08:39:00,F2,68.02,0.0,1.607,58.887,7.625,normal
2026-01-06T08:40:00,F2,64.865,0.0,3.7,64.073,5.992,normal
2026-01-06T08:41:00,F2,74.192,0.0,3.618,48.055,4.739,normal
2026-01-06T08:42:00,F2,71.434,0.0,3.587,49.618,5.417,normal
2026-01-06T08:43:00,F2,77.184,0.0,3.034,49.043,6.592,normal
2026-01-06T08:44:00,F2,73.993,0.0,3.894,72.917,4.811,normal
2026-01-06T08:45:00,F2,91.243,0.0,3.044,61.791,6.125,normal
2026-01-06T08:46:00,F2,55.919,0.0,1.774,72.505,5.371,normal
2026-01-06T08:47:00,F2,68.879,0.0,3.056,51.913,6.295,normal
2026-01-06T08:48:00,F2,75.86,0.0,3.274,42.181,8.494,normal
2026-01-06T08:49:00,F2,82.485,0.0,3.078,66.387,7.305,normal
2026-01-06T08:50:00,F2,76.901,0.0,1.699,66.165,6.531,normal
2026-01-06T08:51:00,F2,65.208,0.0,2.147,56.28,8.039,normal
2026-01-06T08:52:00,F2,66.376,0.0,1.902,63.918,6.848,normal
2026-01-06T08:53:00,F2,61.714,0.0,1.859,67.048,7.003,normal
2026-01-06T08:54:00,F2,76.256,0.0,2.723,55.497,8.674,normal
2026-01-06T08:55:00,F2,63.786,0.0,2.381,69.849,7.878,normal
2026-01-06T08:56:00,F2,71.663,0.0,2.684,58.94,4.868,normal
2026-01-06T08:57:00,F2,70.302,0.0,2.418,61.255,6.304,normal
2026-01-06T08:58:00,F2,72.575,0.0,2.581,58.691,5.081,normal
2026-01-06T08:59:00,F2,74.628,0.0,3.128,47.47,7.206,normal
2026-01-06T09:00:00,F2,78.596,0.0,3.647,74.244,8.374,normal
2026-01-06T09:01:00,F2,76.96,0.0,1.154,67.203,6.655,normal
2026-01-06T09:02:00,F2,83.866,0.0,2.957,61.668,4.45,normal
2026-01-06T09:03:00,F2,70.707,0.0,3.442,63.915,6.828,normal
2026-01-06T09:04:00,F2,58.188,0.0,3.65,77.657,6.04,normal
2026-01-06T09:05:00,F2,85.497,0.0,2.63,74.635,5.985,normal
2026-01-06T09:06:00,F2,86.156,0.0,2.73,65.19,7.231,normal
2026-01-06T09:07:00,F2,63.008,0.0,2.667,68.202,4.515,normal
2026-01-06T09:08:00,F2,79.816,0.0,2.497,56.157,7.304,normal
2026-01-06T09:09:00,F2,74.843,0.0,3.121,70.412,4.656,normal
2026-01-06T09:10:00,F2,62.332,0.0,2.452,83.891,8.192,normal
2026-01-06T09:11:00,F2,85.673,0.0,3.088,57.076,6.633,normal
2026-01-06T09:12:00,F2,66.563,0.0,1.932,63.119,8.033,normal
2026-01-06T09:13:00,F2,67.701,0.0,3.38,75.291,5.042,normal
2026-01-06T09:14:00,F2,70.732,0.0,2.554,71.137,5.097,normal
2026-01-06T09:15:00,F2,82.567,0.0,3.897,80.727,8.84,normal
2026-01-06T09:16:00,F2,81.332,0.0,1.971,73.231,4.244,normal
2026-01-06T09:17:00,F2,86.15,0.0,2.619,61.507,6.135,normal
2026-01-06T09:18:00,F2,70.658,0.0,1.709,74.702,5.829,normal
2026-01-06T09:19:00,F2,70.893,0.0,3.318,71.2,7.346,normal
2026-01-06T09:20:00,F2,79.832,0.0,3.233,58.792,6.213,normal
2026-01-06T09:21:00,F2,63.682,0.0,3.501,68.28,5.215,normal
2026-01-06T09:22:00,F2,72.439,0.0,2.197,48.339,7.163,normal
2026-01-06T09:23:00,F2,89.28,0.0,2.554,74.705,6.416,normal
2026-01-06T09:24:00,F2,84.655,0.0,2.869,59.579,7.367,normal
2026-01-06T09:25:00,F2,73.237,0.0,2.081,70.586,7.591,normal
2026-01-06T09:26:00,F2,76.523,0.0,2.784,66.706,10.323,normal
2026-01-06T09:27:00,F2,79.305,0.0,1.388,58.103,9.179,normal
2026-01-06T09:28:00,F2,68.315,0.0,2.738,61.862,4.815,normal
2026-01-06T09:29:00,F2,88.643,0.0,3.007,74.741,7.309,normal
2026-01-06T09:30:00,F2,78.404,0.0,2.966,59.949,7.143,normal
2026-01-06T09:31:00,F2,70.334,0.0,2.53,70.021,5.99,normal
2026-01-06T09:32:00,F2,72.329,0.0,2.165,59.47,3.165,normal
2026-01-06T09:33:00,F2,67.361,0.0,3.147,72.305,5.815,normal
2026-01-06T09:34:00,F2,77.747,0.0,2.618,54.695,8.264,normal
2026-01-06T09:35:00,F2,72.247,0.0,2.677,76.65,7.578,normal
2026-01-06T09:36:00,F2,90.474,0.0,1.808,56.6,6.521,normal
2026-01-06T09:37:00,F2,92.143,0.0,2.295,51.215,7.138,normal
2026-01-06T09:38:00,F2,75.044,0.0,2.78,60.116,7.664,normal
2026-01-06T09:39:00,F2,69.317,0.0,2.855,58.385,6.226,normal
2026-01-06T09:40:00,F2,70.518,0.0,3.958,55.148,5.227,normal
2026-01-06T09:41:00,F2,71.344,0.0,1.547,50.995,8.117,normal
2026-01-06T09:42:00,F2,75.208,0.0,3.199,58.781,8.031,normal
2026-01-06T09:43:00,F2,76.799,0.0,3.276,58.193,5.367,normal
2026-01-06T09:44:00,F2,57.909,0.0,2.753,65.115,5.883,normal
2026-01-06T09:45:00,F2,81.003,0.0,2.32,59.613,7.535,normal
2026-01-06T09:46:00,F2,75.271,0.0,3.147,34.757,6.438,normal
2026-01-06T09:47:00,F2,82.599,0.0,2.61,67.52,9.208,normal
2026-01-06T09:48:00,F2,68.825,0.0,2.29,50.088,6.646,normal
2026-01-06T09:49:00,F2,74.707,0.0,2.257,53.075,7.984,normal
2026-01-06T09:50:00,F2,83.659,0.0,1.734,50.241,3.56,normal
2026-01-06T09:51:00,F2,80.263,0.0,2.847,58.332,2.998,normal
2026-01-06T09:52:00,F2,89.747,0.0,1.867,53.113,6.922,normal
2026-01-06T09:53:00,F2,91.341,0.0,2.112,72.804,7.48,normal
2026-01-06T09:54:00,F2,66.988,0.0,2.82,57.734,6.885,normal
2026-01-06T09:55:00,F2,56.973,0.0,2.849,68.688,7.462,normal
2026-01-06T09:56:00,F2,81.769,0.0,1.903,73.894,6.994,normal
2026-01-06T09:57:00,F2,78.392,0.0,3.646,54.284,5.452,normal
2026-01-06T09:58:00,F2,74.289,0.0,3.463,50.868,4.175,normal
2026-01-06T09:59:00,F2,65.456,0.0,2.861,77.268,7.167,normal
2026-01-06T10:00:00,F2,89.709,0.0,2.298,71.762,6.054,normal
2026-01-06T10:01:00,F2,75.636,0.0,3.23,57.197,4.936,normal
2026-01-06T10:02:00,F2,59.761,0.0,2.673,64.975,6.713,normal
2026-01-06T10:03:00,F2,71.811,0.0,1.594,70.948,5.447,normal
2026-01-06T10:04:00,F2,66.835,0.0,1.764,61.364,5.755,normal
2026-01-06T10:05:00,F2,86.292,0.0,1.671,64.392,6.318,normal
2026-01-06T10:06:00,F2,79.02,0.0,2.852,60.592,5.982,normal
2026-01-06T10:07:00,F2,69.928,0.0,2.425,57.956,4.988,normal
2026-01-06T10:08:00,F2,78.482,0.0,2.597,75.393,8.571,normal
2026-01-06T10:09:00,F2,61.968,0.0,2.796,55.329,6.817,normal
2026-01-06T10:10:00,F2,79.683,0.0,2.215,61.32,6.855,normal
2026-01-06T10:11:00,F2,80.541,0.0,2.548,63.092,5.844,normal
2026-01-06T10:12:00,F2,74.033,0.0,1.255,65.981,8.233,normal
2026-01-06T10:13:00,F2,63.228,0.0,3.009,62.646,6.219,normal
2026-01-06T10:14:00,F2,72.652,0.0,4.146,71.902,5.396,normal
2026-01-06T10:15:00,F2,72.347,0.0,2.026,49.021,6.335,normal
2026-01-06T10:16:00,F2,50.074,0.0,0.71,77.202,6.148,normal
2026-01-06T10:17:00,F2,81.19,0.0,2.568,68.378,8.912,normal
2026-01-06T10:18:00,F2,65.884,0.0,2.865,50.645,7.306,normal
2026-01-06T10:19:00,F2,82.465,0.0,2.161,46.421,6.743,normal
2026-01-06T10:20:00,F2,76.612,0.0,2.893,65.22,5.463,normal
2026-01-06T10:21:00,F2,78.71,0.0,2.52,49.576,10.816,normal
2026-01-06T10:22:00,F2,82.297,0.0,3.494,64.846,4.917,normal
2026-01-06T10:23:00,F2,73.809,0.0,2.301,67.991,6.187,normal
2026-01-06T10:24:00,F2,65.247,0.0,2.651,66.863,4.004,normal
2026-01-06T10:25:00,F2,74.204,0.0,2.719,68.501,5.62,normal
2026-01-06T10:26:00,F2,66.872,0.0,2.013,65.752,4.861,normal
2026-01-06T10:27:00,F2,80.063,0.0,3.312,70.052,7.634,normal
2026-01-06T10:28:00,F2,69.994,0.0,1.911,53.846,7.533,normal
2026-01-06T10:29:00,F2,80.25,0.0,1.932,66.615,5.565,normal
2026-01-06T10:30:00,F2,71.123,0.0,2.613,61.811,4.967,normal
2026-01-06T10:31:00,F2,78.219,0.0,2.714,54.739,7.615,normal
2026-01-06T10:32:00,F2,79.962,0.0,2.078,73.086,6.465,normal
2026-01-06T10:33:00,F2,81.904,0.0,2.65,62.237,7.882,normal
2026-01-06T10:34:00,F2,78.089,0.0,2.442,62.952,6.662,normal
2026-01-06T10:35:00,F2,74.03,0.0,3.253,58.785,4.057,normal
2026-01-06T10:36:00,F2,73.95,0.0,2.1,58.705,6.974,normal
2026-01-06T10:37:00,F2,54.186,0.0,3.727,73.541,4.81,normal
2026-01-06T10:38:00,F2,70.604,0.0,2.493,64.257,5.664,normal
2026-01-06T10:39:00,F2,64.69,0.0,2.644,51.26,7.227,normal
2026-01-06T10:40:00,F2,57.967,0.0,2.401,58.115,6.152,normal
2026-01-06T10:41:00,F2,69.444,0.0,0.483,56.168,5.888,normal
2026-01-06T10:42:00,F2,60.246,0.0,1.613,70.536,7.643,normal
2026-01-06T10:43:00,F2,83.48,0.0,1.784,54.605,6.565,normal
2026-01-06T10:44:00,F2,67.162,0.0,2.149,54.593,4.667,normal
2026-01-06T10:45:00,F2,85.774,0.0,2.484,64.912,8.268,normal
2026-01-06T10:46:00,F2,76.723,0.0,2.746,57.446,5.061,normal
2026-01-06T10:47:00,F2,73.976,0.0,2.115,60.844,3.705,normal
2026-01-06T10:48:00,F2,67.885,0.0,3.18,59.564,8.429,normal
2026-01-06T10:49:00,F2,75.158,0.0,2.718,67.758,7.406,normal
2026-01-06T10:50:00,F2,80.6,0.0,2.712,64.034,6.609,normal
2026-01-06T10:51:00,F2,73.693,0.0,2.186,60.562,5.9,normal
2026-01-06T10:52:00,F2,84.063,0.0,2.305,54.949,4.405,normal
2026-01-06T10:53:00,F2,67.042,0.0,2.308,72.449,4.736,normal
2026-01-06T10:54:00,F2,61.815,0.0,1.72,55.78,8.531,normal
2026-01-06T10:55:00,F2,72.173,0.0,2.085,75.685,5.605,normal
2026-01-06T10:56:00,F2,78.721,0.0,3.83,75.987,6.062,normal
2026-01-06T10:57:00,F2,76.319,0.0,1.531,47.542,6.125,normal
2026-01-06T10:58:00,F2,77.497,0.0,2.52,53.34,5.199,normal
2026-01-06T10:59:00,F2,78.288,0.0,2.355,56.338,4.32,normal
2026-01-06T11:00:00,F2,73.037,0.0,2.868,72.248,6.095,normal
2026-01-06T11:01:00,F2,68.061,0.0,1.987,65.449,6.79,normal
2026-01-06T11:02:00,F2,48.529,0.0,1.915,60.982,4.728,normal
2026-01-06T11:03:00,F2,72.269,0.0,2.666,74.312,6.501,normal
2026-01-06T11:04:00,F2,70.331,0.0,2.775,64.219,6.52,normal
2026-01-06T11:05:00,F2,83.46,0.0,2.161,70.343,4.903,normal
2026-01-06T11:06:00,F2,73.247,0.0,2.707,74.121,3.79,normal
2026-01-06T11:07:00,F2,67.945,0.0,3.025,63.464,5.214,normal
2026-01-06T11:08:00,F2,78.194,0.0,2.699,76.434,4.321,normal
2026-01-06T11:09:00,F2,69.512,0.0,2.671,65.376,6.152,normal
2026-01-06T11:10:00,F2,76.33,0.0,1.871,60.78,5.555,normal
2026-01-06T11:11:00,F2,57.893,0.0,2.604,68.182,5.02,normal
2026-01-06T11:12:00,F2,77.828,0.0,1.964,64.855,8.76,normal
2026-01-06T11:13:00,F2,69.396,0.0,1.681,57.811,3.768,normal
2026-01-06T11:14:00,F2,85.4,0.0,1.893,63.61,5.614,normal
2026-01-06T11:15:00,F2,56.277,0.0,2.864,52.739,7.297,normal
2026-01-06T11:16:00,F2,92.653,0.0,2.417,58.966,5.319,normal
2026-01-06T11:17:00,F2,73.433,0.0,0.632,47.557,6.511,normal
2026-01-06T11:18:00,F2,68.308,0.0,2.378,57.771,5.089,normal
2026-01-06T11:19:00,F2,81.826,0.0,1.727,62.53,5.011,normal
2026-01-06T11:20:00,F2,60.388,0.0,2.122,53.683,6.804,normal
2026-01-06T11:21:00,F2,81.542,0.0,2.044,62.068,4.573,normal
2026-01-06T11:22:00,F2,75.17,0.0,2.749,68.87,8.106,normal
2026-01-06T11:23:00,F2,80.655,0.0,1.997,67.801,6.01,normal
2026-01-06T11:24:00,F2,79.845,0.0,1.313,62.314,1.701,normal
2026-01-06T11:25:00,F2,90.609,0.0,3.093,60.567,5.749,normal
2026-01-06T11:26:00,F2,64.974,0.0,1.139,56.999,6.011,normal
2026-01-06T11:27:00,F2,72.439,0.0,1.577,72.24,7.24,normal
2026-01-06T11:28:00,F2,69.147,0.0,3.141,71.034,4.324,normal
2026-01-06T11:29:00,F2,65.049,0.0,2.404,51.562,7.759,normal
2026-01-06T11:30:00,F2,90.752,0.0,3.797,55.721,2.826,normal
2026-01-06T11:31:00,F2,75.872,0.0,2.661,62.354,5.591,normal
2026-01-06T11:32:00,F2,71.833,0.0,4.031,74.29,6.846,normal
2026-01-06T11:33:00,F2,72.056,0.0,1.884,52.32,5.082,normal
2026-01-06T11:34:00,F2,71.135,0.0,2.636,47.469,4.645,normal
2026-01-06T11:35:00,F2,77.283,0.0,3.218,67.398,6.844,normal
2026-01-06T11:36:00,F2,77.631,0.0,3.019,56.208,5.366,normal
2026-01-06T11:37:00,F2,58.221,0.0,3.165,67.147,5.925,normal
2026-01-06T11:38:00,F2,67.81,0.0,2.892,54.317,5.381,normal
2026-01-06T11:39:00,F2,48.033,0.0,1.826,62.963,5.915,normal
2026-01-06T11:40:00,F2,60.754,0.0,2.915,63.865,4.203,normal
2026-01-06T11:41:00,F2,75.127,0.0,2.969,52.723,5.424,normal
2026-01-06T11:42:00,F2,56.819,0.0,1.639,57.165,7.145,normal
2026-01-06T11:43:00,F2,73.626,0.0,3.134,70.478,6.039,normal
2026-01-06T11:44:00,F2,76.054,0.0,3.155,70.801,4.968,normal
2026-01-06T11:45:00,F2,57.328,0.0,2.368,70.031,3.27,normal
2026-01-06T11:46:00,F2,74.293,0.0,2.563,70.998,7.23,normal
2026-01-06T11:47:00,F2,85.305,0.0,2.513,45.931,6.189,normal
2026-01-06T11:48:00,F2,81.627,0.0,3.641,47.941,8.142,normal
2026-01-06T11:49:00,F2,83.012,0.0,2.263,70.185,6.44,normal
2026-01-06T11:50:00,F2,68.482,0.0,1.856,56.496,6.81,normal
2026-01-06T11:51:00,F2,81.677,0.0,4.147,49.133,3.688,normal
2026-01-06T11:52:00,F2,74.478,0.0,2.473,74.293,6.346,normal
2026-01-06T11:53:00,F2,84.406,0.0,2.54,69.818,6.223,normal
2026-01-06T11:54:00,F2,72.88,0.0,3.011,55.057,4.291,normal
2026-01-06T11:55:00,F2,67.959,0.0,3.095,45.773,7.041,normal
2026-01-06T11:56:00,F2,58.773,0.0,1.113,51.099,7.635,normal
2026-01-06T11:57:00,F2,82.812,0.0,2.834,73.639,6.766,normal
2026-01-06T11:58:00,F2,77.305,0.0,2.653,66.872,6.222,normal
2026-01-06T11:59:00,F2,79.626,0.0,2.125,53.187,4.418,normal
2026-01-06T12:00:00,F2,69.592,0.0,2.576,70.287,6.766,normal
2026-01-06T12:01:00,F2,72.01,0.0,2.368,69.404,7.845,normal
2026-01-06T12:02:00,F2,72.492,0.0,1.233,62.963,6.698,normal
2026-01-06T12:03:00,F2,83.011,0.0,1.569,61.334,6.948,normal
2026-01-06T12:04:00,F2,64.061,0.0,2.229,59.485,6.406,normal
2026-01-06T12:05:00,F2,61.547,0.0,1.507,59.086,10.638,normal
2026-01-06T12:06:00,F2,73.615,0.0,2.942,49.306,5.282,normal
2026-01-06T12:07:00,F2,77.673,0.0,2.671,54.188,5.654,normal
2026-01-06T12:08:00,F2,82.185,0.0,1.977,70.527,9.444,normal
2026-01-06T12:09:00,F2,71.859,0.0,1.914,56.945,6.195,normal
2026-01-06T12:10:00,F2,64.729,0.0,2.377,64.256,7.239,normal
2026-01-06T12:11:00,F2,64.18,0.0,1.746,66.314,6.541,normal
2026-01-06T12:12:00,F2,77.674,0.0,3.108,64.09,6.028,normal
2026-01-06T12:13:00,F2,70.054,0.0,2.333,53.071,7.401,normal
2026-01-06T12:14:00,F2,66.327,0.0,2.899,64.961,6.82,normal
2026-01-06T12:15:00,F2,58.414,0.0,2.06,58.573,6.064,normal
2026-01-06T12:16:00,F2,74.882,0.0,2.066,78.693,6.969,normal
2026-01-06T12:17:00,F2,68.711,0.0,2.157,69.764,5.868,normal
2026-01-06T12:18:00,F2,68.592,0.0,2.069,56.481,7.017,normal
2026-01-06T12:19:00,F2,76.021,0.0,2.076,80.678,4.406,normal
2026-01-06T12:20:00,F2,62.86,0.0,2.427,57.302,3.915,normal
2026-01-06T12:21:00,F2,86.496,0.0,2.571,53.851,8.177,normal
2026-01-06T12:22:00,F2,70.044,0.0,3.008,45.588,7.048,normal
2026-01-06T12:23:00,F2,84.333,0.0,1.699,66.723,5.181,normal
2026-01-06T12:24:00,F2,80.326,0.0,1.587,71.343,6.327,normal
2026-01-06T12:25:00,F2,73.35,0.0,3.204,67.405,7.115,normal
2026-01-06T12:26:00,F2,79.881,0.0,2.164,70.63,8.416,normal
2026-01-06T12:27:00,F2,64.0,0.0,3.208,68.69,7.463,normal
2026-01-06T12:28:00,F2,82.98,0.0,2.476,55.57,2.834,normal
2026-01-06T12:29:00,F2,77.296,0.0,2.743,62.75,3.657,normal
2026-01-06T12:30:00,F2,86.922,0.0,3.853,69.154,6.744,normal
2026-01-06T12:31:00,F2,80.308,0.0,2.462,64.541,3.789,normal
2026-01-06T12:32:00,F2,82.736,0.0,2.367,68.862,4.184,normal
2026-01-06T12:33:00,F2,68.004,0.0,2.338,57.707,6.73,normal
2026-01-06T12:34:00,F2,76.327,0.0,2.34,63.959,6.214,normal
2026-01-06T12:35:00,F2,75.383,0.0,3.253,52.166,6.488,normal
2026-01-06T12:36:00,F2,84.532,0.0,2.811,66.522,8.225,normal
2026-01-06T12:37:00,F2,82.0,0.0,3.191,59.491,7.417,normal
2026-01-06T12:38:00,F2,72.685,0.0,2.789,54.174,6.826,normal
2026-01-06T12:39:00,F2,88.966,0.0,2.89,61.858,5.343,normal
2026-01-06T12:40:00,F2,81.651,0.0,3.982,75.765,6.363,normal
2026-01-06T12:41:00,F2,80.837,0.0,3.232,48.694,5.382,normal
2026-01-06T12:42:00,F2,63.989,0.0,3.188,69.739,6.494,normal
2026-01-06T12:43:00,F2,70.595,0.0,3.128,56.831,7.915,normal
2026-01-06T12:44:00,F2,80.456,0.0,2.865,76.772,7.177,normal
2026-01-06T12:45:00,F2,72.021,0.0,3.05,69.652,5.154,normal
2026-01-06T12:46:00,F2,80.193,0.0,2.215,56.867,7.483,normal
2026-01-06T12:47:00,F2,88.093,0.0,2.573,80.229,7.209,normal
2026-01-06T12:48:00,F2,82.564,0.0,1.303,73.312,4.641,normal
2026-01-06T12:49:00,F2,64.651,0.0,3.586,72.274,6.27,normal
2026-01-06T12:50:00,F2,74.534,0.0,2.791,71.456,9.082,normal
2026-01-06T12:51:00,F2,74.524,0.0,2.874,64.855,7.261,normal
2026-01-06T12:52:00,F2,65.379,0.0,2.639,71.082,6.91,normal
2026-01-06T12:53:00,F2,64.949,0.0,3.123,49.445,7.376,normal
2026-01-06T12:54:00,F2,74.331,0.0,2.471,62.479,8.105,normal
2026-01-06T12:55:00,F2,74.227,0.0,1.506,81.566,8.204,normal
2026-01-06T12:56:00,F2,89.574,0.0,3.12,60.39,8.73,normal
2026-01-06T12:57:00,F2,87.545,0.0,1.284,55.106,4.981,normal
2026-01-06T12:58:00,F2,89.746,0.0,2.072,58.707,5.9,normal
2026-01-06T12:59:00,F2,76.578,0.0,3.179,65.657,6.6,normal
2026-01-06T13:00:00,F2,69.228,0.0,3.087,74.935,2.766,normal
2026-01-06T13:01:00,F2,86.174,0.0,2.872,65.759,7.991,normal
2026-01-06T13:02:00,F2,76.976,0.0,2.41,68.789,8.507,normal
2026-01-06T13:03:00,F2,76.413,0.0,5.595,64.405,5.722,normal
2026-01-06T13:04:00,F2,66.521,0.0,1.78,50.945,6.428,normal
2026-01-06T13:05:00,F2,61.472,0.0,1.794,56.146,6.096,normal
2026-01-06T13:06:00,F2,83.413,0.0,1.923,65.875,3.362,normal
2026-01-06T13:07:00,F2,74.225,0.0,1.614,49.614,4.649,normal
2026-01-06T13:08:00,F2,70.813,0.0,2.749,64.065,5.029,normal
2026-01-06T13:09:00,F2,62.689,0.0,2.179,49.323,5.215,normal
2026-01-06T13:10:00,F2,89.893,0.0,2.034,56.981,4.779,normal
2026-01-06T13:11:00,F2,68.49,0.0,3.141,71.888,4.546,normal
2026-01-06T13:12:00,F2,67.816,0.0,2.351,68.003,7.036,normal
2026-01-06T13:13:00,F2,76.838,0.0,1.959,69.546,5.35,normal
2026-01-06T13:14:00,F2,64.262,0.0,2.65,59.455,2.615,normal
2026-01-06T13:15:00,F2,68.765,0.0,2.198,64.334,6.345,normal
2026-01-06T13:16:00,F2,78.673,0.0,2.037,69.719,7.702,normal
2026-01-06T13:17:00,F2,85.271,0.0,2.261,59.75,9.358,normal
2026-01-06T13:18:00,F2,60.559,0.0,3.819,71.297,3.847,normal
2026-01-06T13:19:00,F2,69.053,0.0,1.273,73.794,7.094,normal
2026-01-06T13:20:00,F2,74.259,0.0,2.889,53.202,7.313,normal
2026-01-06T13:21:00,F2,66.833,0.0,3.289,61.008,4.879,normal
2026-01-06T13:22:00,F2,67.912,0.0,2.217,57.854,3.543,normal
2026-01-06T13:23:00,F2,72.7,0.0,2.25,69.267,6.317,normal
2026-01-06T13:24:00,F2,83.308,0.0,2.747,70.091,5.967,normal
2026-01-06T13:25:00,F2,85.882,0.0,3.611,62.518,3.656,normal
2026-01-06T13:26:00,F2,74.694,0.0,3.146,62.282,7.583,normal
2026-01-06T13:27:00,F2,75.968,0.0,2.267,67.48,7.984,normal
2026-01-06T13:28:00,F2,80.096,0.0,2.042,52.07,8.577,normal
2026-01-06T13:29:00,F2,85.392,0.0,2.602,55.707,4.298,normal
2026-01-06T13:30:00,F2,75.181,0.0,2.443,65.631,6.504,normal
2026-01-06T13:31:00,F2,72.463,0.0,2.267,75.638,7.207,normal
2026-01-06T13:32:00,F2,51.414,0.0,2.029,77.631,4.889,normal
2026-01-06T13:33:00,F2,87.718,0.0,3.175,62.914,10.374,normal
2026-01-06T13:34:00,F2,64.032,0.0,1.547,60.054,5.803,normal
2026-01-06T13:35:00,F2,68.254,0.0,2.397,73.072,6.554,normal
2026-01-06T13:36:00,F2,77.447,0.0,2.764,65.134,6.785,normal
2026-01-06T13:37:00,F2,48.575,0.0,2.384,78.355,8.783,normal
2026-01-06T13:38:00,F2,69.347,0.0,2.929,57.053,6.775,normal
2026-01-06T13:39:00,F2,72.467,0.0,2.667,47.605,7.033,normal
2026-01-06T13:40:00,F2,45.513,0.0,3.369,67.372,6.956,normal
2026-01-06T13:41:00,F2,79.559,0.0,3.75,62.737,4.04,normal
2026-01-06T13:42:00,F2,66.114,0.0,1.969,65.304,4.901,normal
2026-01-06T13:43:00,F2,91.446,0.0,3.102,74.237,4.092,normal
2026-01-06T13:44:00,F2,75.348,0.0,2.776,68.291,7.904,normal
2026-01-06T13:45:00,F2,68.624,0.0,2.501,66.548,6.852,normal
2026-01-06T13:46:00,F2,78.491,0.0,2.578,61.892,5.076,normal
2026-01-06T13:47:00,F2,73.809,0.0,3.02,66.681,8.992,normal
2026-01-06T13:48:00,F2,76.91,0.0,3.412,48.555,3.44,normal
2026-01-06T13:49:00,F2,73.029,0.0,3.214,55.893,5.021,normal
2026-01-06T13:50:00,F2,74.899,0.0,2.369,66.334,3.443,normal
2026-01-06T13:51:00,F2,67.087,0.0,1.628,45.742,7.319,normal
2026-01-06T13:52:00,F2,80.919,0.0,2.786,79.356,5.22,normal
2026-01-06T13:53:00,F2,83.309,0.0,2.407,68.725,7.791,normal
2026-01-06T13:54:00,F2,70.251,0.0,3.028,68.894,6.353,normal
2026-01-06T13:55:00,F2,75.207,0.0,3.34,54.151,4.811,normal
2026-01-06T13:56:00,F2,78.766,0.0,2.511,64.38,4.387,normal
2026-01-06T13:57:00,F2,80.129,0.0,2.863,60.582,3.787,normal
2026-01-06T13:58:00,F2,75.664,0.0,4.342,59.2,6.114,normal
2026-01-06T13:59:00,F2,60.679,0.0,1.803,59.621,4.399,normal
2026-01-06T14:00:00,F2,87.555,0.0,2.693,61.802,7.246,normal
2026-01-06T14:01:00,F2,73.303,0.0,2.465,86.548,3.938,normal
2026-01-06T14:02:00,F2,79.1,0.0,3.137,58.827,4.622,normal
2026-01-06T14:03:00,F2,82.415,0.0,2.168,77.093,4.617,normal
2026-01-06T14:04:00,F2,75.321,0.0,2.674,45.033,6.199,normal
2026-01-06T14:05:00,F2,76.047,0.0,2.862,69.284,2.359,normal
2026-01-06T14:06:00,F2,68.678,0.0,1.599,59.619,5.895,normal
2026-01-06T14:07:00,F2,72.727,0.0,2.403,49.309,6.707,normal
2026-01-06T14:08:00,F2,78.962,0.0,2.476,63.311,6.481,normal
2026-01-06T14:09:00,F2,76.701,0.0,2.647,76.641,6.193,normal
2026-01-06T14:10:00,F2,76.924,0.0,2.99,67.511,4.176,normal
2026-01-06T14:11:00,F2,72.948,0.0,2.822,74.922,6.405,normal
2026-01-06T14:12:00,F2,70.065,0.0,3.584,59.745,5.033,normal
2026-01-06T14:13:00,F2,66.302,0.0,2.703,59.512,5.412,normal
2026-01-06T14:14:00,F2,78.703,0.0,2.346,62.419,5.976,normal
2026-01-06T14:15:00,F2,73.67,0.0,3.483,41.508,6.526,normal
2026-01-06T14:16:00,F2,65.318,0.0,1.351,68.535,5.416,normal
2026-01-06T14:17:00,F2,75.797,0.0,1.423,66.13,6.502,normal
2026-01-06T14:18:00,F2,89.081,0.0,2.06,58.534,5.457,normal
2026-01-06T14:19:00,F2,77.199,0.0,2.845,73.536,6.429,normal
2026-01-06T14:20:00,F2,73.818,0.0,3.921,72.408,6.192,normal
2026-01-06T14:21:00,F2,81.375,0.0,2.521,59.311,7.294,normal
2026-01-06T14:22:00,F2,72.593,0.0,2.654,59.443,3.988,normal
2026-01-06T14:23:00,F2,70.514,0.0,2.595,51.453,8.716,normal
2026-01-06T14:24:00,F2,72.403,0.0,2.476,80.325,5.915,normal
2026-01-06T14:25:00,F2,71.976,0.0,3.078,74.49,8.144,normal
2026-01-06T14:26:00,F2,77.918,0.0,3.156,74.641,9.388,normal
2026-01-06T14:27:00,F2,79.079,0.0,2.356,59.43,5.549,normal
2026-01-06T14:28:00,F2,67.946,0.0,1.805,58.165,4.998,normal
2026-01-06T14:29:00,F2,29.528,0.0,3.172,58.642,6.986,normal
2026-01-06T14:30:00,F2,83.4,0.0,3.321,72.632,6.741,normal
2026-01-06T14:31:00,F2,69.29,0.0,2.662,77.844,8.083,normal
2026-01-06T14:32:00,F2,83.077,0.0,3.319,67.629,5.699,normal
2026-01-06T14:33:00,F2,70.557,0.0,2.117,59.219,9.876,normal
2026-01-06T14:34:00,F2,82.855,0.0,2.098,72.304,4.02,normal
2026-01-06T14:35:00,F2,63.532,0.0,1.5,73.35,6.39,normal
2026-01-06T14:36:00,F2,73.735,0.0,1.408,76.826,7.65,normal
2026-01-06T14:37:00,F2,84.333,0.0,2.949,67.078,7.505,normal
2026-01-06T14:38:00,F2,68.319,0.0,2.836,47.103,7.697,normal
2026-01-06T14:39:00,F2,73.558,0.0,1.809,57.054,5.283,normal
2026-01-06T14:40:00,F2,78.543,0.0,2.066,49.253,4.0,normal
2026-01-06T14:41:00,F2,82.704,0.0,1.922,57.782,6.436,normal
2026-01-06T14:42:00,F2,82.785,0.0,2.46,74.071,7.495,normal
2026-01-06T14:43:00,F2,68.032,0.0,2.637,67.313,6.669,normal
2026-01-06T14:44:00,F2,72.408,0.0,2.866,43.586,7.225,normal
2026-01-06T14:45:00,F2,80.224,0.0,1.958,66.76,3.772,normal
2026-01-06T14:46:00,F2,72.945,0.0,2.474,63.308,5.747,normal
2026-01-06T14:47:00,F2,71.995,0.0,2.371,63.368,6.672,normal
2026-01-06T14:48:00,F2,68.901,0.0,2.856,56.677,4.566,normal
2026-01-06T14:49:00,F2,74.009,0.0,3.125,67.343,6.48,normal
2026-01-06T14:50:00,F2,64.706,0.0,1.631,52.343,7.821,normal
2026-01-06T14:51:00,F2,66.864,0.0,1.821,82.343,5.08,normal
2026-01-06T14:52:00,F2,69.809,0.0,2.402,74.311,7.238,normal
2026-01-06T14:53:00,F2,70.321,0.0,1.848,52.03,7.193,normal
2026-01-06T14:54:00,F2,100.463,0.0,3.067,58.723,5.982,normal
2026-01-06T14:55:00,F2,76.887,0.0,2.517,59.707,4.632,normal
2026-01-06T14:56:00,F2,89.741,0.0,1.285,51.755,7.504,normal
2026-01-06T14:57:00,F2,77.738,0.0,2.279,64.36,6.517,normal
2026-01-06T14:58:00,F2,70.761,0.0,1.082,56.487,6.119,normal
2026-01-06T14:59:00,F2,78.103,0.0,2.055,55.328,4.94,normal
2026-01-06T15:00:00,F2,62.353,0.0,3.097,79.331,10.485,normal
2026-01-06T15:01:00,F2,68.732,0.0,1.952,87.892,6.195,normal
2026-01-06T15:02:00,F2,61.674,0.0,3.674,50.588,5.617,normal
2026-01-06T15:03:00,F2,61.034,0.0,2.222,64.74,7.906,normal
2026-01-06T15:04:00,F2,78.373,0.0,2.862,47.118,7.052,normal
2026-01-06T15:05:00,F2,68.702,0.0,2.053,66.025,9.026,normal
2026-01-06T15:06:00,F2,88.14,0.0,2.202,59.116,7.326,normal
2026-01-06T15:07:00,F2,80.993,0.0,1.492,53.388,5.194,normal
2026-01-06T15:08:00,F2,68.715,0.0,2.82,71.983,7.238,normal
2026-01-06T15:09:00,F2,55.941,0.0,2.086,62.512,7.263,normal
2026-01-06T15:10:00,F2,72.424,0.0,1.734,47.179,6.167,normal
2026-01-06T15:11:00,F2,71.162,0.0,1.79,75.499,7.481,normal
2026-01-06T15:12:00,F2,68.289,0.0,4.057,66.748,7.684,normal
2026-01-06T15:13:00,F2,75.855,0.0,3.292,68.916,5.623,normal
2026-01-06T15:14:00,F2,86.894,0.0,3.622,70.167,7.258,normal
2026-01-06T15:15:00,F2,78.318,0.0,2.506,68.999,5.036,normal
2026-01-06T15:16:00,F2,72.435,0.0,3.068,65.81,5.247,normal
2026-01-06T15:17:00,F2,55.672,0.0,2.793,68.96,4.796,normal
2026-01-06T15:18:00,F2,67.098,0.0,3.328,41.864,6.191,normal
2026-01-06T15:19:00,F2,73.294,0.0,2.908,51.268,6.387,normal
2026-01-06T15:20:00,F2,88.726,0.0,3.457,53.386,4.927,normal
2026-01-06T15:21:00,F2,67.126,0.0,0.912,63.115,6.53,normal
2026-01-06T15:22:00,F2,85.056,0.0,2.334,80.315,7.305,normal
2026-01-06T15:23:00,F2,69.924,0.0,2.444,82.13,7.567,normal
2026-01-06T15:24:00,F2,51.734,0.0,4.529,74.051,8.123,normal
2026-01-06T15:25:00,F2,76.038,0.0,2.058,64.419,8.064,normal
2026-01-06T15:26:00,F2,83.646,0.0,2.632,73.944,7.193,normal
2026-01-06T15:27:00,F2,65.204,0.0,2.261,66.343,5.224,normal
2026-01-06T15:28:00,F2,61.434,0.0,0.788,47.074,5.053,normal
2026-01-06T15:29:00,F2,78.855,0.0,1.912,79.515,6.766,normal
2026-01-06T15:30:00,F2,80.508,0.0,3.485,49.594,8.699,normal
2026-01-06T15:31:00,F2,75.446,0.0,3.745,75.088,4.979,normal
2026-01-06T15:32:00,F2,53.305,0.0,2.899,54.083,5.801,normal
2026-01-06T15:33:00,F2,68.672,0.0,1.909,71.291,6.182,normal
2026-01-06T15:34:00,F2,80.339,0.0,2.546,64.94,3.54,normal
2026-01-06T15:35:00,F2,59.766,0.0,2.836,46.616,5.598,normal
2026-01-06T15:36:00,F2,81.834,0.0,2.624,67.491,7.106,normal
2026-01-06T15:37:00,F2,82.415,0.0,2.24,77.331,5.507,normal
2026-01-06T15:38:00,F2,91.28,0.0,3.047,74.316,6.325,normal
2026-01-06T15:39:00,F2,78.276,0.0,2.873,49.791,6.711,normal
2026-01-06T15:40:00,F2,76.57,0.0,2.587,57.375,7.82,normal
2026-01-06T15:41:00,F2,89.658,0.0,1.049,58.52,8.936,normal
2026-01-06T15:42:00,F2,60.78,0.0,3.449,48.077,7.348,normal
2026-01-06T15:43:00,F2,68.994,0.0,2.796,67.454,4.897,normal
2026-01-06T15:44:00,F2,89.846,0.0,2.947,69.201,10.048,normal
2026-01-06T15:45:00,F2,81.402,0.0,1.776,70.079,6.391,normal
2026-01-06T15:46:00,F2,77.158,0.0,2.716,75.776,4.809,normal
2026-01-06T15:47:00,F2,67.191,0.0,2.26,64.413,5.97,normal
2026-01-06T15:48:00,F2,73.585,0.0,3.249,78.073,6.313,normal
2026-01-06T15:49:00,F2,73.356,0.0,2.486,66.877,6.407,normal
2026-01-06T15:50:00,F2,75.102,0.0,2.353,51.342,7.109,normal
2026-01-06T15:51:00,F2,79.614,0.0,2.388,59.793,7.045,normal
2026-01-06T15:52:00,F2,72.82,0.0,2.267,59.598,6.67,normal
2026-01-06T15:53:00,F2,75.63,0.0,2.44,74.724,8.728,normal
2026-01-06T15:54:00,F2,67.787,0.0,2.452,51.287,6.871,normal
2026-01-06T15:55:00,F2,68.357,0.0,2.088,64.852,8.681,normal
2026-01-06T15:56:00,F2,67.549,0.0,2.169,56.415,7.002,normal
2026-01-06T15:57:00,F2,80.288,0.0,1.603,62.45,7.476,normal
2026-01-06T15:58:00,F2,83.272,0.0,2.843,85.659,6.821,normal
2026-01-06T15:59:00,F2,73.033,0.0,2.202,73.685,5.135,normal
2026-01-06T16:00:00,F2,64.128,0.0,2.356,59.199,5.333,normal
2026-01-06T16:01:00,F2,75.378,0.0,3.114,60.024,6.361,normal
2026-01-06T16:02:00,F2,76.59,0.0,3.467,42.253,5.21,normal
2026-01-06T16:03:00,F2,64.165,0.0,2.467,54.853,8.025,normal
2026-01-06T16:04:00,F2,94.198,0.0,2.253,59.371,6.616,normal
2026-01-06T16:05:00,F2,81.922,0.0,2.539,60.953,8.427,normal
2026-01-06T16:06:00,F2,77.704,0.0,1.961,61.727,6.81,normal
2026-01-06T16:07:00,F2,67.921,0.0,2.689,47.828,7.806,normal
2026-01-06T16:08:00,F2,74.986,0.0,3.441,60.57,5.997,normal
2026-01-06T16:09:00,F2,70.113,0.0,3.26,74.812,5.817,normal
2026-01-06T16:10:00,F2,78.965,0.0,2.764,68.376,6.483,normal
2026-01-06T16:11:00,F2,81.612,0.0,3.124,68.872,5.375,normal
2026-01-06T16:12:00,F2,76.729,0.0,3.486,64.825,4.937,normal
2026-01-06T16:13:00,F2,75.021,0.0,1.898,66.246,5.676,normal
2026-01-06T16:14:00,F2,84.907,0.0,3.401,73.106,5.664,normal
2026-01-06T16:15:00,F2,80.914,0.0,3.091,55.427,5.262,normal
2026-01-06T16:16:00,F2,89.181,0.0,3.146,53.327,7.028,normal
2026-01-06T16:17:00,F2,68.369,0.0,2.422,70.263,7.634,normal
2026-01-06T16:18:00,F2,62.514,0.0,2.662,77.61,7.783,normal
2026-01-06T16:19:00,F2,76.586,0.0,2.183,70.186,8.068,normal
2026-01-06T16:20:00,F2,62.166,0.0,2.337,79.101,5.126,normal
2026-01-06T16:21:00,F2,64.956,0.0,2.573,76.111,7.436,normal
2026-01-06T16:22:00,F2,95.785,0.0,3.197,70.07,7.61,normal
2026-01-06T16:23:00,F2,78.011,0.0,3.08,60.674,4.599,normal
2026-01-06T16:24:00,F2,82.345,0.0,3.497,69.534,4.809,normal
2026-01-06T16:25:00,F2,66.138,0.0,3.371,64.144,5.439,normal
2026-01-06T16:26:00,F2,74.493,0.0,2.238,63.26,7.927,normal
2026-01-06T16:27:00,F2,81.835,0.0,2.697,51.198,5.166,normal
2026-01-06T16:28:00,F2,68.417,0.0,1.348,63.802,5.916,normal
2026-01-06T16:29:00,F2,70.312,0.0,2.431,45.349,7.636,normal
2026-01-06T16:30:00,F2,97.977,0.0,2.179,66.95,4.064,normal
2026-01-06T16:31:00,F2,70.193,0.0,2.516,63.814,8.347,normal
2026-01-06T16:32:00,F2,65.378,0.0,2.466,63.136,5.546,normal
2026-01-06T16:33:00,F2,57.582,0.0,1.64,44.651,6.927,normal
2026-01-06T16:34:00,F2,81.019,0.0,1.837,55.893,7.388,normal
2026-01-06T16:35:00,F2,82.706,0.0,2.412,59.113,5.536,normal
2026-01-06T16:36:00,F2,70.771,0.0,2.031,70.446,10.794,normal
2026-01-06T16:37:00,F2,64.775,0.0,2.636,78.175,6.021,normal
2026-01-06T16:38:00,F2,78.661,0.0,1.001,65.01,7.232,normal
2026-01-06T16:39:00,F2,64.818,0.0,1.56,61.425,6.146,normal
2026-01-06T16:40:00,F2,76.378,0.0,2.522,67.885,5.267,normal
2026-01-06T16:41:00,F2,85.104,0.0,2.358,52.713,6.109,normal
2026-01-06T16:42:00,F2,75.129,0.0,3.641,71.241,5.795,normal
2026-01-06T16:43:00,F2,61.889,0.0,1.896,68.73,5.703,normal
2026-01-06T16:44:00,F2,67.955,0.0,1.512,64.023,6.142,normal
2026-01-06T16:45:00,F2,76.321,0.0,1.711,72.181,5.998,normal
2026-01-06T16:46:00,F2,72.316,0.0,1.099,66.982,6.413,normal
2026-01-06T16:47:00,F2,76.198,0.0,1.874,71.341,8.434,normal
2026-01-06T16:48:00,F2,69.572,0.0,1.041,54.706,7.581,normal
2026-01-06T16:49:00,F2,79.212,0.0,2.782,63.914,4.373,normal
2026-01-06T16:50:00,F2,64.72,0.0,2.946,71.676,4.354,normal
2026-01-06T16:51:00,F2,68.78,0.0,2.599,67.509,7.935,normal
2026-01-06T16:52:00,F2,73.987,0.0,2.58,55.942,6.322,normal
2026-01-06T16:53:00,F2,65.395,0.0,2.355,79.245,3.839,normal
2026-01-06T16:54:00,F2,80.765,0.0,2.823,80.519,7.841,normal
2026-01-06T16:55:00,F2,65.293,0.0,1.712,46.951,9.091,normal
2026-01-06T16:56:00,F2,105.03,0.0,1.683,65.392,8.249,normal
2026-01-06T16:57:00,F2,72.575,0.0,3.224,61.466,7.131,normal
2026-01-06T16:58:00,F2,77.721,0.0,3.31,56.018,6.267,normal
2026-01-06T16:59:00,F2,76.336,0.0,2.045,59.717,6.582,normal
2026-01-06T17:00:00,F2,92.842,0.0,3.627,55.259,9.066,normal
2026-01-06T17:01:00,F2,83.278,0.0,2.588,63.538,5.963,normal
2026-01-06T17:02:00,F2,62.955,0.0,2.569,74.635,7.752,normal
2026-01-06T17:03:00,F2,86.205,0.0,1.199,82.294,4.135,normal
2026-01-06T17:04:00,F2,85.667,0.0,2.456,69.392,8.457,normal
2026-01-06T17:05:00,F2,69.826,0.0,2.323,70.494,5.535,normal
2026-01-06T17:06:00,F2,83.724,0.0,2.591,60.219,4.421,normal
2026-01-06T17:07:00,F2,65.125,0.0,2.223,67.481,6.337,normal
2026-01-06T17:08:00,F2,80.085,0.0,2.044,47.486,7.764,normal
2026-01-06T17:09:00,F2,71.407,0.0,2.469,71.516,6.1,normal
2026-01-06T17:10:00,F2,72.219,0.0,1.678,61.695,6.107,normal
2026-01-06T17:11:00,F2,77.284,0.0,2.012,71.399,8.396,normal
2026-01-06T17:12:00,F2,77.646,0.0,1.561,61.579,9.506,normal
2026-01-06T17:13:00,F2,84.534,0.0,1.964,70.707,5.914,normal
2026-01-06T17:14:00,F2,73.351,0.0,3.062,52.029,8.822,normal
2026-01-06T17:15:00,F2,76.431,0.0,2.553,49.33,5.699,normal
2026-01-06T17:16:00,F2,73.135,0.0,3.343,52.523,6.376,normal
2026-01-06T17:17:00,F2,78.169,0.0,1.888,62.852,4.708,normal
2026-01-06T17:18:00,F2,70.749,0.0,3.068,76.173,4.004,normal
2026-01-06T17:19:00,F2,81.096,0.0,2.852,72.909,3.842,normal
2026-01-06T17:20:00,F2,63.078,0.0,2.878,68.516,4.785,normal
2026-01-06T17:21:00,F2,70.654,0.0,2.232,69.257,7.983,normal
2026-01-06T17:22:00,F2,76.149,0.0,1.954,75.521,4.606,normal
2026-01-06T17:23:00,F2,62.673,0.0,2.021,48.251,3.716,normal
2026-01-06T17:24:00,F2,60.406,0.0,2.874,65.103,4.962,normal
2026-01-06T17:25:00,F2,86.351,0.0,2.346,69.209,6.27,normal
2026-01-06T17:26:00,F2,68.417,0.0,2.51,47.258,7.566,normal
2026-01-06T17:27:00,F2,68.896,0.0,2.648,48.353,7.494,normal
2026-01-06T17:28:00,F2,77.787,0.0,2.017,51.896,5.937,normal
2026-01-06T17:29:00,F2,64.173,0.0,2.567,58.376,5.151,normal
2026-01-06T17:30:00,F2,56.495,0.0,3.456,54.619,6.535,normal
2026-01-06T17:31:00,F2,55.304,0.0,2.161,62.958,8.608,normal
2026-01-06T17:32:00,F2,66.144,0.0,1.949,59.597,4.055,normal
2026-01-06T17:33:00,F2,73.385,0.0,1.927,55.372,6.548,normal
2026-01-06T17:34:00,F2,65.07,0.0,2.067,54.945,7.676,normal
2026-01-06T17:35:00,F2,78.508,0.0,3.3,64.644,5.25,normal
2026-01-06T17:36:00,F2,77.947,0.0,3.804,56.327,6.972,normal
2026-01-06T17:37:00,F2,81.71,0.0,2.638,79.629,7.046,normal
2026-01-06T17:38:00,F2,72.1,0.0,3.558,51.526,6.187,normal
2026-01-06T17:39:00,F2,78.851,0.0,2.829,63.245,6.543,normal
2026-01-06T17:40:00,F2,71.498,0.0,1.821,87.607,10.442,normal
2026-01-06T17:41:00,F2,61.288,0.0,1.995,73.619,4.355,normal
2026-01-06T17:42:00,F2,70.537,0.0,2.049,49.348,6.145,normal
2026-01-06T17:43:00,F2,73.139,0.0,2.095,70.249,7.852,normal
2026-01-06T17:44:00,F2,68.693,0.0,2.379,64.901,7.003,normal
2026-01-06T17:45:00,F2,46.524,0.0,2.743,61.885,3.703,normal
2026-01-06T17:46:00,F2,79.494,0.0,3.22,57.217,5.68,normal
2026-01-06T17:47:00,F2,76.463,0.0,2.367,65.024,6.718,normal
2026-01-06T17:48:00,F2,68.09,0.0,2.872,83.011,7.373,normal
2026-01-06T17:49:00,F2,82.456,0.0,2.855,71.618,6.995,normal
2026-01-06T17:50:00,F2,77.25,0.0,2.597,64.417,6.2,normal
2026-01-06T17:51:00,F2,61.028,0.0,2.352,56.478,8.312,normal
2026-01-06T17:52:00,F2,69.94,0.0,3.014,34.004,5.502,normal
2026-01-06T17:53:00,F2,77.469,0.0,2.711,51.114,5.387,normal
2026-01-06T17:54:00,F2,69.123,0.0,2.366,65.153,5.487,normal
2026-01-06T17:55:00,F2,86.552,0.0,2.858,53.554,2.978,normal
2026-01-06T17:56:00,F2,81.901,0.0,1.155,65.68,7.206,normal
2026-01-06T17:57:00,F2,66.754,0.0,1.221,56.396,6.431,normal
2026-01-06T17:58:00,F2,85.351,0.0,2.048,59.71,4.414,normal
2026-01-06T17:59:00,F2,83.576,0.0,1.632,69.479,7.048,normal
2026-01-06T18:00:00,F2,88.069,0.0,1.784,74.258,7.321,normal
2026-01-06T18:01:00,F2,75.452,0.0,1.509,62.123,5.647,normal
2026-01-06T18:02:00,F2,75.13,0.0,2.36,80.302,7.225,normal
2026-01-06T18:03:00,F2,82.966,0.0,1.603,67.399,6.013,normal
2026-01-06T18:04:00,F2,70.146,0.0,2.785,68.455,2.544,normal
2026-01-06T18:05:00,F2,72.055,0.0,1.963,59.064,4.673,normal
2026-01-06T18:06:00,F2,69.964,0.0,2.568,61.396,7.528,normal
2026-01-06T18:07:00,F2,62.695,0.0,1.784,53.564,5.809,normal
2026-01-06T18:08:00,F2,83.555,0.0,3.196,46.305,4.426,normal
2026-01-06T18:09:00,F2,68.114,0.0,2.569,63.325,6.486,normal
2026-01-06T18:10:00,F2,73.185,0.0,2.418,71.958,7.482,normal
2026-01-06T18:11:00,F2,66.212,0.0,1.777,69.047,9.012,normal
2026-01-06T18:12:00,F2,67.305,0.0,2.538,54.285,7.83,normal
2026-01-06T18:13:00,F2,81.269,0.0,2.082,69.846,5.257,normal
2026-01-06T18:14:00,F2,74.279,0.0,2.339,51.109,5.386,normal
2026-01-06T18:15:00,F2,83.717,0.0,2.567,56.868,8.527,normal
2026-01-06T18:16:00,F2,68.026,0.0,2.854,76.333,5.176,normal
2026-01-06T18:17:00,F2,76.808,0.0,2.946,70.019,4.508,normal
2026-01-06T18:18:00,F2,69.941,0.0,1.443,58.417,4.675,normal
2026-01-06T18:19:00,F2,75.183,0.0,2.801,69.817,5.099,normal
2026-01-06T18:20:00,F2,70.385,0.0,1.576,65.259,6.945,normal
2026-01-06T18:21:00,F2,73.508,0.0,3.123,57.251,6.895,normal
2026-01-06T18:22:00,F2,72.254,0.0,1.581,64.38,6.282,normal
2026-01-06T18:23:00,F2,92.665,0.0,2.533,71.933,10.009,normal
2026-01-06T18:24:00,F2,65.095,0.0,2.94,57.278,6.895,normal
2026-01-06T18:25:00,F2,82.852,0.0,1.839,59.275,7.572,normal
2026-01-06T18:26:00,F2,74.876,0.0,1.635,68.83,5.203,normal
2026-01-06T18:27:00,F2,82.236,0.0,2.249,67.47,7.528,normal
2026-01-06T18:28:00,F2,66.707,0.0,1.536,52.51,6.563,normal
2026-01-06T18:29:00,F2,66.432,0.0,2.679,72.594,9.3,normal
2026-01-06T18:30:00,F2,74.581,0.0,2.62,81.973,4.187,normal
2026-01-06T18:31:00,F2,69.601,0.0,2.055,70.342,5.91,normal
2026-01-06T18:32:00,F2,84.793,0.0,2.561,67.267,4.156,normal
2026-01-06T18:33:00,F2,76.907,0.0,2.36,66.239,6.158,normal
2026-01-06T18:34:00,F2,82.679,0.0,2.26,90.276,6.943,normal
2026-01-06T18:35:00,F2,84.37,0.0,2.023,68.269,4.859,normal
2026-01-06T18:36:00,F2,79.229,0.0,2.438,69.283,7.438,normal
2026-01-06T18:37:00,F2,73.873,0.0,2.083,58.829,7.948,normal
2026-01-06T18:38:00,F2,67.061,0.0,3.042,77.459,6.084,normal
2026-01-06T18:39:00,F2,74.896,0.0,2.035,72.877,6.807,normal
2026-01-06T18:40:00,F2,57.542,0.0,2.125,68.948,5.224,normal
2026-01-06T18:41:00,F2,69.954,0.0,1.881,47.315,6.727,normal
2026-01-06T18:42:00,F2,93.619,0.0,2.999,73.12,5.863,normal
2026-01-06T18:43:00,F2,66.207,0.0,2.793,66.04,7.424,normal
2026-01-06T18:44:00,F2,72.818,0.0,2.609,74.826,8.28,normal
2026-01-06T18:45:00,F2,89.457,0.0,2.457,74.861,5.852,normal
2026-01-06T18:46:00,F2,84.439,0.0,3.11,47.314,5.373,normal
2026-01-06T18:47:00,F2,71.628,0.0,1.782,58.315,5.854,normal
2026-01-06T18:48:00,F2,65.282,0.0,3.289,53.039,8.356,normal
2026-01-06T18:49:00,F2,70.784,0.0,3.007,60.545,5.956,normal
2026-01-06T18:50:00,F2,77.901,0.0,2.797,73.542,7.553,normal
2026-01-06T18:51:00,F2,79.345,0.0,2.329,55.589,7.434,normal
2026-01-06T18:52:00,F2,60.825,0.0,3.129,55.451,7.561,normal
2026-01-06T18:53:00,F2,83.849,0.0,1.36,55.513,3.228,normal
2026-01-06T18:54:00,F2,70.607,0.0,2.711,59.816,6.094,normal
2026-01-06T18:55:00,F2,79.278,0.0,3.176,53.114,6.289,normal
2026-01-06T18:56:00,F2,66.057,0.0,3.265,66.53,7.299,normal
2026-01-06T18:57:00,F2,79.653,0.0,2.824,65.076,8.586,normal
2026-01-06T18:58:00,F2,76.734,0.0,1.885,81.035,6.201,normal
2026-01-06T18:59:00,F2,81.876,0.0,3.055,64.128,7.245,normal
2026-01-06T19:00:00,F2,74.859,0.0,2.961,68.167,4.897,normal
2026-01-06T19:01:00,F2,82.58,0.0,2.072,69.112,5.839,normal
2026-01-06T19:02:00,F2,74.459,0.0,3.371,65.096,5.488,normal
2026-01-06T19:03:00,F2,64.376,0.0,2.604,77.408,5.939,normal
2026-01-06T19:04:00,F2,69.332,0.0,2.576,57.322,3.664,normal
2026-01-06T19:05:00,F2,77.217,0.0,1.456,64.027,5.557,normal
2026-01-06T19:06:00,F2,67.159,0.0,2.344,63.752,3.519,normal
2026-01-06T19:07:00,F2,69.434,0.0,2.856,51.409,6.808,normal
2026-01-06T19:08:00,F2,71.059,0.0,1.243,72.551,6.21,normal
2026-01-06T19:09:00,F2,78.99,0.0,3.785,62.06,3.889,normal
2026-01-06T19:10:00,F2,83.711,0.0,2.961,67.569,7.521,normal
2026-01-06T19:11:00,F2,73.264,0.0,3.616,56.007,5.896,normal
2026-01-06T19:12:00,F2,79.687,0.0,2.896,68.067,6.882,normal
2026-01-06T19:13:00,F2,69.455,0.0,2.497,61.957,6.655,normal
2026-01-06T19:14:00,F2,69.018,0.0,2.241,60.879,5.978,normal
2026-01-06T19:15:00,F2,75.309,0.0,2.322,62.54,4.714,normal
2026-01-06T19:16:00,F2,55.045,0.0,2.96,49.263,6.629,normal
2026-01-06T19:17:00,F2,87.982,0.0,2.338,54.451,7.366,normal
2026-01-06T19:18:00,F2,78.129,0.0,1.691,59.505,5.865,normal
2026-01-06T19:19:00,F2,84.679,0.0,2.32,72.743,6.17,normal
2026-01-06T19:20:00,F2,65.176,0.0,2.495,69.582,5.188,normal
2026-01-06T19:21:00,F2,69.908,0.0,2.156,59.571,5.716,normal
2026-01-06T19:22:00,F2,65.442,0.0,2.421,60.922,6.325,normal
2026-01-06T19:23:00,F2,79.311,0.0,4.538,81.695,4.114,normal
2026-01-06T19:24:00,F2,76.484,0.0,2.178,67.676,6.419,normal
2026-01-06T19:25:00,F2,63.106,0.0,2.722,65.712,4.899,normal
2026-01-06T19:26:00,F2,69.553,0.0,2.475,52.625,9.56,normal
2026-01-06T19:27:00,F2,76.166,0.0,3.709,65.453,9.333,normal
2026-01-06T19:28:00,F2,69.364,0.0,2.562,58.198,5.118,normal
2026-01-06T19:29:00,F2,79.215,0.0,2.697,46.926,6.677,normal
2026-01-06T19:30:00,F2,79.717,0.0,2.967,55.889,6.196,normal
2026-01-06T19:31:00,F2,70.917,0.0,2.614,66.754,6.346,normal
2026-01-06T19:32:00,F2,81.388,0.0,3.149,50.259,7.06,normal
2026-01-06T19:33:00,F2,66.357,0.0,2.719,53.083,4.609,normal
2026-01-06T19:34:00,F2,74.831,0.0,2.566,68.504,7.029,normal
2026-01-06T19:35:00,F2,62.496,0.0,1.437,67.982,6.69,normal
2026-01-06T19:36:00,F2,75.4,0.0,3.623,70.088,5.449,normal
2026-01-06T19:37:00,F2,63.743,0.0,2.54,59.114,5.838,normal
2026-01-06T19:38:00,F2,62.403,0.0,2.307,56.258,6.116,normal
2026-01-06T19:39:00,F2,77.212,0.0,2.377,63.518,6.805,normal
2026-01-06T19:40:00,F2,65.629,0.0,2.09,71.534,4.575,normal
2026-01-06T19:41:00,F2,67.553,0.0,2.132,60.98,6.883,normal
2026-01-06T19:42:00,F2,82.18,0.0,2.997,55.488,4.85,normal
2026-01-06T19:43:00,F2,73.123,0.0,2.497,62.621,7.266,normal
2026-01-06T19:44:00,F2,80.613,0.0,1.786,58.5,5.623,normal
2026-01-06T19:45:00,F2,71.474,0.0,1.611,54.576,7.082,normal
2026-01-06T19:46:00,F2,68.596,0.0,3.549,64.976,8.504,normal
2026-01-06T19:47:00,F2,94.06,0.0,1.873,70.682,3.743,normal
2026-01-06T19:48:00,F2,72.649,0.0,2.767,71.178,3.281,normal
2026-01-06T19:49:00,F2,88.023,0.0,2.381,49.197,6.235,normal
2026-01-06T19:50:00,F2,89.106,0.0,2.825,62.228,8.693,normal
2026-01-06T19:51:00,F2,79.627,0.0,3.447,56.129,5.95,normal
2026-01-06T19:52:00,F2,61.798,0.0,2.561,65.874,3.402,normal
2026-01-06T19:53:00,F2,72.903,0.0,3.343,52.975,3.86,normal
2026-01-06T19:54:00,F2,65.028,0.0,2.326,72.265,5.907,normal
2026-01-06T19:55:00,F2,64.176,0.0,3.23,69.302,6.385,normal
2026-01-06T19:56:00,F2,66.366,0.0,2.993,53.119,7.192,normal
2026-01-06T19:57:00,F2,77.148,0.0,2.049,55.611,6.852,normal
2026-01-06T19:58:00,F2,76.636,0.0,2.199,84.357,5.728,normal
2026-01-06T19:59:00,F2,80.219,0.0,2.314,60.318,6.025,normal
2026-01-06T20:00:00,F2,76.8,0.0,2.121,77.757,5.913,normal
2026-01-06T20:01:00,F2,73.537,0.0,1.705,52.214,7.298,normal
2026-01-06T20:02:00,F2,71.906,0.0,2.727,61.128,7.735,normal
2026-01-06T20:03:00,F2,60.76,0.0,3.446,76.348,6.057,normal
2026-01-06T20:04:00,F2,88.347,0.0,2.562,55.983,4.794,normal
2026-01-06T20:05:00,F2,65.636,0.0,1.691,71.332,8.23,normal
2026-01-06T20:06:00,F2,74.787,0.0,2.883,65.29,5.934,normal
2026-01-06T20:07:00,F2,75.9,0.0,2.541,63.827,6.938,normal
2026-01-06T20:08:00,F2,70.256,0.0,2.635,56.833,7.389,normal
2026-01-06T20:09:00,F2,73.346,0.0,2.652,53.189,7.475,normal
2026-01-06T20:10:00,F2,78.663,0.0,2.578,68.945,4.902,normal
2026-01-06T20:11:00,F2,77.165,0.0,1.86,52.059,3.595,normal
2026-01-06T20:12:00,F2,86.765,0.0,2.928,55.287,5.935,normal
2026-01-06T20:13:00,F2,70.474,0.0,2.507,63.691,7.272,normal
2026-01-06T20:14:00,F2,80.509,0.0,2.199,79.299,8.613,normal
2026-01-06T20:15:00,F2,83.107,0.0,2.589,52.842,8.738,normal
2026-01-06T20:16:00,F2,71.989,0.0,2.045,46.313,5.985,normal
2026-01-06T20:17:00,F2,75.283,0.0,1.719,65.98,3.881,normal
2026-01-06T20:18:00,F2,82.17,0.0,2.963,69.605,5.761,normal
2026-01-06T20:19:00,F2,78.718,0.0,2.549,59.817,4.289,normal
2026-01-06T20:20:00,F2,65.403,0.0,2.327,78.862,10.953,normal
2026-01-06T20:21:00,F2,77.538,0.0,2.465,65.959,5.651,normal
2026-01-06T20:22:00,F2,70.394,0.0,3.249,48.188,5.963,normal
2026-01-06T20:23:00,F2,95.99,0.0,3.79,59.254,4.281,normal
2026-01-06T20:24:00,F2,57.394,0.0,2.151,59.237,6.088,normal
2026-01-06T20:25:00,F2,72.854,0.0,2.408,63.42,6.072,normal
2026-01-06T20:26:00,F2,86.288,0.0,2.923,55.155,5.876,normal
2026-01-06T20:27:00,F2,72.197,0.0,1.836,67.853,5.225,normal
2026-01-06T20:28:00,F2,81.492,0.0,1.638,66.787,6.38,normal
2026-01-06T20:29:00,F2,76.174,0.0,3.168,60.949,6.873,normal
2026-01-06T20:30:00,F2,67.737,0.0,3.584,55.828,7.214,normal
2026-01-06T20:31:00,F2,77.722,0.0,1.993,67.346,4.015,normal
2026-01-06T20:32:00,F2,74.597,0.0,1.903,66.604,6.72,normal
2026-01-06T20:33:00,F2,71.101,0.0,2.468,61.518,7.066,normal
2026-01-06T20:34:00,F2,63.297,0.0,2.931,65.615,6.661,normal
2026-01-06T20:35:00,F2,62.649,0.0,3.314,67.781,5.495,normal
2026-01-06T20:36:00,F2,65.92,0.0,4.275,66.359,4.428,normal
2026-01-06T20:37:00,F2,69.865,0.0,1.762,59.838,7.909,normal
2026-01-06T20:38:00,F2,73.534,0.0,2.251,66.316,9.336,normal
2026-01-06T20:39:00,F2,63.277,0.0,2.734,57.875,7.363,normal
2026-01-06T20:40:00,F2,81.262,0.0,1.715,67.087,5.599,normal
2026-01-06T20:41:00,F2,75.808,0.0,1.907,69.555,4.302,normal
2026-01-06T20:42:00,F2,70.708,0.0,1.66,62.399,6.028,normal
2026-01-06T20:43:00,F2,82.951,0.0,2.798,55.518,6.573,normal
2026-01-06T20:44:00,F2,69.402,0.0,2.446,64.81,6.094,normal
2026-01-06T20:45:00,F2,28.031,0.0,2.763,53.402,5.32,normal
2026-01-06T20:46:00,F2,78.152,0.0,3.417,53.432,8.172,normal
2026-01-06T20:47:00,F2,82.985,0.0,3.949,61.555,7.462,normal
2026-01-06T20:48:00,F2,83.235,0.0,3.069,67.14,8.994,normal
2026-01-06T20:49:00,F2,72.548,0.0,3.486,48.325,2.817,normal
2026-01-06T20:50:00,F2,72.905,0.0,2.139,68.482,5.172,normal
2026-01-06T20:51:00,F2,77.153,0.0,2.449,83.957,3.749,normal
2026-01-06T20:52:00,F2,72.619,0.0,2.887,78.188,7.52,normal
2026-01-06T20:53:00,F2,70.324,0.0,2.754,58.124,8.156,normal
2026-01-06T20:54:00,F2,72.791,0.0,2.752,62.908,3.924,normal
2026-01-06T20:55:00,F2,70.021,0.0,2.106,74.422,8.033,normal
2026-01-06T20:56:00,F2,64.362,0.0,1.599,62.868,8.53,normal
2026-01-06T20:57:00,F2,89.872,0.0,3.263,74.254,6.113,normal
2026-01-06T20:58:00,F2,73.977,0.0,1.869,48.203,5.863,normal
2026-01-06T20:59:00,F2,78.508,0.0,3.94,60.71,5.656,normal
2026-01-06T21:00:00,F2,83.809,0.0,2.944,69.877,3.109,normal
2026-01-06T21:01:00,F2,53.855,0.0,1.521,62.349,6.565,normal
2026-01-06T21:02:00,F2,75.41,0.0,1.631,82.947,6.671,normal
2026-01-06T21:03:00,F2,69.352,0.0,1.933,45.486,7.072,normal
2026-01-06T21:04:00,F2,71.386,0.0,3.6,61.596,7.973,normal
2026-01-06T21:05:00,F2,76.584,0.0,2.035,67.638,6.723,normal
2026-01-06T21:06:00,F2,75.697,0.0,2.924,65.622,6.134,normal
2026-01-06T21:07:00,F2,68.267,0.0,3.583,73.201,7.732,normal
2026-01-06T21:08:00,F2,68.336,0.0,3.851,73.931,7.799,normal
2026-01-06T21:09:00,F2,76.351,0.0,2.399,69.588,6.92,normal
2026-01-06T21:10:00,F2,64.728,0.0,2.52,52.256,11.656,normal
2026-01-06T21:11:00,F2,75.783,0.0,1.733,75.718,5.989,normal
2026-01-06T21:12:00,F2,66.228,0.0,2.206,53.801,6.292,normal
2026-01-06T21:13:00,F2,64.431,0.0,2.516,59.717,5.318,normal
2026-01-06T21:14:00,F2,62.843,0.0,2.206,71.153,5.17,normal
2026-01-06T21:15:00,F2,67.469,0.0,3.116,49.325,3.227,normal
2026-01-06T21:16:00,F2,89.057,0.0,1.569,70.888,5.904,normal
2026-01-06T21:17:00,F2,57.186,0.0,2.687,45.048,5.548,normal
2026-01-06T21:18:00,F2,71.415,0.0,3.015,56.99,9.463,normal
2026-01-06T21:19:00,F2,70.612,0.0,3.518,40.117,7.023,normal
2026-01-06T21:20:00,F2,80.685,0.0,2.576,59.275,8.3,normal
2026-01-06T21:21:00,F2,71.467,0.0,1.582,63.533,6.13,normal
2026-01-06T21:22:00,F2,71.384,0.0,2.204,59.58,5.016,normal
2026-01-06T21:23:00,F2,70.961,0.0,3.739,59.933,6.228,normal
2026-01-06T21:24:00,F2,67.303,0.0,2.62,73.617,7.358,normal
2026-01-06T21:25:00,F2,80.872,0.0,3.074,74.023,4.881,normal
2026-01-06T21:26:00,F2,82.309,0.0,2.191,48.914,6.504,normal
2026-01-06T21:27:00,F2,78.477,0.0,2.144,65.559,6.888,normal
2026-01-06T21:28:00,F2,75.031,0.0,2.558,70.811,5.698,normal
2026-01-06T21:29:00,F2,65.184,0.0,2.552,65.838,4.955,normal
2026-01-06T21:30:00,F2,76.153,0.0,2.014,56.044,8.787,normal
2026-01-06T21:31:00,F2,59.969,0.0,1.811,71.676,5.196,normal
2026-01-06T21:32:00,F2,76.299,0.0,2.678,72.874,5.748,normal
2026-01-06T21:33:00,F2,80.688,0.0,3.049,59.277,5.614,normal
2026-01-06T21:34:00,F2,76.618,0.0,1.891,66.449,6.157,normal
2026-01-06T21:35:00,F2,81.698,0.0,2.743,62.548,6.482,normal
2026-01-06T21:36:00,F2,77.357,0.0,2.176,66.647,7.065,normal
2026-01-06T21:37:00,F2,78.148,0.0,2.839,67.792,6.062,normal
2026-01-06T21:38:00,F2,79.749,0.0,2.862,56.552,6.786,normal
2026-01-06T21:39:00,F2,73.604,0.0,3.302,57.281,7.481,normal
2026-01-06T21:40:00,F2,78.015,0.0,3.258,68.327,9.461,normal
2026-01-06T21:41:00,F2,79.934,0.0,1.037,59.095,5.713,normal
2026-01-06T21:42:00,F2,80.716,0.0,3.494,75.671,7.31,normal
2026-01-06T21:43:00,F2,82.801,0.0,2.515,68.357,6.583,normal
2026-01-06T21:44:00,F2,76.533,0.0,2.078,76.648,7.917,normal
2026-01-06T21:45:00,F2,74.844,0.0,2.267,63.1,5.598,normal
2026-01-06T21:46:00,F2,74.414,0.0,2.574,80.564,7.56,normal
2026-01-06T21:47:00,F2,74.466,0.0,1.94,48.844,6.293,normal
2026-01-06T21:48:00,F2,86.458,0.0,2.533,67.896,6.061,normal
2026-01-06T21:49:00,F2,63.532,0.0,3.431,58.828,6.2,normal
2026-01-06T21:50:00,F2,70.409,0.0,1.461,62.615,7.557,normal
2026-01-06T21:51:00,F2,70.987,0.0,2.563,74.669,3.454,normal
2026-01-06T21:52:00,F2,77.953,0.0,3.46,52.588,4.93,normal
2026-01-06T21:53:00,F2,75.279,0.0,2.468,57.626,6.383,normal
2026-01-06T21:54:00,F2,90.649,0.0,2.845,58.191,6.212,normal
2026-01-06T21:55:00,F2,82.355,0.0,3.729,68.217,7.66,normal
2026-01-06T21:56:00,F2,74.787,0.0,2.808,69.818,4.266,normal
2026-01-06T21:57:00,F2,80.496,0.0,2.667,76.486,7.538,normal
2026-01-06T21:58:00,F2,81.112,0.0,2.574,62.123,3.768,normal
2026-01-06T21:59:00,F2,80.104,0.0,3.603,61.125,4.349,normal
2026-01-06T22:00:00,F2,70.084,0.0,2.537,76.756,6.86,normal
2026-01-06T22:01:00,F2,77.623,0.0,3.063,70.564,7.326,normal
2026-01-06T22:02:00,F2,69.65,0.0,1.659,70.736,5.662,normal
2026-01-06T22:03:00,F2,74.043,0.0,2.697,79.802,7.49,normal
2026-01-06T22:04:00,F2,76.61,0.0,3.43,67.383,5.251,normal
2026-01-06T22:05:00,F2,85.157,0.0,2.307,60.687,5.812,normal
2026-01-06T22:06:00,F2,72.155,0.0,1.152,71.124,7.217,normal
2026-01-06T22:07:00,F2,68.805,0.0,2.007,72.25,8.066,normal
2026-01-06T22:08:00,F2,66.485,0.0,2.132,65.176,7.282,normal
2026-01-06T22:09:00,F2,55.027,0.0,2.045,69.438,6.089,normal
2026-01-06T22:10:00,F2,80.351,0.0,2.988,68.389,5.278,normal
2026-01-06T22:11:00,F2,90.205,0.0,2.939,69.246,4.208,normal
2026-01-06T22:12:00,F2,86.976,0.0,2.531,72.284,5.79,normal
2026-01-06T22:13:00,F2,86.014,0.0,1.423,60.491,5.11,normal
2026-01-06T22:14:00,F2,86.112,0.0,3.022,55.612,6.233,normal
2026-01-06T22:15:00,F2,80.351,0.0,2.371,80.002,5.98,normal
2026-01-06T22:16:00,F2,67.487,0.0,2.677,46.211,5.395,normal
2026-01-06T22:17:00,F2,74.845,0.0,2.727,51.059,4.575,normal
2026-01-06T22:18:00,F2,76.009,0.0,3.397,66.093,8.237,normal
2026-01-06T22:19:00,F2,79.992,0.0,3.191,71.356,6.242,normal
2026-01-06T22:20:00,F2,68.291,0.0,1.842,60.63,6.72,normal
2026-01-06T22:21:00,F2,66.649,0.0,3.387,65.565,6.036,normal
2026-01-06T22:22:00,F2,83.006,0.0,2.42,69.922,4.072,normal
2026-01-06T22:23:00,F2,81.833,0.0,3.558,66.094,8.377,normal
2026-01-06T22:24:00,F2,80.854,0.0,0.0,66.352,5.465,normal
2026-01-06T22:25:00,F2,56.868,0.0,2.44,55.107,4.356,normal
2026-01-06T22:26:00,F2,74.029,0.0,2.249,66.583,6.621,normal
2026-01-06T22:27:00,F2,68.171,0.0,3.244,45.755,4.623,normal
2026-01-06T22:28:00,F2,82.157,0.0,1.966,71.018,7.984,normal
2026-01-06T22:29:00,F2,68.097,0.0,2.643,76.874,8.907,normal
2026-01-06T22:30:00,F2,74.934,0.0,2.683,58.098,8.783,normal
2026-01-06T22:31:00,F2,80.678,0.0,1.645,63.493,7.314,normal
2026-01-06T22:32:00,F2,81.335,0.0,0.983,63.203,6.928,normal
2026-01-06T22:33:00,F2,68.013,0.0,1.949,59.46,6.738,normal
2026-01-06T22:34:00,F2,65.73,0.0,2.228,55.619,5.019,normal
2026-01-06T22:35:00,F2,75.894,0.0,1.906,62.741,8.085,normal
2026-01-06T22:36:00,F2,79.335,0.0,2.83,64.332,6.397,normal
2026-01-06T22:37:00,F2,78.776,0.0,4.449,57.262,6.156,normal
2026-01-06T22:38:00,F2,62.731,0.0,2.648,69.924,5.477,normal
2026-01-06T22:39:00,F2,73.211,0.0,3.483,56.243,6.657,normal
2026-01-06T22:40:00,F2,69.817,0.0,2.177,52.442,5.78,normal
2026-01-06T22:41:00,F2,69.223,0.0,3.372,75.209,3.398,normal
2026-01-06T22:42:00,F2,72.273,0.0,2.048,50.439,6.745,normal
2026-01-06T22:43:00,F2,86.805,0.0,2.391,40.006,6.08,normal
2026-01-06T22:44:00,F2,79.983,0.0,3.744,54.571,6.768,normal
2026-01-06T22:45:00,F2,74.067,0.0,3.326,61.762,6.253,normal
2026-01-06T22:46:00,F2,77.799,0.0,2.216,67.163,6.426,normal
2026-01-06T22:47:00,F2,85.868,0.0,2.48,58.634,7.476,normal
2026-01-06T22:48:00,F2,74.007,0.0,2.58,69.688,9.38,normal
2026-01-06T22:49:00,F2,63.852,0.0,2.444,57.258,8.074,normal
2026-01-06T22:50:00,F2,67.18,0.0,3.566,68.711,6.971,normal
2026-01-06T22:51:00,F2,66.495,0.0,1.936,57.481,6.66,normal
2026-01-06T22:52:00,F2,78.132,0.0,3.354,88.104,5.367,normal
2026-01-06T22:53:00,F2,75.601,0.0,2.448,55.312,8.434,normal
2026-01-06T22:54:00,F2,81.915,0.0,2.828,54.645,6.525,normal
2026-01-06T22:55:00,F2,76.033,0.0,3.335,61.807,7.128,normal
2026-01-06T22:56:00,F2,82.862,0.0,2.321,59.438,6.085,normal
2026-01-06T22:57:00,F2,75.87,0.0,3.059,54.172,6.138,normal
2026-01-06T22:58:00,F2,92.443,0.0,3.73,67.915,8.216,normal
2026-01-06T22:59:00,F2,79.259,0.0,3.901,48.215,5.949,normal
2026-01-06T23:00:00,F2,69.979,0.0,2.522,98.244,6.598,normal
2026-01-06T23:01:00,F2,75.744,0.0,2.584,53.792,5.337,normal
2026-01-06T23:02:00,F2,75.041,0.0,2.959,47.524,6.874,normal
2026-01-06T23:03:00,F2,71.727,0.0,3.596,70.692,9.039,normal
2026-01-06T23:04:00,F2,85.908,0.0,2.148,54.596,7.226,normal
2026-01-06T23:05:00,F2,68.951,0.0,2.846,65.062,5.851,normal
2026-01-06T23:06:00,F2,79.659,0.0,3.355,69.358,7.352,normal
2026-01-06T23:07:00,F2,75.282,0.0,2.748,55.283,5.908,normal
2026-01-06T23:08:00,F2,79.998,0.0,3.66,63.634,8.862,normal
2026-01-06T23:09:00,F2,58.271,0.0,3.487,78.388,4.929,normal
2026-01-06T23:10:00,F2,72.749,0.0,3.235,55.578,8.757,normal
2026-01-06T23:11:00,F2,76.793,0.0,2.334,57.654,6.509,normal
2026-01-06T23:12:00,F2,70.897,0.0,2.787,55.032,6.639,normal
2026-01-06T23:13:00,F2,71.521,0.0,3.641,66.438,6.153,normal
2026-01-06T23:14:00,F2,75.136,0.0,2.61,71.179,4.825,normal
2026-01-06T23:15:00,F2,65.968,0.0,2.485,61.456,9.08,normal
2026-01-06T23:16:00,F2,68.711,0.0,1.947,61.883,7.737,normal
2026-01-06T23:17:00,F2,65.564,0.0,2.311,64.229,7.109,normal
2026-01-06T23:18:00,F2,76.378,0.0,2.448,72.089,6.864,normal
2026-01-06T23:19:00,F2,77.543,0.0,1.812,66.041,4.711,normal
2026-01-06T23:20:00,F2,58.629,0.0,3.403,64.799,7.132,normal
2026-01-06T23:21:00,F2,73.126,0.0,3.147,51.018,5.316,normal
2026-01-06T23:22:00,F2,80.689,0.0,2.936,62.247,6.621,normal
2026-01-06T23:23:00,F2,68.009,0.0,2.288,71.279,7.397,normal
2026-01-06T23:24:00,F2,63.633,0.0,3.575,58.94,6.639,normal
2026-01-06T23:25:00,F2,73.41,0.0,3.233,49.936,6.935,normal
2026-01-06T23:26:00,F2,61.856,0.0,2.962,61.478,7.254,normal
2026-01-06T23:27:00,F2,78.291,0.0,3.537,64.073,3.843,normal
2026-01-06T23:28:00,F2,62.232,0.0,2.375,48.209,6.744,normal
2026-01-06T23:29:00,F2,81.118,0.0,3.358,59.508,5.516,normal
2026-01-06T23:30:00,F2,75.869,0.0,2.95,77.243,6.007,normal
2026-01-06T23:31:00,F2,87.71,0.0,2.829,58.58,7.123,normal
2026-01-06T23:32:00,F2,84.0,0.0,2.937,52.774,7.428,normal
2026-01-06T23:33:00,F2,65.901,0.0,3.058,51.314,6.448,normal
2026-01-06T23:34:00,F2,84.403,0.0,2.363,46.766,8.436,normal
2026-01-06T23:35:00,F2,73.131,0.0,1.851,69.534,6.826,normal
2026-01-06T23:36:00,F2,75.146,0.0,1.76,62.05,4.312,normal
2026-01-06T23:37:00,F2,84.886,0.0,2.986,51.301,4.153,normal
2026-01-06T23:38:00,F2,74.265,0.0,2.694,66.064,4.29,normal
2026-01-06T23:39:00,F2,67.258,0.0,2.314,58.065,5.631,normal
2026-01-06T23:40:00,F2,81.481,0.0,2.619,76.687,6.166,normal
2026-01-06T23:41:00,F2,74.569,0.0,2.951,69.982,4.678,normal
2026-01-06T23:42:00,F2,85.82,0.0,2.117,63.098,6.418,normal
2026-01-06T23:43:00,F2,79.091,0.0,2.909,52.388,4.97,normal
2026-01-06T23:44:00,F2,73.288,0.0,3.295,64.727,6.665,normal
2026-01-06T23:45:00,F2,75.986,0.0,2.097,68.981,6.591,normal
2026-01-06T23:46:00,F2,80.252,0.0,2.525,74.002,5.114,normal
2026-01-06T23:47:00,F2,54.861,0.0,1.669,56.786,9.088,normal
2026-01-06T23:48:00,F2,71.893,0.0,3.281,52.267,7.408,normal
2026-01-06T23:49:00,F2,70.492,0.0,1.809,69.36,6.909,normal
2026-01-06T23:50:00,F2,76.452,0.0,3.152,69.277,5.708,normal
2026-01-06T23:51:00,F2,79.61,0.0,3.545,58.551,5.14,normal
2026-01-06T23:52:00,F2,84.92,0.0,3.328,58.256,8.741,normal
2026-01-06T23:53:00,F2,73.777,0.0,1.945,59.897,7.251,normal
2026-01-06T23:54:00,F2,70.728,0.0,3.715,77.423,5.345,normal
2026-01-06T23:55:00,F2,76.071,0.0,3.353,75.011,8.246,normal
2026-01-06T23:56:00,F2,78.475,0.0,2.622,83.005,6.896,normal
2026-01-06T23:57:00,F2,80.11,0.0,4.216,76.213,7.043,normal
2026-01-06T23:58:00,F2,75.759,0.0,2.581,75.007,6.049,normal
2026-01-06T23:59:00,F2,78.21,0.0,2.668,70.298,5.23,normal
2026-01-07T00:00:00,F2,70.538,0.0,2.105,56.356,5.217,normal
2026-01-07T00:01:00,F2,77.926,0.0,3.212,55.02,7.211,normal
2026-01-07T00:02:00,F2,64.979,0.0,2.683,53.375,5.865,normal
2026-01-07T00:03:00,F2,74.009,0.0,2.028,57.446,7.243,normal
2026-01-07T00:04:00,F2,63.975,0.0,2.604,70.657,5.867,normal
2026-01-07T00:05:00,F2,75.011,0.0,2.586,73.248,8.635,normal
2026-01-07T00:06:00,F2,66.404,0.0,3.55,62.102,8.866,normal
2026-01-07T00:07:00,F2,67.007,0.0,2.488,60.142,6.483,normal
2026-01-07T00:08:00,F2,90.363,0.0,2.353,70.238,5.267,normal
2026-01-07T00:09:00,F2,76.458,0.0,2.303,65.812,5.272,normal
2026-01-07T00:10:00,F2,68.188,0.0,2.112,70.413,8.086,normal
2026-01-07T00:11:00,F2,80.658,0.0,2.147,61.416,7.276,normal
2026-01-07T00:12:00,F2,67.2,0.0,3.232,67.637,4.608,normal
2026-01-07T00:13:00,F2,68.933,0.0,1.722,67.833,7.244,normal
2026-01-07T00:14:00,F2,77.071,0.0,3.491,71.678,6.636,normal
2026-01-07T00:15:00,F2,82.629,0.0,3.094,62.693,7.039,normal
2026-01-07T00:16:00,F2,69.081,0.0,3.532,72.798,6.329,normal
2026-01-07T00:17:00,F2,62.956,0.0,1.934,66.313,6.802,normal
2026-01-07T00:18:00,F2,79.748,0.0,3.197,60.431,4.353,normal
2026-01-07T00:19:00,F2,69.635,0.0,2.243,49.841,7.493,normal
2026-01-07T00:20:00,F2,78.048,0.0,2.316,61.749,7.786,normal
2026-01-07T00:21:00,F2,80.707,0.0,2.141,70.172,3.413,normal
2026-01-07T00:22:00,F2,82.176,0.0,3.365,60.577,5.708,normal
2026-01-07T00:23:00,F2,70.528,0.0,2.643,50.662,6.06,normal
2026-01-07T00:24:00,F2,74.141,0.0,2.524,62.371,7.235,normal
2026-01-07T00:25:00,F2,65.382,0.0,4.552,71.271,7.544,normal
2026-01-07T00:26:00,F2,79.01,0.0,1.292,65.649,6.658,normal
2026-01-07T00:27:00,F2,73.884,0.0,3.17,63.216,7.416,normal
2026-01-07T00:28:00,F2,66.181,0.0,3.241,63.194,5.008,normal
2026-01-07T00:29:00,F2,69.017,0.0,2.683,66.325,4.692,normal
2026-01-07T00:30:00,F2,79.696,0.0,1.967,53.75,5.26,normal
2026-01-07T00:31:00,F2,67.722,0.0,3.212,72.842,6.806,normal
2026-01-07T00:32:00,F2,71.745,0.0,3.158,55.912,7.325,normal
2026-01-07T00:33:00,F2,81.092,0.0,3.054,71.038,4.312,normal
2026-01-07T00:34:00,F2,67.403,0.0,2.037,68.142,8.169,normal
2026-01-07T00:35:00,F2,76.214,0.0,2.756,70.479,3.113,normal
2026-01-07T00:36:00,F2,84.397,0.0,2.336,73.925,5.292,normal
2026-01-07T00:37:00,F2,86.913,0.0,2.19,66.653,8.171,normal
2026-01-07T00:38:00,F2,69.181,0.0,3.709,60.396,5.447,normal
2026-01-07T00:39:00,F2,88.013,0.0,3.164,68.939,7.22,normal
2026-01-07T00:40:00,F2,70.222,0.0,2.674,53.387,5.554,normal
2026-01-07T00:41:00,F2,77.619,0.0,4.261,50.048,8.457,normal
2026-01-07T00:42:00,F2,73.562,0.0,3.586,51.4,5.181,normal
2026-01-07T00:43:00,F2,71.539,0.0,2.17,55.291,6.189,normal
2026-01-07T00:44:00,F2,81.5,0.0,1.861,60.011,6.816,normal
2026-01-07T00:45:00,F2,55.02,0.0,1.731,65.455,5.369,normal
2026-01-07T00:46:00,F2,83.152,0.0,3.281,63.997,7.53,normal
2026-01-07T00:47:00,F2,67.241,0.0,1.711,62.697,7.189,normal
2026-01-07T00:48:00,F2,81.612,0.0,4.599,61.327,5.922,normal
2026-01-07T00:49:00,F2,75.07,0.0,1.839,56.235,6.569,normal
2026-01-07T00:50:00,F2,77.963,0.0,2.776,62.777,6.138,normal
2026-01-07T00:51:00,F2,65.876,0.0,2.474,71.943,7.195,normal
2026-01-07T00:52:00,F2,80.716,0.0,3.414,62.07,6.483,normal
2026-01-07T00:53:00,F2,71.952,0.0,3.357,57.597,7.384,normal
2026-01-07T00:54:00,F2,64.299,0.0,2.837,70.163,6.566,normal
2026-01-07T00:55:00,F2,84.537,0.0,2.292,59.762,5.8,normal
2026-01-07T00:56:00,F2,56.218,0.0,1.879,65.071,8.293,normal
2026-01-07T00:57:00,F2,74.652,0.0,2.417,69.42,5.255,normal
2026-01-07T00:58:00,F2,63.859,0.0,1.531,50.731,6.681,normal
2026-01-07T00:59:00,F2,92.926,0.0,1.16,54.561,5.606,normal
2026-01-07T01:00:00,F2,79.431,0.0,2.669,75.428,6.953,normal
2026-01-07T01:01:00,F2,69.688,0.0,1.977,78.063,5.207,normal
2026-01-07T01:02:00,F2,72.666,0.0,2.846,62.843,7.003,normal
2026-01-07T01:03:00,F2,86.417,0.0,3.022,71.394,3.995,normal
2026-01-07T01:04:00,F2,63.61,0.0,2.895,71.372,6.128,normal
2026-01-07T01:05:00,F2,83.495,0.0,2.679,63.075,7.108,normal
2026-01-07T01:06:00,F2,76.163,0.0,1.862,57.369,8.687,normal
2026-01-07T01:07:00,F2,81.535,0.0,2.041,74.587,9.343,normal
2026-01-07T01:08:00,F2,70.088,0.0,2.493,57.039,5.21,normal
2026-01-07T01:09:00,F2,80.456,0.0,2.764,75.813,5.058,normal
2026-01-07T01:10:00,F2,64.305,0.0,3.277,58.113,7.72,normal
2026-01-07T01:11:00,F2,70.508,0.0,3.542,56.727,5.751,normal
2026-01-07T01:12:00,F2,85.688,0.0,3.484,72.117,7.597,normal
2026-01-07T01:13:00,F2,86.227,0.0,2.13,65.237,7.902,normal
2026-01-07T01:14:00,F2,78.771,0.0,2.383,77.754,9.474,normal
2026-01-07T01:15:00,F2,69.958,0.0,2.785,81.434,7.397,normal
2026-01-07T01:16:00,F2,94.934,0.0,2.19,60.508,5.326,normal
2026-01-07T01:17:00,F2,87.067,0.0,1.858,72.187,5.678,normal
2026-01-07T01:18:00,F2,74.726,0.0,3.303,62.175,5.079,normal
2026-01-07T01:19:00,F2,76.99,0.0,2.409,62.919,6.842,normal
2026-01-07T01:20:00,F2,75.53,0.0,2.62,63.423,7.646,normal
2026-01-07T01:21:00,F2,83.906,0.0,1.149,69.637,5.521,normal
2026-01-07T01:22:00,F2,72.571,0.0,1.866,57.853,5.421,normal
2026-01-07T01:23:00,F2,82.193,0.0,1.996,66.39,7.691,normal
2026-01-07T01:24:00,F2,56.072,0.0,3.754,64.55,6.152,normal
2026-01-07T01:25:00,F2,90.976,0.0,2.767,51.315,6.264,normal
2026-01-07T01:26:00,F2,84.98,0.0,3.037,68.476,8.389,normal
2026-01-07T01:27:00,F2,81.028,0.0,4.422,67.682,6.816,normal
2026-01-07T01:28:00,F2,76.449,0.0,1.913,78.771,4.736,normal
2026-01-07T01:29:00,F2,44.914,0.0,2.186,63.961,6.694,normal
2026-01-07T01:30:00,F2,53.409,0.0,2.95,70.013,7.023,normal
2026-01-07T01:31:00,F2,88.412,0.0,2.444,72.074,0.0,normal
2026-01-07T01:32:00,F2,60.919,0.0,2.933,50.162,9.784,normal
2026-01-07T01:33:00,F2,76.749,0.0,2.797,76.255,7.388,normal
2026-01-07T01:34:00,F2,75.505,0.0,2.526,70.702,5.783,normal
2026-01-07T01:35:00,F2,56.332,0.0,3.752,58.029,7.34,normal
2026-01-07T01:36:00,F2,76.35,0.0,2.477,69.514,6.269,normal
2026-01-07T01:37:00,F2,70.448,0.0,2.394,48.928,6.682,normal
2026-01-07T01:38:00,F2,60.793,0.0,2.889,51.851,7.138,normal
2026-01-07T01:39:00,F2,79.304,0.0,3.421,45.412,5.225,normal
2026-01-07T01:40:00,F2,67.481,0.0,2.697,68.8,6.33,normal
2026-01-07T01:41:00,F2,74.474,0.0,3.191,60.753,9.127,normal
2026-01-07T01:42:00,F2,61.891,0.0,2.788,65.806,6.076,normal
2026-01-07T01:43:00,F2,78.306,0.0,2.719,64.791,6.56,normal
2026-01-07T01:44:00,F2,77.145,0.0,2.011,54.581,7.657,normal
2026-01-07T01:45:00,F2,73.088,0.0,3.353,68.704,8.331,normal
2026-01-07T01:46:00,F2,74.826,0.0,3.361,73.477,5.424,normal
2026-01-07T01:47:00,F2,83.215,0.0,3.346,65.435,7.432,normal
2026-01-07T01:48:00,F2,77.39,0.0,4.283,60.145,8.074,normal
2026-01-07T01:49:00,F2,79.078,0.0,3.305,69.487,6.196,normal
2026-01-07T01:50:00,F2,64.38,0.0,3.073,79.472,6.273,normal
2026-01-07T01:51:00,F2,78.226,0.0,2.251,55.21,6.291,normal
2026-01-07T01:52:00,F2,79.142,0.0,3.196,69.388,8.892,normal
2026-01-07T01:53:00,F2,81.545,0.0,3.175,49.504,6.763,normal
2026-01-07T01:54:00,F2,83.949,0.0,2.734,60.321,8.384,normal
2026-01-07T01:55:00,F2,77.675,0.0,1.784,58.126,6.544,normal
2026-01-07T01:56:00,F2,82.604,0.0,1.921,75.636,8.11,normal
2026-01-07T01:57:00,F2,88.981,0.0,3.198,81.853,11.356,normal
2026-01-07T01:58:00,F2,73.421,0.0,2.429,62.077,5.044,normal
2026-01-07T01:59:00,F2,60.729,0.0,2.314,60.375,1.694,normal
2026-01-07T02:00:00,F2,83.394,0.0,1.818,48.765,8.005,normal
2026-01-07T02:01:00,F2,82.586,0.0,3.875,55.824,2.638,normal
2026-01-07T02:02:00,F2,74.515,0.0,3.45,71.829,5.78,normal
2026-01-07T02:03:00,F2,73.625,0.0,2.871,73.785,4.915,normal
2026-01-07T02:04:00,F2,65.608,0.0,3.003,70.074,6.524,normal
2026-01-07T02:05:00,F2,66.297,0.0,2.988,68.279,5.829,normal
2026-01-07T02:06:00,F2,61.07,0.0,3.289,57.278,7.392,normal
2026-01-07T02:07:00,F2,75.054,0.0,3.242,56.03,5.66,normal
2026-01-07T02:08:00,F2,65.926,0.0,2.44,69.298,7.013,normal
2026-01-07T02:09:00,F2,80.248,0.0,2.01,63.891,6.317,normal
2026-01-07T02:10:00,F2,61.787,0.0,3.238,72.265,6.598,normal
2026-01-07T02:11:00,F2,82.506,0.0,2.8,56.944,5.767,normal
2026-01-07T02:12:00,F2,59.936,0.0,2.741,60.939,8.181,normal
2026-01-07T02:13:00,F2,63.932,0.0,1.17,75.877,6.619,normal
2026-01-07T02:14:00,F2,80.991,0.0,2.947,64.421,6.509,normal
2026-01-07T02:15:00,F2,75.41,0.0,2.391,66.568,4.327,normal
2026-01-07T02:16:00,F2,73.436,0.0,2.546,71.219,7.843,normal
2026-01-07T02:17:00,F2,71.619,0.0,3.331,50.588,6.561,normal
2026-01-07T02:18:00,F2,81.6,0.0,3.148,70.371,7.533,normal
2026-01-07T02:19:00,F2,67.411,0.0,3.222,70.726,3.844,normal
2026-01-07T02:20:00,F2,68.645,0.0,2.027,68.718,8.628,normal
2026-01-07T02:21:00,F2,72.242,0.0,2.826,76.824,6.339,normal
2026-01-07T02:22:00,F2,81.788,0.0,3.019,76.753,5.45,normal
2026-01-07T02:23:00,F2,79.107,0.0,3.36,59.382,8.118,normal
2026-01-07T02:24:00,F2,63.45,0.0,2.043,54.568,8.723,normal
2026-01-07T02:25:00,F2,86.681,0.0,3.246,74.058,8.962,normal
2026-01-07T02:26:00,F2,74.622,0.0,3.274,59.503,6.705,normal
2026-01-07T02:27:00,F2,78.833,0.0,3.12,49.794,4.255,normal
2026-01-07T02:28:00,F2,64.062,0.0,2.38,52.581,7.535,normal
2026-01-07T02:29:00,F2,79.174,0.0,2.186,70.55,6.884,normal
2026-01-07T02:30:00,F2,63.136,0.0,2.999,66.493,6.18,normal
2026-01-07T02:31:00,F2,69.624,0.0,2.843,55.279,8.449,normal
2026-01-07T02:32:00,F2,81.609,0.0,3.849,78.052,6.65,normal
2026-01-07T02:33:00,F2,79.913,0.0,3.497,73.805,4.989,normal
2026-01-07T02:34:00,F2,77.74,0.0,2.538,51.716,5.046,normal
2026-01-07T02:35:00,F2,74.017,0.0,3.558,62.338,4.369,normal
2026-01-07T02:36:00,F2,73.456,0.0,2.701,68.585,8.179,normal
2026-01-07T02:37:00,F2,69.894,0.0,3.17,59.933,5.314,normal
2026-01-07T02:38:00,F2,86.268,0.0,2.64,55.138,6.228,normal
2026-01-07T02:39:00,F2,86.14,0.0,1.232,64.483,7.67,normal
2026-01-07T02:40:00,F2,78.911,0.0,3.359,76.548,7.044,normal
2026-01-07T02:41:00,F2,80.859,0.0,3.332,64.202,7.426,normal
2026-01-07T02:42:00,F2,62.795,0.0,2.535,51.886,5.567,normal
2026-01-07T02:43:00,F2,76.232,0.0,3.284,55.042,3.43,normal
2026-01-07T02:44:00,F2,63.016,0.0,3.139,54.03,5.558,normal
2026-01-07T02:45:00,F2,48.178,0.0,2.404,59.177,4.238,normal
2026-01-07T02:46:00,F2,84.506,0.0,3.301,74.471,6.177,normal
2026-01-07T02:47:00,F2,76.411,0.0,2.918,85.301,7.649,normal
2026-01-07T02:48:00,F2,72.187,0.0,2.774,87.415,7.474,normal
2026-01-07T02:49:00,F2,64.894,0.0,3.065,69.279,5.144,normal
2026-01-07T02:50:00,F2,79.876,0.0,3.177,58.657,3.894,normal
2026-01-07T02:51:00,F2,72.188,0.0,2.225,51.717,9.299,normal
2026-01-07T02:52:00,F2,77.048,0.0,3.117,66.708,7.833,normal
2026-01-07T02:53:00,F2,64.311,0.0,3.374,61.771,5.66,normal
2026-01-07T02:54:00,F2,70.585,0.0,1.983,59.167,8.408,normal
2026-01-07T02:55:00,F2,78.525,0.0,1.742,61.486,6.954,normal
2026-01-07T02:56:00,F2,86.854,0.0,3.948,50.634,8.51,normal
2026-01-07T02:57:00,F2,74.099,0.0,4.552,73.356,7.976,normal
2026-01-07T02:58:00,F2,69.14,0.0,2.729,87.076,6.484,normal
2026-01-07T02:59:00,F2,67.611,0.0,3.295,62.896,6.127,normal
2026-01-07T03:00:00,F2,86.233,0.0,2.155,76.924,5.027,normal
2026-01-07T03:01:00,F2,80.458,0.0,2.642,79.908,6.995,normal
2026-01-07T03:02:00,F2,84.43,0.0,2.35,66.124,5.329,normal
2026-01-07T03:03:00,F2,76.135,0.0,1.921,64.276,6.133,normal
2026-01-07T03:04:00,F2,84.659,0.0,2.306,59.794,5.589,normal
2026-01-07T03:05:00,F2,72.296,0.0,2.866,71.899,4.146,normal
2026-01-07T03:06:00,F2,74.436,0.0,3.654,71.284,6.825,normal
2026-01-07T03:07:00,F2,81.007,0.0,1.778,55.273,4.79,normal
2026-01-07T03:08:00,F2,77.104,0.0,3.625,56.047,7.971,normal
2026-01-07T03:09:00,F2,79.607,0.0,2.447,55.355,5.952,normal
2026-01-07T03:10:00,F2,79.149,0.0,3.124,49.256,8.688,normal
2026-01-07T03:11:00,F2,77.907,0.0,3.263,57.799,6.557,normal
2026-01-07T03:12:00,F2,70.721,0.0,2.653,93.09,6.126,normal
2026-01-07T03:13:00,F2,82.511,0.0,2.987,43.02,5.884,normal
2026-01-07T03:14:00,F2,70.254,0.0,2.78,67.343,8.891,normal
2026-01-07T03:15:00,F2,75.966,0.0,3.292,51.398,6.836,normal
2026-01-07T03:16:00,F2,65.95,0.0,3.172,63.122,0.0,normal
2026-01-07T03:17:00,F2,63.66,0.0,3.179,63.807,7.28,normal
2026-01-07T03:18:00,F2,73.115,0.0,2.72,74.373,6.378,normal
2026-01-07T03:19:00,F2,67.509,0.0,2.468,48.964,5.76,normal
2026-01-07T03:20:00,F2,63.85,0.39,2.866,65.992,5.396,normal
2026-01-07T03:21:00,F2,101.618,0.0,3.723,72.498,7.079,normal
2026-01-07T03:22:00,F2,69.248,0.0,3.57,81.083,5.362,normal
2026-01-07T03:23:00,F2,76.073,0.0,3.971,67.877,7.202,normal
2026-01-07T03:24:00,F2,86.314,0.0,3.189,63.47,6.638,normal
2026-01-07T03:25:00,F2,78.77,0.0,3.465,51.532,6.257,normal
2026-01-07T03:26:00,F2,78.409,0.0,2.488,78.581,5.514,normal
2026-01-07T03:27:00,F2,70.358,0.0,3.107,64.536,7.727,normal
2026-01-07T03:28:00,F2,66.22,0.0,2.926,70.191,5.268,normal
2026-01-07T03:29:00,F2,58.32,0.021,2.16,67.291,4.085,normal
2026-01-07T03:30:00,F2,73.575,0.0,1.921,65.584,6.69,normal
2026-01-07T03:31:00,F2,67.256,0.0,1.944,50.738,6.948,normal
2026-01-07T03:32:00,F2,62.396,0.0,2.909,61.193,8.519,normal
2026-01-07T03:33:00,F2,69.346,0.0,2.258,59.294,6.258,normal
2026-01-07T03:34:00,F2,69.518,0.0,4.352,74.135,9.699,normal
2026-01-07T03:35:00,F2,78.835,0.0,2.87,81.495,6.281,normal
2026-01-07T03:36:00,F2,77.905,0.0,1.968,71.341,7.723,normal
2026-01-07T03:37:00,F2,64.305,0.0,3.402,69.254,6.857,normal
2026-01-07T03:38:00,F2,73.975,0.0,3.064,57.529,7.079,normal
2026-01-07T03:39:00,F2,66.398,0.0,3.214,75.465,5.901,normal
2026-01-07T03:40:00,F2,70.855,0.0,3.122,69.378,5.021,normal
2026-01-07T03:41:00,F2,78.751,0.0,1.104,59.847,4.911,normal
2026-01-07T03:42:00,F2,80.47,0.0,2.887,57.61,9.053,normal
2026-01-07T03:43:00,F2,76.013,0.0,3.512,63.401,7.359,normal
2026-01-07T03:44:00,F2,69.176,0.0,2.841,62.618,5.104,normal
2026-01-07T03:45:00,F2,77.035,0.0,3.827,68.364,7.105,normal
2026-01-07T03:46:00,F2,88.62,0.0,2.309,57.182,3.772,normal
2026-01-07T03:47:00,F2,81.144,0.0,3.437,70.896,7.956,normal
2026-01-07T03:48:00,F2,73.722,0.0,3.161,66.39,3.676,normal
2026-01-07T03:49:00,F2,81.585,0.0,3.256,64.897,7.458,normal
2026-01-07T03:50:00,F2,65.968,0.0,2.719,67.513,4.892,normal
2026-01-07T03:51:00,F2,73.366,0.0,2.282,79.824,5.144,normal
2026-01-07T03:52:00,F2,68.573,0.0,3.903,71.132,5.377,normal
2026-01-07T03:53:00,F2,85.189,0.0,2.507,57.989,6.276,normal
2026-01-07T03:54:00,F2,83.803,0.0,3.604,63.772,6.224,normal
2026-01-07T03:55:00,F2,62.207,0.0,2.958,73.495,5.785,normal
2026-01-07T03:56:00,F2,83.252,0.0,3.558,51.909,6.845,normal
2026-01-07T03:57:00,F2,84.265,0.0,2.647,46.027,7.113,normal
2026-01-07T03:58:00,F2,80.17,0.0,3.232,70.884,6.462,normal
2026-01-07T03:59:00,F2,79.806,0.0,3.212,71.814,7.159,normal
2026-01-07T04:00:00,F2,74.687,0.0,3.429,61.505,6.015,normal
2026-01-07T04:01:00,F2,90.535,0.0,2.663,73.112,6.231,normal
2026-01-07T04:02:00,F2,72.861,0.0,2.406,70.125,9.255,normal
2026-01-07T04:03:00,F2,61.182,0.0,3.417,60.226,2.15,normal
2026-01-07T04:04:00,F2,86.833,0.0,3.136,75.249,5.191,normal
2026-01-07T04:05:00,F2,73.828,0.0,3.383,74.73,6.448,normal
2026-01-07T04:06:00,F2,64.025,0.0,2.015,65.865,3.431,normal
2026-01-07T04:07:00,F2,83.899,0.0,3.57,49.011,5.54,normal
2026-01-07T04:08:00,F2,65.687,0.0,2.358,48.686,5.048,normal
2026-01-07T04:09:00,F2,80.85,0.0,4.328,62.112,3.601,normal
2026-01-07T04:10:00,F2,82.222,0.0,3.247,60.652,6.064,normal
2026-01-07T04:11:00,F2,68.184,0.0,2.393,59.436,8.061,normal
2026-01-07T04:12:00,F2,86.027,0.0,3.778,52.899,5.605,normal
2026-01-07T04:13:00,F2,75.679,0.0,3.059,48.312,5.067,normal
2026-01-07T04:14:00,F2,80.856,0.0,3.024,76.336,8.554,normal
2026-01-07T04:15:00,F2,65.072,0.0,3.919,66.225,6.935,normal
2026-01-07T04:16:00,F2,72.05,0.0,3.059,58.834,6.724,normal
2026-01-07T04:17:00,F2,74.543,0.0,2.67,57.468,7.041,normal
2026-01-07T04:18:00,F2,76.5,0.0,3.074,73.71,8.818,normal
2026-01-07T04:19:00,F2,84.275,0.0,2.866,63.979,7.918,normal
2026-01-07T04:20:00,F2,70.545,0.0,3.504,61.892,6.466,normal
2026-01-07T04:21:00,F2,86.556,0.0,3.269,74.621,6.568,normal
2026-01-07T04:22:00,F2,69.1,0.0,2.038,71.795,4.614,normal
2026-01-07T04:23:00,F2,71.241,0.0,2.58,60.641,5.8,normal
2026-01-07T04:24:00,F2,76.5,0.0,2.155,75.436,5.443,normal
2026-01-07T04:25:00,F2,77.403,0.0,2.778,65.37,9.192,normal
2026-01-07T04:26:00,F2,84.313,0.0,2.053,63.362,6.063,normal
2026-01-07T04:27:00,F2,68.621,0.0,3.393,67.679,4.892,normal
2026-01-07T04:28:00,F2,55.984,0.0,3.425,77.999,5.611,normal
2026-01-07T04:29:00,F2,76.363,0.0,2.816,83.891,5.205,normal
2026-01-07T04:30:00,F2,64.15,0.0,1.96,64.313,4.922,normal
2026-01-07T04:31:00,F2,86.02,0.0,2.73,67.241,6.986,normal
2026-01-07T04:32:00,F2,72.225,0.0,2.684,62.547,8.403,normal
2026-01-07T04:33:00,F2,74.31,0.0,1.714,70.279,6.673,normal
2026-01-07T04:34:00,F2,68.373,0.0,2.702,68.545,5.92,normal
2026-01-07T04:35:00,F2,82.034,0.0,2.725,80.808,5.865,normal
2026-01-07T04:36:00,F2,69.461,0.0,3.487,64.095,5.151,normal
2026-01-07T04:37:00,F2,77.332,0.0,3.708,63.848,9.499,normal
2026-01-07T04:38:00,F2,73.878,0.0,3.742,69.787,6.307,normal
2026-01-07T04:39:00,F2,73.949,0.093,2.582,78.319,6.802,normal
2026-01-07T04:40:00,F2,76.774,0.0,2.633,55.054,7.953,normal
2026-01-07T04:41:00,F2,68.616,0.0,2.931,79.369,6.495,normal
2026-01-07T04:42:00,F2,85.578,0.0,1.728,72.219,6.754,normal
2026-01-07T04:43:00,F2,66.464,0.0,3.683,53.013,5.046,normal
2026-01-07T04:44:00,F2,84.921,0.0,3.84,49.104,6.599,normal
2026-01-07T04:45:00,F2,68.54,0.0,3.081,60.787,4.981,normal
2026-01-07T04:46:00,F2,73.27,0.0,2.59,63.785,5.893,normal
2026-01-07T04:47:00,F2,67.443,0.0,3.189,56.171,6.313,normal
2026-01-07T04:48:00,F2,73.992,0.0,3.466,64.712,7.043,normal
2026-01-07T04:49:00,F2,77.187,0.0,2.602,73.375,7.125,normal
2026-01-07T04:50:00,F2,89.534,0.0,3.623,45.271,6.307,normal
2026-01-07T04:51:00,F2,83.712,0.0,4.374,72.298,6.032,normal
2026-01-07T04:52:00,F2,73.755,0.0,2.607,60.603,7.93,normal
2026-01-07T04:53:00,F2,85.536,0.031,3.948,72.865,7.97,normal
2026-01-07T04:54:00,F2,81.811,0.0,2.728,65.649,5.258,normal
2026-01-07T04:55:00,F2,68.824,0.0,1.822,63.656,8.299,normal
2026-01-07T04:56:00,F2,72.934,0.0,2.5,72.974,6.647,normal
2026-01-07T04:57:00,F2,61.178,0.0,3.269,57.367,6.774,normal
2026-01-07T04:58:00,F2,96.379,0.0,3.888,60.245,9.454,normal
2026-01-07T04:59:00,F2,74.407,0.0,2.877,52.885,6.275,normal
2026-01-07T05:00:00,F2,65.165,0.0,2.507,66.001,7.688,normal
2026-01-07T05:01:00,F2,67.705,0.0,3.247,79.603,7.039,normal
2026-01-07T05:02:00,F2,83.077,0.0,2.877,66.438,6.412,normal
2026-01-07T05:03:00,F2,88.016,0.0,3.216,67.924,5.015,normal
2026-01-07T05:04:00,F2,71.535,0.0,2.223,58.016,5.087,normal
2026-01-07T05:05:00,F2,79.246,0.0,3.982,44.346,5.575,normal
2026-01-07T05:06:00,F2,69.068,0.0,2.999,68.651,7.598,normal
2026-01-07T05:07:00,F2,70.959,0.0,4.138,48.526,7.42,normal
2026-01-07T05:08:00,F2,68.059,0.0,1.789,62.889,6.188,normal
2026-01-07T05:09:00,F2,67.799,0.0,3.714,53.673,8.146,normal
2026-01-07T05:10:00,F2,61.703,0.0,2.423,63.855,4.403,normal
2026-01-07T05:11:00,F2,72.616,0.0,3.289,64.961,6.642,normal
2026-01-07T05:12:00,F2,77.298,0.0,2.694,64.672,8.384,normal
2026-01-07T05:13:00,F2,95.793,0.0,4.086,66.259,4.355,normal
2026-01-07T05:14:00,F2,89.499,0.0,2.976,72.176,4.661,normal
2026-01-07T05:15:00,F2,69.844,0.0,2.866,73.971,5.422,normal
2026-01-07T05:16:00,F2,78.762,0.0,2.836,55.272,7.618,normal
2026-01-07T05:17:00,F2,74.852,0.0,3.036,60.278,6.626,normal
2026-01-07T05:18:00,F2,71.339,0.0,2.635,60.809,8.902,normal
2026-01-07T05:19:00,F2,70.095,0.0,2.131,61.697,8.147,normal
2026-01-07T05:20:00,F2,81.225,0.0,3.63,88.701,6.387,normal
2026-01-07T05:21:00,F2,76.863,0.0,2.708,61.01,8.175,normal
2026-01-07T05:22:00,F2,76.949,0.0,2.266,65.037,5.969,normal
2026-01-07T05:23:00,F2,79.03,0.0,2.012,61.827,7.164,normal
2026-01-07T05:24:00,F2,58.71,0.0,2.848,60.807,7.251,normal
2026-01-07T05:25:00,F2,92.771,0.0,2.524,67.519,5.649,normal
2026-01-07T05:26:00,F2,70.614,0.01,1.893,61.533,3.653,normal
2026-01-07T05:27:00,F2,70.08,0.0,3.158,64.689,8.635,normal
2026-01-07T05:28:00,F2,74.109,0.0,2.641,59.358,7.654,normal
2026-01-07T05:29:00,F2,62.502,0.0,2.247,67.446,6.625,normal
2026-01-07T05:30:00,F2,65.826,0.0,4.232,57.901,6.139,normal
2026-01-07T05:31:00,F2,67.191,0.0,2.658,50.543,10.192,normal
2026-01-07T05:32:00,F2,64.446,0.0,2.344,59.296,9.259,normal
2026-01-07T05:33:00,F2,68.971,0.056,2.263,69.744,3.991,normal
2026-01-07T05:34:00,F2,72.611,0.0,3.722,59.514,6.385,normal
2026-01-07T05:35:00,F2,86.049,0.0,2.965,65.825,7.402,normal
2026-01-07T05:36:00,F2,86.736,0.0,2.701,65.238,5.545,normal
2026-01-07T05:37:00,F2,72.916,0.0,3.995,62.818,9.018,normal
2026-01-07T05:38:00,F2,83.057,0.0,3.218,48.907,6.873,normal
2026-01-07T05:39:00,F2,86.224,0.0,2.024,50.778,5.642,normal
2026-01-07T05:40:00,F2,80.954,0.0,3.043,74.339,7.322,normal
2026-01-07T05:41:00,F2,72.292,0.0,2.334,104.823,6.286,normal
2026-01-07T05:42:00,F2,66.347,0.0,2.195,67.311,7.516,normal
2026-01-07T05:43:00,F2,80.154,0.0,3.931,56.038,6.204,normal
2026-01-07T05:44:00,F2,55.881,0.233,3.921,71.447,7.3,normal
2026-01-07T05:45:00,F2,74.194,0.0,2.701,65.191,7.026,normal
2026-01-07T05:46:00,F2,61.874,0.0,2.393,109.82,6.076,normal
2026-01-07T05:47:00,F2,72.55,0.0,2.426,60.589,7.606,normal
2026-01-07T05:48:00,F2,95.904,0.024,3.992,57.716,3.868,normal
2026-01-07T05:49:00,F2,83.222,0.0,2.607,75.947,8.344,normal
2026-01-07T05:50:00,F2,77.05,0.0,2.195,68.561,5.817,normal
2026-01-07T05:51:00,F2,66.129,0.0,2.914,66.772,8.43,normal
2026-01-07T05:52:00,F2,79.897,0.0,2.402,61.253,6.368,normal
2026-01-07T05:53:00,F2,69.84,0.0,3.674,59.955,8.475,normal
2026-01-07T05:54:00,F2,64.339,0.186,2.549,66.417,9.865,normal
2026-01-07T05:55:00,F2,77.205,0.103,3.896,65.506,7.235,normal
2026-01-07T05:56:00,F2,69.739,0.0,3.254,61.419,7.896,normal
2026-01-07T05:57:00,F2,71.595,0.0,3.893,60.752,7.664,normal
2026-01-07T05:58:00,F2,72.385,0.0,3.088,72.431,8.498,normal
2026-01-07T05:59:00,F2,68.183,0.0,3.684,65.003,7.27,normal
2026-01-07T06:00:00,F2,80.839,0.0,3.435,72.461,7.244,normal
2026-01-07T06:01:00,F2,72.344,0.0,1.063,47.52,9.403,normal
2026-01-07T06:02:00,F2,79.009,0.0,2.217,60.177,5.655,normal
2026-01-07T06:03:00,F2,73.057,0.0,2.817,80.441,5.291,normal
2026-01-07T06:04:00,F2,71.612,0.0,2.364,68.231,6.716,normal
2026-01-07T06:05:00,F2,79.768,0.0,3.91,67.208,7.447,normal
2026-01-07T06:06:00,F2,77.511,0.0,3.427,46.362,6.559,normal
2026-01-07T06:07:00,F2,68.348,0.0,3.439,42.597,6.038,normal
2026-01-07T06:08:00,F2,91.328,0.0,3.352,62.957,5.102,normal
2026-01-07T06:09:00,F2,82.948,0.044,4.446,75.576,8.281,normal
2026-01-07T06:10:00,F2,63.114,0.015,3.161,59.894,5.311,normal
2026-01-07T06:11:00,F2,88.501,0.0,3.29,61.23,8.559,normal
2026-01-07T06:12:00,F2,96.966,0.038,2.553,82.696,7.052,normal
2026-01-07T06:13:00,F2,81.02,0.0,3.222,61.511,6.297,normal
2026-01-07T06:14:00,F2,83.038,0.0,2.25,60.182,4.106,normal
2026-01-07T06:15:00,F2,74.618,0.0,5.094,52.879,6.413,normal
2026-01-07T06:16:00,F2,80.36,0.0,3.131,64.837,6.228,normal
2026-01-07T06:17:00,F2,66.791,0.096,4.127,52.41,7.145,normal
2026-01-07T06:18:00,F2,77.378,0.0,3.515,61.234,8.524,normal
2026-01-07T06:19:00,F2,71.419,0.552,3.035,75.861,8.199,normal
2026-01-07T06:20:00,F2,67.86,0.0,3.332,74.022,6.618,normal
2026-01-07T06:21:00,F2,81.711,0.182,3.848,70.854,6.781,normal
2026-01-07T06:22:00,F2,74.815,0.0,2.937,69.485,7.389,normal
2026-01-07T06:23:00,F2,77.742,0.0,3.769,56.144,5.759,normal
2026-01-07T06:24:00,F2,76.331,0.0,3.121,58.2,7.276,normal
2026-01-07T06:25:00,F2,78.153,0.0,3.404,57.921,4.565,normal
2026-01-07T06:26:00,F2,69.652,0.0,3.281,59.385,6.67,normal
2026-01-07T06:27:00,F2,70.24,0.097,3.499,64.166,7.933,normal
2026-01-07T06:28:00,F2,63.805,0.0,4.001,77.209,4.93,normal
2026-01-07T06:29:00,F2,75.258,0.0,2.921,66.999,6.605,normal
2026-01-07T06:30:00,F2,71.687,0.0,2.689,62.375,6.528,normal
2026-01-07T06:31:00,F2,77.456,0.0,3.707,61.204,6.816,normal
2026-01-07T06:32:00,F2,82.21,0.0,3.97,68.505,6.096,normal
2026-01-07T06:33:00,F2,64.236,0.0,3.223,61.808,7.862,normal
2026-01-07T06:34:00,F2,76.882,0.0,4.221,71.156,5.94,normal
2026-01-07T06:35:00,F2,85.221,0.0,2.959,54.053,10.097,normal
2026-01-07T06:36:00,F2,70.669,0.054,2.86,74.816,7.119,normal
2026-01-07T06:37:00,F2,79.368,0.0,2.183,56.375,7.45,normal
2026-01-07T06:38:00,F2,67.427,0.027,4.127,68.998,3.565,normal
2026-01-07T06:39:00,F2,66.675,0.0,3.153,55.689,4.395,normal
2026-01-07T06:40:00,F2,86.344,0.0,3.836,54.112,6.394,normal
2026-01-07T06:41:00,F2,64.569,0.0,3.046,66.597,8.164,normal
2026-01-07T06:42:00,F2,74.007,0.0,3.179,63.205,5.928,normal
2026-01-07T06:43:00,F2,67.892,0.033,2.688,70.824,4.098,normal
2026-01-07T06:44:00,F2,81.546,0.0,2.645,49.734,8.28,normal
2026-01-07T06:45:00,F2,74.902,0.0,3.145,59.172,9.569,normal
2026-01-07T06:46:00,F2,64.128,0.054,3.383,62.028,5.773,normal
2026-01-07T06:47:00,F2,82.548,0.02,3.141,50.596,6.76,normal
2026-01-07T06:48:00,F2,73.589,0.0,3.698,60.441,8.088,normal
2026-01-07T06:49:00,F2,78.143,0.039,2.638,68.392,7.464,normal
2026-01-07T06:50:00,F2,77.166,0.0,3.159,76.382,7.814,normal
2026-01-07T06:51:00,F2,65.514,0.0,2.858,69.881,9.014,normal
2026-01-07T06:52:00,F2,88.83,0.0,3.165,69.024,7.616,normal
2026-01-07T06:53:00,F2,67.257,0.0,3.72,61.972,6.535,normal
2026-01-07T06:54:00,F2,86.941,0.0,2.575,63.943,7.196,normal
2026-01-07T06:55:00,F2,63.314,0.0,2.885,57.598,6.934,normal
2026-01-07T06:56:00,F2,79.086,0.0,2.652,71.318,5.644,normal
2026-01-07T06:57:00,F2,73.177,0.0,3.023,51.639,8.779,normal
2026-01-07T06:58:00,F2,97.804,0.285,1.563,53.153,6.844,normal
2026-01-07T06:59:00,F2,78.243,0.116,3.061,75.081,6.051,normal
2026-01-07T07:00:00,F2,73.75,0.0,1.679,52.912,7.628,normal
2026-01-07T07:01:00,F2,86.548,0.0,3.154,50.267,8.884,normal
2026-01-07T07:02:00,F2,75.382,0.0,1.489,57.448,5.936,normal
2026-01-07T07:03:00,F2,60.583,0.0,3.431,59.551,9.086,normal
2026-01-07T07:04:00,F2,72.333,0.0,3.882,57.975,5.446,normal
2026-01-07T07:05:00,F2,76.398,0.0,4.324,52.521,6.933,normal
2026-01-07T07:06:00,F2,67.039,0.057,3.513,58.781,6.168,normal
2026-01-07T07:07:00,F2,73.222,0.0,1.598,63.19,7.536,normal
2026-01-07T07:08:00,F2,76.883,0.0,3.471,62.793,5.651,normal
2026-01-07T07:09:00,F2,77.899,0.0,2.027,61.345,6.194,normal
2026-01-07T07:10:00,F2,79.533,0.0,2.433,61.497,9.522,normal
2026-01-07T07:11:00,F2,78.34,0.035,4.275,54.247,7.456,normal
2026-01-07T07:12:00,F2,86.854,0.0,2.911,76.081,5.969,normal
2026-01-07T07:13:00,F2,63.826,0.182,2.943,57.89,4.347,normal
2026-01-07T07:14:00,F2,79.898,0.0,3.907,64.395,6.937,normal
2026-01-07T07:15:00,F2,87.042,0.0,2.66,63.891,6.552,normal
2026-01-07T07:16:00,F2,74.421,0.0,1.835,59.923,8.022,normal
2026-01-07T07:17:00,F2,60.636,0.0,3.75,73.051,8.649,normal
2026-01-07T07:18:00,F2,78.766,0.043,3.868,55.618,7.875,normal
2026-01-07T07:19:00,F2,82.026,0.0,2.564,46.202,6.369,normal
2026-01-07T07:20:00,F2,58.887,0.0,3.202,62.232,7.822,normal
2026-01-07T07:21:00,F2,71.043,0.0,2.187,63.77,5.568,normal
2026-01-07T07:22:00,F2,75.89,0.0,4.073,68.622,8.102,normal
2026-01-07T07:23:00,F2,76.317,0.0,2.486,54.111,5.237,normal
2026-01-07T07:24:00,F2,80.811,0.0,2.398,71.716,7.138,normal
2026-01-07T07:25:00,F2,80.708,0.0,3.006,56.904,6.682,normal
2026-01-07T07:26:00,F2,77.291,0.0,3.245,61.877,8.967,normal
2026-01-07T07:27:00,F2,85.45,0.0,2.149,73.308,6.936,normal
2026-01-07T07:28:00,F2,64.876,0.0,2.931,59.061,8.232,normal
2026-01-07T07:29:00,F2,68.034,0.01,3.343,75.789,8.238,normal
2026-01-07T07:30:00,F2,65.629,0.0,2.349,73.781,8.194,normal
2026-01-07T07:31:00,F2,71.927,0.098,4.269,67.341,8.764,normal
2026-01-07T07:32:00,F2,79.231,0.0,3.71,49.441,7.817,normal
2026-01-07T07:33:00,F2,67.348,0.0,3.108,61.027,7.641,normal
2026-01-07T07:34:00,F2,76.267,0.0,3.646,62.186,5.515,normal
2026-01-07T07:35:00,F2,74.764,0.0,1.616,62.828,7.313,normal
2026-01-07T07:36:00,F2,73.973,0.0,3.196,68.547,8.363,normal
2026-01-07T07:37:00,F2,78.421,0.0,1.893,65.517,5.826,normal
2026-01-07T07:38:00,F2,86.56,0.2,3.045,84.35,6.745,normal
2026-01-07T07:39:00,F2,76.955,0.279,2.91,58.895,8.943,normal
2026-01-07T07:40:00,F2,75.299,0.0,3.016,71.955,7.789,normal
2026-01-07T07:41:00,F2,81.604,0.071,3.398,51.702,7.659,normal
2026-01-07T07:42:00,F2,68.786,0.0,3.529,55.85,8.466,normal
2026-01-07T07:43:00,F2,76.857,0.0,4.29,71.343,6.505,normal
2026-01-07T07:44:00,F2,89.509,0.0,4.295,55.535,7.191,normal
2026-01-07T07:45:00,F2,90.092,0.0,3.995,59.626,11.215,normal
2026-01-07T07:46:00,F2,81.152,0.0,2.792,55.035,6.079,normal
2026-01-07T07:47:00,F2,74.397,0.0,2.856,64.483,5.807,normal
2026-01-07T07:48:00,F2,86.829,0.07,3.031,72.224,7.454,normal
2026-01-07T07:49:00,F2,92.243,0.16,4.002,55.855,6.085,normal
2026-01-07T07:50:00,F2,69.74,0.0,2.341,65.672,5.244,normal
2026-01-07T07:51:00,F2,69.788,0.0,3.344,64.088,7.99,normal
2026-01-07T07:52:00,F2,83.016,0.017,3.622,55.207,6.716,normal
2026-01-07T07:53:00,F2,51.006,0.024,3.076,55.747,7.966,normal
2026-01-07T07:54:00,F2,75.095,0.0,3.573,62.303,9.006,normal
2026-01-07T07:55:00,F2,70.52,0.0,2.735,52.089,4.394,normal
2026-01-07T07:56:00,F2,68.015,0.0,2.577,54.711,6.847,normal
2026-01-07T07:57:00,F2,84.656,0.178,4.189,59.654,6.251,normal
2026-01-07T07:58:00,F2,71.062,0.0,3.519,65.837,8.7,normal
2026-01-07T07:59:00,F2,71.88,0.031,3.548,76.506,7.141,normal
2026-01-07T08:00:00,F2,75.017,0.03,3.589,68.501,6.659,normal
2026-01-07T08:01:00,F2,73.807,0.0,3.107,64.287,6.534,normal
2026-01-07T08:02:00,F2,77.029,0.0,2.692,91.14,7.32,normal
2026-01-07T08:03:00,F2,74.433,0.0,3.421,70.896,6.287,normal
2026-01-07T08:04:00,F2,60.193,0.0,2.642,65.44,7.802,normal
2026-01-07T08:05:00,F2,63.955,0.0,3.273,68.6,8.519,normal
2026-01-07T08:06:00,F2,73.367,0.0,4.151,50.285,6.076,normal
2026-01-07T08:07:00,F2,67.809,0.0,3.113,72.759,5.798,normal
2026-01-07T08:08:00,F2,72.45,0.189,2.784,80.956,5.966,normal
2026-01-07T08:09:00,F2,90.678,0.0,3.169,81.696,7.546,normal
2026-01-07T08:10:00,F2,74.027,0.0,2.113,76.673,6.17,normal
2026-01-07T08:11:00,F2,83.192,0.051,3.031,70.198,8.22,normal
2026-01-07T08:12:00,F2,93.628,0.0,4.432,56.19,5.595,normal
2026-01-07T08:13:00,F2,80.246,0.0,2.683,52.862,10.351,normal
2026-01-07T08:14:00,F2,69.859,0.0,2.733,71.927,8.401,normal
2026-01-07T08:15:00,F2,95.438,0.247,3.474,59.573,8.579,normal
2026-01-07T08:16:00,F2,79.082,0.109,3.148,62.045,5.359,normal
2026-01-07T08:17:00,F2,70.0,0.135,2.514,52.62,8.397,normal
2026-01-07T08:18:00,F2,79.335,0.109,4.361,67.178,5.667,normal
2026-01-07T08:19:00,F2,66.862,0.0,3.554,50.874,5.802,normal
2026-01-07T08:20:00,F2,74.821,0.0,2.431,45.106,6.534,normal
2026-01-07T08:21:00,F2,75.67,0.023,3.09,61.778,5.33,normal
2026-01-07T08:22:00,F2,76.162,0.0,2.528,68.332,8.529,normal
2026-01-07T08:23:00,F2,74.895,0.0,3.058,76.623,6.556,normal
2026-01-07T08:24:00,F2,77.733,0.0,2.949,61.536,6.987,normal
2026-01-07T08:25:00,F2,63.342,0.0,4.001,76.047,6.767,normal
2026-01-07T08:26:00,F2,90.893,0.367,2.15,69.557,6.775,normal
2026-01-07T08:27:00,F2,79.997,0.0,4.022,89.245,7.356,normal
2026-01-07T08:28:00,F2,71.237,0.0,4.538,65.539,6.872,normal
2026-01-07T08:29:00,F2,66.051,0.066,2.776,49.142,6.396,normal
2026-01-07T08:30:00,F2,76.423,0.0,4.147,53.99,5.038,normal
2026-01-07T08:31:00,F2,83.632,0.0,2.695,69.603,6.334,normal
2026-01-07T08:32:00,F2,90.887,0.0,3.285,63.672,7.953,normal
2026-01-07T08:33:00,F2,65.334,0.192,2.553,62.862,5.28,normal
2026-01-07T08:34:00,F2,70.692,0.081,2.418,57.545,4.626,normal
2026-01-07T08:35:00,F2,78.714,0.0,3.41,61.307,8.761,normal
2026-01-07T08:36:00,F2,61.362,0.005,4.023,66.562,7.389,normal
2026-01-07T08:37:00,F2,72.89,0.155,3.113,51.987,8.384,normal
2026-01-07T08:38:00,F2,72.425,0.262,2.746,66.925,5.292,normal
2026-01-07T08:39:00,F2,81.536,0.0,2.774,69.695,5.972,normal
2026-01-07T08:40:00,F2,40.509,0.0,3.681,71.034,5.78,normal
2026-01-07T08:41:00,F2,71.921,0.361,2.416,53.399,5.513,normal
2026-01-07T08:42:00,F2,63.32,0.204,4.052,86.904,8.615,normal
2026-01-07T08:43:00,F2,84.603,0.071,3.588,63.908,5.807,normal
2026-01-07T08:44:00,F2,58.412,0.279,4.321,68.004,7.553,normal
2026-01-07T08:45:00,F2,87.56,0.184,3.807,69.72,8.979,normal
2026-01-07T08:46:00,F2,70.04,0.0,5.199,44.909,7.395,normal
2026-01-07T08:47:00,F2,60.689,0.0,3.331,70.588,5.231,normal
2026-01-07T08:48:00,F2,70.87,0.0,2.176,60.585,7.023,normal
2026-01-07T08:49:00,F2,51.633,0.082,3.28,57.933,8.712,normal
2026-01-07T08:50:00,F2,79.659,0.073,2.792,66.353,5.498,normal
2026-01-07T08:51:00,F2,75.139,0.0,2.965,52.661,6.201,normal
2026-01-07T08:52:00,F2,71.093,0.135,3.087,71.084,7.049,normal
2026-01-07T08:53:00,F2,71.767,0.0,2.334,82.274,8.325,normal
2026-01-07T08:54:00,F2,85.454,0.0,2.424,69.148,6.467,normal
2026-01-07T08:55:00,F2,79.228,0.051,3.739,51.485,6.862,normal
2026-01-07T08:56:00,F2,74.474,0.245,3.498,53.738,5.895,normal
2026-01-07T08:57:00,F2,78.638,0.166,3.915,51.986,8.531,normal
2026-01-07T08:58:00,F2,71.561,0.122,3.857,71.263,6.393,normal
2026-01-07T08:59:00,F2,77.173,0.0,2.416,70.231,6.534,normal
2026-01-07T09:00:00,F2,81.802,0.0,3.261,53.98,5.337,normal
2026-01-07T09:01:00,F2,81.656,0.056,3.611,59.842,3.79,normal
2026-01-07T09:02:00,F2,73.956,0.0,3.804,51.087,6.395,normal
2026-01-07T09:03:00,F2,75.383,0.0,3.391,59.058,6.013,normal
2026-01-07T09:04:00,F2,65.825,0.05,3.829,56.734,6.648,normal
2026-01-07T09:05:00,F2,71.884,0.02,3.012,69.193,8.222,normal
2026-01-07T09:06:00,F2,87.082,0.203,2.792,47.139,4.06,normal
2026-01-07T09:07:00,F2,57.423,0.0,3.285,68.465,8.363,normal
2026-01-07T09:08:00,F2,79.427,0.0,2.688,68.342,8.361,normal
2026-01-07T09:09:00,F2,82.92,0.104,3.127,58.981,6.156,normal
2026-01-07T09:10:00,F2,91.727,0.0,3.423,57.05,4.822,normal
2026-01-07T09:11:00,F2,78.87,0.0,2.846,57.503,8.941,normal
2026-01-07T09:12:00,F2,91.632,0.257,3.508,56.111,9.368,normal
2026-01-07T09:13:00,F2,70.507,0.13,3.124,64.5,7.411,normal
2026-01-07T09:14:00,F2,80.364,0.0,2.099,50.101,6.793,normal
2026-01-07T09:15:00,F2,80.729,0.0,2.974,66.465,6.966,normal
2026-01-07T09:16:00,F2,81.475,0.0,1.83,70.627,5.852,normal
2026-01-07T09:17:00,F2,72.461,0.232,4.704,70.58,6.49,normal
2026-01-07T09:18:00,F2,76.704,0.0,2.715,68.02,6.964,normal
2026-01-07T09:19:00,F2,71.785,0.0,4.245,64.375,8.357,normal
2026-01-07T09:20:00,F2,81.809,0.073,2.29,54.88,7.334,normal
2026-01-07T09:21:00,F2,71.617,0.051,4.648,70.64,3.06,normal
2026-01-07T09:22:00,F2,72.497,0.0,3.253,76.845,6.452,normal
2026-01-07T09:23:00,F2,75.361,0.0,3.498,77.685,7.354,normal
2026-01-07T09:24:00,F2,67.955,0.0,4.09,53.729,8.111,normal
2026-01-07T09:25:00,F2,58.024,0.222,3.191,65.634,7.432,normal
2026-01-07T09:26:00,F2,72.29,0.0,4.218,76.895,4.838,normal
2026-01-07T09:27:00,F2,71.523,0.02,3.458,56.126,4.804,normal
2026-01-07T09:28:00,F2,66.173,0.0,3.856,72.769,7.471,normal
2026-01-07T09:29:00,F2,68.397,0.164,3.544,56.365,6.863,normal
2026-01-07T09:30:00,F2,66.937,0.0,2.638,63.205,7.139,normal
2026-01-07T09:31:00,F2,72.384,0.0,4.107,66.417,7.197,normal
2026-01-07T09:32:00,F2,86.719,0.295,3.834,76.245,5.96,normal
2026-01-07T09:33:00,F2,89.032,0.0,3.392,64.279,7.117,normal
2026-01-07T09:34:00,F2,63.782,0.0,3.48,60.52,7.629,normal
2026-01-07T09:35:00,F2,91.103,0.0,3.082,76.221,5.359,normal
2026-01-07T09:36:00,F2,73.968,0.072,4.093,66.496,6.376,normal
2026-01-07T09:37:00,F2,100.185,0.284,4.927,57.276,7.61,normal
2026-01-07T09:38:00,F2,66.951,0.0,3.034,68.828,6.852,normal
2026-01-07T09:39:00,F2,76.079,0.0,3.383,63.802,6.867,normal
2026-01-07T09:40:00,F2,87.981,0.34,3.758,76.986,6.67,normal
2026-01-07T09:41:00,F2,76.543,0.12,2.965,55.485,5.831,normal
2026-01-07T09:42:00,F2,88.387,0.02,2.469,60.0,9.342,normal
2026-01-07T09:43:00,F2,81.448,0.028,4.65,64.651,5.15,normal
2026-01-07T09:44:00,F2,62.652,0.145,3.917,66.765,8.31,normal
2026-01-07T09:45:00,F2,78.573,0.19,3.166,62.086,7.023,normal
2026-01-07T09:46:00,F2,72.958,0.051,3.516,63.18,7.905,normal
2026-01-07T09:47:00,F2,63.22,0.214,3.399,61.732,9.232,normal
2026-01-07T09:48:00,F2,67.32,0.0,3.073,77.471,7.26,normal
2026-01-07T09:49:00,F2,68.236,0.0,2.499,55.546,7.508,normal
2026-01-07T09:50:00,F2,83.506,0.058,3.475,61.354,6.118,normal
2026-01-07T09:51:00,F2,65.13,0.0,3.232,71.875,5.468,normal
2026-01-07T09:52:00,F2,71.804,0.347,2.886,75.276,5.425,normal
2026-01-07T09:53:00,F2,80.844,0.0,3.654,79.256,8.551,normal
2026-01-07T09:54:00,F2,76.518,0.17,3.328,69.808,6.672,normal
2026-01-07T09:55:00,F2,62.489,0.465,3.463,58.17,7.055,normal
2026-01-07T09:56:00,F2,61.564,0.2,2.87,61.377,10.675,normal
2026-01-07T09:57:00,F2,79.027,0.339,3.356,62.394,7.035,normal
2026-01-07T09:58:00,F2,72.454,0.0,3.396,58.31,6.268,normal
2026-01-07T09:59:00,F2,76.104,0.342,2.585,75.603,6.006,normal
2026-01-07T10:00:00,F2,71.017,0.0,2.551,56.9,5.399,normal
2026-01-07T10:01:00,F2,49.435,0.0,3.781,66.331,6.941,normal
2026-01-07T10:02:00,F2,79.095,0.0,3.245,75.35,10.107,normal
2026-01-07T10:03:00,F2,70.881,0.186,3.188,78.672,7.307,normal
2026-01-07T10:04:00,F2,65.93,0.114,3.133,66.584,7.29,normal
2026-01-07T10:05:00,F2,83.887,0.263,3.377,59.051,5.755,normal
2026-01-07T10:06:00,F2,71.295,0.248,3.712,61.77,7.698,normal
2026-01-07T10:07:00,F2,80.718,0.105,3.574,72.394,9.783,normal
2026-01-07T10:08:00,F2,71.223,0.0,3.359,58.512,8.306,normal
2026-01-07T10:09:00,F2,70.726,0.07,2.573,58.607,5.609,normal
2026-01-07T10:10:00,F2,70.854,0.123,3.338,70.878,5.724,normal
2026-01-07T10:11:00,F2,72.153,0.242,3.239,60.288,7.738,normal
2026-01-07T10:12:00,F2,68.667,0.17,4.093,62.369,9.659,normal
2026-01-07T10:13:00,F2,70.979,0.499,3.81,70.677,7.595,normal
2026-01-07T10:14:00,F2,74.519,0.254,3.729,67.624,10.084,normal
2026-01-07T10:15:00,F2,77.141,0.105,3.102,61.475,7.107,normal
2026-01-07T10:16:00,F2,76.572,0.252,3.657,67.576,5.979,normal
2026-01-07T10:17:00,F2,79.306,0.251,1.841,62.747,6.587,normal
2026-01-07T10:18:00,F2,68.442,0.0,3.197,76.619,6.5,normal
2026-01-07T10:19:00,F2,83.456,0.202,3.347,70.543,8.144,normal
2026-01-07T10:20:00,F2,72.851,0.243,2.613,78.551,7.013,normal
2026-01-07T10:21:00,F2,68.914,0.195,2.681,77.451,7.316,normal
2026-01-07T10:22:00,F2,83.505,0.0,3.245,62.778,6.38,normal
2026-01-07T10:23:00,F2,81.35,0.208,3.102,74.742,7.308,normal
2026-01-07T10:24:00,F2,70.543,0.139,3.276,82.197,8.838,normal
2026-01-07T10:25:00,F2,70.715,0.01,2.538,80.68,8.184,normal
2026-01-07T10:26:00,F2,73.399,0.0,3.572,48.849,5.975,normal
2026-01-07T10:27:00,F2,62.56,0.293,3.453,66.779,5.263,normal
2026-01-07T10:28:00,F2,68.725,0.062,2.578,66.01,9.253,normal
2026-01-07T10:29:00,F2,81.123,0.003,3.591,75.819,6.686,normal
2026-01-07T10:30:00,F2,72.792,0.0,3.869,64.985,8.221,normal
2026-01-07T10:31:00,F2,75.377,0.136,2.898,69.154,5.853,normal
2026-01-07T10:32:00,F2,70.87,0.187,3.935,67.779,8.569,normal
2026-01-07T10:33:00,F2,79.061,0.055,4.181,41.31,8.483,normal
2026-01-07T10:34:00,F2,65.173,0.0,4.145,60.844,5.831,normal
2026-01-07T10:35:00,F2,44.548,0.283,2.885,68.997,6.179,normal
2026-01-07T10:36:00,F2,74.368,0.079,3.358,72.179,7.209,normal
2026-01-07T10:37:00,F2,77.103,0.184,3.005,52.037,6.855,normal
2026-01-07T10:38:00,F2,71.305,0.0,3.829,53.168,5.922,normal
2026-01-07T10:39:00,F2,73.594,0.0,2.848,63.321,8.864,normal
2026-01-07T10:40:00,F2,72.546,0.44,3.608,73.803,8.776,normal
2026-01-07T10:41:00,F2,72.66,0.0,2.865,51.336,7.332,normal
2026-01-07T10:42:00,F2,78.522,0.364,4.277,72.688,4.024,normal
2026-01-07T10:43:00,F2,80.681,0.0,3.511,81.829,9.102,normal
2026-01-07T10:44:00,F2,65.604,0.0,5.139,66.466,10.166,normal
2026-01-07T10:45:00,F2,73.359,0.038,3.354,61.8,7.731,normal
2026-01-07T10:46:00,F2,81.683,0.131,4.085,59.746,7.292,normal
2026-01-07T10:47:00,F2,79.548,0.101,3.976,62.776,8.427,normal
2026-01-07T10:48:00,F2,75.75,0.271,3.591,74.87,7.233,normal
2026-01-07T10:49:00,F2,83.013,0.233,3.339,59.055,9.167,normal
2026-01-07T10:50:00,F2,71.345,0.04,4.225,53.65,6.858,normal
2026-01-07T10:51:00,F2,83.84,0.473,2.31,70.558,5.368,normal
2026-01-07T10:52:00,F2,69.035,0.0,3.364,70.27,7.761,normal
2026-01-07T10:53:00,F2,77.767,0.137,3.565,61.113,6.057,normal
2026-01-07T10:54:00,F2,79.072,0.228,2.498,79.416,7.516,normal
2026-01-07T10:55:00,F2,71.014,0.121,3.032,69.185,7.864,normal
2026-01-07T10:56:00,F2,74.977,0.2,4.422,74.5,8.49,normal
2026-01-07T10:57:00,F2,88.325,0.148,3.386,61.844,7.01,normal
2026-01-07T10:58:00,F2,60.822,0.09,2.734,63.388,7.825,normal
2026-01-07T10:59:00,F2,65.778,0.389,4.204,74.77,10.741,normal
2026-01-07T11:00:00,F2,83.376,0.128,4.025,60.198,6.805,normal
2026-01-07T11:01:00,F2,80.928,0.1,4.484,64.949,5.371,normal
2026-01-07T11:02:00,F2,78.209,0.191,3.142,66.364,8.62,normal
2026-01-07T11:03:00,F2,80.921,0.0,3.43,69.19,9.408,normal
2026-01-07T11:04:00,F2,75.775,0.221,3.732,68.263,5.661,normal
2026-01-07T11:05:00,F2,78.703,0.278,2.126,63.024,6.498,normal
2026-01-07T11:06:00,F2,66.228,0.109,4.275,75.115,9.815,normal
2026-01-07T11:07:00,F2,79.463,0.158,3.626,68.928,10.676,normal
2026-01-07T11:08:00,F2,70.431,0.214,3.611,66.148,7.631,normal
2026-01-07T11:09:00,F2,75.386,0.21,3.143,65.455,8.067,normal
2026-01-07T11:10:00,F2,70.746,0.0,3.765,63.129,8.998,normal
2026-01-07T11:11:00,F2,66.999,0.022,4.212,79.229,4.59,normal
2026-01-07T11:12:00,F2,68.942,0.188,2.716,72.259,6.153,normal
2026-01-07T11:13:00,F2,81.859,0.232,2.35,66.066,8.292,normal
2026-01-07T11:14:00,F2,72.469,0.192,3.596,68.899,7.648,normal
2026-01-07T11:15:00,F2,84.838,0.461,4.075,62.874,5.783,normal
2026-01-07T11:16:00,F2,66.812,0.0,3.56,66.386,9.004,normal
2026-01-07T11:17:00,F2,75.737,0.143,3.112,59.661,6.831,normal
2026-01-07T11:18:00,F2,71.935,0.252,3.598,54.127,8.277,normal
2026-01-07T11:19:00,F2,82.813,0.217,3.81,66.27,9.72,normal
2026-01-07T11:20:00,F2,78.36,0.142,1.907,69.956,7.526,normal
2026-01-07T11:21:00,F2,91.76,0.334,2.693,64.033,6.731,normal
2026-01-07T11:22:00,F2,75.282,0.15,3.002,59.24,9.066,normal
2026-01-07T11:23:00,F2,78.092,0.243,3.827,68.687,6.299,normal
2026-01-07T11:24:00,F2,75.128,0.0,3.385,64.11,5.775,normal
2026-01-07T11:25:00,F2,72.201,0.202,3.551,55.183,9.632,normal
2026-01-07T11:26:00,F2,68.077,0.157,2.925,66.077,6.127,normal
2026-01-07T11:27:00,F2,76.893,0.24,2.309,62.215,6.888,normal
2026-01-07T11:28:00,F2,81.533,0.217,3.323,71.772,6.745,normal
2026-01-07T11:29:00,F2,78.208,0.457,4.088,69.041,5.626,normal
2026-01-07T11:30:00,F2,84.248,0.334,3.206,58.006,7.426,normal
2026-01-07T11:31:00,F2,54.559,0.273,3.307,60.516,6.492,normal
2026-01-07T11:32:00,F2,79.56,0.141,3.05,70.861,8.147,normal
2026-01-07T11:33:00,F2,76.961,0.245,2.36,55.776,8.303,normal
2026-01-07T11:34:00,F2,65.586,0.185,3.785,69.644,6.66,normal
2026-01-07T11:35:00,F2,79.839,0.052,2.894,56.975,6.157,normal
2026-01-07T11:36:00,F2,70.822,0.096,2.769,73.841,5.566,normal
2026-01-07T11:37:00,F2,75.273,0.0,3.918,82.742,7.885,normal
2026-01-07T11:38:00,F2,81.208,0.405,3.304,72.54,7.629,normal
2026-01-07T11:39:00,F2,66.411,0.0,1.973,60.929,7.961,normal
2026-01-07T11:40:00,F2,66.233,0.217,3.839,56.095,8.084,normal
2026-01-07T11:41:00,F2,71.523,0.157,2.837,72.16,7.447,normal
2026-01-07T11:42:00,F2,80.128,0.27,3.597,86.532,7.504,normal
2026-01-07T11:43:00,F2,71.726,0.081,3.201,61.032,7.799,normal
2026-01-07T11:44:00,F2,75.732,0.366,3.092,68.823,7.723,normal
2026-01-07T11:45:00,F2,73.513,0.224,3.064,62.374,4.031,normal
2026-01-07T11:46:00,F2,77.868,0.29,3.706,57.422,8.535,normal
2026-01-07T11:47:00,F2,67.719,0.321,3.021,66.872,6.664,normal
2026-01-07T11:48:00,F2,85.354,0.177,4.0,76.808,8.323,normal
2026-01-07T11:49:00,F2,84.078,0.0,4.418,62.258,9.414,normal
2026-01-07T11:50:00,F2,60.106,0.106,3.572,51.409,7.761,normal
2026-01-07T11:51:00,F2,75.915,0.357,5.29,61.073,5.156,normal
2026-01-07T11:52:00,F2,77.21,0.0,3.1,69.41,7.219,normal
2026-01-07T11:53:00,F2,64.986,0.269,3.577,62.789,8.189,normal
2026-01-07T11:54:00,F2,63.999,0.361,3.247,78.766,9.376,normal
2026-01-07T11:55:00,F2,81.021,0.301,3.303,66.015,7.687,normal
2026-01-07T11:56:00,F2,72.017,0.0,4.549,62.599,8.391,normal
2026-01-07T11:57:00,F2,66.237,0.423,2.371,66.104,6.608,normal
2026-01-07T11:58:00,F2,74.736,0.204,4.004,57.83,5.925,normal
2026-01-07T11:59:00,F2,77.228,0.181,3.79,48.785,7.012,normal
2026-01-07T12:00:00,F2,74.551,0.48,3.375,60.771,8.121,normal
2026-01-07T12:01:00,F2,66.859,0.276,2.323,43.58,8.63,normal
2026-01-07T12:02:00,F2,75.493,0.174,3.281,68.364,8.049,normal
2026-01-07T12:03:00,F2,79.531,0.365,3.839,62.967,6.535,normal
2026-01-07T12:04:00,F2,70.568,0.33,3.837,63.783,7.621,normal
2026-01-07T12:05:00,F2,81.226,0.413,3.217,45.876,7.198,normal
2026-01-07T12:06:00,F2,69.577,0.18,3.454,63.273,7.463,normal
2026-01-07T12:07:00,F2,67.817,0.336,3.16,69.959,8.182,normal
2026-01-07T12:08:00,F2,86.771,0.305,2.737,65.13,7.498,normal
2026-01-07T12:09:00,F2,88.699,0.197,3.883,63.379,7.578,normal
2026-01-07T12:10:00,F2,79.963,0.172,2.782,62.997,7.85,normal
2026-01-07T12:11:00,F2,84.164,0.31,2.926,79.14,4.137,normal
2026-01-07T12:12:00,F2,63.908,0.297,3.284,76.157,7.319,normal
2026-01-07T12:13:00,F2,66.937,0.327,5.108,59.539,8.301,normal
2026-01-07T12:14:00,F2,83.078,0.525,4.343,62.86,9.22,normal
2026-01-07T12:15:00,F2,66.12,0.488,1.829,77.251,8.714,normal
2026-01-07T12:16:00,F2,80.808,0.318,3.639,60.489,7.171,normal
2026-01-07T12:17:00,F2,77.945,0.379,3.289,64.189,7.787,normal
2026-01-07T12:18:00,F2,81.823,0.143,2.709,64.608,6.619,normal
2026-01-07T12:19:00,F2,81.013,0.224,3.07,60.748,6.711,normal
2026-01-07T12:20:00,F2,77.657,0.174,2.937,66.719,5.945,normal
2026-01-07T12:21:00,F2,84.469,0.308,5.796,75.354,5.588,normal
2026-01-07T12:22:00,F2,76.336,0.305,3.898,73.791,7.973,normal
2026-01-07T12:23:00,F2,77.725,0.0,3.317,60.419,9.942,normal
2026-01-07T12:24:00,F2,71.197,0.0,3.103,88.27,7.386,normal
2026-01-07T12:25:00,F2,74.128,0.536,2.137,55.977,8.101,normal
2026-01-07T12:26:00,F2,71.572,0.227,3.609,60.953,7.044,normal
2026-01-07T12:27:00,F2,78.674,0.56,4.349,85.554,6.822,normal
2026-01-07T12:28:00,F2,88.436,0.368,3.073,64.471,6.478,normal
2026-01-07T12:29:00,F2,78.866,0.417,4.44,46.632,6.063,normal
2026-01-07T12:30:00,F2,61.89,0.37,2.977,69.423,5.731,normal
2026-01-07T12:31:00,F2,90.66,0.35,4.096,59.859,4.272,normal
2026-01-07T12:32:00,F2,84.286,0.644,3.84,66.106,10.633,normal
2026-01-07T12:33:00,F2,77.12,0.203,3.201,58.767,7.044,normal
2026-01-07T12:34:00,F2,69.849,0.188,3.15,73.264,6.24,normal
2026-01-07T12:35:00,F2,65.011,0.708,4.812,57.503,8.609,normal
2026-01-07T12:36:00,F2,75.9,0.547,3.789,68.989,7.675,normal
2026-01-07T12:37:00,F2,88.319,0.372,3.416,53.486,8.108,normal
2026-01-07T12:38:00,F2,82.361,0.24,3.333,61.71,9.141,normal
2026-01-07T12:39:00,F2,77.74,0.311,3.505,71.339,6.694,normal
2026-01-07T12:40:00,F2,83.146,0.558,2.577,56.752,6.358,normal
2026-01-07T12:41:00,F2,77.064,0.229,3.86,63.383,6.234,normal
2026-01-07T12:42:00,F2,77.807,0.462,4.563,60.901,8.292,normal
2026-01-07T12:43:00,F2,69.573,0.119,3.305,71.638,5.698,normal
2026-01-07T12:44:00,F2,92.403,0.335,4.484,60.663,7.764,normal
2026-01-07T12:45:00,F2,70.331,0.198,4.154,79.225,8.541,normal
2026-01-07T12:46:00,F2,65.186,0.279,3.938,51.817,8.79,normal
2026-01-07T12:47:00,F2,80.163,0.269,3.456,51.728,6.778,normal
2026-01-07T12:48:00,F2,80.056,0.43,3.402,50.756,4.238,normal
2026-01-07T12:49:00,F2,67.173,0.255,4.01,71.577,5.524,normal
2026-01-07T12:50:00,F2,82.573,0.217,3.837,77.992,4.825,normal
2026-01-07T12:51:00,F2,65.723,0.472,4.525,81.189,7.131,normal
2026-01-07T12:52:00,F2,89.837,0.325,3.224,69.717,6.31,normal
2026-01-07T12:53:00,F2,83.359,0.007,2.493,50.982,6.566,normal
2026-01-07T12:54:00,F2,81.446,0.369,3.535,66.825,6.8,normal
2026-01-07T12:55:00,F2,71.176,0.048,3.256,70.942,7.609,normal
2026-01-07T12:56:00,F2,72.721,0.312,3.741,69.439,7.722,normal
2026-01-07T12:57:00,F2,63.447,0.425,4.422,77.526,9.916,normal
2026-01-07T12:58:00,F2,72.623,0.089,3.519,58.118,6.451,normal
2026-01-07T12:59:00,F2,74.409,0.217,3.39,65.57,7.242,normal
2026-01-07T13:00:00,F2,88.592,0.122,3.422,54.427,7.035,normal
2026-01-07T13:01:00,F2,77.853,0.217,3.309,64.288,5.283,normal
2026-01-07T13:02:00,F2,75.903,0.331,4.481,67.832,0.798,normal
2026-01-07T13:03:00,F2,82.398,0.495,3.206,63.508,8.74,normal
2026-01-07T13:04:00,F2,83.535,0.005,2.712,59.329,6.502,normal
2026-01-07T13:05:00,F2,74.234,0.3,3.631,65.965,5.179,normal
2026-01-07T13:06:00,F2,79.046,0.456,3.884,64.073,8.597,normal
2026-01-07T13:07:00,F2,91.025,0.292,3.616,58.397,5.211,normal
2026-01-07T13:08:00,F2,70.403,0.365,4.368,54.725,7.999,normal
2026-01-07T13:09:00,F2,87.5,0.492,4.226,61.863,7.188,normal
2026-01-07T13:10:00,F2,81.306,0.241,3.899,55.764,11.64,normal
2026-01-07T13:11:00,F2,79.535,0.179,3.792,58.78,7.528,normal
2026-01-07T13:12:00,F2,67.843,0.198,2.647,72.501,6.873,normal
2026-01-07T13:13:00,F2,76.038,0.378,3.336,68.846,7.413,normal
2026-01-07T13:14:00,F2,77.85,0.41,3.634,73.966,6.741,normal
2026-01-07T13:15:00,F2,68.544,0.295,3.865,73.71,8.439,normal
2026-01-07T13:16:00,F2,86.306,0.256,3.832,57.825,6.867,normal
2026-01-07T13:17:00,F2,80.792,0.302,3.905,79.24,5.772,normal
2026-01-07T13:18:00,F2,82.312,0.407,2.272,66.146,6.865,normal
2026-01-07T13:19:00,F2,86.441,0.254,4.655,66.423,7.15,normal
2026-01-07T13:20:00,F2,81.205,0.308,4.582,62.633,7.037,normal
2026-01-07T13:21:00,F2,67.532,0.401,4.649,63.661,6.758,normal
2026-01-07T13:22:00,F2,68.518,0.629,3.425,56.761,6.472,normal
2026-01-07T13:23:00,F2,77.784,0.536,4.689,53.454,7.985,normal
2026-01-07T13:24:00,F2,84.645,0.293,2.784,81.173,7.555,normal
2026-01-07T13:25:00,F2,75.797,0.296,3.631,62.267,8.544,normal
2026-01-07T13:26:00,F2,76.433,0.049,2.728,59.589,6.47,normal
2026-01-07T13:27:00,F2,79.526,0.155,4.797,63.232,8.539,normal
2026-01-07T13:28:00,F2,66.983,0.195,3.313,72.398,7.227,normal
2026-01-07T13:29:00,F2,78.99,0.077,3.142,62.262,7.145,normal
2026-01-07T13:30:00,F2,85.799,0.255,3.769,60.893,7.382,normal
2026-01-07T13:31:00,F2,71.697,0.071,3.656,46.679,5.053,normal
2026-01-07T13:32:00,F2,79.321,0.177,2.999,53.4,6.1,normal
2026-01-07T13:33:00,F2,76.287,0.605,3.468,72.707,5.625,normal
2026-01-07T13:34:00,F2,83.377,0.252,4.75,78.394,5.825,normal
2026-01-07T13:35:00,F2,69.219,0.627,3.461,70.079,8.682,normal
2026-01-07T13:36:00,F2,77.101,0.124,3.037,68.039,9.806,normal
2026-01-07T13:37:00,F2,77.67,0.422,4.783,61.235,6.573,normal
2026-01-07T13:38:00,F2,75.87,0.481,3.447,60.481,5.233,normal
2026-01-07T13:39:00,F2,68.012,0.435,4.018,65.829,9.385,normal
2026-01-07T13:40:00,F2,74.058,0.458,2.94,75.813,6.789,normal
2026-01-07T13:41:00,F2,63.677,0.373,4.54,76.261,8.461,normal
2026-01-07T13:42:00,F2,78.806,0.606,3.253,75.49,6.482,normal
2026-01-07T13:43:00,F2,65.45,0.349,4.823,67.363,5.028,normal
2026-01-07T13:44:00,F2,68.885,0.183,3.53,48.839,6.662,normal
2026-01-07T13:45:00,F2,75.537,0.539,4.424,64.52,6.939,normal
2026-01-07T13:46:00,F2,71.449,0.328,4.813,61.364,9.27,normal
2026-01-07T13:47:00,F2,83.607,0.276,3.528,56.99,5.601,normal
2026-01-07T13:48:00,F2,75.573,0.266,3.35,47.278,5.148,normal
2026-01-07T13:49:00,F2,71.111,0.324,4.123,58.157,8.57,normal
2026-01-07T13:50:00,F2,80.965,0.749,3.165,76.357,7.528,normal
2026-01-07T13:51:00,F2,79.182,0.057,3.327,62.074,9.205,normal
2026-01-07T13:52:00,F2,77.098,0.145,4.011,84.839,5.59,normal
2026-01-07T13:53:00,F2,87.333,0.287,3.707,60.278,7.883,normal
2026-01-07T13:54:00,F2,72.874,0.633,5.141,66.666,5.795,normal
2026-01-07T13:55:00,F2,64.977,0.718,3.417,61.235,7.0,normal
2026-01-07T13:56:00,F2,66.158,0.381,3.72,42.695,9.551,normal
2026-01-07T13:57:00,F2,65.132,0.248,2.854,74.874,6.245,normal
2026-01-07T13:58:00,F2,84.482,0.874,3.217,57.234,7.186,normal
2026-01-07T13:59:00,F2,76.764,0.403,4.291,64.832,8.482,normal
2026-01-07T14:00:00,F2,73.971,0.57,3.839,63.959,6.989,normal
2026-01-07T14:01:00,F2,79.479,0.436,3.83,71.923,6.195,normal
2026-01-07T14:02:00,F2,78.712,0.199,3.697,73.572,9.289,normal
2026-01-07T14:03:00,F2,78.886,0.585,4.785,58.812,7.492,normal
2026-01-07T14:04:00,F2,68.691,0.258,4.105,63.29,8.471,normal
2026-01-07T14:05:00,F2,75.04,0.413,3.219,50.698,8.806,normal
2026-01-07T14:06:00,F2,90.692,0.328,4.336,60.278,4.272,normal
2026-01-07T14:07:00,F2,75.889,0.332,3.901,70.574,1.752,normal
2026-01-07T14:08:00,F2,70.333,0.2,2.772,63.468,8.414,normal
2026-01-07T14:09:00,F2,80.04,0.731,4.943,62.385,7.764,normal
2026-01-07T14:10:00,F2,85.517,0.09,4.674,64.685,3.091,normal
2026-01-07T14:11:00,F2,66.414,0.399,3.891,74.697,6.86,normal
2026-01-07T14:12:00,F2,66.756,0.543,3.032,64.586,8.986,normal
2026-01-07T14:13:00,F2,79.486,0.258,3.145,75.271,9.963,normal
2026-01-07T14:14:00,F2,74.327,0.004,2.037,66.916,9.889,normal
2026-01-07T14:15:00,F2,66.452,0.679,4.266,62.958,7.499,normal
2026-01-07T14:16:00,F2,77.544,0.452,3.575,75.628,6.566,normal
2026-01-07T14:17:00,F2,83.468,0.554,3.077,60.665,8.207,normal
2026-01-07T14:18:00,F2,68.356,0.182,3.849,65.728,7.762,normal
2026-01-07T14:19:00,F2,91.046,0.377,3.588,72.962,7.403,normal
2026-01-07T14:20:00,F2,63.555,0.452,3.081,78.058,8.745,normal
2026-01-07T14:21:00,F2,71.265,0.425,5.245,56.019,7.465,normal
2026-01-07T14:22:00,F2,58.512,0.453,3.692,63.003,6.506,normal
2026-01-07T14:23:00,F2,75.57,0.513,4.889,67.752,7.371,normal
2026-01-07T14:24:00,F2,65.598,0.519,3.143,69.962,7.88,normal
2026-01-07T14:25:00,F2,78.378,0.626,3.579,51.167,7.942,normal
2026-01-07T14:26:00,F2,62.892,0.327,5.681,71.984,13.054,normal
2026-01-07T14:27:00,F2,87.351,0.501,3.024,56.81,8.43,normal
2026-01-07T14:28:00,F2,74.118,0.433,4.127,69.922,7.281,normal
2026-01-07T14:29:00,F2,67.014,0.668,3.614,61.484,8.713,normal
2026-01-07T14:30:00,F2,87.494,0.286,3.896,45.751,7.933,normal
2026-01-07T14:31:00,F2,87.064,0.449,5.183,52.925,9.059,normal
2026-01-07T14:32:00,F2,89.298,0.356,3.985,51.582,7.844,normal
2026-01-07T14:33:00,F2,65.348,0.447,4.017,85.878,9.285,normal
2026-01-07T14:34:00,F2,78.659,0.975,3.57,72.643,6.889,normal
2026-01-07T14:35:00,F2,79.783,0.45,4.872,69.165,7.064,normal
2026-01-07T14:36:00,F2,78.031,0.378,3.504,72.905,9.524,normal
2026-01-07T14:37:00,F2,72.284,0.163,2.465,78.853,7.466,normal
2026-01-07T14:38:00,F2,83.306,0.629,3.882,74.013,8.284,normal
2026-01-07T14:39:00,F2,75.833,0.527,2.651,59.939,6.145,normal
2026-01-07T14:40:00,F2,63.858,0.303,4.047,76.206,7.006,normal
2026-01-07T14:41:00,F2,80.784,0.275,1.792,56.46,8.487,normal
2026-01-07T14:42:00,F2,73.587,0.25,5.12,55.142,8.433,normal
2026-01-07T14:43:00,F2,65.528,0.325,3.338,58.462,5.514,normal
2026-01-07T14:44:00,F2,70.84,0.444,4.065,65.278,4.771,normal
2026-01-07T14:45:00,F2,66.488,0.417,3.936,61.071,7.567,normal
2026-01-07T14:46:00,F2,74.197,0.293,4.016,54.627,4.543,normal
2026-01-07T14:47:00,F2,87.029,0.3,3.581,72.846,5.679,normal
2026-01-07T14:48:00,F2,66.346,0.433,2.884,56.524,7.595,normal
2026-01-07T14:49:00,F2,70.9,0.804,2.886,75.354,9.321,normal
2026-01-07T14:50:00,F2,86.764,0.419,3.872,67.209,10.145,normal
2026-01-07T14:51:00,F2,91.32,0.229,4.224,67.96,6.485,normal
2026-01-07T14:52:00,F2,53.9,0.253,3.756,74.547,7.06,normal
2026-01-07T14:53:00,F2,73.88,0.072,0.66,67.215,7.243,normal
2026-01-07T14:54:00,F2,63.95,0.404,4.67,43.007,11.022,normal
2026-01-07T14:55:00,F2,69.387,0.632,3.998,46.605,8.813,normal
2026-01-07T14:56:00,F2,80.693,0.167,4.283,64.019,6.782,normal
2026-01-07T14:57:00,F2,71.178,0.452,4.563,52.422,5.225,normal
2026-01-07T14:58:00,F2,85.422,0.628,4.121,75.133,5.469,normal
2026-01-07T14:59:00,F2,91.979,0.886,3.801,61.712,7.43,normal
2026-01-07T15:00:00,F2,76.746,0.527,2.489,64.235,7.142,normal
2026-01-07T15:01:00,F2,71.656,0.562,3.938,74.696,7.468,normal
2026-01-07T15:02:00,F2,78.366,0.636,4.073,51.751,6.732,normal
2026-01-07T15:03:00,F2,74.383,0.522,5.828,72.491,8.071,normal
2026-01-07T15:04:00,F2,81.919,0.302,3.898,68.93,6.891,normal
2026-01-07T15:05:00,F2,61.678,0.695,2.069,62.131,9.61,normal
2026-01-07T15:06:00,F2,79.966,0.675,4.576,69.47,9.378,normal
2026-01-07T15:07:00,F2,78.947,0.467,4.819,80.867,6.418,normal
2026-01-07T15:08:00,F2,68.781,0.282,4.324,59.047,6.042,normal
2026-01-07T15:09:00,F2,63.532,0.505,3.04,72.517,4.264,normal
2026-01-07T15:10:00,F2,71.938,0.648,4.658,60.303,8.095,normal
2026-01-07T15:11:00,F2,91.791,0.285,3.95,66.137,6.175,normal
2026-01-07T15:12:00,F2,92.195,0.609,3.499,50.795,6.281,normal
2026-01-07T15:13:00,F2,89.968,0.561,2.994,69.929,8.47,normal
2026-01-07T15:14:00,F2,67.256,0.578,3.896,57.96,7.494,normal
2026-01-07T15:15:00,F2,71.644,0.624,4.516,55.821,6.438,normal
2026-01-07T15:16:00,F2,77.92,0.727,3.739,52.453,8.268,normal
2026-01-07T15:17:00,F2,75.344,0.438,3.67,62.445,7.211,normal
2026-01-07T15:18:00,F2,84.232,0.613,4.668,52.115,8.686,normal
2026-01-07T15:19:00,F2,65.93,0.497,2.85,61.727,7.188,normal
2026-01-07T15:20:00,F2,74.162,0.858,3.705,70.892,7.093,normal
2026-01-07T15:21:00,F2,76.817,0.477,3.789,76.713,7.798,normal
2026-01-07T15:22:00,F2,58.866,0.967,4.068,56.279,8.439,normal
2026-01-07T15:23:00,F2,72.338,0.876,3.804,72.752,5.87,normal
2026-01-07T15:24:00,F2,60.491,0.662,3.94,63.554,6.12,normal
2026-01-07T15:25:00,F2,51.451,0.494,4.753,58.553,6.911,normal
2026-01-07T15:26:00,F2,72.831,0.433,3.138,70.372,8.335,normal
2026-01-07T15:27:00,F2,79.44,0.662,4.231,64.722,6.722,normal
2026-01-07T15:28:00,F2,70.224,0.469,3.501,59.803,6.928,normal
2026-01-07T15:29:00,F2,85.532,0.618,4.147,63.963,7.717,normal
2026-01-07T15:30:00,F2,73.411,0.903,2.943,50.198,8.095,normal
2026-01-07T15:31:00,F2,84.077,0.656,4.883,82.268,6.553,normal
2026-01-07T15:32:00,F2,88.334,0.403,3.951,78.278,6.97,normal
2026-01-07T15:33:00,F2,73.342,0.576,3.536,71.719,8.164,normal
2026-01-07T15:34:00,F2,81.148,0.29,3.204,59.08,7.862,normal
2026-01-07T15:35:00,F2,71.277,0.629,3.82,64.829,6.853,normal
2026-01-07T15:36:00,F2,84.76,0.323,4.098,63.909,7.865,normal
2026-01-07T15:37:00,F2,82.771,0.486,3.167,71.379,8.312,normal
2026-01-07T15:38:00,F2,95.598,0.325,3.409,76.041,7.631,normal
2026-01-07T15:39:00,F2,69.923,0.458,4.437,59.628,7.237,normal
2026-01-07T15:40:00,F2,77.931,0.508,4.069,71.911,4.594,normal
2026-01-07T15:41:00,F2,88.423,0.561,4.353,79.165,6.963,normal
2026-01-07T15:42:00,F2,71.322,0.768,2.53,58.801,5.945,normal
2026-01-07T15:43:00,F2,71.819,0.592,4.183,47.441,6.651,normal
2026-01-07T15:44:00,F2,87.001,0.683,3.275,69.191,10.951,normal
2026-01-07T15:45:00,F2,75.414,0.469,4.422,59.509,9.045,normal
2026-01-07T15:46:00,F2,85.336,0.381,2.917,73.428,5.876,normal
2026-01-07T15:47:00,F2,62.335,0.39,4.421,64.038,6.378,normal
2026-01-07T15:48:00,F2,83.889,0.75,4.568,55.779,8.377,normal
2026-01-07T15:49:00,F2,70.409,0.852,2.864,51.226,9.918,normal
2026-01-07T15:50:00,F2,75.443,0.517,4.142,60.123,7.097,normal
2026-01-07T15:51:00,F2,68.022,0.539,4.407,49.214,8.12,normal
2026-01-07T15:52:00,F2,79.754,0.751,4.183,67.288,5.345,normal
2026-01-07T15:53:00,F2,78.776,0.59,3.497,56.858,9.421,normal
2026-01-07T15:54:00,F2,73.384,0.392,3.865,75.569,8.071,normal
2026-01-07T15:55:00,F2,72.973,0.671,3.681,59.558,7.984,normal
2026-01-07T15:56:00,F2,72.317,0.387,4.412,79.931,10.269,normal
2026-01-07T15:57:00,F2,76.695,0.27,2.95,73.746,8.494,normal
2026-01-07T15:58:00,F2,77.338,0.692,4.45,70.592,7.636,normal
2026-01-07T15:59:00,F2,80.022,0.493,3.056,62.987,7.549,normal
2026-01-07T16:00:00,F2,76.347,0.331,2.56,68.449,6.226,normal
2026-01-07T16:01:00,F2,92.863,0.717,4.618,77.419,8.692,normal
2026-01-07T16:02:00,F2,80.412,0.451,3.988,61.497,7.279,normal
2026-01-07T16:03:00,F2,87.447,0.44,3.321,53.26,9.5,normal
2026-01-07T16:04:00,F2,87.677,0.352,4.102,59.892,7.888,normal
2026-01-07T16:05:00,F2,69.455,0.675,4.032,72.842,7.66,normal
2026-01-07T16:06:00,F2,67.619,0.725,4.337,73.552,6.026,normal
2026-01-07T16:07:00,F2,80.885,0.631,4.79,71.0,8.509,normal
2026-01-07T16:08:00,F2,68.412,0.768,3.921,44.941,6.878,normal
2026-01-07T16:09:00,F2,78.983,0.788,3.148,66.241,9.112,normal
2026-01-07T16:10:00,F2,75.797,0.267,3.12,68.887,5.59,normal
2026-01-07T16:11:00,F2,67.328,0.723,3.606,74.673,8.584,normal
2026-01-07T16:12:00,F2,85.993,0.676,3.656,61.963,6.023,normal
2026-01-07T16:13:00,F2,73.5,0.676,4.921,61.68,7.618,normal
2026-01-07T16:14:00,F2,67.595,0.52,3.483,52.75,6.862,normal
2026-01-07T16:15:00,F2,78.162,0.303,5.071,59.116,8.845,normal
2026-01-07T16:16:00,F2,79.679,0.439,3.678,70.967,7.483,normal
2026-01-07T16:17:00,F2,76.695,0.672,4.495,72.208,7.328,normal
2026-01-07T16:18:00,F2,84.996,0.567,5.415,62.859,7.054,normal
2026-01-07T16:19:00,F2,92.144,0.671,4.048,61.607,9.098,normal
2026-01-07T16:20:00,F2,75.692,0.789,5.018,57.008,4.71,normal
2026-01-07T16:21:00,F2,76.501,0.694,4.083,60.317,7.762,normal
2026-01-07T16:22:00,F2,71.711,0.624,3.623,62.552,8.053,normal
2026-01-07T16:23:00,F2,78.335,0.328,3.262,67.675,5.831,normal
2026-01-07T16:24:00,F2,83.119,0.634,4.063,56.499,10.069,normal
2026-01-07T16:25:00,F2,64.575,0.682,3.623,71.037,10.407,normal
2026-01-07T16:26:00,F2,70.692,0.544,3.905,57.25,7.73,normal
2026-01-07T16:27:00,F2,65.064,0.743,2.446,47.792,10.206,normal
2026-01-07T16:28:00,F2,72.243,0.728,3.748,66.626,8.546,normal
2026-01-07T16:29:00,F2,75.001,0.633,3.25,62.731,7.241,normal
2026-01-07T16:30:00,F2,68.754,0.609,4.734,74.173,9.439,normal
2026-01-07T16:31:00,F2,75.019,0.499,3.964,62.809,7.963,normal
2026-01-07T16:32:00,F2,87.589,0.331,5.182,77.074,9.634,normal
2026-01-07T16:33:00,F2,84.167,0.866,3.429,64.775,7.095,normal
2026-01-07T16:34:00,F2,90.035,0.599,3.24,60.949,6.329,normal
2026-01-07T16:35:00,F2,62.322,0.609,4.067,48.42,7.012,normal
2026-01-07T16:36:00,F2,83.767,0.494,4.285,69.689,10.229,normal
2026-01-07T16:37:00,F2,71.516,0.564,4.259,67.865,5.602,normal
2026-01-07T16:38:00,F2,90.447,0.329,5.357,65.34,5.463,normal
2026-01-07T16:39:00,F2,62.841,0.522,4.641,70.428,5.348,normal
2026-01-07T16:40:00,F2,72.695,0.749,2.655,47.388,16.518,normal
2026-01-07T16:41:00,F2,68.491,0.695,3.71,57.851,7.266,normal
2026-01-07T16:42:00,F2,78.655,0.646,3.987,69.954,8.552,normal
2026-01-07T16:43:00,F2,72.793,0.478,4.437,87.249,9.259,normal
2026-01-07T16:44:00,F2,80.752,0.472,3.01,66.677,7.033,normal
2026-01-07T16:45:00,F2,77.534,0.556,3.454,74.825,7.158,normal
2026-01-07T16:46:00,F2,78.718,0.518,3.857,48.613,6.429,normal
2026-01-07T16:47:00,F2,79.908,0.779,3.875,63.556,5.629,normal
2026-01-07T16:48:00,F2,66.798,0.862,4.491,48.361,7.783,normal
2026-01-07T16:49:00,F2,91.463,0.727,3.116,61.358,6.835,normal
2026-01-07T16:50:00,F2,85.4,0.73,4.785,53.36,9.162,normal
2026-01-07T16:51:00,F2,75.458,0.682,4.18,73.83,9.132,normal
2026-01-07T16:52:00,F2,76.894,0.611,3.33,69.474,7.97,normal
2026-01-07T16:53:00,F2,70.152,0.653,3.471,62.603,6.559,normal
2026-01-07T16:54:00,F2,76.143,0.436,4.23,62.012,8.185,normal
2026-01-07T16:55:00,F2,76.81,0.523,3.849,70.716,8.986,normal
2026-01-07T16:56:00,F2,71.996,0.794,4.184,74.139,7.342,normal
2026-01-07T16:57:00,F2,71.298,0.639,3.784,45.538,6.922,normal
2026-01-07T16:58:00,F2,73.768,0.562,3.467,51.178,7.29,normal
2026-01-07T16:59:00,F2,62.323,0.783,4.708,52.002,8.78,normal
2026-01-07T17:00:00,F2,81.973,0.691,3.518,50.555,6.2,normal
2026-01-07T17:01:00,F2,102.692,1.106,4.08,72.54,10.938,normal
2026-01-07T17:02:00,F2,68.503,0.521,3.368,82.788,6.176,normal
2026-01-07T17:03:00,F2,71.054,0.406,4.598,57.437,7.597,normal
2026-01-07T17:04:00,F2,67.211,0.598,4.01,46.691,7.732,normal
2026-01-07T17:05:00,F2,69.043,0.631,3.644,60.837,7.617,normal
2026-01-07T17:06:00,F2,63.029,0.91,2.7,58.832,4.438,normal
2026-01-07T17:07:00,F2,71.21,0.707,3.312,46.542,7.202,normal
2026-01-07T17:08:00,F2,64.928,0.833,3.717,66.128,9.207,normal
2026-01-07T17:09:00,F2,92.532,0.594,4.251,78.398,7.513,normal
2026-01-07T17:10:00,F2,67.027,0.776,3.022,71.205,8.435,normal
2026-01-07T17:11:00,F2,84.078,0.559,4.748,55.542,6.47,normal
2026-01-07T17:12:00,F2,74.159,0.85,4.106,60.785,6.294,normal
2026-01-07T17:13:00,F2,81.376,0.592,4.238,55.711,7.504,normal
2026-01-07T17:14:00,F2,76.892,0.337,4.648,73.415,6.316,normal
2026-01-07T17:15:00,F2,76.009,0.51,4.406,66.51,7.359,normal
2026-01-07T17:16:00,F2,67.469,0.528,3.894,60.198,9.649,normal
2026-01-07T17:17:00,F2,76.87,0.764,4.321,68.341,8.142,normal
2026-01-07T17:18:00,F2,84.287,0.65,4.437,64.47,6.558,normal
2026-01-07T17:19:00,F2,79.338,0.923,4.443,56.792,8.73,normal
2026-01-07T17:20:00,F2,60.352,0.465,3.599,71.418,7.567,normal
2026-01-07T17:21:00,F2,80.629,0.618,3.499,66.168,7.401,normal
2026-01-07T17:22:00,F2,65.786,0.61,3.077,67.588,9.747,normal
2026-01-07T17:23:00,F2,63.075,0.467,2.39,69.5,9.252,normal
2026-01-07T17:24:00,F2,73.507,0.568,3.772,54.355,12.425,normal
2026-01-07T17:25:00,F2,62.584,0.605,5.047,64.303,8.978,normal
2026-01-07T17:26:00,F2,73.532,0.649,3.904,74.585,9.322,normal
2026-01-07T17:27:00,F2,70.495,0.843,3.515,67.753,7.697,normal
2026-01-07T17:28:00,F2,79.623,0.677,3.596,53.721,7.003,normal
2026-01-07T17:29:00,F2,83.002,0.67,3.113,60.25,8.638,normal
2026-01-07T17:30:00,F2,91.269,0.524,5.404,73.281,7.961,normal
2026-01-07T17:31:00,F2,69.435,0.545,3.438,40.333,9.191,normal
2026-01-07T17:32:00,F2,75.861,0.916,4.349,55.259,5.795,normal
2026-01-07T17:33:00,F2,65.04,0.712,4.339,64.729,7.954,normal
2026-01-07T17:34:00,F2,68.083,0.761,4.874,88.717,7.068,normal
2026-01-07T17:35:00,F2,58.235,0.635,3.405,75.118,5.808,normal
2026-01-07T17:36:00,F2,72.615,0.702,3.421,53.363,7.039,normal
2026-01-07T17:37:00,F2,82.81,0.689,4.13,71.255,7.564,normal
2026-01-07T17:38:00,F2,74.172,0.641,4.51,67.883,8.528,normal
2026-01-07T17:39:00,F2,97.709,0.831,4.133,71.163,7.611,normal
2026-01-07T17:40:00,F2,72.657,0.744,4.23,79.107,8.419,normal
2026-01-07T17:41:00,F2,58.095,0.532,3.952,58.426,8.578,normal
2026-01-07T17:42:00,F2,61.311,0.849,4.667,66.323,5.604,normal
2026-01-07T17:43:00,F2,71.989,0.579,2.768,67.137,6.165,normal
2026-01-07T17:44:00,F2,68.568,0.914,3.803,65.347,8.546,normal
2026-01-07T17:45:00,F2,82.933,0.537,4.593,61.169,7.708,normal
2026-01-07T17:46:00,F2,68.934,0.576,3.391,51.471,5.812,normal
2026-01-07T17:47:00,F2,62.12,0.861,3.826,79.023,8.47,normal
2026-01-07T17:48:00,F2,66.934,0.475,4.951,63.272,9.619,normal
2026-01-07T17:49:00,F2,80.894,0.628,3.632,80.533,7.801,normal
2026-01-07T17:50:00,F2,68.103,0.695,3.866,69.48,7.262,normal
2026-01-07T17:51:00,F2,76.589,0.825,3.452,61.885,5.972,normal
2026-01-07T17:52:00,F2,82.079,0.464,3.641,62.675,8.102,normal
2026-01-07T17:53:00,F2,74.981,0.594,4.997,68.456,6.643,normal
2026-01-07T17:54:00,F2,82.257,0.534,4.072,77.195,6.646,normal
2026-01-07T17:55:00,F2,78.202,0.421,2.551,57.459,7.947,normal
2026-01-07T17:56:00,F2,68.96,0.761,4.897,72.458,5.97,normal
2026-01-07T17:57:00,F2,73.184,0.477,4.294,69.167,8.599,normal
2026-01-07T17:58:00,F2,70.099,0.647,4.886,64.495,7.743,normal
2026-01-07T17:59:00,F2,84.791,0.929,5.094,57.068,8.934,normal
2026-01-07T18:00:00,F2,90.791,0.904,3.708,64.792,10.3,normal
2026-01-07T18:01:00,F2,75.301,0.844,5.527,63.423,6.983,normal
2026-01-07T18:02:00,F2,69.399,0.577,4.126,67.375,7.267,normal
2026-01-07T18:03:00,F2,64.685,0.863,4.903,65.702,9.194,normal
2026-01-07T18:04:00,F2,78.909,0.613,4.116,64.307,7.359,normal
2026-01-07T18:05:00,F2,54.12,0.787,5.058,58.891,8.443,normal
2026-01-07T18:06:00,F2,97.828,0.738,3.424,55.226,6.56,normal
2026-01-07T18:07:00,F2,70.04,0.79,3.135,64.791,9.403,normal
2026-01-07T18:08:00,F2,70.557,0.75,4.291,65.179,5.381,normal
2026-01-07T18:09:00,F2,73.265,1.646,3.612,71.436,8.485,normal
2026-01-07T18:10:00,F2,80.454,0.6,3.549,61.321,9.084,normal
2026-01-07T18:11:00,F2,73.14,0.682,4.176,48.215,7.98,normal
2026-01-07T18:12:00,F2,68.581,0.67,2.578,63.443,9.439,normal
2026-01-07T18:13:00,F2,74.174,0.715,4.046,58.586,7.928,normal
2026-01-07T18:14:00,F2,69.689,0.882,4.264,71.617,5.872,normal
2026-01-07T18:15:00,F2,60.84,0.829,3.218,73.006,10.271,normal
2026-01-07T18:16:00,F2,63.047,0.989,4.224,65.043,10.555,normal
2026-01-07T18:17:00,F2,76.601,0.888,3.741,70.753,7.094,normal
2026-01-07T18:18:00,F2,77.394,0.775,4.876,63.705,6.418,normal
2026-01-07T18:19:00,F2,91.983,0.823,3.235,68.269,7.945,normal
2026-01-07T18:20:00,F2,65.919,0.622,3.777,54.193,8.364,normal
2026-01-07T18:21:00,F2,70.208,0.821,3.489,60.74,7.476,normal
2026-01-07T18:22:00,F2,71.908,0.881,4.172,70.359,5.973,normal
2026-01-07T18:23:00,F2,75.042,0.82,3.808,69.845,10.241,normal
2026-01-07T18:24:00,F2,75.054,0.861,4.0,63.055,7.106,normal
2026-01-07T18:25:00,F2,77.313,0.587,4.995,58.477,9.41,normal
2026-01-07T18:26:00,F2,65.006,0.61,4.625,63.163,8.66,normal
2026-01-07T18:27:00,F2,69.99,1.001,4.541,76.512,7.333,normal
2026-01-07T18:28:00,F2,84.369,0.836,4.39,63.674,7.792,normal
2026-01-07T18:29:00,F2,88.617,0.66,3.851,74.544,9.688,normal
2026-01-07T18:30:00,F2,70.363,0.806,4.677,74.515,7.33,normal
2026-01-07T18:31:00,F2,67.097,1.005,3.821,80.708,7.997,normal
2026-01-07T18:32:00,F2,79.919,0.699,2.325,74.147,10.643,normal
2026-01-07T18:33:00,F2,86.453,0.551,3.143,69.294,7.102,normal
2026-01-07T18:34:00,F2,98.468,1.005,4.866,74.003,7.347,normal
2026-01-07T18:35:00,F2,79.238,1.013,3.603,64.055,7.192,normal
2026-01-07T18:36:00,F2,74.34,0.791,3.597,71.188,7.495,normal
2026-01-07T18:37:00,F2,71.659,0.765,2.517,68.143,7.545,normal
2026-01-07T18:38:00,F2,65.542,0.755,4.531,55.365,7.927,normal
2026-01-07T18:39:00,F2,55.299,0.713,5.183,73.975,10.814,normal
2026-01-07T18:40:00,F2,81.255,0.723,4.037,76.352,6.389,normal
2026-01-07T18:41:00,F2,63.308,0.774,3.348,72.702,8.368,normal
2026-01-07T18:42:00,F2,96.782,0.763,3.677,69.276,5.475,normal
2026-01-07T18:43:00,F2,73.632,0.928,2.797,69.962,6.734,normal
2026-01-07T18:44:00,F2,74.361,0.891,3.772,52.724,8.77,normal
2026-01-07T18:45:00,F2,59.994,0.594,2.903,73.317,5.487,normal
2026-01-07T18:46:00,F2,80.436,0.666,4.953,69.34,9.391,normal
2026-01-07T18:47:00,F2,68.327,0.697,3.632,74.427,5.832,normal
2026-01-07T18:48:00,F2,91.787,0.787,2.355,68.845,5.351,normal
2026-01-07T18:49:00,F2,72.05,0.959,4.553,69.08,9.87,normal
2026-01-07T18:50:00,F2,74.039,0.954,4.155,74.598,8.873,normal
2026-01-07T18:51:00,F2,75.609,0.894,4.957,64.973,7.208,normal
2026-01-07T18:52:00,F2,77.691,0.608,3.955,72.598,7.743,normal
2026-01-07T18:53:00,F2,82.266,0.989,4.78,63.257,6.808,normal
2026-01-07T18:54:00,F2,74.092,0.885,3.661,65.531,7.734,normal
2026-01-07T18:55:00,F2,67.271,0.645,3.583,54.028,8.193,normal
2026-01-07T18:56:00,F2,73.147,0.98,4.233,54.027,8.049,normal
2026-01-07T18:57:00,F2,68.757,0.905,2.832,72.388,6.622,normal
2026-01-07T18:58:00,F2,76.774,0.948,3.661,64.427,8.408,normal
2026-01-07T18:59:00,F2,62.536,0.769,3.596,63.072,7.968,normal
2026-01-07T19:00:00,F2,72.257,0.591,5.074,72.794,6.462,normal
2026-01-07T19:01:00,F2,71.348,0.726,3.217,61.401,6.813,normal
2026-01-07T19:02:00,F2,65.693,0.977,3.311,78.77,6.232,normal
2026-01-07T19:03:00,F2,73.082,0.956,4.488,61.117,6.143,normal
2026-01-07T19:04:00,F2,61.099,0.904,3.814,77.652,7.986,normal
2026-01-07T19:05:00,F2,77.043,0.994,4.84,68.062,8.658,normal
2026-01-07T19:06:00,F2,77.138,0.758,4.482,58.545,7.931,normal
2026-01-07T19:07:00,F2,74.327,0.861,4.284,66.672,8.878,normal
2026-01-07T19:08:00,F2,74.096,0.996,3.775,77.28,7.999,normal
2026-01-07T19:09:00,F2,76.696,0.658,3.739,70.331,6.082,normal
2026-01-07T19:10:00,F2,81.645,0.776,4.267,73.835,7.138,normal
2026-01-07T19:11:00,F2,79.266,0.881,3.288,77.23,11.194,normal
2026-01-07T19:12:00,F2,77.447,0.898,4.787,72.225,8.782,normal
2026-01-07T19:13:00,F2,72.468,0.744,5.002,67.044,7.234,normal
2026-01-07T19:14:00,F2,76.966,0.652,4.434,63.161,6.526,normal
2026-01-07T19:15:00,F2,75.049,0.978,4.315,81.084,8.692,normal
2026-01-07T19:16:00,F2,79.894,0.938,4.478,74.76,7.149,normal
2026-01-07T19:17:00,F2,74.939,0.842,3.808,74.75,7.801,normal
2026-01-07T19:18:00,F2,79.956,0.738,4.967,57.94,6.797,normal
2026-01-07T19:19:00,F2,73.896,0.85,3.413,79.104,6.164,normal
2026-01-07T19:20:00,F2,80.068,0.782,4.18,66.329,9.407,normal
2026-01-07T19:21:00,F2,68.416,0.727,5.003,65.04,7.906,normal
2026-01-07T19:22:00,F2,70.83,0.82,4.767,64.4,8.049,normal
2026-01-07T19:23:00,F2,75.981,0.973,3.117,70.051,9.303,normal
2026-01-07T19:24:00,F2,68.176,0.701,3.746,75.158,7.159,normal
2026-01-07T19:25:00,F2,81.866,0.568,3.983,64.329,6.901,normal
2026-01-07T19:26:00,F2,74.153,0.791,5.38,57.952,8.834,normal
2026-01-07T19:27:00,F2,72.927,0.741,2.503,65.45,8.011,normal
2026-01-07T19:28:00,F2,81.367,1.28,4.85,75.297,7.794,normal
2026-01-07T19:29:00,F2,62.595,1.063,3.737,53.452,9.143,normal
2026-01-07T19:30:00,F2,79.924,0.792,4.76,59.2,6.347,normal
2026-01-07T19:31:00,F2,71.051,0.585,3.447,57.488,6.435,normal
2026-01-07T19:32:00,F2,84.386,0.77,3.184,72.148,6.061,normal
2026-01-07T19:33:00,F2,72.418,0.95,3.577,81.985,6.083,normal
2026-01-07T19:34:00,F2,74.618,0.851,3.743,58.633,6.786,normal
2026-01-07T19:35:00,F2,92.481,0.939,4.069,64.23,8.673,normal
2026-01-07T19:36:00,F2,69.822,0.787,4.297,68.756,9.462,normal
2026-01-07T19:37:00,F2,73.209,0.77,3.702,83.066,8.172,normal
2026-01-07T19:38:00,F2,77.747,0.738,4.737,68.753,11.837,normal
2026-01-07T19:39:00,F2,84.575,0.742,4.035,71.129,8.313,normal
2026-01-07T19:40:00,F2,81.105,1.242,3.906,77.476,10.76,normal
2026-01-07T19:41:00,F2,75.255,1.015,4.756,66.596,8.538,normal
2026-01-07T19:42:00,F2,74.532,0.883,3.798,58.142,9.774,normal
2026-01-07T19:43:00,F2,87.939,0.776,4.733,69.864,5.407,normal
2026-01-07T19:44:00,F2,69.339,0.463,2.095,62.656,8.048,normal
2026-01-07T19:45:00,F2,78.504,0.703,2.766,63.714,7.214,normal
2026-01-07T19:46:00,F2,70.363,1.061,3.913,65.243,9.062,normal
2026-01-07T19:47:00,F2,67.452,0.912,3.291,63.294,9.07,normal
2026-01-07T19:48:00,F2,81.004,0.777,3.696,60.926,8.149,normal
2026-01-07T19:49:00,F2,71.493,1.15,3.55,56.888,8.284,normal
2026-01-07T19:50:00,F2,71.733,0.907,4.031,60.345,7.647,failure
2026-01-07T19:51:00,F2,79.561,0.983,2.778,80.8,8.482,normal
2026-01-07T19:52:00,F2,70.187,0.808,2.968,71.173,7.672,normal
2026-01-07T19:53:00,F2,74.328,0.818,3.978,63.512,6.171,normal
2026-01-07T19:54:00,F2,76.406,1.027,4.279,76.041,9.359,normal
2026-01-07T19:55:00,F2,68.331,0.837,3.824,56.801,8.422,normal
2026-01-07T19:56:00,F2,78.398,0.805,4.92,58.81,6.303,normal
2026-01-07T19:57:00,F2,71.165,0.846,3.854,62.79,8.336,normal
2026-01-07T19:58:00,F2,75.147,0.815,3.639,83.016,8.282,normal
2026-01-07T19:59:00,F2,71.595,0.966,4.38,90.256,7.968,normal
2026-01-07T20:00:00,F2,72.89,0.964,4.449,62.84,7.981,normal
2026-01-07T20:01:00,F2,82.689,1.11,4.28,65.281,8.339,normal
2026-01-07T20:02:00,F2,73.821,0.693,4.087,57.466,6.595,normal
2026-01-07T20:03:00,F2,79.727,0.96,4.399,71.128,9.48,normal
2026-01-07T20:04:00,F2,71.814,0.828,4.773,58.315,6.906,normal
2026-01-07T20:05:00,F2,74.617,0.966,4.88,73.38,8.41,normal
2026-01-07T20:06:00,F2,62.503,1.064,3.573,57.934,6.608,normal
2026-01-07T20:07:00,F2,81.847,1.053,4.148,75.273,6.953,normal
2026-01-07T20:08:00,F2,62.181,0.685,3.633,53.061,7.566,normal
2026-01-07T20:09:00,F2,86.494,1.164,4.804,76.773,7.205,normal
2026-01-07T20:10:00,F2,63.22,0.762,4.738,61.036,6.096,normal
2026-01-07T20:11:00,F2,81.168,0.741,4.004,64.012,6.243,normal
2026-01-07T20:12:00,F2,69.59,0.648,3.653,72.057,7.518,normal
2026-01-07T20:13:00,F2,76.013,0.844,5.126,84.06,7.244,normal
2026-01-07T20:14:00,F2,68.85,0.895,3.698,66.771,7.932,normal
2026-01-07T20:15:00,F2,62.906,0.834,4.502,72.207,7.959,normal
2026-01-07T20:16:00,F2,72.135,1.233,4.186,70.889,7.336,failure
2026-01-07T20:17:00,F2,74.191,1.299,3.669,67.592,4.267,normal
2026-01-07T20:18:00,F2,79.726,0.685,4.308,69.644,10.451,normal
2026-01-07T20:19:00,F2,86.223,1.09,4.459,66.99,8.139,normal
2026-01-07T20:20:00,F2,58.467,0.905,4.243,60.278,7.297,normal
2026-01-07T20:21:00,F2,82.635,0.622,4.039,68.942,6.011,normal
2026-01-07T20:22:00,F2,76.569,0.929,4.653,64.952,7.384,normal
2026-01-07T20:23:00,F2,69.549,0.925,3.095,63.584,9.163,normal
2026-01-07T20:24:00,F2,71.155,0.86,4.488,73.483,5.082,normal
2026-01-07T20:25:00,F2,76.787,0.927,4.395,74.648,7.858,normal
2026-01-07T20:26:00,F2,64.375,0.788,4.001,61.459,7.607,normal
2026-01-07T20:27:00,F2,82.642,0.787,3.425,79.942,9.847,normal
2026-01-07T20:28:00,F2,82.912,0.913,3.427,70.648,8.628,normal
2026-01-07T20:29:00,F2,58.318,0.574,3.268,63.16,9.561,normal
2026-01-07T20:30:00,F2,69.409,1.031,4.447,63.968,7.4,normal
2026-01-07T20:31:00,F2,83.652,0.841,4.208,73.717,6.969,normal
2026-01-07T20:32:00,F2,73.841,0.821,4.507,64.03,9.129,normal
2026-01-07T20:33:00,F2,71.863,0.774,3.914,59.876,5.731,normal
2026-01-07T20:34:00,F2,70.903,1.02,4.275,56.072,7.027,normal
2026-01-07T20:35:00,F2,62.813,0.689,3.547,50.647,10.182,normal
2026-01-07T20:36:00,F2,77.718,0.876,2.453,67.561,8.675,normal
2026-01-07T20:37:00,F2,79.831,0.825,3.139,66.399,9.005,normal
2026-01-07T20:38:00,F2,69.94,1.321,3.938,60.86,6.99,normal
2026-01-07T20:39:00,F2,71.929,1.121,4.69,68.831,7.498,normal
2026-01-07T20:40:00,F2,88.952,1.062,3.622,80.465,11.237,normal
2026-01-07T20:41:00,F2,80.971,0.904,4.677,54.748,8.684,normal
2026-01-07T20:42:00,F2,72.588,0.874,4.318,76.225,6.727,normal
2026-01-07T20:43:00,F2,70.369,0.852,3.88,65.509,9.187,normal
2026-01-07T20:44:00,F2,83.261,0.77,3.841,68.152,7.583,normal
2026-01-07T20:45:00,F2,74.533,0.756,4.451,79.92,8.489,normal
2026-01-07T20:46:00,F2,74.487,0.91,3.834,83.352,10.27,normal
2026-01-07T20:47:00,F2,75.857,0.942,4.121,65.441,8.379,normal
2026-01-07T20:48:00,F2,66.76,0.836,4.165,68.214,7.449,normal
2026-01-07T20:49:00,F2,73.664,0.759,3.862,54.455,8.265,normal
2026-01-07T20:50:00,F2,84.956,1.043,4.719,57.351,9.584,normal
2026-01-07T20:51:00,F2,71.247,1.055,4.945,57.424,8.285,normal
2026-01-07T20:52:00,F2,77.421,0.883,3.272,61.059,8.489,normal
2026-01-07T20:53:00,F2,78.986,0.794,3.259,69.824,6.13,normal
2026-01-07T20:54:00,F2,63.298,0.968,4.234,63.473,5.689,normal
2026-01-07T20:55:00,F2,83.396,0.954,4.881,69.599,6.97,normal
2026-01-07T20:56:00,F2,67.531,1.025,4.703,56.077,8.289,normal
2026-01-07T20:57:00,F2,67.927,0.78,2.574,59.654,9.165,normal
2026-01-07T20:58:00,F2,74.165,0.831,4.388,65.714,5.742,normal
2026-01-07T20:59:00,F2,69.831,1.198,4.58,58.097,7.019,normal
2026-01-07T21:00:00,F2,71.427,0.795,4.195,64.563,10.141,normal
2026-01-07T21:01:00,F2,83.649,0.943,3.509,78.404,9.42,normal
2026-01-07T21:02:00,F2,75.427,0.821,4.537,60.172,9.437,normal
2026-01-07T21:03:00,F2,71.533,0.983,5.54,66.29,9.706,normal
2026-01-07T21:04:00,F2,74.915,1.218,5.617,78.321,3.947,normal
2026-01-07T21:05:00,F2,68.09,0.802,3.96,73.749,14.147,normal
2026-01-07T21:06:00,F2,76.651,1.321,5.203,79.511,7.795,normal
2026-01-07T21:07:00,F2,75.428,0.932,3.698,77.436,8.88,normal
2026-01-07T21:08:00,F2,59.004,1.074,3.261,55.637,8.285,normal
2026-01-07T21:09:00,F2,87.173,0.64,3.407,67.879,5.842,normal
2026-01-07T21:10:00,F2,66.687,1.008,4.472,66.481,7.086,normal
2026-01-07T21:11:00,F2,75.936,1.183,4.738,62.856,7.6,normal
2026-01-07T21:12:00,F2,68.395,1.055,3.745,86.983,8.29,normal
2026-01-07T21:13:00,F2,65.231,0.952,3.474,66.476,9.461,normal
2026-01-07T21:14:00,F2,72.84,0.974,3.236,72.507,8.238,normal
2026-01-07T21:15:00,F2,76.503,0.778,3.76,67.852,6.051,normal
2026-01-07T21:16:00,F2,63.688,1.341,4.015,70.264,7.015,normal
2026-01-07T21:17:00,F2,87.163,1.134,2.861,73.401,9.726,normal
2026-01-07T21:18:00,F2,87.048,1.091,5.793,47.436,6.891,normal
2026-01-07T21:19:00,F2,88.566,0.824,3.262,53.258,6.95,normal
2026-01-07T21:20:00,F2,89.363,1.071,4.827,52.652,10.358,normal
2026-01-07T21:21:00,F2,69.457,0.829,4.937,60.353,7.428,normal
2026-01-07T21:22:00,F2,80.271,0.86,3.938,77.718,7.013,normal
2026-01-07T21:23:00,F2,82.378,0.892,4.35,62.558,8.065,normal
2026-01-07T21:24:00,F2,83.314,1.395,4.032,72.233,6.893,normal
2026-01-07T21:25:00,F2,77.312,0.991,3.645,79.513,6.78,normal
2026-01-07T21:26:00,F2,75.358,1.089,4.236,57.319,7.17,normal
2026-01-07T21:27:00,F2,63.609,1.116,4.071,86.198,8.323,normal
2026-01-07T21:28:00,F2,74.7,0.765,4.934,60.252,7.517,normal
2026-01-07T21:29:00,F2,80.612,1.009,4.918,50.495,8.496,normal
2026-01-07T21:30:00,F2,69.577,0.904,4.943,55.993,9.556,normal
2026-01-07T21:31:00,F2,82.278,1.032,4.144,55.227,10.504,normal
2026-01-07T21:32:00,F2,66.147,0.995,4.851,75.409,10.694,normal
2026-01-07T21:33:00,F2,70.092,1.167,4.069,53.55,9.01,normal
2026-01-07T21:34:00,F2,83.803,0.977,3.857,60.245,7.59,normal
2026-01-07T21:35:00,F2,67.175,0.992,4.875,75.647,9.467,normal
2026-01-07T21:36:00,F2,84.78,0.952,3.295,81.767,8.168,normal
2026-01-07T21:37:00,F2,60.688,0.962,4.868,71.974,7.206,normal
2026-01-07T21:38:00,F2,77.877,0.928,3.768,78.348,8.755,normal
2026-01-07T21:39:00,F2,65.658,0.958,4.918,67.041,7.426,normal
2026-01-07T21:40:00,F2,63.219,0.938,4.088,58.958,5.379,normal
2026-01-07T21:41:00,F2,91.662,0.845,4.344,74.267,6.208,normal
2026-01-07T21:42:00,F2,83.764,0.893,3.007,50.116,8.459,normal
2026-01-07T21:43:00,F2,78.331,0.968,3.07,66.231,7.43,normal
2026-01-07T21:44:00,F2,81.115,0.746,5.242,55.544,10.345,normal
2026-01-07T21:45:00,F2,76.301,1.065,3.849,74.397,6.758,normal
2026-01-07T21:46:00,F2,74.438,0.975,5.851,49.839,6.574,normal
2026-01-07T21:47:00,F2,75.621,0.977,3.106,55.434,10.008,normal
2026-01-07T21:48:00,F2,77.905,0.89,4.339,66.716,12.884,normal
2026-01-07T21:49:00,F2,87.358,1.079,4.32,69.264,8.586,normal
2026-01-07T21:50:00,F2,71.38,0.902,5.164,66.66,7.922,normal
2026-01-07T21:51:00,F2,88.382,0.947,4.661,60.659,6.771,normal
2026-01-07T21:52:00,F2,76.259,0.901,3.594,82.272,8.863,normal
2026-01-07T21:53:00,F2,68.12,1.096,3.727,67.97,6.95,normal
2026-01-07T21:54:00,F2,80.79,0.896,5.104,65.624,8.203,normal
2026-01-07T21:55:00,F2,82.742,1.097,4.665,49.799,8.146,failure
2026-01-07T21:56:00,F2,84.001,1.138,4.796,63.265,7.873,normal
2026-01-07T21:57:00,F2,78.725,1.044,4.43,73.12,7.377,normal
2026-01-07T21:58:00,F2,81.981,1.359,3.593,65.914,7.114,normal
2026-01-07T21:59:00,F2,62.198,1.148,3.847,52.808,8.003,normal
2026-01-07T22:00:00,F2,83.763,1.185,4.173,68.061,7.23,normal
2026-01-07T22:01:00,F2,72.101,1.01,3.52,75.388,7.38,normal
2026-01-07T22:02:00,F2,72.652,1.165,4.14,71.6,7.503,normal
2026-01-07T22:03:00,F2,68.027,1.147,4.634,52.629,8.063,normal
2026-01-07T22:04:00,F2,70.684,1.082,5.773,71.246,6.806,normal
2026-01-07T22:05:00,F2,70.256,1.146,5.217,61.781,8.128,normal
2026-01-07T22:06:00,F2,71.801,0.965,3.798,58.576,7.179,normal
2026-01-07T22:07:00,F2,73.086,1.124,4.498,63.526,7.664,normal
2026-01-07T22:08:00,F2,91.784,1.416,3.782,61.065,6.393,failure
2026-01-07T22:09:00,F2,78.733,1.026,5.205,60.783,6.91,normal
2026-01-07T22:10:00,F2,77.826,0.782,4.502,72.503,8.065,normal
2026-01-07T22:11:00,F2,56.749,1.222,4.494,59.955,9.365,normal
2026-01-07T22:12:00,F2,74.699,0.746,4.382,67.489,6.22,normal
2026-01-07T22:13:00,F2,79.785,0.953,4.531,60.062,8.498,normal
2026-01-07T22:14:00,F2,81.224,1.03,4.253,55.518,5.699,normal
2026-01-07T22:15:00,F2,75.792,1.188,3.774,79.335,9.646,normal
2026-01-07T22:16:00,F2,78.478,1.187,4.988,51.656,4.662,normal
2026-01-07T22:17:00,F2,81.033,1.102,4.114,56.321,8.484,normal
2026-01-07T22:18:00,F2,64.949,0.76,4.341,55.922,6.116,normal
2026-01-07T22:19:00,F2,68.328,1.316,3.821,63.49,7.494,normal
2026-01-07T22:20:00,F2,75.876,1.159,4.534,67.62,7.835,normal
2026-01-07T22:21:00,F2,76.163,0.828,3.887,56.685,7.392,normal
2026-01-07T22:22:00,F2,78.886,1.126,4.263,70.756,8.426,normal
2026-01-07T22:23:00,F2,82.22,1.086,3.209,57.121,9.01,normal
2026-01-07T22:24:00,F2,86.424,0.991,4.084,75.095,7.871,normal
2026-01-07T22:25:00,F2,66.088,1.271,3.105,56.544,6.829,normal
2026-01-07T22:26:00,F2,71.822,1.111,4.416,76.683,7.898,normal
2026-01-07T22:27:00,F2,72.463,1.105,4.621,49.359,8.026,normal
2026-01-07T22:28:00,F2,77.214,1.344,4.469,73.073,7.717,normal
2026-01-07T22:29:00,F2,68.154,0.944,4.584,88.808,8.117,normal
2026-01-07T22:30:00,F2,74.25,1.171,3.968,74.464,6.891,normal
2026-01-07T22:31:00,F2,74.013,1.128,4.175,69.802,7.878,failure
2026-01-07T22:32:00,F2,73.716,1.05,4.506,60.283,8.304,normal
2026-01-07T22:33:00,F2,59.777,1.226,5.048,63.94,8.478,normal
2026-01-07T22:34:00,F2,83.982,1.048,4.305,67.207,8.73,normal
2026-01-07T22:35:00,F2,84.663,1.094,3.751,49.586,6.223,normal
2026-01-07T22:36:00,F2,72.354,1.168,3.922,58.016,5.8,normal
2026-01-07T22:37:00,F2,75.345,1.039,5.193,67.198,8.715,normal
2026-01-07T22:38:00,F2,86.274,1.186,5.06,66.73,5.73,normal
2026-01-07T22:39:00,F2,89.887,1.14,4.723,64.336,7.751,normal
2026-01-07T22:40:00,F2,84.129,1.162,4.22,60.235,8.216,normal
2026-01-07T22:41:00,F2,68.946,0.896,5.181,63.452,6.777,normal
2026-01-07T22:42:00,F2,72.726,1.208,4.92,57.897,7.727,normal
2026-01-07T22:43:00,F2,75.708,1.21,3.553,57.941,7.737,normal
2026-01-07T22:44:00,F2,87.204,0.831,5.485,70.226,6.776,normal
2026-01-07T22:45:00,F2,68.411,0.973,4.012,60.69,10.128,normal
2026-01-07T22:46:00,F2,66.036,1.164,4.657,55.257,8.929,normal
2026-01-07T22:47:00,F2,77.46,0.838,5.253,66.828,10.006,normal
2026-01-07T22:48:00,F2,95.187,1.094,4.606,72.408,8.908,normal
2026-01-07T22:49:00,F2,81.024,1.17,5.141,64.185,8.966,normal
2026-01-07T22:50:00,F2,69.977,1.035,4.105,70.854,6.324,normal
2026-01-07T22:51:00,F2,80.213,1.163,5.904,63.015,8.328,normal
2026-01-07T22:52:00,F2,66.397,1.08,4.313,79.142,9.803,normal
2026-01-07T22:53:00,F2,65.826,1.149,3.601,67.333,7.761,normal
2026-01-07T22:54:00,F2,68.497,1.238,3.453,70.286,6.645,normal
2026-01-07T22:55:00,F2,91.823,0.8,4.023,61.294,6.95,normal
2026-01-07T22:56:00,F2,98.232,1.085,4.714,88.704,7.926,normal
2026-01-07T22:57:00,F2,80.218,0.958,5.327,65.445,6.888,normal
2026-01-07T22:58:00,F2,75.836,1.325,3.413,78.927,8.29,normal
2026-01-07T22:59:00,F2,78.283,1.349,4.025,72.937,8.253,normal
2026-01-07T23:00:00,F2,68.678,1.209,3.518,48.935,9.921,normal
2026-01-07T23:01:00,F2,63.091,1.253,3.901,63.384,7.373,normal
2026-01-07T23:02:00,F2,82.429,0.916,5.238,74.258,9.143,normal
2026-01-07T23:03:00,F2,71.123,1.411,4.699,65.231,7.029,normal
2026-01-07T23:04:00,F2,70.428,1.145,4.904,51.777,7.193,normal
2026-01-07T23:05:00,F2,83.878,0.852,4.802,75.852,7.673,normal
2026-01-07T23:06:00,F2,82.481,1.165,4.885,67.219,8.592,normal
2026-01-07T23:07:00,F2,79.501,1.215,5.117,56.515,9.15,normal
2026-01-07T23:08:00,F2,69.557,1.055,4.516,69.542,9.771,normal
2026-01-07T23:09:00,F2,65.091,1.326,4.429,63.256,8.581,normal
2026-01-07T23:10:00,F2,80.129,1.072,4.071,56.574,7.583,normal
2026-01-07T23:11:00,F2,67.744,1.214,4.021,64.409,5.882,normal
2026-01-07T23:12:00,F2,87.459,1.314,4.861,58.485,9.911,normal
2026-01-07T23:13:00,F2,73.997,0.9,4.903,63.403,7.594,normal
2026-01-07T23:14:00,F2,75.019,1.306,3.379,66.004,8.254,normal
2026-01-07T23:15:00,F2,87.675,1.298,4.204,61.404,10.602,normal
2026-01-07T23:16:00,F2,77.501,1.046,4.703,53.971,9.599,normal
2026-01-07T23:17:00,F2,74.066,1.249,4.034,70.642,7.093,normal
2026-01-07T23:18:00,F2,76.579,1.039,4.277,77.802,9.407,normal
2026-01-07T23:19:00,F2,78.886,0.953,3.973,67.358,10.665,normal
2026-01-07T23:20:00,F2,80.799,0.949,3.608,73.948,8.776,normal
2026-01-07T23:21:00,F2,79.86,1.197,3.683,64.117,6.417,normal
2026-01-07T23:22:00,F2,77.935,1.001,4.145,59.7,9.464,normal
2026-01-07T23:23:00,F2,79.427,0.794,7.027,58.552,9.128,normal
2026-01-07T23:24:00,F2,68.256,1.401,3.558,61.419,6.802,normal
2026-01-07T23:25:00,F2,83.834,1.365,5.647,64.301,8.09,normal
2026-01-07T23:26:00,F2,64.563,1.421,5.379,64.636,10.622,normal
2026-01-07T23:27:00,F2,79.704,1.099,4.255,63.121,6.239,normal
2026-01-07T23:28:00,F2,72.188,0.929,4.29,61.677,10.81,normal
2026-01-07T23:29:00,F2,86.275,1.077,4.419,75.662,7.155,normal
2026-01-07T23:30:00,F2,76.956,0.997,4.454,49.003,7.059,normal
2026-01-07T23:31:00,F2,85.375,1.041,3.716,86.723,7.466,normal
2026-01-07T23:32:00,F2,63.486,0.828,4.23,72.419,10.162,normal
2026-01-07T23:33:00,F2,67.324,1.231,4.027,78.371,8.591,normal
2026-01-07T23:34:00,F2,85.432,1.269,4.986,70.106,8.669,normal
2026-01-07T23:35:00,F2,74.923,1.019,4.428,75.501,7.837,normal
2026-01-07T23:36:00,F2,86.471,1.049,4.816,49.672,11.575,failure
2026-01-07T23:37:00,F2,82.164,1.206,4.611,55.08,6.804,normal
2026-01-07T23:38:00,F2,69.336,1.032,4.982,73.618,8.51,normal
2026-01-07T23:39:00,F2,56.001,1.284,5.814,73.65,11.853,normal
2026-01-07T23:40:00,F2,69.55,1.271,4.36,71.326,7.458,normal
2026-01-07T23:41:00,F2,77.633,0.902,4.927,66.557,8.857,normal
2026-01-07T23:42:00,F2,63.929,1.053,3.817,54.451,10.193,normal
2026-01-07T23:43:00,F2,77.836,0.883,2.934,58.625,6.329,normal
2026-01-07T23:44:00,F2,79.293,0.985,4.311,65.132,5.527,normal
2026-01-07T23:45:00,F2,83.828,1.055,5.075,68.307,7.848,normal
2026-01-07T23:46:00,F2,75.515,0.921,4.579,56.932,7.855,normal
2026-01-07T23:47:00,F2,86.195,0.93,5.13,58.782,9.247,normal
2026-01-07T23:48:00,F2,70.124,1.041,3.686,62.591,7.146,normal
2026-01-07T23:49:00,F2,76.615,1.223,4.412,69.821,5.373,normal
2026-01-07T23:50:00,F2,73.312,0.96,6.372,80.054,8.568,normal
2026-01-07T23:51:00,F2,82.067,1.264,4.7,60.857,7.068,failure
2026-01-07T23:52:00,F2,97.05,1.082,3.607,65.634,9.817,normal
2026-01-07T23:53:00,F2,80.363,0.666,3.302,61.002,8.772,normal
2026-01-07T23:54:00,F2,70.754,1.127,3.907,68.678,9.232,normal
2026-01-07T23:55:00,F2,91.844,1.088,4.124,53.532,6.654,normal
2026-01-07T23:56:00,F2,78.769,0.964,4.285,64.673,9.47,normal
2026-01-07T23:57:00,F2,66.107,1.207,4.735,61.182,8.216,normal
2026-01-07T23:58:00,F2,79.694,1.178,4.356,74.666,7.127,failure
2026-01-07T23:59:00,F2,82.194,1.064,3.785,70.164,8.152,normal
2026-01-08T00:00:00,F2,72.657,0.915,2.78,72.078,7.289,normal
2026-01-08T00:01:00,F2,72.899,1.113,3.913,80.357,6.509,normal
2026-01-08T00:02:00,F2,72.916,1.029,3.764,74.139,8.879,normal
2026-01-08T00:03:00,F2,68.768,1.155,3.931,68.33,8.69,normal
2026-01-08T00:04:00,F2,89.873,1.062,3.982,57.938,6.381,normal
2026-01-08T00:05:00,F2,80.149,1.064,4.143,67.357,9.061,normal
2026-01-08T00:06:00,F2,69.332,1.091,3.926,63.427,8.277,normal
2026-01-08T00:07:00,F2,79.226,1.109,5.634,59.568,9.292,normal
2026-01-08T00:08:00,F2,61.598,1.191,4.377,75.426,9.513,normal
2026-01-08T00:09:00,F2,79.708,1.431,4.627,75.054,6.985,normal
2026-01-08T00:10:00,F2,74.478,0.949,3.439,55.591,7.966,normal
2026-01-08T00:11:00,F2,77.954,1.267,4.376,68.369,10.005,normal
2026-01-08T00:12:00,F2,65.6,1.051,4.494,59.024,9.655,normal
2026-01-08T00:13:00,F2,65.301,1.361,4.155,60.503,8.029,normal
2026-01-08T00:14:00,F2,68.131,1.26,4.075,68.551,7.215,normal
2026-01-08T00:15:00,F2,76.084,1.071,3.608,69.415,10.059,normal
2026-01-08T00:16:00,F2,88.928,1.351,5.291,76.611,10.0,failure
2026-01-08T00:17:00,F2,76.798,1.215,4.742,65.1,7.198,normal
2026-01-08T00:18:00,F2,82.935,1.149,4.653,64.4,9.44,normal
2026-01-08T00:19:00,F2,66.984,1.247,4.757,59.112,6.041,normal
2026-01-08T00:20:00,F2,87.706,1.192,5.605,77.183,8.137,normal
2026-01-08T00:21:00,F2,68.475,0.98,5.589,64.441,6.086,normal
2026-01-08T00:22:00,F2,81.669,1.097,3.983,66.467,6.826,normal
2026-01-08T00:23:00,F2,73.416,1.135,4.703,69.507,7.098,normal
2026-01-08T00:24:00,F2,85.181,1.192,3.993,64.118,5.45,normal
2026-01-08T00:25:00,F2,65.796,1.367,5.821,61.418,6.827,normal
2026-01-08T00:26:00,F2,80.732,1.168,3.747,54.264,8.231,normal
2026-01-08T00:27:00,F2,68.903,1.017,4.653,70.696,8.627,normal
2026-01-08T00:28:00,F2,77.049,1.316,4.113,61.377,6.898,normal
2026-01-08T00:29:00,F2,69.913,1.118,4.093,69.271,6.85,normal
2026-01-08T00:30:00,F2,82.896,1.343,3.436,69.893,8.274,normal
2026-01-08T00:31:00,F2,67.156,1.226,4.169,58.065,7.678,normal
2026-01-08T00:32:00,F2,83.149,1.119,3.533,59.989,7.023,normal
2026-01-08T00:33:00,F2,73.317,1.499,3.587,46.625,9.197,normal
2026-01-08T00:34:00,F2,91.161,1.285,4.997,75.073,7.396,normal
2026-01-08T00:35:00,F2,87.899,1.195,4.76,61.64,9.425,normal
2026-01-08T00:36:00,F2,59.908,1.175,3.696,65.297,8.634,normal
2026-01-08T00:37:00,F2,79.802,0.979,4.504,54.129,9.971,normal
2026-01-08T00:38:00,F2,70.244,1.272,3.778,61.146,8.066,normal
2026-01-08T00:39:00,F2,67.07,1.438,4.28,54.665,8.021,normal
2026-01-08T00:40:00,F2,84.605,1.326,4.621,79.452,7.494,normal
2026-01-08T00:41:00,F2,83.419,1.283,4.432,69.792,5.756,normal
2026-01-08T00:42:00,F2,81.864,1.122,3.975,55.774,7.97,normal
2026-01-08T00:43:00,F2,54.028,1.352,3.065,60.359,7.06,normal
2026-01-08T00:44:00,F2,82.102,0.941,5.072,46.49,7.267,normal
2026-01-08T00:45:00,F2,90.236,1.087,4.548,62.342,6.385,normal
2026-01-08T00:46:00,F2,61.113,1.406,4.987,59.0,10.68,normal
2026-01-08T00:47:00,F2,82.004,0.817,4.084,64.756,6.4,normal
2026-01-08T00:48:00,F2,80.81,1.012,3.793,62.54,8.129,normal
2026-01-08T00:49:00,F2,60.963,1.168,4.591,71.156,5.854,normal
2026-01-08T00:50:00,F2,57.273,1.258,4.925,84.811,8.696,normal
2026-01-08T00:51:00,F2,72.877,1.048,5.048,71.089,7.173,normal
2026-01-08T00:52:00,F2,84.352,1.273,4.29,62.158,7.159,normal
2026-01-08T00:53:00,F2,76.425,1.485,3.553,61.253,8.216,normal
2026-01-08T00:54:00,F2,75.426,1.243,4.483,61.455,11.497,normal
2026-01-08T00:55:00,F2,83.727,1.108,4.257,68.607,6.916,normal
2026-01-08T00:56:00,F2,85.598,1.226,5.052,81.063,9.273,normal
2026-01-08T00:57:00,F2,68.593,1.124,4.804,56.076,8.965,normal
2026-01-08T00:58:00,F2,57.813,1.273,5.846,68.245,7.899,normal
2026-01-08T00:59:00,F2,87.741,1.056,6.13,67.271,8.307,normal
2026-01-08T01:00:00,F2,60.729,1.458,2.822,58.929,9.472,normal
2026-01-08T01:01:00,F2,74.668,1.165,4.259,73.572,6.513,normal
2026-01-08T01:02:00,F2,92.824,1.095,4.957,78.13,8.594,normal
2026-01-08T01:03:00,F2,73.486,1.366,4.698,56.018,7.507,normal
2026-01-08T01:04:00,F2,78.156,1.365,4.63,63.373,9.21,normal
2026-01-08T01:05:00,F2,70.018,1.197,4.46,59.961,9.723,normal
2026-01-08T01:06:00,F2,73.922,1.146,5.155,64.641,5.964,normal
2026-01-08T01:07:00,F2,67.29,1.404,4.44,56.95,9.364,normal
2026-01-08T01:08:00,F2,69.754,1.131,5.215,42.83,8.799,normal
2026-01-08T01:09:00,F2,67.038,1.104,5.09,70.033,9.129,normal
2026-01-08T01:10:00,F2,74.726,1.11,4.018,69.173,7.464,normal
2026-01-08T01:11:00,F2,77.699,1.264,5.214,61.328,6.425,normal
2026-01-08T01:12:00,F2,83.674,1.268,3.792,77.349,6.83,normal
2026-01-08T01:13:00,F2,67.519,1.226,5.797,72.239,9.765,normal
2026-01-08T01:14:00,F2,66.407,1.391,4.302,69.619,7.311,normal
2026-01-08T01:15:00,F2,83.721,1.147,4.286,62.735,8.6,normal
2026-01-08T01:16:00,F2,80.724,1.258,3.927,62.608,7.215,normal
2026-01-08T01:17:00,F2,87.646,1.07,5.032,76.396,5.083,normal
2026-01-08T01:18:00,F2,65.871,1.198,2.986,58.599,8.023,normal
2026-01-08T01:19:00,F2,68.644,1.303,4.46,66.069,7.99,normal
2026-01-08T01:20:00,F2,72.116,1.219,5.701,58.66,7.651,normal
2026-01-08T01:21:00,F2,64.849,1.365,4.786,65.365,6.537,normal
2026-01-08T01:22:00,F2,67.481,1.29,4.285,64.332,9.412,normal
2026-01-08T01:23:00,F2,63.945,1.3,4.904,56.605,7.357,normal
2026-01-08T01:24:00,F2,71.474,1.182,2.794,51.53,9.851,normal
2026-01-08T01:25:00,F2,78.669,1.221,3.74,57.789,7.437,normal
2026-01-08T01:26:00,F2,84.46,1.328,5.203,65.146,6.651,normal
2026-01-08T01:27:00,F2,74.992,1.611,4.603,58.053,7.562,normal
2026-01-08T01:28:00,F2,87.255,1.319,4.277,58.811,7.893,normal
2026-01-08T01:29:00,F2,83.494,1.302,2.539,50.698,9.715,normal
2026-01-08T01:30:00,F2,67.409,1.27,4.167,62.118,9.236,normal
2026-01-08T01:31:00,F2,74.132,1.385,4.961,47.656,6.537,normal
2026-01-08T01:32:00,F2,79.83,1.641,3.704,52.958,7.672,normal
2026-01-08T01:33:00,F2,65.106,1.237,3.753,54.631,11.418,normal
2026-01-08T01:34:00,F2,74.425,1.387,5.098,57.451,10.422,failure
2026-01-08T01:35:00,F2,74.523,1.333,5.525,54.386,8.611,normal
2026-01-08T01:36:00,F2,69.395,1.018,5.037,58.752,8.327,failure
2026-01-08T01:37:00,F2,67.062,1.357,4.307,61.458,9.463,normal
2026-01-08T01:38:00,F2,67.604,1.619,3.817,63.071,6.636,normal
2026-01-08T01:39:00,F2,72.678,1.204,4.077,62.084,9.519,normal
2026-01-08T01:40:00,F2,76.605,1.525,3.849,62.26,8.778,normal
2026-01-08T01:41:00,F2,83.733,1.622,4.054,84.483,5.723,normal
2026-01-08T01:42:00,F2,72.133,1.516,4.439,69.247,7.613,normal
2026-01-08T01:43:00,F2,77.978,1.432,3.815,59.455,7.255,normal
2026-01-08T01:44:00,F2,75.538,1.269,4.475,73.319,9.513,normal
2026-01-08T01:45:00,F2,76.131,1.454,4.177,63.72,8.258,normal
2026-01-08T01:46:00,F2,75.612,1.551,3.694,69.736,6.97,normal
2026-01-08T01:47:00,F2,66.924,1.231,4.631,69.005,7.366,normal
2026-01-08T01:48:00,F2,76.244,0.996,5.328,63.242,5.619,normal
2026-01-08T01:49:00,F2,99.79,1.426,4.203,63.17,6.188,normal
2026-01-08T01:50:00,F2,75.997,1.198,4.322,53.61,7.26,normal
2026-01-08T01:51:00,F2,74.733,1.155,4.313,56.683,6.742,normal
2026-01-08T01:52:00,F2,69.731,1.314,5.558,75.453,10.527,normal
2026-01-08T01:53:00,F2,61.014,1.001,4.575,71.4,8.937,normal
2026-01-08T01:54:00,F2,81.708,1.241,4.39,74.66,6.317,normal
2026-01-08T01:55:00,F2,71.477,1.297,4.077,75.708,7.0,normal
2026-01-08T01:56:00,F2,90.036,1.446,3.489,64.387,8.073,failure
2026-01-08T01:57:00,F2,69.035,1.254,4.064,63.513,6.328,normal
2026-01-08T01:58:00,F2,74.885,1.118,4.562,80.343,9.661,normal
2026-01-08T01:59:00,F2,80.845,1.194,4.093,82.224,10.041,normal
2026-01-08T02:00:00,F2,72.959,1.143,3.181,58.065,9.798,normal
2026-01-08T02:01:00,F2,83.849,1.328,4.369,74.325,8.713,normal
2026-01-08T02:02:00,F2,69.999,1.328,4.757,65.59,6.437,normal
2026-01-08T02:03:00,F2,74.159,1.179,3.66,66.712,10.103,normal
2026-01-08T02:04:00,F2,90.189,1.192,4.574,57.429,8.99,normal
2026-01-08T02:05:00,F2,79.47,1.179,3.478,56.38,9.304,normal
2026-01-08T02:06:00,F2,71.952,1.36,3.901,63.324,10.437,normal
2026-01-08T02:07:00,F2,67.012,1.223,4.424,64.238,8.778,normal
2026-01-08T02:08:00,F2,70.921,1.175,5.556,72.103,7.488,normal
2026-01-08T02:09:00,F2,75.727,1.242,5.257,92.46,7.177,normal
2026-01-08T02:10:00,F2,76.457,1.11,4.69,42.01,8.707,normal
2026-01-08T02:11:00,F2,63.022,1.285,4.695,63.328,7.75,normal
2026-01-08T02:12:00,F2,74.806,1.174,3.426,65.5,7.904,normal
2026-01-08T02:13:00,F2,73.321,1.361,4.717,79.817,8.495,normal
2026-01-08T02:14:00,F2,74.665,1.691,4.876,69.042,8.32,normal
2026-01-08T02:15:00,F2,79.166,1.322,4.485,78.439,7.584,normal
2026-01-08T02:16:00,F2,66.806,1.124,3.966,68.104,9.833,normal
2026-01-08T02:17:00,F2,69.182,1.455,3.718,51.621,6.901,normal
2026-01-08T02:18:00,F2,94.449,1.223,4.757,65.671,7.522,normal
2026-01-08T02:19:00,F2,79.032,1.395,4.671,68.918,9.641,normal
2026-01-08T02:20:00,F2,73.171,1.505,4.25,54.778,6.413,normal
2026-01-08T02:21:00,F2,75.496,1.481,4.725,63.822,7.583,normal
2026-01-08T02:22:00,F2,69.798,1.315,4.909,68.761,8.011,normal
2026-01-08T02:23:00,F2,65.522,1.375,5.241,73.3,6.954,normal
2026-01-08T02:24:00,F2,81.372,1.42,4.739,54.573,9.593,normal
2026-01-08T02:25:00,F2,73.47,1.499,4.819,65.417,9.191,normal
2026-01-08T02:26:00,F2,71.124,1.195,5.543,59.694,10.196,normal
2026-01-08T02:27:00,F2,57.827,1.293,3.459,61.747,7.218,normal
2026-01-08T02:28:00,F2,66.49,1.525,6.013,53.647,8.381,failure
2026-01-08T02:29:00,F2,67.421,1.218,3.89,67.323,7.612,normal
2026-01-08T02:30:00,F2,83.397,1.401,4.478,75.826,6.325,normal
2026-01-08T02:31:00,F2,80.924,1.245,4.494,81.746,9.568,failure
2026-01-08T02:32:00,F2,66.559,1.333,5.114,69.987,9.147,normal
2026-01-08T02:33:00,F2,75.703,1.38,2.654,53.024,10.624,normal
2026-01-08T02:34:00,F2,72.327,1.531,5.479,67.629,7.331,normal
2026-01-08T02:35:00,F2,68.282,1.25,4.686,79.127,6.108,normal
2026-01-08T02:36:00,F2,72.121,1.156,5.292,70.076,9.203,normal
2026-01-08T02:37:00,F2,78.535,1.24,3.967,56.789,8.395,normal
2026-01-08T02:38:00,F2,73.982,1.388,5.379,68.577,6.482,normal
2026-01-08T02:39:00,F2,82.108,1.104,4.964,65.101,6.914,normal
2026-01-08T02:40:00,F2,88.872,1.288,5.349,76.383,8.013,failure
2026-01-08T02:41:00,F2,76.947,1.109,4.533,73.763,7.668,normal
2026-01-08T02:42:00,F2,66.77,1.519,4.825,51.967,8.202,normal
2026-01-08T02:43:00,F2,80.013,1.013,4.513,60.047,6.413,normal
2026-01-08T02:44:00,F2,74.048,1.036,4.652,62.505,6.639,normal
2026-01-08T02:45:00,F2,73.946,1.186,5.612,59.373,11.038,normal
2026-01-08T02:46:00,F2,74.25,1.457,4.732,54.939,7.679,normal
2026-01-08T02:47:00,F2,79.457,1.281,3.644,66.249,6.872,normal
2026-01-08T02:48:00,F2,67.626,1.307,4.756,76.798,9.53,normal
2026-01-08T02:49:00,F2,78.972,1.365,3.568,67.103,9.938,normal
2026-01-08T02:50:00,F2,85.292,1.261,4.324,47.637,9.678,normal
2026-01-08T02:51:00,F2,85.087,1.512,4.827,60.399,7.915,normal
2026-01-08T02:52:00,F2,69.821,1.129,3.479,80.406,9.493,normal
2026-01-08T02:53:00,F2,85.392,1.33,4.568,60.609,6.064,normal
2026-01-08T02:54:00,F2,90.649,1.031,3.573,63.089,7.243,normal
2026-01-08T02:55:00,F2,90.953,1.194,4.301,86.534,8.195,normal
2026-01-08T02:56:00,F2,80.448,1.54,3.967,67.313,7.651,normal
2026-01-08T02:57:00,F2,76.789,1.194,4.01,71.465,5.725,normal
2026-01-08T02:58:00,F2,80.382,1.3,4.409,64.472,7.351,normal
2026-01-08T02:59:00,F2,84.198,1.366,5.341,66.699,10.346,normal
2026-01-08T03:00:00,F2,68.13,1.17,4.174,53.054,8.042,normal
2026-01-08T03:01:00,F2,77.469,1.356,4.212,56.372,9.34,normal
2026-01-08T03:02:00,F2,68.95,1.146,5.071,55.722,8.383,normal
2026-01-08T03:03:00,F2,73.378,1.412,4.802,59.289,4.302,normal
2026-01-08T03:04:00,F2,76.857,1.224,4.733,68.759,7.269,normal
2026-01-08T03:05:00,F2,74.43,1.396,6.072,67.685,8.674,normal
2026-01-08T03:06:00,F2,77.66,1.232,5.022,70.459,8.414,normal
2026-01-08T03:07:00,F2,74.597,1.199,5.376,69.048,8.831,normal
2026-01-08T03:08:00,F2,85.231,1.288,3.435,70.951,6.011,normal
2026-01-08T03:09:00,F2,88.737,1.495,4.671,66.179,7.092,normal
2026-01-08T03:10:00,F2,82.515,1.158,5.098,56.746,6.732,normal
2026-01-08T03:11:00,F2,81.803,1.056,4.47,66.163,8.963,normal
2026-01-08T03:12:00,F2,74.764,1.408,4.265,62.502,7.373,normal
2026-01-08T03:13:00,F2,82.289,1.152,4.882,73.846,7.208,normal
2026-01-08T03:14:00,F2,76.405,1.217,4.968,63.189,8.809,normal
2026-01-08T03:15:00,F2,71.576,1.289,4.616,75.968,7.028,normal
2026-01-08T03:16:00,F2,78.424,1.416,5.106,81.89,8.601,normal
2026-01-08T03:17:00,F2,77.409,1.291,5.194,67.633,4.417,normal
2026-01-08T03:18:00,F2,68.643,1.553,2.787,57.113,7.96,normal
2026-01-08T03:19:00,F2,81.737,1.361,3.798,60.35,7.656,normal
2026-01-08T03:20:00,F2,62.223,1.098,4.856,75.249,9.459,normal
2026-01-08T03:21:00,F2,82.53,1.378,4.091,73.659,6.738,normal
2026-01-08T03:22:00,F2,67.745,1.306,4.774,61.704,8.064,normal
2026-01-08T03:23:00,F2,68.029,1.278,5.692,61.38,6.875,normal
2026-01-08T03:24:00,F2,70.027,1.295,4.166,55.385,7.989,normal
2026-01-08T03:25:00,F2,53.738,1.435,4.512,47.865,9.768,normal
2026-01-08T03:26:00,F2,75.889,1.315,3.98,65.857,9.225,normal
2026-01-08T03:27:00,F2,87.882,1.349,5.366,71.162,10.465,failure
2026-01-08T03:28:00,F2,82.835,1.332,5.135,61.529,9.839,normal
2026-01-08T03:29:00,F2,72.824,1.384,4.023,83.455,7.487,normal
2026-01-08T03:30:00,F2,73.847,1.119,5.2,77.852,11.474,normal
2026-01-08T03:31:00,F2,75.71,1.35,5.136,69.209,11.185,normal
2026-01-08T03:32:00,F2,66.108,1.318,4.16,53.167,8.25,normal
2026-01-08T03:33:00,F2,91.73,1.198,5.894,58.554,5.881,normal
2026-01-08T03:34:00,F2,73.533,1.294,4.599,64.62,8.184,normal
2026-01-08T03:35:00,F2,61.283,1.497,5.412,44.155,8.598,normal
2026-01-08T03:36:00,F2,94.711,1.701,3.669,75.038,9.406,failure
2026-01-08T03:37:00,F2,75.808,1.311,4.49,61.521,7.812,normal
2026-01-08T03:38:00,F2,78.674,1.466,5.569,69.22,8.238,normal
2026-01-08T03:39:00,F2,72.682,1.292,5.705,62.213,8.907,normal
2026-01-08T03:40:00,F2,75.796,1.558,4.108,77.499,9.79,failure
2026-01-08T03:41:00,F2,72.471,1.172,4.411,73.879,8.811,normal
2026-01-08T03:42:00,F2,77.171,1.045,4.148,69.244,10.592,normal
2026-01-08T03:43:00,F2,75.145,1.344,2.77,67.787,5.357,normal
2026-01-08T03:44:00,F2,67.94,1.233,3.838,59.827,8.788,normal
2026-01-08T03:45:00,F2,81.949,1.428,4.256,65.617,7.499,normal
2026-01-08T03:46:00,F2,72.185,1.311,5.194,61.668,6.828,normal
2026-01-08T03:47:00,F2,74.371,1.817,3.678,66.589,7.983,failure
2026-01-08T03:48:00,F2,70.666,1.512,3.647,65.373,9.353,normal
2026-01-08T03:49:00,F2,77.539,1.519,4.478,61.976,8.6,failure
2026-01-08T03:50:00,F2,82.089,1.642,4.302,65.134,7.256,failure
2026-01-08T03:51:00,F2,72.755,1.372,4.612,62.246,8.77,normal
2026-01-08T03:52:00,F2,86.394,1.424,4.08,72.672,8.206,normal
2026-01-08T03:53:00,F2,74.592,1.302,4.355,55.297,9.991,normal
2026-01-08T03:54:00,F2,76.953,1.491,5.372,48.891,8.593,failure
2026-01-08T03:55:00,F2,79.269,1.411,4.698,66.152,6.379,normal
2026-01-08T03:56:00,F2,100.565,1.177,4.094,46.218,8.984,normal
2026-01-08T03:57:00,F2,74.369,1.502,4.396,70.853,4.451,normal
2026-01-08T03:58:00,F2,86.749,1.589,5.218,80.808,8.954,failure
2026-01-08T03:59:00,F2,74.776,1.156,4.436,54.738,5.544,normal
2026-01-08T04:00:00,F2,74.771,1.443,4.917,73.922,7.355,normal
2026-01-08T04:01:00,F2,87.161,1.588,5.299,72.234,9.106,failure
2026-01-08T04:02:00,F2,64.51,1.235,4.812,77.108,8.031,normal
2026-01-08T04:03:00,F2,75.304,1.551,4.052,59.644,8.907,normal
2026-01-08T04:04:00,F2,91.804,1.62,4.752,65.263,8.669,failure
2026-01-08T04:05:00,F2,78.462,1.468,5.744,67.627,7.909,normal
2026-01-08T04:06:00,F2,83.121,1.08,4.584,61.754,6.691,normal
2026-01-08T04:07:00,F2,68.184,1.344,5.247,63.057,6.853,normal
2026-01-08T04:08:00,F2,72.639,1.735,4.081,74.681,6.491,normal
2026-01-08T04:09:00,F2,61.524,1.459,3.562,63.056,8.72,normal
2026-01-08T04:10:00,F2,63.896,1.535,4.958,63.478,15.391,normal
2026-01-08T04:11:00,F2,76.807,1.391,4.132,43.522,9.262,normal
2026-01-08T04:12:00,F2,70.688,1.525,4.767,66.566,9.52,normal
2026-01-08T04:13:00,F2,70.936,1.501,6.387,54.21,6.752,normal
2026-01-08T04:14:00,F2,82.159,0.916,4.291,58.73,9.063,normal
2026-01-08T04:15:00,F2,84.21,1.379,5.353,64.454,9.575,failure
2026-01-08T04:16:00,F2,76.057,1.173,5.045,63.038,10.437,normal
2026-01-08T04:17:00,F2,70.034,1.596,3.308,58.628,10.742,normal
2026-01-08T04:18:00,F2,70.571,1.41,4.338,61.221,10.733,normal
2026-01-08T04:19:00,F2,84.622,1.492,5.38,61.137,6.737,normal
2026-01-08T04:20:00,F2,64.694,1.517,4.827,60.293,8.28,normal
2026-01-08T04:21:00,F2,112.038,1.674,4.147,62.475,8.424,normal
2026-01-08T04:22:00,F2,79.539,1.135,4.351,61.155,8.321,normal
2026-01-08T04:23:00,F2,85.805,1.289,5.75,74.599,9.418,normal
2026-01-08T04:24:00,F2,74.051,1.394,5.893,62.542,10.002,normal
2026-01-08T04:25:00,F2,68.155,1.527,4.319,55.515,6.549,normal
2026-01-08T04:26:00,F2,71.126,1.539,5.223,75.638,8.923,failure
2026-01-08T04:27:00,F2,72.811,1.365,4.759,64.857,5.886,normal
2026-01-08T04:28:00,F2,73.454,1.603,5.476,63.687,6.527,normal
2026-01-08T04:29:00,F2,72.627,1.564,4.658,73.656,10.274,normal
2026-01-08T04:30:00,F2,82.153,1.263,4.142,58.178,10.156,normal
2026-01-08T04:31:00,F2,74.887,1.464,4.981,69.951,8.629,normal
2026-01-08T04:32:00,F2,72.751,1.451,5.152,59.755,10.749,normal
2026-01-08T04:33:00,F2,77.876,1.498,4.509,80.358,8.026,normal
2026-01-08T04:34:00,F2,76.943,1.312,4.852,61.387,6.281,normal
2026-01-08T04:35:00,F2,79.386,1.201,4.186,59.457,6.424,normal
2026-01-08T04:36:00,F2,74.002,1.424,4.338,67.081,9.823,failure
2026-01-08T04:37:00,F2,72.367,1.222,4.329,68.944,6.887,normal
2026-01-08T04:38:00,F2,74.175,1.45,4.629,58.909,8.42,normal
2026-01-08T04:39:00,F2,69.114,1.571,5.761,67.639,6.905,normal
2026-01-08T04:40:00,F2,82.292,1.71,5.469,60.197,7.671,normal
2026-01-08T04:41:00,F2,83.409,1.471,3.819,65.993,9.446,normal
2026-01-08T04:42:00,F2,75.457,1.31,4.724,70.811,8.874,normal
2026-01-08T04:43:00,F2,70.314,1.513,5.708,73.05,8.471,normal
2026-01-08T04:44:00,F2,75.477,1.421,4.844,74.312,10.186,normal
2026-01-08T04:45:00,F2,74.993,1.367,5.567,75.557,8.859,normal
2026-01-08T04:46:00,F2,74.857,1.536,5.227,75.251,6.801,normal
2026-01-08T04:47:00,F2,74.651,1.199,4.256,74.599,10.699,normal
2026-01-08T04:48:00,F2,70.625,1.919,3.682,78.548,9.254,normal
2026-01-08T04:49:00,F2,92.203,1.521,4.416,69.7,8.35,normal
2026-01-08T04:50:00,F2,78.851,1.758,5.547,70.631,9.495,failure
2026-01-08T04:51:00,F2,95.65,1.222,3.927,66.279,10.09,failure
2026-01-08T04:52:00,F2,82.053,1.335,3.876,66.232,8.719,normal
2026-01-08T04:53:00,F2,85.915,1.23,3.878,88.433,10.933,normal
2026-01-08T04:54:00,F2,74.768,1.611,4.359,64.101,8.56,normal
2026-01-08T04:55:00,F2,85.493,1.616,5.037,65.337,8.71,failure
2026-01-08T04:56:00,F2,68.005,1.373,4.934,61.038,5.857,normal
2026-01-08T04:57:00,F2,83.901,1.532,4.706,66.091,6.816,normal
2026-01-08T04:58:00,F2,69.127,1.363,5.535,71.139,8.267,normal
2026-01-08T04:59:00,F2,70.573,1.757,4.531,61.441,7.815,normal
2026-01-08T05:00:00,F2,68.659,1.832,4.8,60.856,7.757,failure
2026-01-08T05:01:00,F2,74.969,1.573,4.654,66.586,8.454,normal
2026-01-08T05:02:00,F2,94.023,1.314,4.741,49.424,8.98,failure
2026-01-08T05:03:00,F2,71.43,1.296,4.012,66.204,8.08,normal
2026-01-08T05:04:00,F2,66.695,1.349,5.104,62.871,8.267,normal
2026-01-08T05:05:00,F2,73.794,1.343,5.754,76.125,10.212,normal
2026-01-08T05:06:00,F2,61.908,0.966,5.561,71.044,9.292,normal
2026-01-08T05:07:00,F2,55.76,1.518,4.324,67.32,7.727,normal
2026-01-08T05:08:00,F2,81.694,1.297,4.603,73.188,6.98,failure
2026-01-08T05:09:00,F2,62.052,1.036,5.177,71.327,9.517,normal
2026-01-08T05:10:00,F2,79.263,1.543,4.724,73.079,6.13,normal
2026-01-08T05:11:00,F2,86.612,1.329,5.296,39.254,10.653,normal
2026-01-08T05:12:00,F2,93.778,1.238,5.012,64.21,9.62,normal
2026-01-08T05:13:00,F2,82.182,1.527,3.605,73.397,6.717,normal
2026-01-08T05:14:00,F2,96.262,1.388,5.264,64.889,6.44,normal
2026-01-08T05:15:00,F2,84.621,1.49,5.612,69.53,3.727,normal
2026-01-08T05:16:00,F2,72.665,1.366,3.478,73.088,8.864,normal
2026-01-08T05:17:00,F2,74.585,1.28,4.239,42.785,10.421,normal
2026-01-08T05:18:00,F2,64.001,1.391,3.842,58.013,9.359,normal
2026-01-08T05:19:00,F2,75.791,1.331,4.703,52.598,7.254,normal
2026-01-08T05:20:00,F2,68.243,1.609,4.38,70.343,8.585,normal
2026-01-08T05:21:00,F2,80.717,1.346,5.22,66.476,5.637,normal
2026-01-08T05:22:00,F2,65.482,1.356,3.947,59.016,10.27,normal
2026-01-08T05:23:00,F2,81.923,1.746,4.838,58.098,6.94,normal
2026-01-08T05:24:00,F2,70.847,1.761,5.274,68.673,9.445,failure
2026-01-08T05:25:00,F2,60.65,1.576,4.532,60.535,10.275,normal
2026-01-08T05:26:00,F2,77.301,1.546,3.683,71.814,9.199,failure
2026-01-08T05:27:00,F2,89.194,1.53,3.979,74.652,11.022,normal
2026-01-08T05:28:00,F2,85.275,1.674,4.406,56.887,9.471,failure
2026-01-08T05:29:00,F2,83.978,1.414,6.05,73.35,7.191,failure
2026-01-08T05:30:00,F2,72.3,1.47,5.565,57.36,9.124,normal
2026-01-08T05:31:00,F2,77.371,1.197,6.638,52.513,7.23,normal
2026-01-08T05:32:00,F2,83.49,1.526,3.265,73.291,5.844,normal
2026-01-08T05:33:00,F2,74.402,1.724,6.319,79.604,9.027,normal
2026-01-08T05:34:00,F2,79.937,1.424,4.112,60.7,7.224,failure
2026-01-08T05:35:00,F2,77.513,1.568,4.956,63.117,8.825,normal
2026-01-08T05:36:00,F2,71.632,1.748,3.701,72.145,9.927,failure
2026-01-08T05:37:00,F2,78.56,1.658,5.888,65.924,9.63,failure
2026-01-08T05:38:00,F2,75.485,1.223,4.51,73.912,9.401,normal
2026-01-08T05:39:00,F2,68.154,1.442,4.99,71.57,9.318,normal
2026-01-08T05:40:00,F2,74.825,1.214,4.045,63.204,9.973,normal
2026-01-08T05:41:00,F2,72.113,1.317,3.961,55.398,10.445,normal
2026-01-08T05:42:00,F2,78.27,1.354,5.596,84.732,9.674,normal
2026-01-08T05:43:00,F2,67.355,1.318,3.684,80.057,9.793,normal
2026-01-08T05:44:00,F2,71.841,1.638,7.506,63.15,5.882,normal
2026-01-08T05:45:00,F2,56.525,1.644,4.87,66.657,7.176,normal
2026-01-08T05:46:00,F2,64.002,1.213,5.478,75.379,8.317,normal
2026-01-08T05:47:00,F2,71.948,1.338,5.115,78.636,8.153,normal
2026-01-08T05:48:00,F2,77.024,1.597,4.122,66.083,8.023,normal
2026-01-08T05:49:00,F2,67.673,1.54,4.76,59.872,8.025,normal
2026-01-08T05:50:00,F2,72.804,1.664,4.197,62.413,8.597,normal
2026-01-08T05:51:00,F2,76.184,1.677,6.065,57.501,11.756,failure
2026-01-08T05:52:00,F2,70.539,1.576,4.392,63.506,6.652,normal
2026-01-08T05:53:00,F2,80.85,1.672,4.138,65.724,6.891,normal
2026-01-08T05:54:00,F2,81.984,1.602,5.586,63.457,8.253,normal
2026-01-08T05:55:00,F2,77.98,1.691,5.65,57.182,9.121,failure
2026-01-08T05:56:00,F2,77.919,1.459,3.645,57.575,9.587,normal
2026-01-08T05:57:00,F2,79.646,1.374,6.298,73.793,7.058,normal
2026-01-08T05:58:00,F2,76.76,1.405,3.978,55.415,9.043,normal
2026-01-08T05:59:00,F2,74.716,1.298,4.954,66.176,7.26,normal
2026-01-08T06:00:00,F2,71.293,1.463,4.652,59.824,8.845,failure
2026-01-08T06:01:00,F2,71.67,1.371,4.273,69.994,7.358,normal
2026-01-08T06:02:00,F2,66.68,1.414,4.316,86.406,7.09,normal
2026-01-08T06:03:00,F2,77.115,1.836,4.291,64.939,12.119,normal
2026-01-08T06:04:00,F2,92.468,1.76,4.832,60.9,9.232,failure
2026-01-08T06:05:00,F2,69.739,1.26,4.007,65.608,7.218,normal
2026-01-08T06:06:00,F2,85.77,1.588,4.455,73.098,8.155,failure
2026-01-08T06:07:00,F2,84.001,1.452,4.597,73.954,7.136,normal
2026-01-08T06:08:00,F2,75.858,1.326,4.147,66.739,9.033,normal
2026-01-08T06:09:00,F2,71.324,1.785,4.844,59.32,10.043,failure
2026-01-08T06:10:00,F2,70.551,1.592,4.968,62.177,9.133,normal
2026-01-08T06:11:00,F2,83.621,1.757,5.614,77.659,9.205,failure
2026-01-08T06:12:00,F2,76.881,1.334,5.277,70.049,8.643,normal
2026-01-08T06:13:00,F2,84.891,1.411,3.97,69.749,9.879,normal
2026-01-08T06:14:00,F2,76.92,1.207,5.535,79.158,7.436,normal
2026-01-08T06:15:00,F2,68.96,1.417,3.512,65.392,10.856,normal
2026-01-08T06:16:00,F2,68.821,1.654,3.581,54.076,9.62,normal
2026-01-08T06:17:00,F2,81.048,1.382,3.988,61.921,6.738,normal
2026-01-08T06:18:00,F2,68.683,1.53,4.744,58.829,6.477,normal
2026-01-08T06:19:00,F2,84.673,1.648,3.595,65.927,13.977,failure
2026-01-08T06:20:00,F2,83.092,1.405,5.605,68.599,8.823,failure
2026-01-08T06:21:00,F2,60.576,1.609,5.188,72.3,8.83,normal
2026-01-08T06:22:00,F2,71.674,1.589,4.054,73.795,9.274,normal
2026-01-08T06:23:00,F2,69.462,1.503,4.256,76.587,9.173,failure
2026-01-08T06:24:00,F2,80.808,1.36,5.53,78.254,7.984,normal
2026-01-08T06:25:00,F2,80.957,1.587,5.686,60.745,7.893,normal
2026-01-08T06:26:00,F2,74.689,1.563,5.88,59.02,7.609,failure
2026-01-08T06:27:00,F2,78.138,1.563,4.913,74.706,10.729,normal
2026-01-08T06:28:00,F2,61.309,1.629,5.224,57.157,6.924,normal
2026-01-08T06:29:00,F2,81.963,1.447,4.991,48.121,7.972,normal
2026-01-08T06:30:00,F2,74.739,1.691,4.556,71.132,6.824,normal
2026-01-08T06:31:00,F2,84.955,1.287,3.499,66.117,9.265,normal
2026-01-08T06:32:00,F2,70.599,1.438,4.459,69.861,7.787,normal
2026-01-08T06:33:00,F2,65.146,1.594,4.553,65.121,7.071,normal
2026-01-08T06:34:00,F2,77.474,1.486,4.909,58.348,9.625,failure
2026-01-08T06:35:00,F2,93.933,1.385,4.395,41.076,10.438,failure
2026-01-08T06:36:00,F2,78.86,1.447,4.433,61.899,6.688,normal
2026-01-08T06:37:00,F2,79.994,1.377,4.645,60.615,7.452,normal
2026-01-08T06:38:00,F2,73.192,1.637,4.369,62.291,8.729,normal
2026-01-08T06:39:00,F2,77.188,1.267,3.624,70.837,6.381,normal
2026-01-08T06:40:00,F2,73.157,1.488,5.755,84.886,11.455,failure
2026-01-08T06:41:00,F2,71.02,1.514,4.911,64.736,9.25,failure
2026-01-08T06:42:00,F2,79.773,1.409,4.451,60.834,7.447,normal
2026-01-08T06:43:00,F2,74.439,1.518,4.763,60.399,8.992,normal
2026-01-08T06:44:00,F2,81.061,1.422,6.072,64.117,9.481,failure
2026-01-08T06:45:00,F2,86.889,1.826,4.971,65.857,10.095,failure
2026-01-08T06:46:00,F2,76.678,1.373,5.218,79.116,5.857,normal
2026-01-08T06:47:00,F2,83.466,1.563,5.078,69.465,10.544,failure
2026-01-08T06:48:00,F2,77.083,1.392,5.571,57.224,10.163,failure
2026-01-08T06:49:00,F2,72.586,1.523,4.619,74.243,7.623,normal
2026-01-08T06:50:00,F2,75.602,1.413,4.843,50.506,9.32,normal
2026-01-08T06:51:00,F2,86.462,1.386,5.37,63.597,7.602,normal
2026-01-08T06:52:00,F2,77.546,1.536,3.792,76.784,8.907,normal
2026-01-08T06:53:00,F2,81.795,1.427,3.63,63.997,8.541,normal
2026-01-08T06:54:00,F2,71.555,1.31,3.876,70.228,8.43,normal
2026-01-08T06:55:00,F2,65.816,1.434,5.088,61.941,7.203,normal
2026-01-08T06:56:00,F2,61.394,2.553,5.1,53.313,8.962,normal
2026-01-08T06:57:00,F2,59.749,1.422,4.999,98.626,8.306,normal
2026-01-08T06:58:00,F2,76.966,1.593,4.94,63.901,9.27,normal
2026-01-08T06:59:00,F2,80.03,1.75,4.625,72.134,9.753,normal
2026-01-08T07:00:00,F2,91.624,1.547,4.373,74.975,9.888,failure
2026-01-08T07:01:00,F2,94.913,1.332,4.839,78.916,9.74,normal
2026-01-08T07:02:00,F2,82.458,1.503,5.855,73.25,8.445,normal
2026-01-08T07:03:00,F2,73.641,1.339,3.976,54.517,9.014,normal
2026-01-08T07:04:00,F2,69.305,1.8,3.878,69.152,9.221,normal
2026-01-08T07:05:00,F2,65.423,1.424,3.394,77.291,7.669,normal
2026-01-08T07:06:00,F2,79.171,1.436,4.418,51.935,12.421,normal
2026-01-08T07:07:00,F2,76.931,1.472,5.126,62.217,7.538,normal
2026-01-08T07:08:00,F2,80.128,1.814,5.131,63.354,7.464,failure
2026-01-08T07:09:00,F2,77.09,1.256,3.686,74.538,7.578,normal
2026-01-08T07:10:00,F2,94.865,1.676,5.724,79.479,9.026,failure
2026-01-08T07:11:00,F2,77.995,1.594,4.531,77.676,6.484,normal
2026-01-08T07:12:00,F2,78.459,1.154,5.654,68.455,8.057,normal
2026-01-08T07:13:00,F2,90.585,1.474,4.832,67.053,9.222,failure
2026-01-08T07:14:00,F2,79.155,1.431,4.582,60.894,7.609,normal
2026-01-08T07:15:00,F2,79.205,1.746,6.088,106.292,7.696,normal
2026-01-08T07:16:00,F2,66.384,1.504,6.105,64.567,10.08,normal
2026-01-08T07:17:00,F2,76.91,1.464,4.659,74.561,6.747,failure
2026-01-08T07:18:00,F2,86.914,1.304,5.392,81.651,7.32,normal
2026-01-08T07:19:00,F2,58.253,1.519,4.118,67.323,10.137,normal
2026-01-08T07:20:00,F2,92.892,1.575,3.634,52.611,8.236,failure
2026-01-08T07:21:00,F2,90.548,1.279,4.985,62.923,8.748,normal
2026-01-08T07:22:00,F2,85.902,1.346,5.395,75.101,9.955,normal
2026-01-08T07:23:00,F2,80.108,1.639,5.035,78.37,7.804,normal
2026-01-08T07:24:00,F2,91.609,1.626,5.479,60.536,9.421,normal
2026-01-08T07:25:00,F2,65.205,1.484,5.251,72.537,9.502,normal
2026-01-08T07:26:00,F2,68.267,1.128,4.708,54.327,7.274,normal
2026-01-08T07:27:00,F2,71.747,1.753,5.459,63.941,9.967,normal
2026-01-08T07:28:00,F2,93.781,1.715,4.32,48.224,8.547,failure
2026-01-08T07:29:00,F2,53.713,1.803,5.282,53.644,8.81,normal
2026-01-08T07:30:00,F2,65.215,1.204,6.317,92.776,9.765,normal
2026-01-08T07:31:00,F2,72.795,1.468,4.753,69.382,7.844,normal
2026-01-08T07:32:00,F2,66.651,1.763,5.193,58.292,10.969,failure
2026-01-08T07:33:00,F2,71.623,1.762,5.153,68.63,8.934,failure
2026-01-08T07:34:00,F2,67.062,1.379,4.806,66.011,5.752,normal
2026-01-08T07:35:00,F2,79.672,1.433,4.917,59.709,7.056,normal
2026-01-08T07:36:00,F2,78.335,1.46,5.683,67.933,8.034,normal
2026-01-08T07:37:00,F2,74.214,1.621,4.327,67.032,5.011,normal
2026-01-08T07:38:00,F2,76.416,1.64,4.939,67.489,8.589,normal
2026-01-08T07:39:00,F2,75.152,1.823,4.794,73.401,9.414,normal
2026-01-08T07:40:00,F2,69.86,1.626,3.793,83.436,9.231,normal
2026-01-08T07:41:00,F2,72.99,1.528,5.485,60.662,8.284,normal
2026-01-08T07:42:00,F2,97.906,1.83,4.941,62.791,9.312,failure
2026-01-08T07:43:00,F2,73.427,1.604,5.415,49.225,5.939,normal
2026-01-08T07:44:00,F2,78.431,1.39,4.682,72.391,8.842,normal
2026-01-08T07:45:00,F2,62.689,1.681,4.366,64.92,9.104,normal
2026-01-08T07:46:00,F2,72.564,1.395,5.109,68.199,10.372,normal
2026-01-08T07:47:00,F2,81.49,1.597,5.197,66.358,9.205,failure
2026-01-08T07:48:00,F2,86.483,1.927,3.379,71.307,9.839,failure
2026-01-08T07:49:00,F2,70.299,1.517,5.124,80.606,9.725,normal
2026-01-08T07:50:00,F2,80.613,1.353,4.647,66.101,7.6,normal
2026-01-08T07:51:00,F2,76.202,1.61,5.098,69.926,9.474,normal
2026-01-08T07:52:00,F2,78.378,1.707,4.46,62.593,7.982,normal
2026-01-08T07:53:00,F2,81.952,1.94,5.645,58.409,9.483,failure
2026-01-08T07:54:00,F2,83.136,1.658,3.76,55.373,8.516,normal
2026-01-08T07:55:00,F2,86.708,1.513,5.079,73.01,9.222,normal
2026-01-08T07:56:00,F2,83.615,1.58,4.265,63.811,7.394,failure
2026-01-08T07:57:00,F2,70.221,1.354,5.049,64.808,7.411,normal
2026-01-08T07:58:00,F2,75.372,1.656,4.7,67.508,8.114,failure
2026-01-08T07:59:00,F2,66.738,1.508,4.642,71.45,7.361,normal
2026-01-08T08:00:00,F2,70.576,1.742,4.873,70.393,10.959,failure
2026-01-08T08:01:00,F2,67.706,1.525,5.066,77.941,10.263,failure
2026-01-08T08:02:00,F2,69.231,1.481,4.24,76.898,10.362,normal
2026-01-08T08:03:00,F2,73.318,1.545,5.057,71.131,7.659,normal
2026-01-08T08:04:00,F2,69.701,1.219,4.016,80.942,6.459,normal
2026-01-08T08:05:00,F2,75.42,1.641,4.832,63.882,7.384,normal
2026-01-08T08:06:00,F2,51.557,1.393,4.458,85.328,8.95,normal
2026-01-08T08:07:00,F2,61.337,1.612,4.112,69.941,10.09,normal
2026-01-08T08:08:00,F2,63.783,1.564,4.819,70.829,9.114,normal
2026-01-08T08:09:00,F2,70.539,1.64,5.242,29.858,10.979,failure
2026-01-08T08:10:00,F2,86.778,1.554,5.553,76.179,8.313,failure
2026-01-08T08:11:00,F2,75.459,1.852,6.035,60.511,9.346,failure
2026-01-08T08:12:00,F2,81.117,1.547,4.375,66.569,11.1,normal
2026-01-08T08:13:00,F2,63.217,1.398,4.401,57.592,7.556,normal
2026-01-08T08:14:00,F2,56.635,1.805,2.871,59.225,9.489,normal
2026-01-08T08:15:00,F2,82.642,1.637,4.613,72.475,8.237,failure
2026-01-08T08:16:00,F2,84.943,1.553,4.929,59.415,8.892,normal
2026-01-08T08:17:00,F2,74.265,1.338,5.538,69.425,9.374,normal
2026-01-08T08:18:00,F2,68.167,1.375,5.209,55.78,9.676,normal
2026-01-08T08:19:00,F2,83.659,1.443,3.422,73.679,8.094,normal
2026-01-08T08:20:00,F2,63.72,1.431,4.895,78.651,6.032,normal
2026-01-08T08:21:00,F2,77.532,1.543,4.645,59.87,9.096,normal
2026-01-08T08:22:00,F2,80.602,1.763,5.087,68.203,9.796,normal
2026-01-08T08:23:00,F2,67.479,1.401,5.419,73.785,10.755,failure
2026-01-08T08:24:00,F2,81.64,1.251,5.279,62.041,6.763,normal
2026-01-08T08:25:00,F2,92.928,1.228,4.677,52.658,7.247,normal
2026-01-08T08:26:00,F2,77.208,1.458,4.024,72.377,10.691,normal
2026-01-08T08:27:00,F2,67.976,1.599,4.759,68.613,9.369,normal
2026-01-08T08:28:00,F2,74.835,1.515,4.351,64.607,9.711,normal
2026-01-08T08:29:00,F2,91.897,1.439,7.082,58.416,8.297,failure
2026-01-08T08:30:00,F2,79.367,1.747,5.712,67.469,10.138,failure
2026-01-08T08:31:00,F2,76.184,1.992,5.86,61.805,10.703,failure
2026-01-08T08:32:00,F2,70.919,1.363,5.033,69.205,8.39,normal
2026-01-08T08:33:00,F2,80.435,1.412,4.39,78.334,9.565,normal
2026-01-08T08:34:00,F2,78.906,1.589,4.365,53.232,9.482,normal
2026-01-08T08:35:00,F2,82.485,1.665,4.906,64.648,9.032,failure
2026-01-08T08:36:00,F2,82.274,1.313,4.763,68.992,7.013,normal
2026-01-08T08:37:00,F2,68.056,1.586,3.817,73.418,9.042,normal
2026-01-08T08:38:00,F2,70.543,1.555,5.547,81.631,6.981,normal
2026-01-08T08:39:00,F2,83.99,1.353,3.911,72.563,7.997,normal
2026-01-08T08:40:00,F2,63.571,1.839,3.974,56.938,7.964,failure
2026-01-08T08:41:00,F2,83.943,1.541,4.726,69.003,9.639,failure
2026-01-08T08:42:00,F2,71.89,1.776,5.076,75.953,9.268,normal
2026-01-08T08:43:00,F2,71.584,1.399,5.468,71.414,7.647,normal
2026-01-08T08:44:00,F2,77.11,1.392,4.21,78.756,11.064,normal
2026-01-08T08:45:00,F2,72.801,1.768,5.202,64.321,9.806,failure
2026-01-08T08:46:00,F2,77.883,1.443,5.046,63.495,11.054,normal
2026-01-08T08:47:00,F2,82.04,1.476,4.613,71.886,10.794,normal
2026-01-08T08:48:00,F2,80.053,1.62,5.031,56.54,7.156,normal
2026-01-08T08:49:00,F2,81.669,1.865,5.371,72.118,8.389,failure
2026-01-08T08:50:00,F2,74.081,1.556,3.377,72.862,10.952,failure
2026-01-08T08:51:00,F2,82.487,1.557,4.986,69.759,7.476,normal
2026-01-08T08:52:00,F2,88.771,1.613,4.603,68.261,8.667,normal
2026-01-08T08:53:00,F2,68.088,1.738,4.149,57.048,6.984,normal
2026-01-08T08:54:00,F2,82.891,1.55,4.881,68.741,6.547,normal
2026-01-08T08:55:00,F2,74.163,1.484,4.659,48.865,7.795,normal
2026-01-08T08:56:00,F2,82.738,1.583,2.569,75.507,8.871,normal
2026-01-08T08:57:00,F2,79.065,1.64,3.373,48.097,9.557,normal
2026-01-08T08:58:00,F2,74.611,1.822,4.679,62.208,8.901,failure
2026-01-08T08:59:00,F2,88.706,1.671,4.827,58.262,8.436,normal
2026-01-08T09:00:00,F2,83.486,1.59,4.526,61.351,6.754,normal
2026-01-08T09:01:00,F2,88.126,1.607,5.252,71.777,6.667,failure
2026-01-08T09:02:00,F2,73.936,1.607,5.263,79.473,8.586,normal
2026-01-08T09:03:00,F2,83.391,1.69,4.231,65.049,6.645,normal
2026-01-08T09:04:00,F2,89.226,1.828,4.544,66.499,8.89,failure
2026-01-08T09:05:00,F2,82.875,1.701,3.311,74.385,7.686,normal
2026-01-08T09:06:00,F2,73.186,1.238,5.331,67.765,8.321,normal
2026-01-08T09:07:00,F2,61.703,1.822,5.064,74.586,7.219,normal
2026-01-08T09:08:00,F2,76.236,1.732,4.954,62.283,7.45,normal
2026-01-08T09:09:00,F2,76.807,1.6,4.561,57.053,11.596,failure
2026-01-08T09:10:00,F2,61.279,1.69,4.225,73.207,10.749,normal
2026-01-08T09:11:00,F2,83.128,1.391,4.246,40.55,10.766,normal
2026-01-08T09:12:00,F2,73.164,1.634,4.029,58.792,7.837,normal
2026-01-08T09:13:00,F2,69.008,1.594,5.036,76.998,6.348,normal
2026-01-08T09:14:00,F2,72.259,1.304,6.54,45.543,7.379,normal
2026-01-08T09:15:00,F2,62.337,1.872,4.901,71.456,10.203,normal
2026-01-08T09:16:00,F2,85.935,1.498,5.138,54.542,7.834,normal
2026-01-08T09:17:00,F2,82.994,1.298,4.902,78.887,9.766,normal
2026-01-08T09:18:00,F2,86.817,1.59,5.608,72.907,9.47,failure
2026-01-08T09:19:00,F2,75.084,1.438,4.638,67.74,8.851,normal
2026-01-08T09:20:00,F2,64.998,1.506,5.806,65.299,9.144,normal
2026-01-08T09:21:00,F2,67.003,1.704,4.305,67.676,5.748,normal
2026-01-08T09:22:00,F2,78.427,1.67,5.907,53.445,9.118,failure
2026-01-08T09:23:00,F2,77.909,1.3,3.522,54.475,6.341,normal
2026-01-08T09:24:00,F2,82.633,1.503,6.354,52.902,8.281,failure
2026-01-08T09:25:00,F2,73.05,1.459,4.614,81.597,6.708,normal
2026-01-08T09:26:00,F2,77.716,1.476,5.556,71.563,7.7,normal
2026-01-08T09:27:00,F2,95.175,1.648,4.754,45.259,9.926,failure
2026-01-08T09:28:00,F2,82.579,1.546,4.406,57.052,9.958,failure
2026-01-08T09:29:00,F2,68.411,1.611,5.627,50.583,13.892,normal
2026-01-08T09:30:00,F2,72.652,1.716,5.398,62.222,5.791,normal
2026-01-08T09:31:00,F2,89.692,1.715,4.069,74.835,8.109,normal
2026-01-08T09:32:00,F2,79.346,1.689,5.149,65.748,9.049,failure
2026-01-08T09:33:00,F2,72.966,1.509,4.762,72.8,8.526,normal
2026-01-08T09:34:00,F2,53.866,1.642,4.441,65.288,9.288,normal
2026-01-08T09:35:00,F2,77.179,1.639,5.338,68.571,7.583,normal
2026-01-08T09:36:00,F2,68.237,1.765,4.993,64.741,9.476,failure
2026-01-08T09:37:00,F2,73.471,1.492,4.844,70.96,8.82,normal
2026-01-08T09:38:00,F2,74.465,1.717,3.399,53.434,8.802,normal
2026-01-08T09:39:00,F2,80.861,1.767,5.049,54.12,8.462,failure
2026-01-08T09:40:00,F2,71.591,1.566,4.721,59.919,7.412,normal
2026-01-08T09:41:00,F2,81.364,1.698,3.975,68.801,8.61,failure
2026-01-08T09:42:00,F2,82.395,1.421,4.903,50.792,8.286,normal
2026-01-08T09:43:00,F2,87.424,1.656,4.03,72.652,9.483,normal
2026-01-08T09:44:00,F2,88.946,1.816,5.492,47.849,7.409,failure
2026-01-08T09:45:00,F2,61.459,1.623,5.537,70.399,11.486,normal
2026-01-08T09:46:00,F2,77.066,1.838,4.026,54.228,9.695,normal
2026-01-08T09:47:00,F2,81.612,1.516,5.439,62.938,6.004,normal
2026-01-08T09:48:00,F2,83.682,1.432,4.528,59.528,11.001,failure
2026-01-08T09:49:00,F2,68.49,1.566,3.946,64.591,8.611,normal
2026-01-08T09:50:00,F2,78.403,1.224,4.577,56.436,10.025,normal
2026-01-08T09:51:00,F2,71.229,1.712,4.669,54.99,9.141,normal
2026-01-08T09:52:00,F2,69.336,1.526,4.959,69.482,8.086,normal
2026-01-08T09:53:00,F2,88.79,1.791,4.138,60.473,7.8,normal
2026-01-08T09:54:00,F2,82.277,1.56,5.824,79.959,8.814,failure
2026-01-08T09:55:00,F2,73.087,1.579,5.818,57.644,8.103,failure
2026-01-08T09:56:00,F2,87.272,1.542,5.114,54.941,7.988,failure
2026-01-08T09:57:00,F2,74.672,1.393,5.082,66.533,7.207,normal
2026-01-08T09:58:00,F2,67.466,1.357,5.265,71.906,6.065,normal
2026-01-08T09:59:00,F2,64.785,1.655,5.127,67.555,7.92,normal
2026-01-08T10:00:00,F2,88.495,1.507,5.939,71.718,8.611,normal
2026-01-08T10:01:00,F2,65.021,1.587,4.683,82.431,6.953,normal
2026-01-08T10:02:00,F2,77.186,2.068,3.874,61.485,10.647,failure
2026-01-08T10:03:00,F2,83.176,1.594,4.95,72.762,7.533,normal
2026-01-08T10:04:00,F2,74.448,1.508,4.4,75.927,9.059,normal
2026-01-08T10:05:00,F2,77.546,1.576,5.056,56.174,9.017,normal
2026-01-08T10:06:00,F2,84.762,1.59,5.554,82.047,10.264,normal
2026-01-08T10:07:00,F2,77.388,1.593,4.347,50.89,4.999,normal
2026-01-08T10:08:00,F2,70.067,1.799,5.0,70.664,12.23,normal
2026-01-08T10:09:00,F2,72.168,1.71,3.975,68.127,10.813,failure
2026-01-08T10:10:00,F2,78.075,1.698,4.609,53.207,6.21,normal
2026-01-08T10:11:00,F2,65.807,1.605,4.758,78.135,10.78,normal
2026-01-08T10:12:00,F2,73.611,1.395,4.607,69.741,7.006,normal
2026-01-08T10:13:00,F2,64.46,1.587,4.665,80.134,8.062,normal
2026-01-08T10:14:00,F2,85.896,1.588,4.78,64.644,11.558,normal
2026-01-08T10:15:00,F2,81.274,1.573,4.991,60.503,8.119,normal
2026-01-08T10:16:00,F2,83.858,1.613,4.325,56.934,8.151,failure
2026-01-08T10:17:00,F2,69.71,1.802,4.921,71.503,10.493,failure
2026-01-08T10:18:00,F2,74.757,1.737,3.971,60.824,9.344,normal
2026-01-08T10:19:00,F2,78.558,1.79,5.453,73.782,7.717,normal
2026-01-08T10:20:00,F2,65.474,1.648,4.941,68.702,7.378,normal
2026-01-08T10:21:00,F2,78.506,1.734,5.706,57.397,5.06,normal
2026-01-08T10:22:00,F2,94.214,1.805,4.792,70.206,8.915,normal
2026-01-08T10:23:00,F2,73.313,1.547,5.611,76.085,9.951,normal
2026-01-08T10:24:00,F2,70.843,1.467,3.832,73.73,11.108,normal
2026-01-08T10:25:00,F2,65.349,1.543,5.645,65.544,8.216,normal
2026-01-08T10:26:00,F2,62.453,1.817,5.095,52.779,9.603,normal
2026-01-08T10:27:00,F2,76.361,1.575,3.816,63.529,9.363,failure
2026-01-08T10:28:00,F2,75.946,1.918,3.734,52.786,10.721,normal
2026-01-08T10:29:00,F2,70.397,1.954,4.671,64.737,10.973,failure
2026-01-08T10:30:00,F2,77.823,1.452,5.111,63.688,8.854,failure
2026-01-08T10:31:00,F2,74.868,1.681,4.692,58.43,7.886,normal
2026-01-08T10:32:00,F2,84.326,1.64,3.972,57.82,9.876,normal
2026-01-08T10:33:00,F2,77.503,1.862,4.204,51.766,10.283,normal
2026-01-08T10:34:00,F2,82.931,1.432,5.091,68.241,6.813,normal
2026-01-08T10:35:00,F2,69.644,1.593,4.766,71.563,10.208,normal
2026-01-08T10:36:00,F2,72.563,1.453,4.409,66.547,7.584,normal
2026-01-08T10:37:00,F2,88.778,1.822,4.293,67.501,7.657,normal
2026-01-08T10:38:00,F2,78.098,1.427,5.501,68.882,8.815,normal
2026-01-08T10:39:00,F2,71.304,1.523,5.055,67.498,10.158,normal
2026-01-08T10:40:00,F2,58.433,1.602,5.422,64.939,8.512,normal
2026-01-08T10:41:00,F2,69.688,1.963,4.19,71.244,5.942,normal
2026-01-08T10:42:00,F2,92.175,1.639,4.795,61.158,7.184,normal
2026-01-08T10:43:00,F2,74.843,1.592,4.66,53.979,9.775,normal
2026-01-08T10:44:00,F2,93.279,1.68,4.125,87.767,7.517,normal
2026-01-08T10:45:00,F2,81.121,1.848,4.288,66.277,6.891,failure
2026-01-08T10:46:00,F2,76.881,1.425,4.812,67.256,7.625,normal
2026-01-08T10:47:00,F2,83.868,1.901,4.736,49.057,8.998,failure
2026-01-08T10:48:00,F2,70.798,1.411,5.624,72.344,6.412,normal
2026-01-08T10:49:00,F2,92.197,1.792,5.035,85.217,7.669,normal
2026-01-08T10:50:00,F2,80.166,1.617,5.095,60.916,7.989,normal
2026-01-08T10:51:00,F2,79.565,1.937,3.567,50.71,11.184,failure
2026-01-08T10:52:00,F2,83.148,1.682,4.308,74.508,7.789,failure
2026-01-08T10:53:00,F2,60.777,1.663,4.803,57.308,8.448,normal
2026-01-08T10:54:00,F2,75.916,1.529,4.496,66.354,8.269,normal
2026-01-08T10:55:00,F2,70.448,1.594,5.872,64.111,6.833,normal
2026-01-08T10:56:00,F2,89.568,1.393,4.463,76.483,9.942,failure
2026-01-08T10:57:00,F2,73.066,1.693,3.895,74.027,7.108,normal
2026-01-08T10:58:00,F2,69.679,1.538,5.193,69.437,9.772,normal
2026-01-08T10:59:00,F2,73.478,1.485,5.223,68.166,7.936,failure
2026-01-08T11:00:00,F2,72.781,1.65,4.318,68.268,9.277,normal
2026-01-08T11:01:00,F2,68.265,1.375,4.886,59.46,10.432,normal
2026-01-08T11:02:00,F2,68.822,1.354,4.576,57.367,6.559,normal
2026-01-08T11:03:00,F2,66.212,1.843,4.919,63.242,7.81,normal
2026-01-08T11:04:00,F2,74.946,1.605,5.554,62.096,7.552,normal
2026-01-08T11:05:00,F2,77.845,1.596,4.183,76.809,8.988,normal
2026-01-08T11:06:00,F2,81.335,1.722,5.753,74.315,10.053,normal
2026-01-08T11:07:00,F2,70.605,1.575,5.554,67.244,6.635,normal
2026-01-08T11:08:00,F2,81.166,1.7,5.644,77.38,6.812,failure
2026-01-08T11:09:00,F2,72.585,1.605,4.713,68.628,5.975,normal
2026-01-08T11:10:00,F2,85.703,1.521,5.079,69.482,7.069,normal
2026-01-08T11:11:00,F2,70.77,1.625,5.82,60.704,9.694,failure
2026-01-08T11:12:00,F2,70.986,1.578,5.83,64.305,9.573,failure
2026-01-08T11:13:00,F2,68.466,1.587,4.71,65.59,8.908,normal
2026-01-08T11:14:00,F2,71.088,1.818,4.698,75.172,9.673,failure
2026-01-08T11:15:00,F2,72.696,1.913,5.267,63.914,6.932,normal
2026-01-08T11:16:00,F2,63.231,1.646,4.831,58.121,12.608,normal
2026-01-08T11:17:00,F2,74.894,1.748,5.148,65.955,10.305,failure
2026-01-08T11:18:00,F2,82.596,1.671,5.415,69.429,7.186,normal
2026-01-08T11:19:00,F2,77.88,1.798,4.753,65.578,10.738,failure
2026-01-08T11:20:00,F2,73.314,1.463,5.504,62.976,10.098,normal
2026-01-08T11:21:00,F2,59.459,1.534,4.996,57.396,8.86,normal
2026-01-08T11:22:00,F2,77.259,1.668,4.812,56.058,7.496,normal
2026-01-08T11:23:00,F2,73.285,1.371,5.701,85.415,7.981,failure
2026-01-08T11:24:00,F2,89.888,1.688,6.041,63.769,8.336,failure
2026-01-08T11:25:00,F2,73.483,1.774,4.502,68.237,9.24,normal
2026-01-08T11:26:00,F2,76.774,1.72,5.23,67.205,6.278,normal
2026-01-08T11:27:00,F2,75.344,1.758,4.565,59.416,8.103,normal
2026-01-08T11:28:00,F2,95.666,1.926,4.656,70.915,9.214,failure
2026-01-08T11:29:00,F2,76.193,1.562,6.095,62.578,7.64,normal
2026-01-08T11:30:00,F2,85.532,1.625,4.682,75.077,8.764,normal
2026-01-08T11:31:00,F2,81.147,1.93,5.361,62.901,8.225,normal
2026-01-08T11:32:00,F2,61.736,1.695,6.653,69.042,9.093,failure
2026-01-08T11:33:00,F2,84.585,1.687,4.921,66.921,9.784,normal
2026-01-08T11:34:00,F2,77.647,1.38,6.294,55.9,6.983,normal
2026-01-08T11:35:00,F2,67.684,1.38,3.443,36.317,9.851,normal
2026-01-08T11:36:00,F2,71.01,1.466,3.931,67.206,8.364,normal
2026-01-08T11:37:00,F2,88.454,1.323,5.231,61.59,8.59,normal
2026-01-08T11:38:00,F2,67.784,1.562,4.484,67.51,12.355,normal
2026-01-08T11:39:00,F2,77.742,1.906,5.192,80.159,10.201,failure
2026-01-08T11:40:00,F2,68.509,1.837,4.793,76.328,9.201,normal
2026-01-08T11:41:00,F2,82.504,1.575,4.425,86.842,9.328,normal
2026-01-08T11:42:00,F2,86.549,1.746,5.064,58.292,9.091,failure
2026-01-08T11:43:00,F2,73.024,1.814,5.582,69.467,9.361,failure
2026-01-08T11:44:00,F2,82.315,1.548,4.692,47.773,8.643,normal
2026-01-08T11:45:00,F2,72.834,1.208,4.552,67.156,7.588,normal
2026-01-08T11:46:00,F2,73.31,1.854,3.37,65.147,10.388,normal
2026-01-08T11:47:00,F2,88.351,1.504,4.756,75.521,8.608,normal
2026-01-08T11:48:00,F2,62.804,1.689,5.024,69.655,8.2,normal
2026-01-08T11:49:00,F2,87.998,1.768,5.946,53.231,12.888,normal
2026-01-08T11:50:00,F2,59.265,1.721,3.954,69.361,6.233,normal
2026-01-08T11:51:00,F2,75.476,1.79,3.656,68.671,7.106,normal
2026-01-08T11:52:00,F2,79.974,1.531,5.064,66.71,8.601,normal
2026-01-08T11:53:00,F2,80.414,1.435,5.472,62.786,9.039,normal
2026-01-08T11:54:00,F2,74.256,1.744,4.669,73.817,8.087,failure
2026-01-08T11:55:00,F2,69.824,1.89,4.26,69.747,10.026,failure
2026-01-08T11:56:00,F2,93.498,1.843,4.503,68.415,7.516,failure
2026-01-08T11:57:00,F2,78.276,1.617,5.613,77.4,7.106,normal
2026-01-08T11:58:00,F2,77.434,1.492,5.639,62.364,7.033,normal
2026-01-08T11:59:00,F2,75.217,2.191,4.003,69.273,7.895,failure
2026-01-08T12:00:00,F2,70.689,1.78,4.857,68.748,7.518,normal
2026-01-08T12:01:00,F2,83.591,1.717,5.335,76.045,8.263,failure
2026-01-08T12:02:00,F2,63.237,1.815,4.983,56.107,7.808,normal
2026-01-08T12:03:00,F2,70.451,1.688,4.908,61.786,10.423,normal
2026-01-08T12:04:00,F2,74.989,1.901,3.631,55.128,12.977,normal
2026-01-08T12:05:00,F2,77.222,1.688,5.751,70.453,8.534,normal
2026-01-08T12:06:00,F2,66.548,1.698,4.023,70.648,8.556,normal
2026-01-08T12:07:00,F2,68.881,1.437,5.182,52.064,9.771,normal
2026-01-08T12:08:00,F2,67.401,1.832,5.07,64.565,10.391,normal
2026-01-08T12:09:00,F2,72.353,1.707,6.329,65.38,9.144,normal
2026-01-08T12:10:00,F2,82.765,1.766,4.035,59.521,8.341,normal
2026-01-08T12:11:00,F2,84.464,1.833,4.932,54.15,8.528,failure
2026-01-08T12:12:00,F2,91.984,1.719,6.16,67.955,7.708,failure
2026-01-08T12:13:00,F2,69.371,1.366,4.315,61.45,8.812,normal
2026-01-08T12:14:00,F2,87.288,1.952,4.951,64.65,7.923,failure
2026-01-08T12:15:00,F2,78.56,1.518,4.548,56.751,10.457,normal
2026-01-08T12:16:00,F2,58.347,1.496,4.352,68.127,7.467,normal
2026-01-08T12:17:00,F2,89.985,1.564,6.463,65.642,5.649,failure
2026-01-08T12:18:00,F2,81.396,1.799,4.842,68.565,8.004,normal
2026-01-08T12:19:00,F2,74.549,1.522,4.499,66.126,9.153,normal
2026-01-08T12:20:00,F2,70.163,1.631,4.29,54.196,9.231,normal
2026-01-08T12:21:00,F2,68.653,1.646,4.149,52.664,9.615,normal
2026-01-08T12:22:00,F2,83.682,1.609,5.335,81.654,10.677,normal
2026-01-08T12:23:00,F2,84.829,1.404,4.817,57.826,1.488,normal
2026-01-08T12:24:00,F2,83.176,1.778,4.428,68.923,9.978,failure
2026-01-08T12:25:00,F2,80.995,1.709,3.991,58.254,7.929,normal
2026-01-08T12:26:00,F2,77.177,1.777,3.542,56.016,8.292,normal
2026-01-08T12:27:00,F2,88.93,1.502,4.725,79.977,8.514,normal
2026-01-08T12:28:00,F2,73.972,1.502,4.773,75.833,5.236,normal
2026-01-08T12:29:00,F2,79.272,1.701,5.471,52.946,7.982,normal
2026-01-08T12:30:00,F2,61.309,1.513,5.582,58.597,10.154,normal
2026-01-08T12:31:00,F2,70.342,1.569,5.576,66.725,10.101,normal
2026-01-08T12:32:00,F2,78.638,1.651,4.33,69.741,9.255,normal
2026-01-08T12:33:00,F2,89.068,1.9,5.171,47.922,7.133,failure
2026-01-08T12:34:00,F2,62.641,2.036,4.063,64.323,9.661,failure
2026-01-08T12:35:00,F2,77.596,1.983,4.699,73.297,8.181,failure
2026-01-08T12:36:00,F2,91.905,1.262,6.95,54.278,7.333,normal
2026-01-08T12:37:00,F2,81.809,1.652,4.033,85.189,6.894,normal
2026-01-08T12:38:00,F2,70.205,1.865,3.07,80.644,9.298,normal
2026-01-08T12:39:00,F2,66.359,1.444,4.418,69.467,8.121,normal
2026-01-08T12:40:00,F2,81.121,1.4,5.749,55.732,7.019,normal
2026-01-08T12:41:00,F2,87.48,1.564,5.111,65.298,9.127,normal
2026-01-08T12:42:00,F2,61.396,1.653,4.897,66.293,6.078,normal
2026-01-08T12:43:00,F2,71.857,1.892,5.576,78.566,11.017,failure
2026-01-08T12:44:00,F2,76.527,1.884,4.655,81.853,11.005,failure
2026-01-08T12:45:00,F2,76.596,1.553,4.808,69.601,6.003,normal
2026-01-08T12:46:00,F2,59.814,1.621,5.012,76.046,7.557,normal
2026-01-08T12:47:00,F2,89.746,1.692,4.767,69.452,8.349,failure
2026-01-08T12:48:00,F2,71.021,1.506,5.502,43.682,8.913,normal
2026-01-08T12:49:00,F2,63.133,1.927,4.868,66.5,9.671,normal
2026-01-08T12:50:00,F2,64.293,1.656,4.758,61.358,6.767,normal
2026-01-08T12:51:00,F2,75.269,1.437,4.34,74.386,7.13,normal
2026-01-08T12:52:00,F2,71.702,2.025,4.432,66.366,10.618,failure
2026-01-08T12:53:00,F2,82.884,1.601,4.56,45.256,7.665,normal
2026-01-08T12:54:00,F2,78.229,1.509,3.765,70.06,5.789,normal
2026-01-08T12:55:00,F2,61.081,1.662,4.342,84.197,7.633,normal
2026-01-08T12:56:00,F2,76.219,1.306,5.703,65.517,8.763,normal
2026-01-08T12:57:00,F2,77.484,1.691,5.465,76.167,8.63,normal
2026-01-08T12:58:00,F2,79.405,1.871,4.702,59.364,8.138,normal
2026-01-08T12:59:00,F2,69.981,1.744,4.848,64.551,8.98,failure
2026-01-08T13:00:00,F2,77.486,1.78,4.271,67.786,8.708,normal
2026-01-08T13:01:00,F2,77.499,1.719,5.315,59.698,6.61,failure
2026-01-08T13:02:00,F2,73.883,1.751,4.745,76.188,8.831,normal
2026-01-08T13:03:00,F2,76.91,1.496,4.311,66.194,8.511,normal
2026-01-08T13:04:00,F2,83.856,1.394,5.599,66.923,10.572,normal
2026-01-08T13:05:00,F2,86.703,1.728,4.387,65.888,7.777,failure
2026-01-08T13:06:00,F2,84.743,1.608,6.084,79.589,8.025,failure
2026-01-08T13:07:00,F2,86.117,1.464,5.459,58.561,10.192,normal
2026-01-08T13:08:00,F2,79.245,1.794,6.113,65.2,9.035,failure
2026-01-08T13:09:00,F2,89.018,1.506,4.793,65.651,11.073,normal
2026-01-08T13:10:00,F2,80.563,1.299,4.844,68.173,9.582,failure
2026-01-08T13:11:00,F2,88.404,1.708,4.517,70.201,6.252,normal
2026-01-08T13:12:00,F2,62.866,1.692,5.656,59.705,5.665,normal
2026-01-08T13:13:00,F2,79.893,1.526,4.807,57.252,6.375,normal
2026-01-08T13:14:00,F2,68.645,1.439,4.527,85.881,8.844,normal
2026-01-08T13:15:00,F2,67.871,1.625,3.44,81.99,6.764,normal
2026-01-08T13:16:00,F2,82.984,1.637,4.704,76.399,7.503,normal
2026-01-08T13:17:00,F2,74.998,1.58,5.402,53.499,7.694,normal
2026-01-08T13:18:00,F2,78.097,1.619,5.584,62.541,10.412,normal
2026-01-08T13:19:00,F2,81.484,1.453,6.537,50.109,8.863,failure
2026-01-08T13:20:00,F2,86.045,1.795,5.353,66.799,8.531,failure
2026-01-08T13:21:00,F2,82.607,1.681,4.632,69.324,8.299,normal
2026-01-08T13:22:00,F2,77.903,1.671,4.666,61.754,7.442,normal
2026-01-08T13:23:00,F2,72.58,1.578,5.66,64.342,6.393,failure
2026-01-08T13:24:00,F2,84.207,1.529,3.778,56.524,7.211,normal
2026-01-08T13:25:00,F2,80.318,1.697,3.583,68.338,6.664,normal
2026-01-08T13:26:00,F2,66.921,1.506,4.985,96.283,7.521,normal
2026-01-08T13:27:00,F2,84.266,1.476,5.22,67.522,8.447,normal
2026-01-08T13:28:00,F2,78.379,1.511,4.253,74.707,9.578,normal
2026-01-08T13:29:00,F2,69.65,1.439,4.766,62.512,9.781,normal
2026-01-08T13:30:00,F2,62.612,1.311,4.643,61.805,7.591,normal
2026-01-08T13:31:00,F2,78.214,1.73,4.758,70.815,8.187,failure
2026-01-08T13:32:00,F2,71.114,1.264,4.583,53.829,11.047,normal
2026-01-08T13:33:00,F2,72.913,1.868,4.744,88.564,11.959,failure
2026-01-08T13:34:00,F2,75.476,1.553,5.025,50.716,8.38,normal
2026-01-08T13:35:00,F2,77.56,1.519,4.852,63.693,9.267,normal
2026-01-08T13:36:00,F2,78.773,1.579,4.9,67.005,6.898,normal
2026-01-08T13:37:00,F2,71.55,1.892,5.541,52.157,8.628,failure
2026-01-08T13:38:00,F2,81.172,1.712,4.307,65.867,9.674,normal
2026-01-08T13:39:00,F2,74.638,1.452,5.316,63.547,7.742,normal
2026-01-08T13:40:00,F2,78.84,1.371,5.103,55.261,9.905,failure
2026-01-08T13:41:00,F2,73.534,1.892,4.848,72.805,7.715,normal
2026-01-08T13:42:00,F2,67.965,1.852,6.216,55.584,8.964,failure
2026-01-08T13:43:00,F2,80.787,1.854,4.381,55.406,5.208,normal
2026-01-08T13:44:00,F2,72.369,1.902,6.025,55.17,8.703,failure
2026-01-08T13:45:00,F2,87.681,1.73,4.542,55.248,8.264,failure
2026-01-08T13:46:00,F2,71.387,1.503,5.315,73.768,8.465,normal
2026-01-08T13:47:00,F2,68.654,1.491,5.721,71.093,10.134,normal
2026-01-08T13:48:00,F2,80.544,1.649,5.287,56.295,9.034,normal
2026-01-08T13:49:00,F2,75.516,1.706,5.759,49.186,7.375,normal
2026-01-08T13:50:00,F2,71.252,1.692,5.094,67.693,7.259,normal
2026-01-08T13:51:00,F2,82.702,1.97,4.818,65.388,9.332,failure
2026-01-08T13:52:00,F2,70.67,1.799,4.553,67.231,9.131,normal
2026-01-08T13:53:00,F2,63.615,1.607,4.182,58.548,9.539,normal
2026-01-08T13:54:00,F2,78.274,1.646,4.307,69.506,9.208,failure
2026-01-08T13:55:00,F2,69.118,1.468,5.423,67.476,9.304,normal
2026-01-08T13:56:00,F2,91.801,1.525,4.307,64.753,9.817,failure
2026-01-08T13:57:00,F2,77.004,1.701,4.928,47.11,8.91,failure
2026-01-08T13:58:00,F2,77.865,1.595,4.726,61.064,6.537,normal
2026-01-08T13:59:00,F2,79.738,1.831,4.553,58.499,7.913,failure
2026-01-08T14:00:00,F2,80.855,2.002,5.625,69.137,9.572,failure
2026-01-08T14:01:00,F2,89.189,1.566,5.48,58.353,6.7,failure
2026-01-08T14:02:00,F2,72.988,1.75,4.09,66.968,7.89,normal
2026-01-08T14:03:00,F2,67.22,1.384,4.75,75.182,10.169,normal
2026-01-08T14:04:00,F2,84.708,1.587,4.716,63.789,10.504,failure
2026-01-08T14:05:00,F2,77.632,1.696,4.984,77.183,6.97,normal
2026-01-08T14:06:00,F2,79.909,1.748,3.373,60.034,5.853,normal
2026-01-08T14:07:00,F2,65.319,1.514,4.396,54.044,8.368,normal
2026-01-08T14:08:00,F2,53.711,1.645,5.056,66.115,8.588,normal
2026-01-08T14:09:00,F2,77.965,1.615,5.027,63.767,7.161,normal
2026-01-08T14:10:00,F2,80.424,1.503,5.254,64.881,7.818,normal
2026-01-08T14:11:00,F2,79.257,1.502,3.777,62.485,10.606,failure
2026-01-08T14:12:00,F2,70.948,1.788,4.467,58.485,8.678,normal
2026-01-08T14:13:00,F2,73.378,1.783,4.766,63.178,7.605,normal
2026-01-08T14:14:00,F2,82.314,1.761,5.118,62.389,8.858,normal
2026-01-08T14:15:00,F2,85.953,1.514,4.749,53.316,8.29,normal
2026-01-08T14:16:00,F2,69.028,1.541,4.953,67.89,9.788,failure
2026-01-08T14:17:00,F2,89.876,1.511,5.352,77.196,9.549,normal
2026-01-08T14:18:00,F2,91.936,1.527,5.314,56.942,10.706,failure
2026-01-08T14:19:00,F2,87.44,1.577,4.939,71.993,8.855,normal
2026-01-08T14:20:00,F2,60.375,1.553,5.122,58.188,8.24,normal
2026-01-08T14:21:00,F2,77.047,1.629,3.941,66.734,10.261,failure
2026-01-08T14:22:00,F2,71.744,1.764,4.835,59.746,8.445,normal
2026-01-08T14:23:00,F2,67.354,1.805,5.095,61.978,8.798,normal
2026-01-08T14:24:00,F2,69.85,1.667,5.776,60.857,8.122,normal
2026-01-08T14:25:00,F2,70.762,1.598,5.358,58.418,7.959,normal
2026-01-08T14:26:00,F2,83.297,1.264,5.012,70.948,8.513,normal
2026-01-08T14:27:00,F2,72.457,1.785,4.119,76.098,8.226,normal
2026-01-08T14:28:00,F2,83.836,1.675,6.162,55.836,7.997,failure
2026-01-08T14:29:00,F2,70.338,1.78,5.099,46.391,6.494,normal
2026-01-08T14:30:00,F2,65.171,1.895,4.372,61.532,9.172,failure
2026-01-08T14:31:00,F2,63.308,1.58,4.905,60.53,9.438,normal
2026-01-08T14:32:00,F2,75.97,1.881,4.372,53.149,9.862,failure
2026-01-08T14:33:00,F2,90.912,1.771,5.454,73.449,7.34,failure
2026-01-08T14:34:00,F2,82.444,1.569,6.17,55.565,8.26,failure
2026-01-08T14:35:00,F2,84.399,1.296,4.294,67.375,7.512,normal
2026-01-08T14:36:00,F2,80.635,1.486,4.871,77.198,9.788,normal
2026-01-08T14:37:00,F2,78.562,1.68,5.231,60.839,7.628,normal
2026-01-08T14:38:00,F2,74.574,1.505,5.414,50.569,6.723,normal
2026-01-08T14:39:00,F2,84.906,1.507,5.043,70.945,7.385,normal
2026-01-08T14:40:00,F2,86.586,1.494,4.543,56.652,10.493,normal
2026-01-08T14:41:00,F2,87.71,1.702,5.571,64.227,9.617,normal
2026-01-08T14:42:00,F2,90.291,1.716,4.517,83.874,9.421,failure
2026-01-08T14:43:00,F2,71.404,1.669,3.506,58.735,11.303,normal
2026-01-08T14:44:00,F2,92.39,1.663,5.783,61.376,8.704,failure
2026-01-08T14:45:00,F2,77.574,1.39,4.452,56.705,8.435,normal
2026-01-08T14:46:00,F2,73.161,1.676,3.577,63.858,7.799,normal
2026-01-08T14:47:00,F2,76.558,1.652,3.986,91.512,7.794,failure
2026-01-08T14:48:00,F2,75.423,1.737,3.869,64.698,8.248,normal
2026-01-08T14:49:00,F2,59.537,1.44,4.973,65.247,8.958,normal
2026-01-08T14:50:00,F2,67.244,1.598,4.908,63.93,7.666,normal
2026-01-08T14:51:00,F2,84.541,1.533,6.721,50.614,8.517,normal
2026-01-08T14:52:00,F2,72.834,1.54,3.82,65.966,10.586,normal
2026-01-08T14:53:00,F2,72.53,1.846,4.254,60.956,9.988,normal
2026-01-08T14:54:00,F2,75.804,1.556,5.737,74.4,10.831,normal
2026-01-08T14:55:00,F2,72.243,1.68,4.938,62.802,10.974,failure
2026-01-08T14:56:00,F2,83.349,1.703,6.112,64.277,7.495,failure
2026-01-08T14:57:00,F2,74.259,1.947,4.49,75.866,7.91,failure
2026-01-08T14:58:00,F2,74.799,1.537,5.324,57.095,7.865,normal
2026-01-08T14:59:00,F2,79.931,1.47,5.983,71.892,8.672,normal
2026-01-08T15:00:00,F2,76.754,1.782,5.444,77.451,10.643,normal
2026-01-08T15:01:00,F2,115.386,1.594,5.393,61.929,8.031,normal
2026-01-08T15:02:00,F2,67.186,1.381,5.123,60.206,10.313,normal
2026-01-08T15:03:00,F2,71.524,1.7,3.689,56.39,8.433,normal
2026-01-08T15:04:00,F2,80.366,1.507,3.734,75.569,8.426,normal
2026-01-08T15:05:00,F2,79.414,1.532,4.212,69.754,8.023,normal
2026-01-08T15:06:00,F2,66.68,1.633,4.833,66.278,8.644,normal
2026-01-08T15:07:00,F2,69.736,1.563,5.579,67.123,6.603,normal
2026-01-08T15:08:00,F2,78.401,1.781,5.23,76.145,9.343,failure
2026-01-08T15:09:00,F2,87.521,1.57,4.759,71.213,7.775,normal
2026-01-08T15:10:00,F2,64.05,1.635,4.503,100.387,10.258,normal
2026-01-08T15:11:00,F2,63.601,1.565,5.37,66.239,7.802,normal
2026-01-08T15:12:00,F2,78.581,1.378,3.978,73.396,7.396,normal
2026-01-08T15:13:00,F2,70.584,1.65,5.21,60.862,4.546,normal
2026-01-08T15:14:00,F2,71.999,1.652,5.186,54.135,10.905,normal
2026-01-08T15:15:00,F2,63.993,1.636,4.846,67.212,10.3,normal
2026-01-08T15:16:00,F2,67.61,1.687,5.377,71.642,8.967,normal
2026-01-08T15:17:00,F2,73.97,1.921,5.162,79.014,9.716,normal
2026-01-08T15:18:00,F2,84.617,1.43,4.084,65.229,10.563,normal
2026-01-08T15:19:00,F2,65.992,1.616,5.782,88.291,10.419,normal
2026-01-08T15:20:00,F2,62.617,1.94,5.845,71.402,8.34,normal
2026-01-08T15:21:00,F2,67.602,1.843,5.199,60.908,8.092,failure
2026-01-08T15:22:00,F2,67.041,1.45,5.236,55.968,6.557,normal
2026-01-08T15:23:00,F2,65.643,1.575,5.026,66.714,8.364,normal
2026-01-08T15:24:00,F2,77.444,1.685,4.576,65.519,7.56,normal
2026-01-08T15:25:00,F2,67.841,1.915,3.412,66.552,6.588,normal
2026-01-08T15:26:00,F2,84.612,1.586,3.971,61.006,6.818,failure
2026-01-08T15:27:00,F2,80.032,1.785,6.044,59.985,10.519,failure
2026-01-08T15:28:00,F2,92.501,1.679,4.553,63.332,11.085,failure
2026-01-08T15:29:00,F2,78.933,1.726,5.161,63.89,9.284,failure
2026-01-08T15:30:00,F2,64.481,1.698,6.344,57.261,10.574,normal
2026-01-08T15:31:00,F2,69.604,1.536,4.976,57.131,7.818,normal
2026-01-08T15:32:00,F2,64.13,1.703,4.719,70.314,8.54,normal
2026-01-08T15:33:00,F2,76.741,1.626,4.171,68.096,10.0,normal
2026-01-08T15:34:00,F2,85.382,1.553,6.059,76.376,11.004,failure
2026-01-08T15:35:00,F2,72.123,1.811,5.732,71.473,8.515,failure
2026-01-08T15:36:00,F2,81.52,1.864,4.236,57.9,10.046,normal
2026-01-08T15:37:00,F2,68.58,1.911,4.402,68.028,9.008,failure
2026-01-08T15:38:00,F2,71.981,1.687,4.686,59.316,7.688,failure
2026-01-08T15:39:00,F2,81.452,1.514,4.623,59.597,8.823,normal
2026-01-08T15:40:00,F2,70.529,1.68,3.685,55.133,9.478,normal
2026-01-08T15:41:00,F2,82.044,1.606,6.303,78.805,8.721,normal
2026-01-08T15:42:00,F2,70.426,1.843,5.501,71.227,9.335,failure
2026-01-08T15:43:00,F2,80.899,1.697,5.64,59.086,10.306,failure
2026-01-08T15:44:00,F2,78.27,1.662,3.462,52.186,9.543,normal
2026-01-08T15:45:00,F2,72.431,1.778,4.7,56.347,7.36,normal
2026-01-08T15:46:00,F2,76.776,1.659,4.99,57.363,7.885,normal
2026-01-08T15:47:00,F2,83.567,1.499,4.487,64.846,9.309,failure
2026-01-08T15:48:00,F2,93.377,1.431,4.503,51.992,8.851,failure
2026-01-08T15:49:00,F2,94.758,1.601,4.286,61.094,9.399,normal
2026-01-08T15:50:00,F2,84.228,1.682,4.925,67.073,8.061,failure
2026-01-08T15:51:00,F2,65.136,1.513,5.672,70.264,6.386,normal
2026-01-08T15:52:00,F2,80.252,1.511,4.209,81.102,10.926,normal
2026-01-08T15:53:00,F2,79.382,1.513,4.14,79.392,9.617,normal
2026-01-08T15:54:00,F2,75.548,1.677,5.454,62.217,8.506,normal
2026-01-08T15:55:00,F2,83.987,1.879,4.746,75.157,9.177,failure
2026-01-08T15:56:00,F2,82.475,1.39,4.631,63.62,9.28,normal
2026-01-08T15:57:00,F2,58.382,1.479,4.503,58.391,8.539,normal
2026-01-08T15:58:00,F2,86.183,1.545,3.918,46.638,8.361,normal
2026-01-08T15:59:00,F2,81.331,1.725,4.493,81.515,8.73,failure
2026-01-08T16:00:00,F2,74.289,1.585,5.807,55.315,7.093,failure
2026-01-08T16:01:00,F2,63.077,1.578,5.348,75.246,6.513,normal
2026-01-08T16:02:00,F2,72.585,1.394,4.923,73.019,10.396,normal
2026-01-08T16:03:00,F2,74.902,1.472,5.736,71.564,7.475,normal
2026-01-08T16:04:00,F2,88.326,1.665,3.224,66.984,11.867,normal
2026-01-08T16:05:00,F2,75.112,1.736,5.844,46.718,7.705,normal
2026-01-08T16:06:00,F2,75.011,1.383,4.847,56.368,8.224,normal
2026-01-08T16:07:00,F2,75.043,1.757,4.65,62.641,8.359,normal
2026-01-08T16:08:00,F2,81.773,1.442,4.539,74.814,9.139,normal
2026-01-08T16:09:00,F2,81.749,1.505,6.408,69.73,8.048,normal
2026-01-08T16:10:00,F2,74.239,1.559,5.125,69.029,7.765,normal
2026-01-08T16:11:00,F2,62.145,1.472,4.053,73.438,8.317,normal
2026-01-08T16:12:00,F2,83.217,1.538,4.657,64.646,9.334,normal
2026-01-08T16:13:00,F2,78.372,1.639,5.536,76.035,7.472,normal
2026-01-08T16:14:00,F2,80.879,1.769,5.538,72.202,8.828,failure
2026-01-08T16:15:00,F2,100.722,1.221,4.87,72.303,6.234,normal
2026-01-08T16:16:00,F2,80.803,1.717,4.906,61.093,8.445,failure
2026-01-08T16:17:00,F2,82.43,1.836,5.078,62.44,7.262,normal
2026-01-08T16:18:00,F2,68.795,1.404,4.382,74.992,9.669,normal
2026-01-08T16:19:00,F2,66.692,1.577,5.674,78.661,8.084,normal
2026-01-08T16:20:00,F2,78.778,1.64,5.692,78.31,7.934,normal
2026-01-08T16:21:00,F2,78.528,1.961,5.009,62.31,7.888,failure
2026-01-08T16:22:00,F2,74.051,1.548,4.873,62.639,9.296,normal
2026-01-08T16:23:00,F2,78.523,1.636,4.706,57.56,9.533,failure
2026-01-08T16:24:00,F2,74.898,1.527,6.067,64.963,7.495,normal
2026-01-08T16:25:00,F2,89.755,1.592,4.027,56.455,6.913,normal
2026-01-08T16:26:00,F2,74.594,1.469,5.671,62.029,8.797,normal
2026-01-08T16:27:00,F2,70.798,1.613,6.07,67.129,9.473,normal
2026-01-08T16:28:00,F2,89.721,2.008,4.645,60.571,10.066,failure
2026-01-08T16:29:00,F2,70.999,1.887,4.498,71.558,8.112,normal
2026-01-08T16:30:00,F2,48.872,1.875,5.392,69.214,7.637,normal
2026-01-08T16:31:00,F2,75.45,1.646,5.7,71.241,8.782,normal
2026-01-08T16:32:00,F2,80.192,1.527,4.903,71.234,8.564,failure
2026-01-08T16:33:00,F2,68.715,1.503,4.822,65.549,9.313,normal
2026-01-08T16:34:00,F2,63.953,1.786,4.77,63.811,8.563,normal
2026-01-08T16:35:00,F2,78.023,1.517,4.843,54.994,9.408,normal
2026-01-08T16:36:00,F2,89.035,1.638,5.358,63.188,9.079,failure
2026-01-08T16:37:00,F2,82.506,1.872,5.259,58.5,10.938,failure
2026-01-08T16:38:00,F2,76.136,1.642,5.216,73.954,11.25,failure
2026-01-08T16:39:00,F2,95.19,1.298,3.422,77.04,8.38,normal
2026-01-08T16:40:00,F2,89.71,1.333,5.678,72.799,9.177,normal
2026-01-08T16:41:00,F2,63.484,1.319,5.671,56.67,6.856,normal
2026-01-08T16:42:00,F2,74.574,1.573,5.414,74.146,7.429,normal
2026-01-08T16:43:00,F2,56.91,1.586,5.746,70.18,9.421,normal
2026-01-08T16:44:00,F2,88.904,1.532,5.797,72.663,7.552,failure
2026-01-08T16:45:00,F2,80.364,1.534,3.629,81.712,6.104,normal
2026-01-08T16:46:00,F2,78.56,1.88,4.212,70.205,11.306,normal
2026-01-08T16:47:00,F2,77.362,1.91,5.467,72.324,7.845,failure
2026-01-08T16:48:00,F2,76.293,1.633,5.355,64.936,6.617,normal
2026-01-08T16:49:00,F2,74.221,1.755,4.858,65.187,11.988,normal
2026-01-08T16:50:00,F2,84.122,1.653,4.052,75.832,8.344,normal
2026-01-08T16:51:00,F2,71.814,1.655,4.356,51.377,9.677,normal
2026-01-08T16:52:00,F2,72.934,1.636,5.447,76.117,7.319,normal
2026-01-08T16:53:00,F2,68.199,1.61,5.726,61.775,7.56,normal
2026-01-08T16:54:00,F2,76.229,1.188,4.251,67.692,8.123,normal
2026-01-08T16:55:00,F2,82.375,1.55,5.114,81.902,9.503,normal
2026-01-08T16:56:00,F2,76.764,1.557,4.509,66.54,5.731,normal
2026-01-08T16:57:00,F2,84.446,1.437,4.51,62.478,6.932,normal
2026-01-08T16:58:00,F2,71.401,1.341,4.545,78.49,7.669,normal
2026-01-08T16:59:00,F2,71.286,1.693,5.369,49.725,7.749,failure
2026-01-08T17:00:00,F2,60.424,1.536,5.469,66.584,9.549,normal
2026-01-08T17:01:00,F2,85.94,1.28,5.498,68.772,8.789,normal
2026-01-08T17:02:00,F2,86.299,1.521,4.574,50.926,7.847,failure
2026-01-08T17:03:00,F2,82.287,1.393,5.399,79.773,9.809,normal
2026-01-08T17:04:00,F2,63.617,1.409,4.329,70.523,10.82,normal
2026-01-08T17:05:00,F2,81.368,1.888,4.496,61.445,8.707,failure
2026-01-08T17:06:00,F2,79.734,1.8,4.01,56.566,9.974,normal
2026-01-08T17:07:00,F2,69.275,1.591,4.69,77.732,8.065,normal
2026-01-08T17:08:00,F2,76.287,1.719,5.698,69.193,9.02,normal
2026-01-08T17:09:00,F2,75.126,1.802,5.068,58.826,10.035,failure
2026-01-08T17:10:00,F2,70.53,1.672,4.086,56.382,7.064,normal
2026-01-08T17:11:00,F2,75.39,1.734,4.385,79.835,9.191,normal
2026-01-08T17:12:00,F2,87.259,1.72,4.637,62.318,10.121,failure
2026-01-08T17:13:00,F2,72.831,1.85,4.87,64.554,9.846,failure
2026-01-08T17:14:00,F2,80.108,1.775,5.811,76.895,8.964,failure
2026-01-08T17:15:00,F2,70.486,1.648,6.14,79.45,10.138,failure
2026-01-08T17:16:00,F2,79.387,1.599,5.786,69.064,8.513,normal
2026-01-08T17:17:00,F2,82.012,1.553,4.693,75.131,8.957,normal
2026-01-08T17:18:00,F2,61.207,1.387,5.113,75.254,8.741,normal
2026-01-08T17:19:00,F2,73.527,1.974,4.752,65.667,7.807,normal
2026-01-08T17:20:00,F2,86.915,1.401,3.636,67.092,7.042,normal
2026-01-08T17:21:00,F2,82.452,1.581,4.347,63.374,7.628,failure
2026-01-08T17:22:00,F2,72.804,1.602,5.103,70.737,8.081,normal
2026-01-08T17:23:00,F2,63.284,1.824,4.835,85.749,9.452,normal
2026-01-08T17:24:00,F2,52.768,1.548,4.27,59.067,8.635,normal
2026-01-08T17:25:00,F2,68.865,1.483,4.615,73.509,8.858,normal
2026-01-08T17:26:00,F2,70.381,1.888,4.775,68.248,9.163,failure
2026-01-08T17:27:00,F2,80.861,1.769,5.532,55.808,9.402,normal
2026-01-08T17:28:00,F2,78.701,1.277,4.739,63.259,8.46,normal
2026-01-08T17:29:00,F2,79.057,1.779,4.346,66.601,10.172,failure
2026-01-08T17:30:00,F2,80.406,1.965,4.943,56.946,8.394,failure
2026-01-08T17:31:00,F2,64.707,1.611,4.532,47.962,8.984,normal
2026-01-08T17:32:00,F2,77.322,1.537,6.958,72.753,11.312,failure
2026-01-08T17:33:00,F2,77.386,1.527,3.369,76.578,8.802,normal
2026-01-08T17:34:00,F2,83.108,1.661,4.458,59.798,9.43,normal
2026-01-08T17:35:00,F2,71.142,1.538,4.791,48.137,7.589,failure
2026-01-08T17:36:00,F2,82.078,1.504,4.618,56.332,8.019,normal
2026-01-08T17:37:00,F2,75.61,1.557,3.479,59.751,9.731,normal
2026-01-08T17:38:00,F2,76.937,1.42,4.433,53.793,7.58,normal
2026-01-08T17:39:00,F2,71.339,1.697,4.952,67.366,9.363,normal
2026-01-08T17:40:00,F2,78.337,1.431,5.38,69.187,6.904,normal
2026-01-08T17:41:00,F2,75.417,1.758,5.439,79.089,11.866,normal
2026-01-08T17:42:00,F2,80.787,1.498,4.664,65.857,11.043,normal
2026-01-08T17:43:00,F2,80.814,1.5,3.99,85.437,8.965,normal
2026-01-08T17:44:00,F2,63.764,1.851,4.989,67.437,8.934,normal
2026-01-08T17:45:00,F2,78.738,1.543,5.501,61.523,9.912,normal
2026-01-08T17:46:00,F2,79.197,1.775,5.158,68.712,9.36,failure
2026-01-08T17:47:00,F2,68.792,1.649,5.232,78.521,10.058,normal
2026-01-08T17:48:00,F2,80.728,1.418,4.645,72.762,10.251,normal
2026-01-08T17:49:00,F2,71.676,1.741,5.421,82.593,7.961,normal
2026-01-08T17:50:00,F2,69.472,1.618,4.657,68.491,8.69,normal
2026-01-08T17:51:00,F2,79.408,1.659,4.636,62.523,7.054,normal
2026-01-08T17:52:00,F2,75.201,1.707,5.095,77.255,8.816,normal
2026-01-08T17:53:00,F2,64.539,1.775,5.862,85.358,8.913,normal
2026-01-08T17:54:00,F2,77.041,1.471,6.593,58.221,9.155,normal
2026-01-08T17:55:00,F2,73.476,1.573,4.857,69.486,9.353,normal
2026-01-08T17:56:00,F2,71.108,1.682,4.844,73.032,7.603,normal
2026-01-08T17:57:00,F2,66.243,1.647,5.076,75.084,8.165,normal
2026-01-08T17:58:00,F2,63.371,1.625,4.526,57.677,6.943,normal
2026-01-08T17:59:00,F2,70.318,1.57,5.776,72.664,7.142,normal
2026-01-08T18:00:00,F2,82.538,1.627,3.16,65.298,8.156,normal
2026-01-08T18:01:00,F2,81.07,1.829,5.845,65.297,6.52,failure
2026-01-08T18:02:00,F2,76.654,1.758,4.369,74.489,10.845,failure
2026-01-08T18:03:00,F2,83.496,1.719,5.293,76.767,9.778,failure
2026-01-08T18:04:00,F2,78.358,1.72,7.598,58.724,6.861,failure
2026-01-08T18:05:00,F2,70.742,1.634,5.538,74.359,11.823,failure
2026-01-08T18:06:00,F2,84.303,1.489,3.637,61.87,7.466,normal
2026-01-08T18:07:00,F2,90.351,1.405,5.027,50.313,7.264,failure
2026-01-08T18:08:00,F2,68.708,1.602,4.995,60.693,8.837,normal
2026-01-08T18:09:00,F2,83.194,1.52,4.632,67.278,9.268,normal
2026-01-08T18:10:00,F2,64.567,1.554,3.064,56.483,10.826,normal
2026-01-08T18:11:00,F2,77.058,1.478,4.813,63.911,5.195,normal
2026-01-08T18:12:00,F2,74.95,1.308,4.477,55.602,8.703,normal
2026-01-08T18:13:00,F2,86.393,1.807,4.859,51.191,7.461,normal
2026-01-08T18:14:00,F2,85.298,1.457,5.297,64.464,8.867,normal
2026-01-08T18:15:00,F2,78.642,1.534,3.642,72.943,9.349,normal
2026-01-08T18:16:00,F2,90.522,1.57,3.666,61.007,6.938,normal
2026-01-08T18:17:00,F2,73.611,1.719,4.535,81.229,8.326,normal
2026-01-08T18:18:00,F2,73.85,1.539,4.904,65.487,7.665,normal
2026-01-08T18:19:00,F2,68.146,1.78,5.117,62.326,8.084,failure
2026-01-08T18:20:00,F2,76.753,1.409,5.069,62.586,6.609,normal
2026-01-08T18:21:00,F2,73.547,1.661,5.304,79.94,0.77,failure
2026-01-08T18:22:00,F2,87.903,1.715,4.998,53.523,7.388,failure
2026-01-08T18:23:00,F2,67.817,1.708,3.549,65.049,8.135,normal
2026-01-08T18:24:00,F2,76.012,1.627,4.816,69.868,8.124,normal
2026-01-08T18:25:00,F2,87.162,1.452,4.285,72.979,7.213,normal
2026-01-08T18:26:00,F2,82.1,1.797,5.248,73.887,9.882,failure
2026-01-08T18:27:00,F2,80.876,1.491,4.771,62.596,7.5,normal
2026-01-08T18:28:00,F2,80.395,1.774,5.727,56.512,6.807,normal
2026-01-08T18:29:00,F2,73.051,1.645,5.06,71.722,8.095,normal
2026-01-08T18:30:00,F2,75.554,1.772,5.542,48.681,10.216,normal
2026-01-08T18:31:00,F2,68.69,1.45,5.612,66.009,8.947,normal
2026-01-08T18:32:00,F2,64.559,1.646,4.439,62.112,8.105,normal
2026-01-08T18:33:00,F2,72.64,1.332,6.0,63.059,6.484,normal
2026-01-08T18:34:00,F2,79.695,1.571,5.565,48.074,9.92,normal
2026-01-08T18:35:00,F2,76.087,1.496,5.128,71.611,8.326,normal
2026-01-08T18:36:00,F2,74.42,1.42,4.357,65.872,8.398,normal
2026-01-08T18:37:00,F2,66.851,1.84,5.004,53.068,8.789,failure
2026-01-08T18:38:00,F2,84.944,1.448,4.697,65.411,10.679,failure
2026-01-08T18:39:00,F2,74.638,1.205,6.274,64.318,7.258,normal
2026-01-08T18:40:00,F2,86.229,1.873,6.18,69.748,13.062,failure
2026-01-08T18:41:00,F2,71.388,1.939,4.987,71.204,10.051,normal
2026-01-08T18:42:00,F2,97.642,1.556,4.602,64.039,9.003,failure
2026-01-08T18:43:00,F2,70.98,1.529,4.494,59.647,9.165,normal
2026-01-08T18:44:00,F2,83.358,1.556,4.471,71.457,6.572,normal
2026-01-08T18:45:00,F2,58.911,1.623,4.902,57.602,6.649,normal
2026-01-08T18:46:00,F2,70.532,1.984,4.435,63.414,11.558,normal
2026-01-08T18:47:00,F2,68.191,1.927,5.934,59.248,9.277,failure
2026-01-08T18:48:00,F2,73.645,1.799,4.901,71.551,8.317,failure
2026-01-08T18:49:00,F2,69.642,1.642,4.824,60.629,10.458,normal
2026-01-08T18:50:00,F2,66.455,1.438,5.363,72.289,8.228,normal
2026-01-08T18:51:00,F2,87.935,1.444,4.863,71.93,7.447,failure
2026-01-08T18:52:00,F2,70.713,1.794,5.374,78.16,8.626,failure
2026-01-08T18:53:00,F2,66.164,1.694,4.689,73.009,7.82,normal
2026-01-08T18:54:00,F2,66.518,1.545,5.808,66.859,6.769,normal
2026-01-08T18:55:00,F2,73.774,1.629,4.736,69.744,8.802,normal
2026-01-08T18:56:00,F2,77.359,1.519,4.517,56.83,10.133,normal
2026-01-08T18:57:00,F2,78.458,1.329,4.355,62.473,8.464,normal
2026-01-08T18:58:00,F2,78.153,1.398,4.319,65.675,7.795,normal
2026-01-08T18:59:00,F2,77.522,1.776,5.325,63.158,9.396,failure
2026-01-08T19:00:00,F2,69.874,1.464,5.053,66.166,9.271,normal
2026-01-08T19:01:00,F2,61.866,1.56,4.956,54.652,8.95,normal
2026-01-08T19:02:00,F2,71.956,1.504,5.623,61.86,8.559,normal
2026-01-08T19:03:00,F2,78.417,1.323,4.81,73.779,6.584,normal
2026-01-08T19:04:00,F2,63.617,1.731,4.927,59.542,7.486,normal
2026-01-08T19:05:00,F2,80.834,1.276,4.781,69.117,10.172,normal
2026-01-08T19:06:00,F2,67.568,1.505,4.891,70.223,8.464,normal
2026-01-08T19:07:00,F2,76.749,1.524,6.116,48.151,11.007,normal
2026-01-08T19:08:00,F2,85.411,1.093,4.404,68.416,10.292,normal
2026-01-08T19:09:00,F2,74.695,1.688,5.468,72.352,9.902,failure
2026-01-08T19:10:00,F2,74.444,1.644,5.63,67.361,7.811,failure
2026-01-08T19:11:00,F2,64.087,1.396,5.96,70.08,8.357,normal
2026-01-08T19:12:00,F2,74.104,1.672,5.29,67.502,9.034,normal
2026-01-08T19:13:00,F2,82.071,1.669,3.843,68.401,4.847,normal
2026-01-08T19:14:00,F2,82.715,1.501,4.049,79.17,10.066,normal
2026-01-08T19:15:00,F2,79.344,1.66,5.313,59.138,9.272,failure
2026-01-08T19:16:00,F2,77.8,1.465,4.124,57.63,7.885,normal
2026-01-08T19:17:00,F2,83.302,1.62,3.398,39.343,10.319,failure
2026-01-08T19:18:00,F2,75.013,1.786,4.701,64.526,8.528,normal
2026-01-08T19:19:00,F2,80.849,1.353,4.267,57.057,7.613,normal
2026-01-08T19:20:00,F2,66.843,1.488,5.003,66.643,8.315,normal
2026-01-08T19:21:00,F2,95.312,1.626,5.214,55.881,7.722,normal
2026-01-08T19:22:00,F2,82.026,1.763,4.863,80.352,7.692,failure
2026-01-08T19:23:00,F2,78.714,1.684,4.384,73.788,10.421,normal
2026-01-08T19:24:00,F2,70.003,1.736,4.391,68.858,8.136,normal
2026-01-08T19:25:00,F2,80.639,1.702,5.583,82.07,6.374,normal
2026-01-08T19:26:00,F2,73.307,1.501,4.155,57.046,10.084,normal
2026-01-08T19:27:00,F2,68.013,1.164,5.067,74.698,9.419,normal
2026-01-08T19:28:00,F2,62.206,1.227,5.074,65.514,10.721,normal
2026-01-08T19:29:00,F2,79.85,1.493,4.518,73.29,9.215,normal
2026-01-08T19:30:00,F2,69.485,1.741,4.924,72.743,8.31,normal
2026-01-08T19:31:00,F2,66.76,1.533,6.044,60.681,9.51,normal
2026-01-08T19:32:00,F2,63.483,1.472,5.518,68.042,12.014,normal
2026-01-08T19:33:00,F2,69.209,1.416,5.577,56.347,11.249,normal
2026-01-08T19:34:00,F2,66.634,1.593,3.679,53.21,10.443,normal
2026-01-08T19:35:00,F2,79.443,1.524,3.902,66.291,9.761,normal
2026-01-08T19:36:00,F2,78.386,1.561,4.514,76.915,6.834,normal
2026-01-08T19:37:00,F2,71.319,1.463,5.272,53.621,7.345,normal
2026-01-08T19:38:00,F2,73.785,1.537,2.608,50.705,10.241,normal
2026-01-08T19:39:00,F2,89.148,1.385,4.519,57.161,5.267,failure
2026-01-08T19:40:00,F2,70.925,1.488,4.38,70.253,8.234,normal
2026-01-08T19:41:00,F2,77.141,1.505,3.823,58.311,10.463,normal
2026-01-08T19:42:00,F2,67.281,1.491,6.186,80.436,9.935,normal
2026-01-08T19:43:00,F2,85.027,1.318,5.425,71.07,8.016,failure
2026-01-08T19:44:00,F2,69.762,1.557,4.669,74.874,8.507,normal
2026-01-08T19:45:00,F2,68.703,1.649,4.35,64.928,7.754,normal
2026-01-08T19:46:00,F2,81.377,1.597,4.732,60.462,8.97,normal
2026-01-08T19:47:00,F2,72.135,1.403,5.377,74.263,8.632,normal
2026-01-08T19:48:00,F2,75.124,1.6,4.931,70.082,9.198,normal
2026-01-08T19:49:00,F2,80.131,1.908,4.954,74.061,8.047,failure
2026-01-08T19:50:00,F2,86.589,1.382,4.343,58.641,6.546,normal
2026-01-08T19:51:00,F2,87.701,1.417,5.224,59.886,11.13,failure
2026-01-08T19:52:00,F2,79.926,1.402,4.201,51.485,8.727,normal
2026-01-08T19:53:00,F2,69.342,1.464,4.198,60.835,9.809,normal
2026-01-08T19:54:00,F2,81.662,1.514,6.128,71.121,8.847,failure
2026-01-08T19:55:00,F2,64.448,1.512,4.384,70.688,6.603,normal
2026-01-08T19:56:00,F2,67.982,1.645,5.004,56.372,6.987,normal
2026-01-08T19:57:00,F2,91.834,1.605,4.773,76.989,7.996,normal
2026-01-08T19:58:00,F2,77.779,1.627,5.918,73.28,10.495,normal
2026-01-08T19:59:00,F2,84.647,1.587,3.828,79.276,10.712,normal
2026-01-08T20:00:00,F2,85.805,1.84,6.36,63.328,9.346,failure
2026-01-08T20:01:00,F2,65.771,1.647,3.936,65.712,10.026,normal
2026-01-08T20:02:00,F2,70.997,1.565,5.59,78.551,8.014,failure
2026-01-08T20:03:00,F2,80.059,1.798,5.517,85.222,9.064,normal
2026-01-08T20:04:00,F2,78.454,1.776,4.213,79.177,7.773,normal
2026-01-08T20:05:00,F2,66.824,1.575,3.936,74.334,9.509,normal
2026-01-08T20:06:00,F2,72.588,1.541,4.302,83.106,9.191,normal
2026-01-08T20:07:00,F2,80.528,1.543,4.049,54.955,9.058,normal
2026-01-08T20:08:00,F2,75.028,1.544,4.626,62.98,11.348,normal
2026-01-08T20:09:00,F2,69.468,1.563,5.54,49.746,7.908,failure
2026-01-08T20:10:00,F2,72.37,1.758,5.925,65.766,6.673,failure
2026-01-08T20:11:00,F2,72.352,1.611,4.222,61.776,7.812,normal
2026-01-08T20:12:00,F2,83.199,1.536,4.266,58.304,9.154,normal
2026-01-08T20:13:00,F2,73.772,1.674,4.593,66.57,9.714,normal
2026-01-08T20:14:00,F2,84.359,1.444,6.095,69.247,11.132,failure
2026-01-08T20:15:00,F2,88.666,1.538,5.084,62.191,6.929,normal
2026-01-08T20:16:00,F2,66.691,1.401,3.699,53.447,7.11,normal
2026-01-08T20:17:00,F2,74.086,1.379,4.961,72.691,8.124,normal
2026-01-08T20:18:00,F2,83.447,1.453,5.287,69.979,6.577,normal
2026-01-08T20:19:00,F2,86.7,1.465,4.277,74.278,6.738,normal
2026-01-08T20:20:00,F2,82.606,1.401,6.173,66.664,11.474,failure
2026-01-08T20:21:00,F2,65.79,1.385,4.257,65.187,7.409,normal
2026-01-08T20:22:00,F2,72.438,1.793,4.307,66.012,9.367,normal
2026-01-08T20:23:00,F2,77.216,1.338,4.068,63.683,8.066,normal
2026-01-08T20:24:00,F2,72.676,1.407,4.755,71.467,8.179,normal
2026-01-08T20:25:00,F2,73.959,1.442,4.617,72.124,9.115,normal
2026-01-08T20:26:00,F2,61.65,1.598,4.091,64.034,9.842,normal
2026-01-08T20:27:00,F2,67.659,1.446,4.671,53.364,8.965,failure
2026-01-08T20:28:00,F2,69.461,1.701,5.276,69.423,9.692,normal
2026-01-08T20:29:00,F2,76.102,1.613,4.48,49.162,8.304,failure
2026-01-08T20:30:00,F2,84.006,1.79,6.113,68.238,6.927,normal
2026-01-08T20:31:00,F2,84.027,1.568,5.962,82.674,10.697,normal
2026-01-08T20:32:00,F2,70.244,1.489,4.669,68.197,8.723,failure
2026-01-08T20:33:00,F2,82.926,1.513,4.533,62.365,7.778,normal
2026-01-08T20:34:00,F2,73.629,1.61,3.915,81.007,6.026,failure
2026-01-08T20:35:00,F2,66.536,1.477,5.017,66.879,8.268,normal
2026-01-08T20:36:00,F2,76.949,1.492,5.678,48.26,7.52,normal
2026-01-08T20:37:00,F2,74.063,1.343,4.563,68.729,9.616,normal
2026-01-08T20:38:00,F2,70.537,1.313,6.195,61.51,7.691,normal
2026-01-08T20:39:00,F2,93.38,1.614,4.981,75.041,8.353,failure
2026-01-08T20:40:00,F2,80.727,1.678,4.636,64.129,7.259,normal
2026-01-08T20:41:00,F2,97.081,1.682,4.364,73.476,8.206,failure
2026-01-08T20:42:00,F2,67.866,1.467,3.844,68.706,8.125,normal
2026-01-08T20:43:00,F2,76.163,1.299,3.775,85.015,8.86,normal
2026-01-08T20:44:00,F2,85.394,1.696,5.105,69.072,9.255,normal
2026-01-08T20:45:00,F2,77.396,1.696,5.191,68.872,8.743,failure
2026-01-08T20:46:00,F2,81.865,1.502,4.807,72.073,11.301,normal
2026-01-08T20:47:00,F2,79.71,1.524,4.747,59.709,8.785,normal
2026-01-08T20:48:00,F2,78.109,1.388,3.636,70.503,9.828,normal
2026-01-08T20:49:00,F2,51.761,1.573,4.998,73.464,5.673,normal
2026-01-08T20:50:00,F2,62.87,1.476,4.219,60.242,7.612,normal
2026-01-08T20:51:00,F2,82.502,1.655,4.453,63.045,8.913,normal
2026-01-08T20:52:00,F2,62.391,1.522,4.631,35.588,8.892,normal
2026-01-08T20:53:00,F2,64.347,1.38,4.437,56.641,9.781,normal
2026-01-08T20:54:00,F2,68.449,1.728,4.979,56.989,7.997,normal
2026-01-08T20:55:00,F2,77.176,1.708,4.896,65.085,6.955,normal
2026-01-08T20:56:00,F2,66.133,1.831,4.308,65.439,8.768,failure
2026-01-08T20:57:00,F2,93.682,1.497,4.165,66.344,8.411,normal
2026-01-08T20:58:00,F2,81.467,1.642,4.219,52.5,9.042,failure
2026-01-08T20:59:00,F2,69.781,1.478,4.886,57.298,9.428,normal
2026-01-08T21:00:00,F2,64.526,1.437,5.298,52.812,7.875,normal
2026-01-08T21:01:00,F2,76.957,1.344,4.571,70.891,9.838,normal
2026-01-08T21:02:00,F2,89.621,1.752,3.981,71.049,7.788,normal
2026-01-08T21:03:00,F2,89.274,1.716,3.944,74.61,9.769,normal
2026-01-08T21:04:00,F2,58.228,1.475,4.667,73.619,8.452,normal
2026-01-08T21:05:00,F2,71.503,1.626,4.885,45.47,8.776,normal
2026-01-08T21:06:00,F2,65.458,1.415,4.578,75.557,9.444,normal
2026-01-08T21:07:00,F2,79.926,1.502,3.26,69.527,9.838,normal
2026-01-08T21:08:00,F2,65.204,1.701,4.898,72.298,8.76,normal
2026-01-08T21:09:00,F2,81.612,1.54,5.455,66.133,6.271,normal
2026-01-08T21:10:00,F2,67.029,1.402,5.056,56.58,6.418,normal
2026-01-08T21:11:00,F2,68.374,1.732,4.308,65.983,7.907,normal
2026-01-08T21:12:00,F2,86.046,1.387,3.965,47.172,9.092,normal
2026-01-08T21:13:00,F2,63.367,1.551,5.106,57.943,8.874,normal
2026-01-08T21:14:00,F2,68.794,1.709,5.776,60.366,10.129,failure
2026-01-08T21:15:00,F2,75.31,1.622,4.111,69.081,6.644,normal
2026-01-08T21:16:00,F2,90.622,1.489,4.661,63.53,11.043,normal
2026-01-08T21:17:00,F2,65.372,1.429,3.422,67.341,8.573,normal
2026-01-08T21:18:00,F2,79.953,1.487,5.675,64.842,7.739,failure
2026-01-08T21:19:00,F2,78.069,1.659,3.251,80.316,6.394,normal
2026-01-08T21:20:00,F2,82.188,1.617,5.382,52.727,8.033,normal
2026-01-08T21:21:00,F2,63.821,1.407,4.477,63.461,5.679,normal
2026-01-08T21:22:00,F2,68.951,1.744,4.437,68.145,8.186,normal
2026-01-08T21:23:00,F2,95.644,1.572,4.308,77.711,8.747,failure
2026-01-08T21:24:00,F2,68.853,1.673,5.383,60.811,8.221,failure
2026-01-08T21:25:00,F2,72.887,1.753,4.746,60.862,9.583,normal
2026-01-08T21:26:00,F2,71.655,1.406,5.222,38.228,6.544,normal
2026-01-08T21:27:00,F2,69.977,1.577,4.52,62.103,9.002,normal
2026-01-08T21:28:00,F2,69.057,1.625,4.843,80.498,8.232,normal
2026-01-08T21:29:00,F2,77.695,1.736,5.024,66.09,6.817,normal
2026-01-08T21:30:00,F2,82.346,1.493,4.875,73.623,7.487,failure
2026-01-08T21:31:00,F2,76.484,1.817,4.68,70.642,7.036,normal
2026-01-08T21:32:00,F2,90.488,1.698,5.499,67.271,7.012,failure
2026-01-08T21:33:00,F2,87.971,1.412,4.928,60.733,9.75,failure
2026-01-08T21:34:00,F2,77.304,1.745,3.894,49.631,8.027,normal
2026-01-08T21:35:00,F2,72.706,1.336,4.285,78.185,8.385,normal
2026-01-08T21:36:00,F2,77.924,1.588,5.379,56.694,7.567,normal
2026-01-08T21:37:00,F2,68.721,1.268,4.635,66.26,9.288,normal
2026-01-08T21:38:00,F2,66.578,1.765,3.898,50.136,8.051,normal
2026-01-08T21:39:00,F2,76.232,1.813,4.847,60.571,7.424,normal
2026-01-08T21:40:00,F2,68.634,1.508,4.4,80.616,7.113,normal
2026-01-08T21:41:00,F2,74.349,1.258,6.761,62.571,6.513,normal
2026-01-08T21:42:00,F2,68.49,1.435,4.958,65.614,8.632,normal
2026-01-08T21:43:00,F2,69.231,1.165,4.368,72.713,10.237,normal
2026-01-08T21:44:00,F2,74.632,1.52,5.134,74.391,5.696,normal
2026-01-08T21:45:00,F2,70.928,1.526,4.399,68.083,8.144,normal
2026-01-08T21:46:00,F2,76.012,1.456,5.519,60.608,8.939,failure
2026-01-08T21:47:00,F2,75.188,1.296,5.371,61.431,8.677,normal
2026-01-08T21:48:00,F2,94.784,1.459,3.822,67.833,10.81,failure
2026-01-08T21:49:00,F2,66.967,1.576,4.743,61.423,8.652,normal
2026-01-08T21:50:00,F2,82.865,1.402,4.141,55.508,9.408,normal
2026-01-08T21:51:00,F2,61.615,1.521,5.472,61.682,6.923,normal
2026-01-08T21:52:00,F2,74.27,1.688,5.94,52.517,7.546,failure
2026-01-08T21:53:00,F2,84.847,1.548,4.726,64.185,8.699,normal
2026-01-08T21:54:00,F2,92.658,1.769,4.377,62.645,11.25,normal
2026-01-08T21:55:00,F2,67.208,1.178,4.184,62.253,9.389,normal
2026-01-08T21:56:00,F2,79.051,1.574,5.288,66.824,10.762,failure
2026-01-08T21:57:00,F2,74.553,1.359,4.983,72.306,8.074,normal
2026-01-08T21:58:00,F2,86.461,1.379,4.741,57.675,8.566,normal
2026-01-08T21:59:00,F2,73.563,1.417,3.755,76.116,8.301,normal
2026-01-08T22:00:00,F2,98.557,1.537,3.895,73.448,9.597,failure
2026-01-08T22:01:00,F2,74.337,1.426,4.657,75.918,10.397,normal
2026-01-08T22:02:00,F2,78.256,1.844,4.699,62.126,8.795,normal
2026-01-08T22:03:00,F2,80.332,1.581,4.538,79.612,9.96,failure
2026-01-08T22:04:00,F2,86.316,1.536,5.41,71.144,8.458,normal
2026-01-08T22:05:00,F2,89.684,1.607,4.573,73.17,8.926,failure
2026-01-08T22:06:00,F2,81.069,1.478,4.927,61.473,9.43,normal
2026-01-08T22:07:00,F2,77.643,1.347,5.595,68.575,8.686,normal
2026-01-08T22:08:00,F2,77.58,1.334,4.05,65.4,8.747,normal
2026-01-08T22:09:00,F2,80.277,1.33,3.934,55.062,10.217,failure
2026-01-08T22:10:00,F2,70.392,1.776,4.319,81.319,7.442,normal
2026-01-08T22:11:00,F2,80.415,1.501,4.803,55.307,11.014,normal
2026-01-08T22:12:00,F2,72.28,1.463,4.8,72.785,7.269,normal
2026-01-08T22:13:00,F2,73.161,1.351,4.27,69.309,10.731,normal
2026-01-08T22:14:00,F2,77.258,1.201,4.355,73.442,6.394,normal
2026-01-08T22:15:00,F2,72.209,1.578,5.455,71.385,7.814,normal
2026-01-08T22:16:00,F2,75.667,1.564,5.443,74.601,7.101,normal
2026-01-08T22:17:00,F2,78.902,1.283,3.166,56.429,8.625,normal
2026-01-08T22:18:00,F2,72.332,1.663,4.489,62.456,6.42,normal
2026-01-08T22:19:00,F2,65.505,1.517,5.275,56.706,10.274,normal
2026-01-08T22:20:00,F2,56.586,1.496,3.388,67.419,6.369,normal
2026-01-08T22:21:00,F2,77.912,1.617,5.03,66.563,6.577,failure
2026-01-08T22:22:00,F2,67.881,1.485,4.226,71.775,9.075,normal
2026-01-08T22:23:00,F2,80.613,1.331,4.176,71.051,9.191,normal
2026-01-08T22:24:00,F2,70.295,1.566,4.662,63.813,7.173,normal
2026-01-08T22:25:00,F2,64.23,1.569,5.774,78.09,8.794,normal
2026-01-08T22:26:00,F2,65.638,1.467,4.695,53.336,9.211,normal
2026-01-08T22:27:00,F2,69.933,1.383,4.335,68.608,9.216,normal
2026-01-08T22:28:00,F2,68.245,1.401,3.908,64.264,6.511,normal
2026-01-08T22:29:00,F2,73.156,1.547,5.159,77.78,7.755,normal
2026-01-08T22:30:00,F2,68.699,1.535,4.143,68.453,9.04,normal
2026-01-08T22:31:00,F2,91.517,1.287,4.643,54.811,7.658,normal
2026-01-08T22:32:00,F2,85.38,1.7,4.569,83.879,10.578,normal
2026-01-08T22:33:00,F2,70.495,1.46,4.636,60.977,11.079,normal
2026-01-08T22:34:00,F2,68.29,1.41,5.101,65.747,8.672,normal
2026-01-08T22:35:00,F2,73.06,1.402,4.456,79.585,7.274,normal
2026-01-08T22:36:00,F2,80.306,1.457,5.687,58.229,7.04,normal
2026-01-08T22:37:00,F2,89.454,1.347,4.111,53.171,7.813,normal
2026-01-08T22:38:00,F2,72.845,1.487,4.06,53.641,9.518,normal
2026-01-08T22:39:00,F2,82.694,1.464,4.732,84.343,9.391,normal
2026-01-08T22:40:00,F2,79.663,1.568,5.243,72.087,7.083,failure
2026-01-08T22:41:00,F2,82.796,1.357,4.169,58.511,8.397,normal
2026-01-08T22:42:00,F2,69.306,1.505,5.884,67.018,5.856,normal
2026-01-08T22:43:00,F2,83.625,1.658,3.752,78.337,9.138,normal
2026-01-08T22:44:00,F2,77.596,1.594,4.153,66.221,8.506,normal
2026-01-08T22:45:00,F2,78.277,1.402,5.003,64.19,7.853,normal
2026-01-08T22:46:00,F2,83.711,1.498,4.654,62.853,9.049,normal
2026-01-08T22:47:00,F2,71.289,1.644,4.721,65.148,7.567,normal
2026-01-08T22:48:00,F2,77.958,1.566,4.912,67.773,6.195,normal
2026-01-08T22:49:00,F2,83.111,1.316,4.452,71.845,8.308,normal
2026-01-08T22:50:00,F2,83.213,1.423,4.547,58.395,8.617,normal
2026-01-08T22:51:00,F2,83.891,1.487,4.185,57.735,8.24,normal
2026-01-08T22:52:00,F2,74.566,1.308,4.21,64.302,7.547,normal
2026-01-08T22:53:00,F2,89.447,1.244,5.673,78.172,10.546,normal
2026-01-08T22:54:00,F2,90.922,1.232,5.241,61.243,6.433,normal
2026-01-08T22:55:00,F2,68.581,1.29,5.426,67.93,10.199,normal
2026-01-08T22:56:00,F2,84.28,1.492,3.786,86.987,6.003,normal
2026-01-08T22:57:00,F2,79.189,1.255,3.744,80.749,10.128,normal
2026-01-08T22:58:00,F2,71.01,1.496,4.555,69.667,7.612,normal
2026-01-08T22:59:00,F2,63.957,1.427,5.918,66.292,9.108,normal
2026-01-08T23:00:00,F2,89.168,1.459,5.308,68.051,8.147,normal
2026-01-08T23:01:00,F2,74.793,1.439,4.624,72.625,7.041,normal
2026-01-08T23:02:00,F2,74.637,1.378,4.583,66.952,7.79,normal
2026-01-08T23:03:00,F2,72.402,1.591,5.956,70.306,9.582,normal
2026-01-08T23:04:00,F2,68.308,1.677,6.288,67.952,9.871,normal
2026-01-08T23:05:00,F2,80.991,1.587,4.193,63.178,5.06,normal
2026-01-08T23:06:00,F2,68.421,1.697,5.084,63.92,8.164,failure
2026-01-08T23:07:00,F2,79.916,1.447,5.258,73.611,9.573,normal
2026-01-08T23:08:00,F2,65.899,1.064,5.582,66.599,9.331,normal
2026-01-08T23:09:00,F2,87.677,0.676,5.015,44.526,9.819,normal
2026-01-08T23:10:00,F2,83.135,1.143,4.816,56.324,7.687,failure
2026-01-08T23:11:00,F2,88.829,1.255,4.309,68.919,10.114,normal
2026-01-08T23:12:00,F2,86.479,1.282,5.64,47.908,9.259,normal
2026-01-08T23:13:00,F2,70.658,1.357,4.555,73.783,7.555,normal
2026-01-08T23:14:00,F2,67.398,1.367,3.417,58.832,11.587,normal
2026-01-08T23:15:00,F2,75.269,1.511,4.716,62.899,8.292,normal
2026-01-08T23:16:00,F2,73.499,1.455,4.319,63.426,11.051,failure
2026-01-08T23:17:00,F2,71.84,1.358,4.179,69.822,7.684,normal
2026-01-08T23:18:00,F2,88.014,1.427,4.213,72.607,5.708,normal
2026-01-08T23:19:00,F2,81.806,1.587,3.41,70.243,9.543,normal
2026-01-08T23:20:00,F2,75.637,1.15,5.998,65.925,10.819,normal
2026-01-08T23:21:00,F2,68.406,1.326,4.192,52.504,7.301,normal
2026-01-08T23:22:00,F2,92.162,1.495,4.336,59.153,7.536,failure
2026-01-08T23:23:00,F2,66.513,1.44,4.601,73.562,9.932,normal
2026-01-08T23:24:00,F2,83.192,1.71,4.191,55.639,8.441,failure
2026-01-08T23:25:00,F2,77.229,1.276,5.842,59.668,8.243,normal
2026-01-08T23:26:00,F2,72.958,1.335,4.201,65.723,9.735,normal
2026-01-08T23:27:00,F2,95.574,0.978,5.641,44.578,7.467,normal
2026-01-08T23:28:00,F2,73.563,1.152,5.312,65.164,9.303,normal
2026-01-08T23:29:00,F2,68.121,0.938,5.022,65.825,7.618,normal
2026-01-08T23:30:00,F2,72.267,1.477,4.273,62.356,7.935,normal
2026-01-08T23:31:00,F2,84.264,1.499,3.904,57.382,9.178,normal
2026-01-08T23:32:00,F2,71.801,1.364,4.729,67.171,11.45,normal
2026-01-08T23:33:00,F2,54.318,1.278,3.791,82.371,9.619,normal
2026-01-08T23:34:00,F2,81.303,1.262,5.285,71.503,8.916,normal
2026-01-08T23:35:00,F2,80.166,1.39,5.351,58.897,7.23,normal
2026-01-08T23:36:00,F2,89.267,1.326,4.931,78.348,5.738,normal
2026-01-08T23:37:00,F2,78.928,1.549,3.568,73.11,7.578,normal
2026-01-08T23:38:00,F2,65.796,1.285,4.067,66.729,9.826,normal
2026-01-08T23:39:00,F2,66.738,1.453,6.178,53.932,7.613,normal
2026-01-08T23:40:00,F2,80.557,1.207,5.224,69.94,8.57,normal
2026-01-08T23:41:00,F2,77.674,1.459,4.527,65.437,7.26,normal
2026-01-08T23:42:00,F2,79.164,1.14,4.743,52.753,6.14,normal
2026-01-08T23:43:00,F2,80.045,1.339,4.804,79.698,8.937,normal
2026-01-08T23:44:00,F2,85.39,1.287,4.693,54.255,7.739,normal
2026-01-08T23:45:00,F2,76.348,1.237,3.212,57.768,11.171,normal
2026-01-08T23:46:00,F2,79.593,1.146,4.285,64.326,10.486,normal
2026-01-08T23:47:00,F2,82.8,1.298,3.871,63.78,8.945,failure
2026-01-08T23:48:00,F2,85.157,2.374,5.367,62.887,9.71,failure
2026-01-08T23:49:00,F2,60.522,1.265,4.388,70.184,8.99,normal
2026-01-08T23:50:00,F2,73.731,1.243,3.917,60.116,7.563,normal
2026-01-08T23:51:00,F2,69.28,1.355,3.74,52.374,8.833,normal
2026-01-08T23:52:00,F2,75.142,1.463,5.391,56.241,8.483,normal
2026-01-08T23:53:00,F2,87.285,1.476,4.378,66.508,7.988,normal
2026-01-08T23:54:00,F2,79.669,1.463,3.883,69.005,10.734,normal
2026-01-08T23:55:00,F2,89.313,1.43,4.514,68.979,11.823,failure
2026-01-08T23:56:00,F2,77.754,1.07,6.652,80.79,10.092,normal
2026-01-08T23:57:00,F2,90.141,1.16,6.172,56.712,8.861,normal
2026-01-08T23:58:00,F2,81.805,1.599,4.286,48.45,9.341,normal
2026-01-08T23:59:00,F2,77.872,1.351,4.555,60.863,6.701,normal
2026-01-09T00:00:00,F2,63.918,1.227,4.829,76.965,7.145,normal
2026-01-09T00:01:00,F2,69.275,1.284,4.106,66.393,8.516,normal
2026-01-09T00:02:00,F2,67.598,1.135,3.64,73.055,7.398,normal
2026-01-09T00:03:00,F2,66.394,1.507,5.041,64.86,8.562,normal
2026-01-09T00:04:00,F2,76.188,1.531,5.314,76.746,9.791,normal
2026-01-09T00:05:00,F2,80.457,1.429,5.537,73.94,6.794,normal
2026-01-09T00:06:00,F2,55.085,1.244,4.929,70.81,13.44,normal
2026-01-09T00:07:00,F2,77.571,1.535,4.379,64.168,7.711,normal
2026-01-09T00:08:00,F2,78.188,1.435,4.918,60.969,10.836,failure
2026-01-09T00:09:00,F2,84.805,1.554,5.145,61.876,7.752,failure
2026-01-09T00:10:00,F2,65.832,1.287,4.503,58.872,10.07,normal
2026-01-09T00:11:00,F2,71.823,1.472,5.679,66.599,5.299,normal
2026-01-09T00:12:00,F2,87.548,1.159,5.457,52.43,10.819,normal
2026-01-09T00:13:00,F2,71.973,1.323,3.608,80.455,10.323,normal
2026-01-09T00:14:00,F2,64.984,1.347,4.87,65.59,4.673,normal
2026-01-09T00:15:00,F2,68.626,1.488,4.344,58.612,9.848,normal
2026-01-09T00:16:00,F2,80.539,1.347,3.694,69.773,6.898,normal
2026-01-09T00:17:00,F2,77.385,1.154,4.863,70.819,7.176,normal
2026-01-09T00:18:00,F2,78.778,1.496,4.523,71.389,6.815,normal
2026-01-09T00:19:00,F2,64.27,1.443,4.749,50.746,11.073,normal
2026-01-09T00:20:00,F2,76.31,1.421,4.879,45.811,9.476,failure
2026-01-09T00:21:00,F2,74.376,1.695,3.819,59.825,10.573,normal
2026-01-09T00:22:00,F2,69.225,1.219,4.899,70.341,9.785,normal
2026-01-09T00:23:00,F2,85.952,1.153,4.274,68.736,10.542,normal
2026-01-09T00:24:00,F2,78.562,1.324,3.488,85.025,9.656,normal
2026-01-09T00:25:00,F2,61.858,1.35,5.113,66.12,8.161,normal
2026-01-09T00:26:00,F2,63.763,1.581,4.174,65.218,8.704,failure
2026-01-09T00:27:00,F2,88.646,1.621,3.583,37.968,8.107,normal
2026-01-09T00:28:00,F2,79.732,1.259,4.469,66.028,7.397,normal
2026-01-09T00:29:00,F2,80.896,1.435,4.098,81.043,7.319,normal
2026-01-09T00:30:00,F2,66.256,1.627,5.484,53.671,5.929,normal
2026-01-09T00:31:00,F2,68.799,1.303,2.909,77.787,9.363,normal
2026-01-09T00:32:00,F2,74.057,1.205,5.664,68.886,5.445,normal
2026-01-09T00:33:00,F2,67.023,1.247,5.124,60.044,8.35,normal
2026-01-09T00:34:00,F2,99.95,1.217,4.766,71.187,7.823,failure
2026-01-09T00:35:00,F2,70.908,1.144,4.59,79.271,5.235,normal
2026-01-09T00:36:00,F2,60.15,1.399,3.813,72.904,7.591,normal
2026-01-09T00:37:00,F2,79.675,1.171,4.78,56.23,7.691,normal
2026-01-09T00:38:00,F2,62.838,1.35,4.093,77.391,6.854,normal
2026-01-09T00:39:00,F2,76.027,1.283,5.016,69.706,8.522,normal
2026-01-09T00:40:00,F2,75.698,1.373,3.67,63.575,7.035,normal
2026-01-09T00:41:00,F2,70.099,1.241,5.068,59.75,8.238,normal
2026-01-09T00:42:00,F2,66.613,1.317,3.806,72.572,11.323,normal
2026-01-09T00:43:00,F2,70.225,1.176,3.854,52.852,9.125,normal
2026-01-09T00:44:00,F2,61.616,1.475,5.228,72.708,8.601,normal
2026-01-09T00:45:00,F2,83.72,1.493,4.402,61.952,8.685,normal
2026-01-09T00:46:00,F2,80.128,1.608,4.977,53.132,7.199,normal
2026-01-09T00:47:00,F2,64.498,1.175,3.978,78.082,7.889,normal
2026-01-09T00:48:00,F2,81.492,1.225,4.118,77.817,8.3,normal
2026-01-09T00:49:00,F2,78.651,1.403,5.401,58.396,7.858,normal
2026-01-09T00:50:00,F2,66.942,1.531,4.638,81.771,7.633,normal
2026-01-09T00:51:00,F2,62.275,1.452,4.875,80.63,8.981,normal
2026-01-09T00:52:00,F2,80.603,1.335,3.869,81.406,10.025,normal
2026-01-09T00:53:00,F2,82.723,1.446,4.756,77.506,8.006,normal
2026-01-09T00:54:00,F2,75.731,1.327,4.662,58.74,9.65,normal
2026-01-09T00:55:00,F2,83.697,1.436,4.939,73.777,9.586,normal
2026-01-09T00:56:00,F2,88.002,1.411,3.578,72.59,8.322,normal
2026-01-09T00:57:00,F2,81.181,1.311,4.21,62.129,9.629,failure
2026-01-09T00:58:00,F2,89.516,1.162,4.157,61.394,10.497,normal
2026-01-09T00:59:00,F2,71.8,1.363,4.92,59.939,8.034,normal
2026-01-09T01:00:00,F2,78.194,1.234,5.704,66.684,10.08,normal
2026-01-09T01:01:00,F2,64.037,1.218,5.611,67.644,11.042,failure
2026-01-09T01:02:00,F2,85.897,1.681,4.514,57.103,7.289,failure
2026-01-09T01:03:00,F2,64.722,1.201,4.629,57.751,7.317,normal
2026-01-09T01:04:00,F2,85.794,1.456,5.636,80.827,7.627,failure
2026-01-09T01:05:00,F2,74.953,1.341,4.42,64.677,7.235,normal
2026-01-09T01:06:00,F2,73.193,1.141,4.413,60.882,9.579,normal
2026-01-09T01:07:00,F2,64.208,1.233,3.909,72.774,7.75,normal
2026-01-09T01:08:00,F2,72.351,1.418,4.388,70.091,9.194,normal
2026-01-09T01:09:00,F2,92.018,1.516,5.349,60.729,8.414,failure
2026-01-09T01:10:00,F2,66.887,1.284,4.923,70.481,9.665,normal
2026-01-09T01:11:00,F2,68.322,1.179,5.107,67.377,9.871,normal
2026-01-09T01:12:00,F2,83.032,1.16,4.371,71.558,10.092,normal
2026-01-09T01:13:00,F2,79.186,1.48,4.235,58.994,7.257,normal
2026-01-09T01:14:00,F2,97.578,1.254,4.738,74.323,8.231,normal
2026-01-09T01:15:00,F2,83.006,1.167,4.701,55.877,7.979,normal
2026-01-09T01:16:00,F2,70.624,1.351,4.659,76.25,8.571,normal
2026-01-09T01:17:00,F2,70.57,1.371,5.499,58.386,6.385,normal
2026-01-09T01:18:00,F2,77.819,1.262,3.815,65.436,6.648,normal
2026-01-09T01:19:00,F2,72.373,1.386,5.036,67.803,6.817,normal
2026-01-09T01:20:00,F2,79.624,1.266,5.271,63.507,10.854,normal
2026-01-09T01:21:00,F2,77.66,1.496,3.388,58.997,7.388,normal
2026-01-09T01:22:00,F2,89.68,1.595,4.745,64.575,8.641,normal
2026-01-09T01:23:00,F2,68.591,1.37,4.457,76.573,5.654,normal
2026-01-09T01:24:00,F2,81.349,1.071,5.129,61.24,9.839,normal
2026-01-09T01:25:00,F2,69.235,1.444,3.572,60.862,10.353,normal
2026-01-09T01:26:00,F2,85.038,1.356,4.579,63.11,8.234,normal
2026-01-09T01:27:00,F2,75.779,1.26,4.777,65.162,9.156,normal
2026-01-09T01:28:00,F2,61.659,1.205,4.549,73.591,9.777,normal
2026-01-09T01:29:00,F2,82.914,1.291,4.229,58.426,8.078,normal
2026-01-09T01:30:00,F2,70.084,1.14,4.337,70.561,10.401,normal
2026-01-09T01:31:00,F2,70.288,1.343,4.8,90.124,8.172,normal
2026-01-09T01:32:00,F2,74.152,1.294,5.45,70.423,9.526,normal
2026-01-09T01:33:00,F2,86.92,1.521,5.449,64.354,6.48,normal
2026-01-09T01:34:00,F2,74.942,1.201,4.451,65.774,8.096,normal
2026-01-09T01:35:00,F2,75.125,1.135,5.052,75.369,6.547,normal
2026-01-09T01:36:00,F2,76.512,1.414,6.53,51.92,9.353,normal
2026-01-09T01:37:00,F2,57.963,1.354,3.906,86.891,9.086,normal
2026-01-09T01:38:00,F2,68.593,1.362,4.617,58.768,9.934,failure
2026-01-09T01:39:00,F2,71.348,1.307,4.695,61.188,9.455,normal
2026-01-09T01:40:00,F2,71.936,1.273,3.971,71.191,10.124,normal
2026-01-09T01:41:00,F2,83.704,1.117,5.656,59.313,7.158,normal
2026-01-09T01:42:00,F2,57.05,1.326,4.635,77.894,9.96,normal
2026-01-09T01:43:00,F2,66.255,1.159,4.509,75.813,8.965,normal
2026-01-09T01:44:00,F2,80.38,0.908,4.556,64.772,7.451,normal
2026-01-09T01:45:00,F2,95.309,1.385,5.229,68.077,10.273,failure
2026-01-09T01:46:00,F2,64.543,1.086,3.709,74.025,8.321,normal
2026-01-09T01:47:00,F2,80.157,1.595,5.089,56.463,5.851,normal
2026-01-09T01:48:00,F2,64.369,1.024,5.105,75.949,11.205,normal
2026-01-09T01:49:00,F2,85.658,1.222,4.062,80.861,9.157,normal
2026-01-09T01:50:00,F2,89.967,1.254,3.146,73.086,6.307,normal
2026-01-09T01:51:00,F2,72.46,1.164,4.729,49.671,11.274,failure
2026-01-09T01:52:00,F2,79.718,1.34,4.433,65.826,6.464,normal
2026-01-09T01:53:00,F2,75.193,1.328,4.562,57.83,9.143,normal
2026-01-09T01:54:00,F2,94.913,1.244,2.742,76.608,10.205,normal
2026-01-09T01:55:00,F2,76.345,1.279,4.415,69.337,5.304,normal
2026-01-09T01:56:00,F2,68.067,1.17,5.337,71.901,4.561,normal
2026-01-09T01:57:00,F2,81.089,1.428,3.685,78.09,9.663,normal
2026-01-09T01:58:00,F2,76.575,1.069,4.72,84.887,8.251,normal
2026-01-09T01:59:00,F2,78.279,1.052,4.464,74.042,5.939,normal
2026-01-09T02:00:00,F2,77.724,1.097,4.489,59.658,7.643,normal
2026-01-09T02:01:00,F2,74.907,0.957,3.16,78.176,6.319,normal
2026-01-09T02:02:00,F2,72.937,1.584,4.263,61.431,7.725,normal
2026-01-09T02:03:00,F2,83.978,1.367,4.833,80.11,7.436,normal
2026-01-09T02:04:00,F2,80.614,1.176,3.032,64.765,9.958,normal
2026-01-09T02:05:00,F2,77.226,1.183,4.931,59.991,8.996,normal
2026-01-09T02:06:00,F2,72.982,1.565,5.636,56.632,7.345,normal
2026-01-09T02:07:00,F2,64.695,1.071,3.776,52.804,9.111,normal
2026-01-09T02:08:00,F2,75.103,1.117,4.354,58.114,7.544,normal
2026-01-09T02:09:00,F2,77.32,1.249,4.682,67.587,7.822,normal
2026-01-09T02:10:00,F2,82.744,1.239,3.262,68.985,9.675,normal
2026-01-09T02:11:00,F2,88.913,1.464,4.976,72.411,8.423,normal
2026-01-09T02:12:00,F2,76.992,1.412,3.744,61.956,9.693,normal
2026-01-09T02:13:00,F2,80.837,1.523,4.383,71.161,10.496,normal
2026-01-09T02:14:00,F2,70.815,1.065,4.995,64.771,8.468,normal
2026-01-09T02:15:00,F2,80.157,1.126,3.669,69.49,8.344,normal
2026-01-09T02:16:00,F2,75.812,1.228,4.553,56.125,10.52,normal
2026-01-09T02:17:00,F2,79.835,1.449,4.174,65.15,9.47,normal
2026-01-09T02:18:00,F2,82.367,1.367,4.232,61.017,9.195,normal
2026-01-09T02:19:00,F2,81.782,1.324,4.513,79.6,6.958,normal
2026-01-09T02:20:00,F2,71.169,0.971,5.257,73.316,6.734,normal
2026-01-09T02:21:00,F2,80.907,1.593,3.504,84.811,7.975,normal
2026-01-09T02:22:00,F2,75.772,1.292,4.644,62.679,6.839,normal
2026-01-09T02:23:00,F2,71.705,1.239,4.092,52.722,9.878,normal
2026-01-09T02:24:00,F2,69.358,1.411,4.885,45.214,6.999,normal
2026-01-09T02:25:00,F2,84.989,1.497,3.622,72.002,8.081,normal
2026-01-09T02:26:00,F2,78.454,1.177,4.925,76.969,8.597,normal
2026-01-09T02:27:00,F2,69.089,1.214,4.971,81.627,8.992,normal
2026-01-09T02:28:00,F2,83.664,1.375,5.933,49.876,9.5,normal
2026-01-09T02:29:00,F2,78.999,1.318,4.861,74.579,9.835,normal
2026-01-09T02:30:00,F2,82.968,1.234,4.576,65.876,4.69,normal
2026-01-09T02:31:00,F2,59.386,1.189,3.831,74.101,7.545,normal
2026-01-09T02:32:00,F2,78.73,1.189,6.234,57.746,8.202,normal
2026-01-09T02:33:00,F2,84.322,1.154,3.974,62.886,9.148,normal
2026-01-09T02:34:00,F2,67.724,1.121,5.817,84.069,7.296,normal
2026-01-09T02:35:00,F2,71.18,0.943,3.634,76.418,7.81,normal
2026-01-09T02:36:00,F2,80.355,1.3,5.941,67.871,9.979,normal
2026-01-09T02:37:00,F2,71.946,1.311,3.467,63.883,8.907,normal
2026-01-09T02:38:00,F2,78.625,1.425,4.336,50.078,8.467,normal
2026-01-09T02:39:00,F2,82.51,1.184,5.713,66.635,7.824,normal
2026-01-09T02:40:00,F2,84.99,1.285,4.951,43.767,6.709,normal
2026-01-09T02:41:00,F2,84.015,0.847,4.224,56.352,7.361,normal
2026-01-09T02:42:00,F2,64.119,1.354,4.038,71.312,10.286,normal
2026-01-09T02:43:00,F2,73.854,1.197,4.219,58.934,7.443,normal
2026-01-09T02:44:00,F2,73.818,1.267,4.015,74.084,7.475,failure
2026-01-09T02:45:00,F2,70.784,1.059,4.148,61.141,5.795,normal
2026-01-09T02:46:00,F2,69.642,1.066,3.598,58.477,9.903,normal
2026-01-09T02:47:00,F2,81.625,1.028,5.235,75.471,7.592,normal
2026-01-09T02:48:00,F2,69.564,1.041,4.03,56.783,9.004,normal
2026-01-09T02:49:00,F2,66.761,1.203,3.763,69.032,6.501,normal
2026-01-09T02:50:00,F2,79.771,1.478,4.561,75.658,8.578,normal
2026-01-09T02:51:00,F2,87.324,0.922,3.786,53.379,8.639,normal
2026-01-09T02:52:00,F2,70.59,1.124,4.447,70.621,6.972,normal
2026-01-09T02:53:00,F2,66.896,0.956,5.631,68.898,6.182,normal
2026-01-09T02:54:00,F2,81.016,1.365,3.697,70.127,8.477,normal
2026-01-09T02:55:00,F2,80.081,1.558,5.873,75.582,6.101,normal
2026-01-09T02:56:00,F2,70.015,1.101,4.78,76.912,6.923,normal
2026-01-09T02:57:00,F2,85.716,1.219,4.401,62.354,9.385,normal
2026-01-09T02:58:00,F2,83.083,1.572,4.069,72.808,8.214,normal
2026-01-09T02:59:00,F2,81.428,1.07,4.138,62.269,7.938,normal
2026-01-09T03:00:00,F2,81.204,1.667,5.47,63.223,9.26,failure
2026-01-09T03:01:00,F2,73.002,1.344,4.93,57.166,7.45,normal
2026-01-09T03:02:00,F2,89.059,1.244,4.774,85.135,7.317,failure
2026-01-09T03:03:00,F2,76.613,0.893,4.965,59.352,9.278,normal
2026-01-09T03:04:00,F2,75.743,1.297,4.937,63.239,8.132,normal
2026-01-09T03:05:00,F2,73.101,1.152,4.91,62.431,7.58,normal
2026-01-09T03:06:00,F2,76.07,1.284,4.566,66.144,8.858,normal
2026-01-09T03:07:00,F2,89.092,1.099,3.896,77.719,8.364,normal
2026-01-09T03:08:00,F2,67.004,1.082,4.335,62.068,6.923,normal
2026-01-09T03:09:00,F2,85.053,1.525,4.309,62.509,6.318,failure
2026-01-09T03:10:00,F2,68.475,1.345,4.452,75.184,7.667,normal
2026-01-09T03:11:00,F2,70.678,1.386,4.506,65.58,9.551,normal
2026-01-09T03:12:00,F2,67.515,1.372,3.85,67.827,7.046,normal
2026-01-09T03:13:00,F2,63.041,1.357,3.988,66.786,6.8,normal
2026-01-09T03:14:00,F2,81.625,0.914,5.537,76.23,11.032,normal
2026-01-09T03:15:00,F2,71.799,1.219,4.48,73.553,8.391,normal
2026-01-09T03:16:00,F2,61.95,1.083,4.856,67.866,8.636,normal
2026-01-09T03:17:00,F2,81.207,1.083,4.905,74.65,7.793,normal
2026-01-09T03:18:00,F2,96.85,1.147,4.218,76.33,5.795,normal
2026-01-09T03:19:00,F2,76.867,1.098,5.057,46.89,7.058,normal
2026-01-09T03:20:00,F2,86.103,1.214,3.704,47.424,11.02,normal
2026-01-09T03:21:00,F2,82.956,1.465,5.398,66.92,9.688,normal
2026-01-09T03:22:00,F2,88.277,1.024,3.299,71.554,7.312,normal
2026-01-09T03:23:00,F2,69.062,1.365,5.908,72.524,8.374,normal
2026-01-09T03:24:00,F2,75.569,1.408,4.095,71.196,7.46,normal
2026-01-09T03:25:00,F2,78.811,1.396,4.462,56.619,7.195,normal
2026-01-09T03:26:00,F2,77.308,1.055,3.866,75.816,7.755,normal
2026-01-09T03:27:00,F2,66.255,1.173,3.847,72.621,9.089,normal
2026-01-09T03:28:00,F2,74.886,1.299,3.902,79.188,8.792,normal
2026-01-09T03:29:00,F2,77.28,1.235,4.33,62.516,9.076,normal
2026-01-09T03:30:00,F2,68.762,1.001,4.85,61.652,8.362,normal
2026-01-09T03:31:00,F2,81.841,1.132,4.522,69.242,6.884,normal
2026-01-09T03:32:00,F2,81.736,1.178,3.499,63.512,9.859,normal
2026-01-09T03:33:00,F2,84.241,1.291,4.152,67.49,10.372,normal
2026-01-09T03:34:00,F2,78.642,1.463,4.426,58.739,7.388,normal
2026-01-09T03:35:00,F2,78.596,1.323,4.178,65.857,8.329,normal
2026-01-09T03:36:00,F2,77.643,1.083,4.184,81.091,7.0,normal
2026-01-09T03:37:00,F2,75.509,1.129,6.357,68.965,7.91,normal
2026-01-09T03:38:00,F2,74.636,1.319,4.696,76.126,7.573,normal
2026-01-09T03:39:00,F2,76.332,1.076,4.842,40.62,8.284,normal
2026-01-09T03:40:00,F2,82.684,1.273,4.491,60.005,7.108,normal
2026-01-09T03:41:00,F2,71.188,0.957,3.701,67.978,8.94,normal
2026-01-09T03:42:00,F2,72.832,1.467,4.238,78.368,8.186,normal
2026-01-09T03:43:00,F2,80.863,1.096,4.168,60.912,7.176,normal
2026-01-09T03:44:00,F2,75.441,1.199,4.791,71.935,9.171,normal
2026-01-09T03:45:00,F2,91.47,1.006,4.592,72.202,6.853,normal
2026-01-09T03:46:00,F2,78.036,0.9,4.261,53.58,6.519,normal
2026-01-09T03:47:00,F2,83.287,1.265,3.564,54.815,9.836,normal
2026-01-09T03:48:00,F2,72.487,1.021,4.478,76.841,9.044,normal
2026-01-09T03:49:00,F2,73.064,1.312,4.489,61.457,8.096,normal
2026-01-09T03:50:00,F2,62.621,1.167,3.064,61.604,7.931,normal
2026-01-09T03:51:00,F2,75.036,1.412,3.972,74.301,6.709,normal
2026-01-09T03:52:00,F2,68.387,1.446,4.594,63.534,6.658,normal
2026-01-09T03:53:00,F2,77.058,1.35,4.637,62.811,7.411,normal
2026-01-09T03:54:00,F2,62.237,1.295,4.614,57.386,8.976,normal
2026-01-09T03:55:00,F2,89.677,1.216,4.8,69.099,8.083,normal
2026-01-09T03:56:00,F2,76.403,1.086,5.019,55.441,8.009,normal
2026-01-09T03:57:00,F2,78.385,0.979,4.514,56.541,10.391,normal
2026-01-09T03:58:00,F2,85.387,1.11,4.508,77.211,9.967,normal
2026-01-09T03:59:00,F2,80.55,1.109,3.956,60.791,11.586,normal
2026-01-09T04:00:00,F2,64.751,1.11,4.18,64.835,8.123,normal
2026-01-09T04:01:00,F2,76.08,1.213,3.669,62.571,7.552,normal
2026-01-09T04:02:00,F2,70.698,1.041,4.655,80.335,6.698,normal
2026-01-09T04:03:00,F2,71.333,1.143,4.937,59.96,7.838,normal
2026-01-09T04:04:00,F2,74.318,0.933,4.178,68.318,7.916,normal
2026-01-09T04:05:00,F2,81.911,1.304,3.189,52.951,8.882,normal
2026-01-09T04:06:00,F2,81.2,1.324,4.959,65.739,6.819,normal
2026-01-09T04:07:00,F2,62.898,1.322,3.787,55.026,10.588,normal
2026-01-09T04:08:00,F2,77.383,0.942,4.407,71.646,5.399,normal
2026-01-09T04:09:00,F2,73.138,1.161,3.475,67.321,9.965,normal
2026-01-09T04:10:00,F2,80.613,1.198,4.452,64.254,8.177,normal
2026-01-09T04:11:00,F2,87.944,1.19,4.781,75.984,9.511,normal
2026-01-09T04:12:00,F2,75.052,1.085,4.475,63.719,7.961,normal
2026-01-09T04:13:00,F2,76.455,0.878,3.79,75.78,8.343,failure
2026-01-09T04:14:00,F2,92.509,0.874,4.277,72.921,9.752,failure
2026-01-09T04:15:00,F2,76.215,1.313,5.702,67.41,9.87,failure
2026-01-09T04:16:00,F2,73.939,1.043,3.386,60.538,9.362,normal
2026-01-09T04:17:00,F2,66.914,1.232,4.535,75.786,9.911,normal
2026-01-09T04:18:00,F2,82.394,1.075,4.618,60.833,7.407,normal
2026-01-09T04:19:00,F2,65.824,0.784,4.515,70.218,7.304,normal
2026-01-09T04:20:00,F2,67.298,0.958,5.14,66.498,7.704,normal
2026-01-09T04:21:00,F2,69.864,1.302,5.798,85.863,6.549,normal
2026-01-09T04:22:00,F2,85.274,1.048,4.713,72.615,8.516,normal
2026-01-09T04:23:00,F2,71.559,1.08,5.457,67.909,8.816,normal
2026-01-09T04:24:00,F2,72.85,1.164,4.415,67.92,9.237,normal
2026-01-09T04:25:00,F2,71.777,1.063,4.394,70.037,6.197,normal
2026-01-09T04:26:00,F2,80.034,1.163,5.242,48.295,8.418,normal
2026-01-09T04:27:00,F2,68.948,0.925,4.011,75.421,8.465,normal
2026-01-09T04:28:00,F2,80.843,0.904,4.35,56.18,7.53,normal
2026-01-09T04:29:00,F2,71.823,1.171,4.555,49.435,8.894,normal
2026-01-09T04:30:00,F2,65.2,1.045,5.14,64.702,8.214,normal
2026-01-09T04:31:00,F2,76.852,1.329,4.884,73.416,9.538,normal
2026-01-09T04:32:00,F2,71.494,1.254,3.882,52.547,8.579,normal
2026-01-09T04:33:00,F2,80.128,0.922,3.646,61.993,9.714,normal
2026-01-09T04:34:00,F2,71.279,1.302,5.342,62.732,8.041,normal
2026-01-09T04:35:00,F2,82.032,1.305,4.372,75.248,8.112,normal
2026-01-09T04:36:00,F2,85.179,1.215,4.188,67.949,9.25,normal
2026-01-09T04:37:00,F2,67.385,1.01,4.693,60.137,8.363,normal
2026-01-09T04:38:00,F2,79.778,1.175,4.751,79.461,10.694,normal
2026-01-09T04:39:00,F2,81.423,1.375,4.707,65.537,6.073,normal
2026-01-09T04:40:00,F2,74.664,0.925,3.721,89.887,7.416,normal
2026-01-09T04:41:00,F2,75.829,1.401,4.552,74.145,7.595,normal
2026-01-09T04:42:00,F2,82.445,1.142,4.121,63.599,8.221,normal
2026-01-09T04:43:00,F2,72.305,0.966,3.947,80.602,7.965,normal
2026-01-09T04:44:00,F2,67.663,1.321,3.145,62.126,7.842,normal
2026-01-09T04:45:00,F2,73.054,1.37,5.089,80.877,10.679,normal
2026-01-09T04:46:00,F2,87.057,1.051,3.319,84.005,10.392,normal
2026-01-09T04:47:00,F2,66.706,1.068,4.706,45.126,8.421,normal
2026-01-09T04:48:00,F2,81.923,0.92,3.835,59.499,9.193,normal
2026-01-09T04:49:00,F2,74.606,1.134,5.066,56.952,10.349,normal
2026-01-09T04:50:00,F2,61.677,1.023,4.056,66.256,8.45,normal
2026-01-09T04:51:00,F2,73.59,1.255,4.458,59.328,7.879,normal
2026-01-09T04:52:00,F2,65.741,1.293,4.432,88.134,10.377,normal
2026-01-09T04:53:00,F2,76.64,0.899,6.108,73.683,8.362,normal
2026-01-09T04:54:00,F2,71.215,1.006,5.014,44.316,10.165,normal
2026-01-09T04:55:00,F2,87.03,1.141,3.516,74.576,10.118,normal
2026-01-09T04:56:00,F2,79.059,1.104,3.858,70.593,8.062,normal
2026-01-09T04:57:00,F2,66.611,0.801,3.703,28.407,7.523,normal
2026-01-09T04:58:00,F2,81.173,0.959,4.415,65.131,10.457,normal
2026-01-09T04:59:00,F2,77.523,1.088,5.174,61.698,8.623,normal
2026-01-09T05:00:00,F2,71.619,1.006,4.975,54.117,11.511,normal
2026-01-09T05:01:00,F2,74.026,1.016,2.8,78.008,4.74,normal
2026-01-09T05:02:00,F2,56.143,1.271,4.412,64.891,9.927,normal
2026-01-09T05:03:00,F2,84.328,1.129,4.679,78.323,10.984,failure
2026-01-09T05:04:00,F2,78.174,1.058,3.975,59.946,5.654,normal
2026-01-09T05:05:00,F2,81.66,0.976,4.583,67.48,8.934,failure
2026-01-09T05:06:00,F2,72.827,1.339,3.575,60.102,9.289,normal
2026-01-09T05:07:00,F2,91.57,1.139,4.066,65.988,10.52,normal
2026-01-09T05:08:00,F2,81.22,1.083,5.098,54.749,13.45,normal
2026-01-09T05:09:00,F2,71.724,1.018,4.926,75.279,7.617,normal
2026-01-09T05:10:00,F2,81.743,1.118,4.377,65.772,9.853,normal
2026-01-09T05:11:00,F2,85.504,0.939,4.766,68.353,8.303,normal
2026-01-09T05:12:00,F2,76.958,0.792,5.028,66.532,6.188,normal
2026-01-09T05:13:00,F2,83.539,0.733,4.278,67.737,7.906,normal
2026-01-09T05:14:00,F2,79.337,0.982,4.143,76.507,7.381,normal
2026-01-09T05:15:00,F2,77.626,1.364,4.093,76.753,7.85,normal
2026-01-09T05:16:00,F2,84.319,1.197,4.019,66.733,5.891,normal
2026-01-09T05:17:00,F2,63.27,1.099,4.315,57.671,6.719,normal
2026-01-09T05:18:00,F2,86.69,1.095,4.585,53.606,5.295,normal
2026-01-09T05:19:00,F2,77.807,0.928,2.958,78.364,8.313,normal
2026-01-09T05:20:00,F2,67.197,1.041,3.958,74.734,8.814,normal
2026-01-09T05:21:00,F2,77.479,1.164,5.158,36.83,9.944,normal
2026-01-09T05:22:00,F2,81.071,1.132,4.032,61.495,9.386,normal
2026-01-09T05:23:00,F2,77.473,1.178,4.394,75.067,6.828,normal
2026-01-09T05:24:00,F2,107.427,1.098,4.962,61.778,8.986,failure
2026-01-09T05:25:00,F2,84.473,1.03,4.612,64.654,5.341,normal
2026-01-09T05:26:00,F2,69.754,1.143,4.275,72.625,6.604,normal
2026-01-09T05:27:00,F2,79.479,1.086,4.628,62.862,7.105,normal
2026-01-09T05:28:00,F2,78.445,1.187,4.115,58.579,7.847,normal
2026-01-09T05:29:00,F2,62.492,0.767,3.224,81.781,11.271,normal
2026-01-09T05:30:00,F2,66.392,1.078,4.136,72.228,6.722,normal
2026-01-09T05:31:00,F2,75.77,0.943,4.648,62.173,8.954,normal
2026-01-09T05:32:00,F2,75.283,1.23,3.889,62.009,6.584,normal
2026-01-09T05:33:00,F2,75.267,1.269,4.321,70.658,9.763,normal
2026-01-09T05:34:00,F2,64.946,1.09,4.838,49.289,6.718,normal
2026-01-09T05:35:00,F2,68.634,0.954,3.041,80.653,5.814,normal
2026-01-09T05:36:00,F2,62.218,0.784,4.262,66.926,11.112,normal
2026-01-09T05:37:00,F2,74.207,1.157,4.615,55.215,9.124,normal
2026-01-09T05:38:00,F2,62.952,1.174,4.189,77.442,6.785,normal
2026-01-09T05:39:00,F2,71.095,1.192,5.182,80.187,8.839,normal
2026-01-09T05:40:00,F2,61.835,1.09,4.762,61.807,5.939,normal
2026-01-09T05:41:00,F2,79.67,1.384,4.398,68.936,7.042,normal
2026-01-09T05:42:00,F2,74.422,1.319,4.326,60.009,6.944,normal
2026-01-09T05:43:00,F2,78.89,1.127,5.303,81.118,5.771,normal
2026-01-09T05:44:00,F2,86.364,0.932,3.319,81.289,10.332,normal
2026-01-09T05:45:00,F2,87.652,0.978,3.107,62.5,7.993,normal
2026-01-09T05:46:00,F2,73.974,1.039,4.031,67.747,6.662,normal
2026-01-09T05:47:00,F2,71.149,0.945,5.003,61.057,7.918,normal
2026-01-09T05:48:00,F2,65.401,1.143,3.262,61.194,9.699,normal
2026-01-09T05:49:00,F2,68.809,0.988,4.357,63.779,8.888,normal
2026-01-09T05:50:00,F2,72.44,1.136,4.283,86.984,9.446,normal
2026-01-09T05:51:00,F2,59.59,1.027,3.483,63.567,9.264,normal
2026-01-09T05:52:00,F2,85.08,1.335,3.642,50.831,10.076,normal
2026-01-09T05:53:00,F2,70.876,1.092,3.889,72.976,8.159,normal
2026-01-09T05:54:00,F2,85.235,0.982,4.455,69.25,9.502,normal
2026-01-09T05:55:00,F2,76.632,1.027,5.438,55.835,7.076,normal
2026-01-09T05:56:00,F2,66.105,1.247,3.62,73.741,7.905,normal
2026-01-09T05:57:00,F2,77.433,1.143,4.087,63.392,8.651,normal
2026-01-09T05:58:00,F2,86.717,1.276,5.756,78.506,9.733,failure
2026-01-09T05:59:00,F2,71.313,0.915,3.166,64.647,7.573,normal
2026-01-09T06:00:00,F2,63.194,0.904,4.154,60.218,9.416,normal
2026-01-09T06:01:00,F2,80.585,0.922,3.106,70.21,9.368,normal
2026-01-09T06:02:00,F2,75.372,0.877,5.294,76.784,6.876,normal
2026-01-09T06:03:00,F2,73.935,0.832,4.445,60.26,8.619,normal
2026-01-09T06:04:00,F2,72.898,1.047,5.197,64.043,8.596,normal
2026-01-09T06:05:00,F2,47.511,1.037,2.802,75.474,9.083,normal
2026-01-09T06:06:00,F2,73.314,1.252,3.365,57.93,8.178,normal
2026-01-09T06:07:00,F2,87.209,1.235,4.415,71.461,7.7,normal
2026-01-09T06:08:00,F2,78.657,1.204,3.222,51.587,5.777,normal
2026-01-09T06:09:00,F2,82.169,1.2,3.707,54.117,8.144,normal
2026-01-09T06:10:00,F2,78.756,0.945,4.414,69.118,9.23,normal
2026-01-09T06:11:00,F2,74.563,0.947,4.664,70.436,8.944,normal
2026-01-09T06:12:00,F2,92.878,1.183,4.771,81.265,6.391,normal
2026-01-09T06:13:00,F2,78.998,0.966,5.472,66.378,7.789,normal
2026-01-09T06:14:00,F2,65.822,1.024,5.015,68.78,10.678,normal
2026-01-09T06:15:00,F2,71.434,0.956,4.854,78.416,8.938,normal
2026-01-09T06:16:00,F2,67.197,1.106,4.209,43.773,7.869,normal
2026-01-09T06:17:00,F2,76.133,0.92,4.784,63.144,7.057,normal
2026-01-09T06:18:00,F2,76.478,1.132,2.491,83.702,6.93,normal
2026-01-09T06:19:00,F2,70.541,1.051,4.044,60.588,4.722,normal
2026-01-09T06:20:00,F2,83.978,1.15,5.113,72.061,7.366,normal
2026-01-09T06:21:00,F2,86.712,1.321,3.846,49.809,7.893,normal
2026-01-09T06:22:00,F2,76.252,1.197,4.061,58.278,7.812,normal
2026-01-09T06:23:00,F2,63.748,1.182,6.146,49.576,8.178,normal
2026-01-09T06:24:00,F2,64.706,1.443,4.33,76.535,9.545,normal
2026-01-09T06:25:00,F2,70.382,1.157,4.801,58.878,8.951,normal
2026-01-09T06:26:00,F2,82.373,1.121,4.184,61.565,8.151,normal
2026-01-09T06:27:00,F2,69.199,1.35,4.25,65.982,7.89,normal
2026-01-09T06:28:00,F2,73.3,1.391,4.492,70.084,9.398,normal
2026-01-09T06:29:00,F2,66.456,0.916,4.319,70.655,9.241,normal
2026-01-09T06:30:00,F2,79.181,0.917,4.609,67.588,6.097,normal
2026-01-09T06:31:00,F2,76.305,1.128,4.484,55.996,10.279,normal
2026-01-09T06:32:00,F2,68.271,1.05,3.77,69.472,9.092,normal
2026-01-09T06:33:00,F2,75.223,0.922,3.703,64.839,5.748,normal
2026-01-09T06:34:00,F2,59.044,0.898,5.652,59.947,6.473,normal
2026-01-09T06:35:00,F2,71.818,1.297,4.579,76.74,7.794,normal
2026-01-09T06:36:00,F2,78.08,0.796,3.37,66.278,11.625,normal
2026-01-09T06:37:00,F2,73.03,0.84,4.481,71.663,9.218,normal
2026-01-09T06:38:00,F2,87.375,1.026,4.464,58.524,5.834,normal
2026-01-09T06:39:00,F2,84.718,1.054,3.095,54.335,9.385,normal
2026-01-09T06:40:00,F2,72.324,1.208,5.767,85.287,8.178,normal
2026-01-09T06:41:00,F2,89.897,1.045,4.197,71.484,12.25,normal
2026-01-09T06:42:00,F2,78.469,1.058,4.102,58.944,7.559,normal
2026-01-09T06:43:00,F2,75.536,0.972,5.757,62.649,9.291,normal
2026-01-09T06:44:00,F2,65.44,1.165,4.717,72.701,7.243,normal
2026-01-09T06:45:00,F2,57.404,0.846,5.382,54.029,7.395,normal
2026-01-09T06:46:00,F2,79.56,0.931,3.978,51.244,8.527,normal
2026-01-09T06:47:00,F2,81.696,1.018,5.076,70.032,6.989,normal
2026-01-09T06:48:00,F2,71.183,0.988,3.415,55.263,7.365,normal
2026-01-09T06:49:00,F2,61.827,1.13,4.434,32.149,9.019,normal
2026-01-09T06:50:00,F2,69.604,1.104,3.853,75.064,9.564,normal
2026-01-09T06:51:00,F2,80.874,0.855,2.913,60.275,8.354,normal
2026-01-09T06:52:00,F2,81.009,0.915,5.319,55.696,11.941,normal
2026-01-09T06:53:00,F2,73.076,1.18,3.407,71.355,8.436,normal
2026-01-09T06:54:00,F2,76.38,0.878,3.78,64.9,7.131,normal
2026-01-09T06:55:00,F2,83.386,0.924,4.576,65.603,9.232,normal
2026-01-09T06:56:00,F2,74.073,0.528,4.438,66.916,7.471,normal
2026-01-09T06:57:00,F2,46.314,0.928,3.759,68.755,10.182,normal
2026-01-09T06:58:00,F2,85.37,0.826,4.1,76.669,6.06,normal
2026-01-09T06:59:00,F2,73.555,1.275,4.686,64.603,6.471,normal
2026-01-09T07:00:00,F2,58.643,1.063,4.156,68.971,6.207,normal
2026-01-09T07:01:00,F2,82.111,0.95,3.106,55.605,7.474,normal
2026-01-09T07:02:00,F2,81.179,1.076,4.554,70.959,7.518,normal
2026-01-09T07:03:00,F2,73.304,0.748,4.27,70.284,7.5,normal
2026-01-09T07:04:00,F2,71.874,0.755,4.594,57.916,6.699,normal
2026-01-09T07:05:00,F2,67.292,1.043,4.224,62.704,6.499,normal
2026-01-09T07:06:00,F2,79.146,0.898,4.262,64.248,8.446,normal
2026-01-09T07:07:00,F2,72.069,0.918,5.399,76.796,9.282,normal
2026-01-09T07:08:00,F2,75.949,0.98,5.306,56.479,6.32,normal
2026-01-09T07:09:00,F2,87.139,0.715,4.598,69.383,5.603,normal
2026-01-09T07:10:00,F2,79.645,1.206,4.18,80.021,6.572,normal
2026-01-09T07:11:00,F2,79.058,0.795,3.958,79.478,8.356,normal
2026-01-09T07:12:00,F2,74.352,1.12,3.864,63.559,4.998,normal
2026-01-09T07:13:00,F2,76.336,1.049,4.601,62.669,7.956,normal
2026-01-09T07:14:00,F2,58.023,0.937,2.933,67.943,10.093,normal
2026-01-09T07:15:00,F2,74.772,1.033,4.234,64.023,7.126,normal
2026-01-09T07:16:00,F2,88.314,0.659,3.317,74.559,7.732,normal
2026-01-09T07:17:00,F2,77.994,0.732,5.597,65.583,6.829,normal
2026-01-09T07:18:00,F2,74.181,1.104,3.871,84.162,6.685,normal
2026-01-09T07:19:00,F2,73.293,1.054,4.073,60.239,10.037,normal
2026-01-09T07:20:00,F2,69.876,1.145,3.753,49.363,6.743,normal
2026-01-09T07:21:00,F2,64.295,0.946,4.491,71.162,8.025,normal
2026-01-09T07:22:00,F2,82.609,0.821,5.576,68.546,7.302,normal
2026-01-09T07:23:00,F2,81.6,1.033,3.658,44.488,9.856,normal
2026-01-09T07:24:00,F2,74.943,0.925,5.074,57.853,4.972,normal
2026-01-09T07:25:00,F2,68.635,0.946,5.226,67.46,9.173,normal
2026-01-09T07:26:00,F2,79.642,1.078,5.005,59.504,9.058,normal
2026-01-09T07:27:00,F2,83.791,1.0,4.901,79.564,6.897,normal
2026-01-09T07:28:00,F2,72.67,0.743,4.188,57.324,9.376,normal
2026-01-09T07:29:00,F2,68.414,0.928,3.798,65.995,10.603,normal
2026-01-09T07:30:00,F2,66.442,0.977,4.196,56.373,9.011,normal
2026-01-09T07:31:00,F2,76.241,0.949,4.946,61.367,7.203,normal
2026-01-09T07:32:00,F2,60.151,1.084,3.184,74.534,5.174,normal
2026-01-09T07:33:00,F2,85.637,0.883,3.947,61.826,5.569,normal
2026-01-09T07:34:00,F2,87.462,0.833,5.265,70.391,7.303,normal
2026-01-09T07:35:00,F2,91.485,0.754,5.385,71.133,9.528,normal
2026-01-09T07:36:00,F2,69.781,1.15,4.801,73.05,9.654,normal
2026-01-09T07:37:00,F2,73.152,0.794,4.243,76.693,7.204,normal
2026-01-09T07:38:00,F2,68.177,1.006,4.28,51.832,9.976,normal
2026-01-09T07:39:00,F2,58.048,0.627,4.009,58.764,5.188,normal
2026-01-09T07:40:00,F2,93.582,0.939,3.541,56.683,7.254,normal
2026-01-09T07:41:00,F2,63.873,1.118,4.664,65.143,6.212,normal
2026-01-09T07:42:00,F2,72.97,1.039,4.403,88.399,11.13,normal
2026-01-09T07:43:00,F2,79.961,0.86,4.609,69.121,5.846,normal
2026-01-09T07:44:00,F2,74.037,1.083,3.684,77.43,8.96,normal
2026-01-09T07:45:00,F2,63.159,0.694,5.199,70.344,8.597,normal
2026-01-09T07:46:00,F2,70.277,0.977,4.799,52.785,8.418,normal
2026-01-09T07:47:00,F2,86.032,1.176,5.359,47.653,6.903,normal
2026-01-09T07:48:00,F2,89.537,0.812,3.739,68.621,9.437,normal
2026-01-09T07:49:00,F2,74.677,0.791,3.847,64.962,6.496,normal
2026-01-09T07:50:00,F2,81.641,1.118,3.538,71.266,9.36,normal
2026-01-09T07:51:00,F2,71.402,0.611,5.234,62.898,9.721,normal
2026-01-09T07:52:00,F2,83.087,0.947,4.186,59.144,4.218,normal
2026-01-09T07:53:00,F2,74.987,0.89,3.344,60.387,8.511,normal
2026-01-09T07:54:00,F2,79.667,0.663,4.343,69.332,8.333,normal
2026-01-09T07:55:00,F2,77.074,0.828,3.066,81.805,9.144,normal
2026-01-09T07:56:00,F2,74.705,0.751,4.465,52.196,5.722,normal
2026-01-09T07:57:00,F2,66.275,0.945,4.676,71.592,3.24,normal
2026-01-09T07:58:00,F2,79.762,0.98,5.34,73.987,7.838,normal
2026-01-09T07:59:00,F2,62.735,0.715,3.264,68.007,8.419,normal
2026-10-03T20:36:49+01:00,F2,75.171,1.443,4.648,52.438,10.106,normal
2026-10-03T20:36:51+01:00,F2,59.446,1.24,5.328,67.783,8.798,normal
2026-10-03T20:36:53+01:00,F2,75.191,1.51,4.621,54.741,7.36,normal
2026-10-03T20:36:55+01:00,F2,84.858,1.371,5.106,67.911,7.378,failure
2026-10-03T20:36:57+01:00,F2,70.726,1.613,4.477,66.786,8.203,normal
2026-10-03T20:36:59+01:00,F2,69.948,1.531,5.768,69.67,7.935,normal
2026-10-03T20:37:01+01:00,F2,81.252,1.151,3.848,71.878,8.508,normal
2026-10-03T20:37:03+01:00,F2,79.374,1.467,4.818,61.55,11.384,normal
2026-10-03T20:37:05+01:00,F2,87.473,1.462,5.152,68.771,8.666,normal
2026-10-03T20:37:07+01:00,F2,65.71,1.549,3.542,76.789,7.834,normal
2026-10-03T20:37:09+01:00,F2,94.501,1.276,5.99,73.351,8.075,failure
2026-10-03T20:37:11+01:00,F2,70.835,1.689,5.092,78.413,7.045,normal
2026-10-03T20:37:13+01:00,F2,73.066,1.548,4.355,60.198,7.904,normal
2026-10-03T20:37:15+01:00,F2,72.98,1.509,4.744,78.645,8.268,normal
2026-10-03T20:37:17+01:00,F2,64.118,1.546,5.652,62.641,6.674,normal
2026-10-03T20:37:19+01:00,F2,80.01,1.544,4.396,68.967,8.074,normal
2026-10-03T20:37:21+01:00,F2,64.013,1.416,4.442,76.291,7.961,normal
2026-10-03T20:37:23+01:00,F2,78.792,1.384,5.412,65.553,9.783,normal
2026-10-03T20:37:25+01:00,F2,57.94,1.318,5.92,45.149,10.227,normal
2026-10-03T20:37:27+01:00,F2,55.25,1.582,4.897,60.842,7.361,normal
2026-10-03T20:37:29+01:00,F2,69.58,1.693,4.178,73.831,9.237,normal
2026-10-03T20:37:31+01:00,F2,77.284,1.537,4.371,54.139,8.223,normal
2026-10-03T20:37:33+01:00,F2,79.054,1.562,4.564,66.746,9.158,normal
2026-10-03T20:37:35+01:00,F2,78.276,1.592,4.753,73.919,9.32,normal
2026-10-03T20:37:37+01:00,F2,90.366,1.538,5.008,67.806,6.535,failure
2026-10-03T20:37:39+01:00,F2,82.028,1.459,5.188,65.134,9.086,normal
2026-10-03T20:37:41+01:00,F2,72.296,1.631,5.484,65.017,8.619,normal
2026-10-03T20:37:43+01:00,F2,74.882,1.429,4.504,68.447,11.009,normal
2026-10-03T20:37:45+01:00,F2,77.102,1.59,3.636,58.071,10.027,normal
2026-10-03T20:37:47+01:00,F2,85.434,1.395,5.198,56.563,9.522,normal
2026-10-03T20:37:49+01:00,F2,76.568,1.14,5.582,79.06,8.119,normal
2026-10-03T20:37:51+01:00,F2,72.169,1.574,4.768,57.193,9.553,normal
2026-10-03T20:37:53+01:00,F2,77.458,1.628,6.457,49.813,10.072,normal
2026-10-03T20:37:55+01:00,F2,80.131,1.272,4.649,69.704,9.155,normal
2026-10-03T20:37:57+01:00,F2,77.676,1.457,5.105,56.971,9.383,failure
2026-10-03T20:37:59+01:00,F2,73.044,1.392,4.879,65.748,9.018,normal
2026-10-03T20:38:01+01:00,F2,68.302,1.602,5.38,72.603,7.722,normal
2026-10-03T20:38:03+01:00,F2,70.832,1.576,4.092,78.362,7.231,normal
2026-10-03T20:38:05+01:00,F2,73.826,1.416,4.178,59.913,8.661,normal
2026-10-03T20:38:07+01:00,F2,84.161,1.778,4.633,57.114,9.393,normal
2026-10-03T20:38:09+01:00,F2,70.564,1.553,4.093,60.878,10.266,failure
2026-10-03T20:38:11+01:00,F2,77.793,1.61,4.594,78.631,7.171,failure
2026-10-03T20:38:13+01:00,F2,78.121,1.598,4.612,67.013,9.692,normal
2026-10-03T20:38:15+01:00,F2,82.472,1.536,4.875,62.355,7.907,normal
2026-10-03T20:38:17+01:00,F2,82.324,1.611,4.307,71.625,10.201,normal
2026-10-03T20:38:19+01:00,F2,81.642,1.351,4.916,71.249,7.83,failure
2026-10-03T20:38:21+01:00,F2,67.984,1.775,6.505,80.64,8.567,failure
2026-10-03T20:38:23+01:00,F2,63.868,1.351,5.147,80.513,8.814,normal
2026-10-03T20:38:25+01:00,F2,71.751,1.515,5.837,73.171,10.12,normal
2026-10-03T20:38:27+01:00,F2,76.534,1.327,5.102,57.387,8.44,normal
2026-10-03T20:38:29+01:00,F2,78.046,1.408,4.95,65.264,9.719,normal
2026-10-03T20:38:31+01:00,F2,71.27,1.507,5.413,59.169,5.564,normal
2026-10-03T20:38:33+01:00,F2,73.16,1.83,5.164,50.641,10.107,failure
2026-10-03T20:38:35+01:00,F2,83.232,1.483,4.801,63.565,10.713,normal
2026-10-03T20:38:37+01:00,F2,81.24,1.514,3.52,74.67,8.156,normal
2026-10-03T20:38:39+01:00,F2,78.733,1.538,5.129,56.001,9.181,normal
2026-10-03T20:38:41+01:00,F2,81.389,1.342,4.592,58.877,9.828,normal
2026-10-03T20:38:43+01:00,F2,77.478,1.516,5.053,65.389,7.3,normal
2026-10-03T20:38:45+01:00,F2,80.967,1.387,4.92,72.33,9.634,normal
2026-10-03T20:38:47+01:00,F2,85.513,1.393,4.921,65.636,9.392,normal
2026-10-03T20:38:49+01:00,F2,55.902,1.181,4.423,79.272,7.761,normal
2026-10-03T20:38:51+01:00,F2,68.247,1.37,5.266,67.032,5.898,normal
2026-10-03T20:38:53+01:00,F2,90.999,1.363,5.083,70.285,9.981,failure
2026-10-03T20:38:55+01:00,F2,75.349,1.63,4.485,57.198,6.702,failure
2026-10-03T20:38:57+01:00,F2,74.029,1.415,4.279,74.406,7.18,normal
2026-10-03T20:38:59+01:00,F2,77.85,1.729,5.207,60.289,8.851,normal
2026-10-03T20:39:01+01:00,F2,80.743,1.213,4.119,70.588,9.794,normal
2026-10-03T20:39:03+01:00,F2,68.719,1.4,5.249,72.612,8.318,normal
2026-10-03T20:39:05+01:00,F2,83.05,1.58,5.371,66.182,11.449,failure
2026-10-03T20:39:07+01:00,F2,84.237,1.59,5.188,75.496,9.016,failure
2026-10-03T20:39:09+01:00,F2,87.512,1.448,4.607,66.512,8.265,failure
2026-10-03T20:39:11+01:00,F2,59.528,1.391,3.926,63.098,10.105,normal
2026-10-03T20:39:13+01:00,F2,58.472,1.236,4.61,58.932,8.812,normal
2026-10-03T20:39:15+01:00,F2,76.454,1.578,3.735,48.31,8.639,normal
2026-10-03T20:39:17+01:00,F2,81.015,1.464,5.15,61.282,8.106,normal
2026-10-03T20:39:19+01:00,F2,64.803,1.351,5.972,65.154,7.062,normal
2026-10-03T20:39:21+01:00,F2,75.759,1.336,5.054,66.802,7.916,normal
2026-10-03T20:39:23+01:00,F2,86.201,1.606,4.721,63.821,7.678,normal
2026-10-03T20:39:25+01:00,F2,71.906,1.754,3.874,73.321,6.787,normal
2026-10-03T20:39:27+01:00,F2,69.273,1.536,4.81,82.655,8.297,normal
2026-10-03T20:39:29+01:00,F2,69.947,1.341,4.623,59.806,7.534,normal
2026-10-03T20:39:31+01:00,F2,79.911,1.471,5.723,60.834,9.34,failure
2026-10-03T20:39:33+01:00,F2,74.612,1.435,2.66,65.497,8.624,normal
2026-10-03T20:39:35+01:00,F2,82.045,1.361,4.73,76.213,10.619,normal
2026-10-03T20:39:37+01:00,F2,61.39,1.543,4.533,59.072,11.761,normal
2026-10-03T20:39:39+01:00,F2,70.859,1.449,5.936,60.009,8.994,normal
2026-10-03T20:39:41+01:00,F2,61.544,1.527,3.222,56.511,8.657,normal
2026-10-03T20:39:43+01:00,F2,75.558,1.422,4.26,70.902,8.327,normal
2026-10-03T20:39:45+01:00,F2,82.196,1.31,3.868,59.198,10.511,failure
2026-10-03T20:39:47+01:00,F2,61.486,1.646,3.769,78.964,8.816,normal
2026-10-03T20:39:49+01:00,F2,86.543,1.61,4.964,50.156,7.779,failure
2026-10-03T20:39:51+01:00,F2,72.612,1.315,5.028,58.696,11.172,normal
2026-10-03T20:39:54+01:00,F2,71.359,1.419,4.949,52.541,11.096,normal
2026-10-03T20:39:56+01:00,F2,84.215,1.455,5.118,53.717,7.177,normal
2026-10-03T20:39:58+01:00,F2,79.479,1.58,4.393,65.867,9.557,normal
2026-10-03T20:40:00+01:00,F2,82.463,1.535,5.998,84.472,10.896,failure
2026-10-03T20:40:02+01:00,F2,86.193,1.518,4.598,68.023,10.273,normal
2026-10-03T20:40:04+01:00,F2,78.012,1.448,4.163,71.343,7.949,normal
2026-10-03T20:40:06+01:00,F2,77.768,1.56,5.38,71.323,8.157,normal
2026-10-03T20:40:08+01:00,F2,87.429,1.769,3.682,63.946,6.369,normal
2026-10-03T20:40:10+01:00,F2,71.933,1.515,4.661,78.108,8.279,normal
2026-10-03T20:40:12+01:00,F2,73.818,1.577,5.569,49.277,8.733,failure
2026-10-03T20:40:14+01:00,F2,65.389,1.438,5.449,82.922,7.833,normal
2026-10-03T20:40:16+01:00,F2,79.442,1.098,4.775,62.699,8.321,normal
2026-10-03T20:40:18+01:00,F2,68.708,1.351,5.032,66.759,8.145,normal
2026-10-03T20:40:20+01:00,F2,80.325,1.507,4.903,53.913,10.317,normal
2026-10-03T20:40:22+01:00,F2,64.437,1.733,5.855,70.927,8.915,normal
2026-10-03T20:40:24+01:00,F2,75.342,1.338,5.058,78.256,5.722,normal
2026-10-03T20:40:26+01:00,F2,86.414,1.614,4.242,62.04,9.39,failure
2026-10-03T20:40:28+01:00,F2,79.65,1.437,5.641,66.967,9.435,normal
2026-10-03T20:40:30+01:00,F2,65.206,1.379,4.69,60.784,7.611,normal
2026-10-03T20:40:32+01:00,F2,75.098,1.338,6.113,38.445,8.461,failure
2026-10-03T20:40:34+01:00,F2,90.315,1.491,4.587,71.175,9.16,normal
2026-10-03T20:40:36+01:00,F2,87.026,1.361,5.155,74.98,8.219,normal
2026-10-03T20:40:38+01:00,F2,79.58,1.533,6.15,47.777,9.534,normal
2026-10-03T20:40:40+01:00,F2,76.496,1.236,4.015,82.282,6.09,normal
2026-10-03T20:40:42+01:00,F2,86.871,1.465,4.353,67.553,8.267,normal
2026-10-03T20:40:44+01:00,F2,67.627,1.533,4.633,63.909,5.8,normal
2026-10-03T20:40:46+01:00,F2,58.289,1.537,4.512,72.497,9.485,normal
2026-10-03T20:40:48+01:00,F2,86.994,1.246,4.943,65.807,6.441,normal
2026-10-03T20:40:50+01:00,F2,65.112,1.641,3.966,74.074,7.507,normal
2026-10-03T20:40:52+01:00,F2,93.357,1.368,4.173,64.169,10.361,normal
2026-10-03T20:40:54+01:00,F2,85.761,1.388,4.651,64.564,9.948,normal
2026-10-03T20:40:56+01:00,F2,81.687,1.253,4.586,65.356,8.604,normal
2026-10-03T20:40:58+01:00,F2,54.593,1.448,5.408,66.228,7.999,normal
2026-10-03T20:41:00+01:00,F2,77.051,1.175,4.421,71.014,10.302,normal
2026-10-03T20:41:02+01:00,F2,68.073,1.32,4.664,62.587,7.464,normal
2026-10-03T20:41:04+01:00,F2,79.946,1.381,4.408,67.71,9.622,normal
2026-10-03T20:41:06+01:00,F2,88.577,1.495,5.246,75.323,7.25,normal
2026-10-03T20:41:08+01:00,F2,77.092,1.089,6.458,73.772,8.284,normal
2026-10-03T20:41:10+01:00,F2,69.026,1.392,4.772,75.905,10.977,normal
2026-10-03T20:41:12+01:00,F2,78.963,1.475,3.677,61.121,8.109,normal
2026-10-03T20:41:14+01:00,F2,83.33,1.558,3.836,59.898,9.969,failure
2026-10-03T20:41:16+01:00,F2,90.883,1.357,4.015,72.282,8.8,normal
2026-10-03T20:41:18+01:00,F2,100.757,1.377,5.473,78.93,9.148,failure
2026-10-03T20:41:20+01:00,F2,80.551,1.234,3.642,68.059,8.256,normal
2026-10-03T20:41:22+01:00,F2,83.796,1.545,4.505,74.709,9.346,normal
2026-10-03T20:41:24+01:00,F2,67.697,1.741,2.779,66.043,7.448,normal
2026-10-03T20:41:26+01:00,F2,81.042,1.227,4.573,67.984,8.562,normal
2026-10-03T20:41:28+01:00,F2,71.16,1.782,5.037,64.848,6.76,normal
2026-10-03T20:41:30+01:00,F2,63.433,1.139,3.997,65.845,10.721,normal
2026-10-03T20:41:32+01:00,F2,84.96,1.116,4.736,60.004,7.546,normal
2026-10-03T20:41:34+01:00,F2,67.637,1.707,4.506,61.548,10.054,normal
2026-10-03T20:41:36+01:00,F2,78.675,1.367,4.283,65.385,10.125,normal
2026-10-03T20:41:38+01:00,F2,66.455,1.365,4.852,62.428,9.622,normal
2026-10-03T20:41:40+01:00,F2,75.543,1.036,4.907,81.233,8.778,normal
2026-10-03T20:41:42+01:00,F2,66.268,1.572,4.668,73.54,7.197,normal
2026-10-03T20:41:44+01:00,F2,85.021,1.337,4.269,60.108,8.921,normal
2026-10-03T20:41:46+01:00,F2,83.219,1.422,3.245,80.377,8.425,normal
2026-10-03T20:41:48+01:00,F2,67.202,1.336,5.642,60.338,7.664,normal
2026-10-03T20:41:50+01:00,F2,84.375,1.612,5.4,66.268,10.956,failure
2026-10-03T20:41:52+01:00,F2,72.264,1.574,5.29,73.215,9.277,normal
2026-10-03T20:41:54+01:00,F2,66.529,1.381,4.215,65.147,9.159,normal
2026-10-03T20:41:56+01:00,F2,75.425,1.267,4.527,59.866,9.035,normal
2026-10-03T20:41:58+01:00,F2,98.624,1.796,4.271,57.132,7.417,normal
2026-10-03T20:42:00+01:00,F2,84.166,1.254,4.464,54.11,9.542,normal
2026-10-03T20:42:02+01:00,F2,72.512,1.138,4.682,80.281,6.799,normal
2026-10-03T20:42:04+01:00,F2,68.955,1.546,5.88,70.048,5.801,normal
2026-10-03T20:42:06+01:00,F2,71.464,1.4,3.715,71.979,9.17,normal
2026-10-03T20:42:08+01:00,F2,73.115,1.648,4.993,68.913,11.406,failure
2026-10-03T20:42:10+01:00,F2,78.845,1.461,5.023,67.934,9.77,normal
2026-10-03T20:42:12+01:00,F2,80.495,1.197,4.287,66.022,8.125,normal
